#triokaryo panel: bin 1000000, 12 genomes: HG00096,HG00097,HG00099,HG00100,HG00101,HG00102,NA12739,NA12748,NA12749,HG01103,HG01101,HG01102
chrom	start	end	n	lrr_median	lrr_rsd	n_bdev	bdev_median	n_het	het_rate_median
chr1	0	1000000	12	-0.0451	0.0669	12	0.0756	12	0.4033
chr1	1000000	2000000	12	0.1867	0.0712	12	0.0599	12	0.5516
chr1	2000000	3000000	12	0.1675	0.0594	12	0.0609	12	0.6881
chr1	3000000	4000000	12	0.1651	0.0330	12	0.0581	12	0.6486
chr1	4000000	5000000	12	0.0000	0.0000	12	0.0605	12	0.6435
chr1	5000000	6000000	12	0.0444	0.0443	12	0.0594	12	0.6809
chr1	6000000	7000000	12	0.1079	0.0407	12	0.0614	12	0.6729
chr1	7000000	8000000	12	0.0825	0.0351	12	0.0588	12	0.6196
chr1	8000000	9000000	12	0.0437	0.0526	12	0.0585	12	0.6052
chr1	9000000	10000000	12	0.1065	0.0461	12	0.0585	12	0.6120
chr1	10000000	11000000	12	0.1031	0.0389	12	0.0556	12	0.6824
chr1	11000000	12000000	12	0.1255	0.0486	12	0.0556	12	0.4934
chr1	12000000	13000000	12	0.0424	0.0629	12	0.0599	12	0.7234
chr1	13000000	14000000	12	-0.0337	0.0213	12	0.0714	12	0.5972
chr1	14000000	15000000	12	0.0114	0.0310	12	0.0588	12	0.6547
chr1	15000000	16000000	12	0.1018	0.0408	12	0.0585	12	0.6990
chr1	16000000	17000000	12	0.7592	0.1573	12	0.1026	12	0.7101
chr1	17000000	18000000	12	0.0760	0.0458	12	0.0587	12	0.6215
chr1	18000000	19000000	12	0.0849	0.0096	12	0.0591	12	0.6076
chr1	19000000	20000000	12	0.0849	0.0382	12	0.0585	12	0.6507
chr1	20000000	21000000	12	0.0444	0.0020	12	0.0592	12	0.5809
chr1	21000000	22000000	12	0.0849	0.0565	12	0.0615	12	0.5481
chr1	22000000	23000000	12	0.0862	0.0120	12	0.0591	12	0.6044
chr1	23000000	24000000	12	0.0849	0.0565	12	0.0588	12	0.5340
chr1	24000000	25000000	12	0.1221	0.0203	12	0.0556	12	0.6492
chr1	25000000	26000000	12	0.0825	0.0387	12	0.0594	12	0.5807
chr1	26000000	27000000	12	0.0875	0.0513	12	0.0588	12	0.6224
chr1	27000000	28000000	12	0.0781	0.0320	12	0.0613	12	0.5011
chr1	28000000	29000000	12	0.0437	0.0629	12	0.0617	12	0.7939
chr1	29000000	30000000	12	0.0623	0.0363	12	0.0605	12	0.6357
chr1	30000000	31000000	12	0.0862	0.0336	12	0.0581	12	0.6559
chr1	31000000	32000000	12	0.0875	0.0417	12	0.0591	12	0.7391
chr1	32000000	33000000	12	0.0431	0.0185	12	0.0567	12	0.3687
chr1	33000000	34000000	12	0.0437	0.0592	12	0.0602	12	0.6558
chr1	34000000	35000000	12	0.0114	0.0168	12	0.0588	12	0.6212
chr1	35000000	36000000	12	0.0329	0.0488	12	0.0585	12	0.5697
chr1	36000000	37000000	12	0.0849	0.0382	12	0.0587	12	0.5918
chr1	37000000	38000000	12	0.0444	0.0072	12	0.0620	12	0.6403
chr1	38000000	39000000	12	0.0736	0.0434	12	0.0556	12	0.6761
chr1	39000000	40000000	12	0.0609	0.0338	12	0.0594	12	0.5901
chr1	40000000	41000000	12	0.0849	0.0382	12	0.0585	12	0.6489
chr1	41000000	42000000	12	0.1156	0.0310	12	0.0585	12	0.6049
chr1	42000000	43000000	12	0.0306	0.0454	12	0.0588	12	0.6455
chr1	43000000	44000000	12	0.0849	0.0127	12	0.0577	12	0.5868
chr1	44000000	45000000	12	0.0837	0.0151	12	0.0600	12	0.7298
chr1	45000000	46000000	12	0.0781	0.0309	12	0.0607	12	0.7645
chr1	46000000	47000000	12	0.0451	0.0395	12	0.0588	12	0.5944
chr1	47000000	48000000	12	0.0444	0.0196	12	0.0594	12	0.6030
chr1	48000000	49000000	12	-0.0313	0.0238	12	0.0621	12	0.5290
chr1	49000000	50000000	12	-0.0588	0.0275	12	0.0605	12	0.8573
chr1	50000000	51000000	12	0.0114	0.0319	12	0.0625	12	0.6694
chr1	51000000	52000000	12	0.0451	0.0395	12	0.0588	12	0.7624
chr1	52000000	53000000	12	0.0412	0.0158	12	0.0585	12	0.7276
chr1	53000000	54000000	12	0.1078	0.0301	12	0.0588	12	0.6245
chr1	54000000	55000000	12	0.0451	0.0064	12	0.0577	12	0.6379
chr1	55000000	56000000	12	0.0203	0.0337	12	0.0591	12	0.5289
chr1	56000000	57000000	12	-0.0458	0.0053	12	0.0610	12	0.6343
chr1	57000000	58000000	12	-0.0458	0.0437	12	0.0617	12	0.6519
chr1	58000000	59000000	12	0.0222	0.0329	12	0.0625	12	0.6825
chr1	59000000	60000000	12	0.0317	0.0351	12	0.0594	12	0.6648
chr1	60000000	61000000	12	-0.0466	0.0500	12	0.0625	12	0.5646
chr1	61000000	62000000	12	-0.0331	0.0200	12	0.0605	12	0.5283
chr1	62000000	63000000	12	0.0000	0.0000	12	0.0613	12	0.6155
chr1	63000000	64000000	12	-0.0115	0.0171	12	0.0625	12	0.5564
chr1	64000000	65000000	12	-0.0104	0.0154	12	0.0625	12	0.6056
chr1	65000000	66000000	12	0.0000	0.0000	12	0.0594	12	0.6175
chr1	66000000	67000000	12	0.0451	0.0189	12	0.0600	12	0.6369
chr1	67000000	68000000	12	0.0396	0.0182	12	0.0600	12	0.5933
chr1	68000000	69000000	12	-0.0451	0.0594	12	0.0602	12	0.4397
chr1	69000000	70000000	12	-0.0588	0.0275	12	0.0633	12	0.6346
chr1	70000000	71000000	12	0.0000	0.0000	12	0.0588	12	0.6747
chr1	71000000	72000000	12	-0.0903	0.0524	12	0.0625	12	0.6614
chr1	72000000	73000000	12	-0.1256	0.0279	12	0.0609	12	0.4679
chr1	73000000	74000000	12	-0.0931	0.0255	12	0.0659	12	0.6883
chr1	74000000	75000000	12	-0.0458	0.0077	12	0.0625	12	0.5528
chr1	75000000	76000000	12	-0.0458	0.0034	12	0.0619	12	0.6051
chr1	76000000	77000000	12	-0.0407	0.0087	12	0.0639	12	0.6300
chr1	77000000	78000000	12	0.0000	0.0629	12	0.0588	12	0.5194
chr1	78000000	79000000	12	0.0000	0.0000	12	0.0610	12	0.6263
chr1	79000000	80000000	12	-0.0538	0.0359	12	0.0607	12	0.6377
chr1	80000000	81000000	12	-0.1078	0.0260	12	0.0625	12	0.5609
chr1	81000000	82000000	12	-0.0890	0.0651	12	0.0603	12	0.6600
chr1	82000000	83000000	12	-0.0917	0.0208	12	0.0641	12	0.6955
chr1	83000000	84000000	12	-0.0451	0.0377	12	0.0625	12	0.6659
chr1	84000000	85000000	12	0.0000	0.0000	12	0.0610	12	0.5216
chr1	85000000	86000000	12	0.0000	0.0000	12	0.0610	12	0.6025
chr1	86000000	87000000	12	0.0000	0.0154	12	0.0588	12	0.5848
chr1	87000000	88000000	12	0.0000	0.0000	12	0.0588	12	0.6007
chr1	88000000	89000000	12	0.0000	0.0000	12	0.0599	12	0.5582
chr1	89000000	90000000	12	0.0437	0.0038	12	0.0588	12	0.6130
chr1	90000000	91000000	12	0.0000	0.0000	12	0.0625	12	0.6414
chr1	91000000	92000000	12	0.0000	0.0000	12	0.0625	12	0.5372
chr1	92000000	93000000	12	0.0419	0.0065	12	0.0568	12	0.4518
chr1	93000000	94000000	12	0.0431	0.0212	12	0.0585	12	0.5738
chr1	94000000	95000000	12	0.0000	0.0461	12	0.0585	12	0.5672
chr1	95000000	96000000	12	-0.0458	0.0050	12	0.0597	12	0.5447
chr1	96000000	97000000	12	-0.0888	0.0134	12	0.0625	12	0.6672
chr1	97000000	98000000	12	-0.0776	0.0248	12	0.0639	12	0.5564
chr1	98000000	99000000	12	-0.0466	0.0212	12	0.0613	12	0.6044
chr1	99000000	100000000	12	0.0114	0.0168	12	0.0591	12	0.6277
chr1	100000000	101000000	12	0.0602	0.0366	12	0.0600	12	0.5453
chr1	101000000	102000000	12	0.0431	0.0422	12	0.0566	12	0.6448
chr1	102000000	103000000	12	-0.0451	0.0297	12	0.0588	12	0.4058
chr1	103000000	104000000	12	-0.0917	0.0084	12	0.0626	12	0.6271
chr1	104000000	105000000	12	-0.0888	0.0119	12	0.0617	12	0.6210
chr1	105000000	106000000	12	-0.0931	0.0119	12	0.0625	12	0.5660
chr1	106000000	107000000	12	-0.0888	0.0096	12	0.0625	12	0.5142
chr1	107000000	108000000	12	-0.0115	0.0171	12	0.0625	12	0.5638
chr1	108000000	109000000	12	0.0000	0.0000	12	0.0625	12	0.5784
chr1	109000000	110000000	12	0.0444	0.0488	12	0.0581	12	0.5693
chr1	110000000	111000000	12	0.0849	0.0336	12	0.0588	12	0.6860
chr1	111000000	112000000	12	0.0849	0.0455	12	0.0561	12	0.6909
chr1	112000000	113000000	12	0.0419	0.0182	12	0.0588	12	0.5871
chr1	113000000	114000000	12	0.0102	0.0285	12	0.0597	12	0.5818
chr1	114000000	115000000	12	0.0396	0.0293	12	0.0588	12	0.6546
chr1	115000000	116000000	12	0.0000	0.0000	12	0.0597	12	0.5493
chr1	116000000	117000000	12	0.0424	0.0212	12	0.0570	12	0.6324
chr1	117000000	118000000	12	0.0000	0.0000	12	0.0572	12	0.6214
chr1	118000000	119000000	12	-0.0420	0.0191	12	0.0599	12	0.6894
chr1	119000000	120000000	12	0.0000	0.0000	12	0.0594	12	0.6889
chr1	120000000	121000000	12	-0.3592	0.0828	12	0.0714	12	0.5080
chr1	121000000	122000000	12	-0.6438	0.1493	12	0.0858	12	0.5841
chr1	122000000	123000000	12	-2.0659	0.1260	12	0.1129	12	0.4598
chr1	123000000	124000000	12	-2.0222	0.1298	12	0.1132	12	0.4761
chr1	124000000	125000000	12	-1.7606	0.1127	12	0.1056	12	0.4929
chr1	125000000	126000000	12	0.6257	0.1096	12	0.1300	12	0.9575
chr1	143000000	144000000	12	-0.1926	0.1456	12	0.1040	12	0.5132
chr1	144000000	145000000	12	-0.7003	0.1719	12	0.0969	12	0.3496
chr1	145000000	146000000	12	0.0000	0.0461	12	0.0618	12	0.5645
chr1	146000000	147000000	12	-0.1864	0.0351	12	0.0763	12	0.6496
chr1	147000000	148000000	12	0.0000	0.0000	12	0.0602	12	0.8357
chr1	148000000	149000000	12	-0.2817	0.1103	12	0.0754	12	0.6087
chr1	149000000	150000000	12	-0.2010	0.0498	12	0.0782	12	0.7256
chr1	150000000	151000000	12	0.0609	0.0321	12	0.0612	12	0.6321
chr1	151000000	152000000	12	0.0849	0.0310	12	0.0556	12	0.4392
chr1	152000000	153000000	12	0.0000	0.0464	12	0.0625	12	0.6412
chr1	153000000	154000000	12	0.0736	0.0351	12	0.0625	12	0.6668
chr1	154000000	155000000	12	0.1172	0.0460	12	0.0594	12	0.5875
chr1	155000000	156000000	12	0.0849	0.0455	12	0.0588	12	0.6237
chr1	156000000	157000000	12	0.1190	0.0487	12	0.0594	12	0.5771
chr1	157000000	158000000	12	0.0781	0.0151	12	0.0583	12	0.6919
chr1	158000000	159000000	12	0.0000	0.0000	12	0.0621	12	0.5590
chr1	159000000	160000000	12	0.0424	0.0395	12	0.0585	12	0.4619
chr1	160000000	161000000	12	0.1018	0.0600	12	0.0588	12	0.6417
chr1	161000000	162000000	12	0.0324	0.0563	12	0.0610	12	0.5311
chr1	162000000	163000000	12	0.0396	0.0161	12	0.0610	12	0.5439
chr1	163000000	164000000	12	-0.0444	0.0226	12	0.0600	12	0.6763
chr1	164000000	165000000	12	-0.0466	0.0061	12	0.0633	12	0.6576
chr1	165000000	166000000	12	0.0000	0.0000	12	0.0588	12	0.5432
chr1	166000000	167000000	12	0.0000	0.0000	12	0.0607	12	0.5789
chr1	167000000	168000000	12	0.0813	0.0336	12	0.0588	12	0.6808
chr1	168000000	169000000	12	0.0306	0.0329	12	0.0607	12	0.6675
chr1	169000000	170000000	12	0.0419	0.0182	12	0.0585	12	0.6575
chr1	170000000	171000000	12	0.0000	0.0000	12	0.0594	12	0.6581
chr1	171000000	172000000	12	0.0000	0.0000	12	0.0621	12	0.7634
chr1	172000000	173000000	12	0.0114	0.0168	12	0.0605	12	0.6724
chr1	173000000	174000000	12	0.0431	0.0164	12	0.0594	12	0.6522
chr1	174000000	175000000	12	0.0000	0.0171	12	0.0605	12	0.8991
chr1	175000000	176000000	12	0.0424	0.0054	12	0.0588	12	0.5706
chr1	176000000	177000000	12	-0.0458	0.0043	12	0.0619	12	0.6742
chr1	177000000	178000000	12	-0.0451	0.0020	12	0.0625	12	0.7232
chr1	178000000	179000000	12	0.0114	0.0168	12	0.0594	12	0.7633
chr1	179000000	180000000	12	0.0437	0.0019	12	0.0587	12	0.6929
chr1	180000000	181000000	12	0.0837	0.0336	12	0.0577	12	0.6287
chr1	181000000	182000000	12	0.0849	0.0392	12	0.0588	12	0.5604
chr1	182000000	183000000	12	0.0437	0.0426	12	0.0588	12	0.6510
chr1	183000000	184000000	12	0.0451	0.0181	12	0.0588	12	0.6987
chr1	184000000	185000000	12	0.0114	0.0301	12	0.0588	12	0.6725
chr1	185000000	186000000	12	0.0000	0.0000	12	0.0600	12	0.7943
chr1	186000000	187000000	12	-0.0424	0.0061	11	0.0588	12	0.6358
chr1	187000000	188000000	12	-0.0789	0.0387	12	0.0613	12	0.5840
chr1	188000000	189000000	12	-0.0931	0.0408	12	0.0615	12	0.4869
chr1	189000000	190000000	12	-0.0947	0.0233	12	0.0625	12	0.7758
chr1	190000000	191000000	12	-0.1078	0.0349	12	0.0632	12	0.5459
chr1	191000000	192000000	12	-0.0581	0.0275	12	0.0602	12	0.6541
chr1	192000000	193000000	12	0.0329	0.0351	12	0.0625	12	0.6415
chr1	193000000	194000000	12	-0.0424	0.0061	12	0.0594	12	0.6095
chr1	194000000	195000000	12	-0.0917	0.0135	12	0.0615	12	0.5570
chr1	195000000	196000000	12	-0.0875	0.0191	12	0.0633	12	0.6026
chr1	196000000	197000000	12	-0.0947	0.0275	12	0.0646	12	0.5374
chr1	197000000	198000000	12	-0.0431	0.0047	12	0.0605	12	0.4292
chr1	198000000	199000000	12	0.0431	0.0028	12	0.0588	12	0.7661
chr1	199000000	200000000	12	0.0000	0.0595	12	0.0600	12	0.7871
chr1	200000000	201000000	12	0.0444	0.0020	12	0.0556	12	0.6331
chr1	201000000	202000000	12	0.0988	0.0250	12	0.0588	12	0.5696
chr1	202000000	203000000	12	0.0804	0.0524	12	0.0556	12	0.6597
chr1	203000000	204000000	12	0.0609	0.0310	12	0.0588	12	0.5358
chr1	204000000	205000000	12	0.0862	0.0336	12	0.0591	12	0.6561
chr1	205000000	206000000	12	0.0781	0.0494	12	0.0581	12	0.6288
chr1	206000000	207000000	12	0.0862	0.0591	12	0.0570	12	0.7002
chr1	207000000	208000000	12	0.0715	0.0309	11	0.0600	12	0.5826
chr1	208000000	209000000	12	0.0317	0.0179	12	0.0621	12	0.5782
chr1	209000000	210000000	12	0.0000	0.0472	12	0.0617	12	0.5885
chr1	210000000	211000000	12	0.0000	0.0000	12	0.0600	12	0.6788
chr1	211000000	212000000	12	0.0849	0.0198	12	0.0594	12	0.6920
chr1	212000000	213000000	12	0.0781	0.0151	12	0.0556	12	0.7759
chr1	213000000	214000000	12	0.0306	0.0329	12	0.0585	12	0.5449
chr1	214000000	215000000	12	0.0000	0.0000	12	0.0617	12	0.6299
chr1	215000000	216000000	12	-0.0789	0.0245	12	0.0613	12	0.6008
chr1	216000000	217000000	12	-0.0917	0.0208	12	0.0625	12	0.5450
chr1	217000000	218000000	12	-0.0753	0.0312	12	0.0605	12	0.6775
chr1	218000000	219000000	12	-0.0444	0.0021	12	0.0617	12	0.6967
chr1	219000000	220000000	12	-0.0444	0.0055	12	0.0615	12	0.5727
chr1	220000000	221000000	12	0.0000	0.0000	12	0.0600	12	0.6036
chr1	221000000	222000000	12	0.0424	0.0050	12	0.0607	12	0.6451
chr1	222000000	223000000	12	0.0412	0.0044	12	0.0605	12	0.6087
chr1	223000000	224000000	12	0.0419	0.0065	12	0.0594	12	0.6130
chr1	224000000	225000000	12	0.0444	0.0020	12	0.0588	12	0.5080
chr1	225000000	226000000	12	0.0431	0.0049	12	0.0591	12	0.5989
chr1	226000000	227000000	12	0.0875	0.0336	12	0.0556	12	0.6324
chr1	227000000	228000000	12	0.0412	0.0047	12	0.0600	12	0.6315
chr1	228000000	229000000	12	0.0813	0.0309	12	0.0580	12	0.6349
chr1	229000000	230000000	12	0.0437	0.0019	12	0.0583	12	0.7224
chr1	230000000	231000000	12	0.0444	0.0032	12	0.0594	12	0.6673
chr1	231000000	232000000	12	0.0000	0.0000	12	0.0610	12	0.6831
chr1	232000000	233000000	12	-0.0115	0.0171	12	0.0594	12	0.5996
chr1	233000000	234000000	12	0.0114	0.0285	12	0.0588	12	0.6431
chr1	234000000	235000000	12	0.1156	0.0351	12	0.0617	12	0.7010
chr1	235000000	236000000	12	0.0813	0.0085	12	0.0605	12	0.6078
chr1	236000000	237000000	12	0.0431	0.0185	12	0.0588	12	0.6328
chr1	237000000	238000000	12	-0.0458	0.0203	12	0.0594	12	0.5503
chr1	238000000	239000000	12	-0.1016	0.0535	12	0.0617	12	0.6046
chr1	239000000	240000000	12	-0.0917	0.0690	12	0.0619	12	0.6421
chr1	240000000	241000000	12	-0.0466	0.0042	12	0.0625	12	0.6814
chr1	241000000	242000000	12	0.0000	0.0000	12	0.0597	12	0.6245
chr1	242000000	243000000	12	0.0000	0.0000	11	0.0588	12	0.5674
chr1	243000000	244000000	12	0.0000	0.0000	11	0.0588	12	0.4432
chr1	244000000	245000000	12	0.0000	0.0000	12	0.0625	12	0.5883
chr1	245000000	246000000	12	0.0317	0.0210	12	0.0594	12	0.5905
chr1	246000000	247000000	12	0.0000	0.0166	12	0.0613	12	0.5488
chr1	247000000	248000000	12	0.0000	0.0000	12	0.0605	12	0.5007
chr1	248000000	248956422	12	-0.0458	0.0648	12	0.0676	12	0.4847
chr2	0	1000000	12	-0.0458	0.0034	12	0.0636	12	0.6263
chr2	1000000	2000000	12	-0.0902	0.0305	12	0.0641	12	0.6427
chr2	2000000	3000000	12	0.0000	0.0000	12	0.0612	12	0.5592
chr2	3000000	4000000	12	0.0424	0.0050	12	0.0625	12	0.6464
chr2	4000000	5000000	12	-0.0688	0.0361	12	0.0621	12	0.6260
chr2	5000000	6000000	12	-0.0458	0.0193	12	0.0617	12	0.6177
chr2	6000000	7000000	12	0.0000	0.0168	12	0.0594	12	0.5715
chr2	7000000	8000000	12	0.0000	0.0000	12	0.0600	12	0.6129
chr2	8000000	9000000	12	0.0849	0.0392	12	0.0592	12	0.5352
chr2	9000000	10000000	12	0.0813	0.0085	12	0.0585	12	0.6883
chr2	10000000	11000000	12	0.0875	0.0236	12	0.0588	12	0.6866
chr2	11000000	12000000	12	0.0444	0.0190	12	0.0572	12	0.6211
chr2	12000000	13000000	12	0.0000	0.0456	12	0.0625	12	0.5924
chr2	13000000	14000000	12	-0.0474	0.0221	12	0.0646	12	0.6406
chr2	14000000	15000000	12	-0.0888	0.0119	12	0.0625	12	0.6876
chr2	15000000	16000000	12	0.0000	0.0168	12	0.0610	12	0.6586
chr2	16000000	17000000	12	-0.0337	0.0363	12	0.0605	12	0.6543
chr2	17000000	18000000	12	0.0000	0.0000	12	0.0597	12	0.6401
chr2	18000000	19000000	12	0.0000	0.0168	12	0.0610	12	0.6798
chr2	19000000	20000000	12	0.0000	0.0000	12	0.0600	12	0.5903
chr2	20000000	21000000	12	0.1002	0.0275	12	0.0588	12	0.6564
chr2	21000000	22000000	12	-0.0407	0.0110	12	0.0572	12	0.5600
chr2	22000000	23000000	12	-0.0451	0.0555	12	0.0625	12	0.7036
chr2	23000000	24000000	12	0.0813	0.0091	12	0.0588	12	0.6615
chr2	24000000	25000000	12	0.0875	0.0170	12	0.0591	12	0.5702
chr2	25000000	26000000	12	0.0862	0.0037	12	0.0615	12	0.5341
chr2	26000000	27000000	12	0.0888	0.0256	12	0.0581	12	0.5682
chr2	27000000	28000000	12	0.0431	0.0602	12	0.0572	12	0.6130
chr2	28000000	29000000	12	0.0437	0.0030	12	0.0588	12	0.6167
chr2	29000000	30000000	12	0.0306	0.0216	12	0.0594	12	0.5520
chr2	30000000	31000000	12	0.0424	0.0044	12	0.0594	12	0.6509
chr2	31000000	32000000	12	0.0000	0.0000	12	0.0603	12	0.5800
chr2	32000000	33000000	12	0.0114	0.0285	11	0.0588	12	0.6516
chr2	33000000	34000000	12	0.0317	0.0351	12	0.0615	12	0.6005
chr2	34000000	35000000	12	-0.0466	0.0042	12	0.0607	12	0.5837
chr2	35000000	36000000	12	-0.0888	0.0086	12	0.0605	12	0.6958
chr2	36000000	37000000	12	0.0000	0.0168	12	0.0617	12	0.6211
chr2	37000000	38000000	12	0.0736	0.0351	12	0.0588	12	0.6662
chr2	38000000	39000000	12	0.0437	0.0019	12	0.0588	12	0.6462
chr2	39000000	40000000	12	0.0114	0.0285	12	0.0580	12	0.4556
chr2	40000000	41000000	12	-0.0630	0.0310	12	0.0594	12	0.6132
chr2	41000000	42000000	12	0.0000	0.0000	12	0.0594	12	0.6784
chr2	42000000	43000000	12	0.0781	0.0151	12	0.0600	12	0.6034
chr2	43000000	44000000	12	0.0451	0.0181	12	0.0587	12	0.7340
chr2	44000000	45000000	12	0.0412	0.0068	12	0.0588	12	0.4577
chr2	45000000	46000000	12	0.0565	0.0217	12	0.0609	12	0.6782
chr2	46000000	47000000	12	0.0849	0.0054	12	0.0599	12	0.7477
chr2	47000000	48000000	12	0.0792	0.0337	12	0.0585	12	0.7028
chr2	48000000	49000000	12	0.0000	0.0000	12	0.0610	12	0.6343
chr2	49000000	50000000	12	-0.0458	0.0229	12	0.0625	12	0.7530
chr2	50000000	51000000	12	-0.0917	0.0065	12	0.0594	12	0.7344
chr2	51000000	52000000	12	-0.1078	0.0349	12	0.0625	12	0.5929
chr2	52000000	53000000	12	-0.0917	0.0119	12	0.0621	12	0.7262
chr2	53000000	54000000	12	-0.0313	0.0226	12	0.0602	12	0.7617
chr2	54000000	55000000	12	0.0451	0.0395	12	0.0588	12	0.7225
chr2	55000000	56000000	12	0.0412	0.0054	12	0.0621	12	0.5780
chr2	56000000	57000000	12	-0.0466	0.0426	12	0.0617	12	0.7189
chr2	57000000	58000000	12	-0.0458	0.0022	12	0.0607	12	0.7937
chr2	58000000	59000000	12	0.0000	0.0171	12	0.0633	12	0.8118
chr2	59000000	60000000	12	-0.0424	0.0084	12	0.0594	12	0.6324
chr2	60000000	61000000	12	0.0715	0.0309	12	0.0599	12	0.7560
chr2	61000000	62000000	12	0.0437	0.0509	11	0.0556	12	0.6954
chr2	62000000	63000000	12	0.0825	0.0163	12	0.0588	12	0.7086
chr2	63000000	64000000	12	0.0424	0.0065	12	0.0625	12	0.5073
chr2	64000000	65000000	12	0.0849	0.0455	12	0.0585	12	0.6648
chr2	65000000	66000000	12	0.0437	0.0062	11	0.0585	12	0.6377
chr2	66000000	67000000	12	-0.0458	0.0050	11	0.0625	12	0.6772
chr2	67000000	68000000	12	0.0000	0.0171	12	0.0613	12	0.6434
chr2	68000000	69000000	12	0.0630	0.0295	12	0.0588	12	0.6667
chr2	69000000	70000000	12	0.0781	0.0151	12	0.0591	12	0.7696
chr2	70000000	71000000	12	0.0781	0.0351	12	0.0610	12	0.7856
chr2	71000000	72000000	12	0.0317	0.0470	12	0.0588	12	0.6448
chr2	72000000	73000000	12	0.0000	0.0000	12	0.0600	12	0.6913
chr2	73000000	74000000	12	0.0781	0.0309	12	0.0588	12	0.7104
chr2	74000000	75000000	12	0.0862	0.0336	12	0.0572	12	0.6648
chr2	75000000	76000000	12	0.0000	0.0000	12	0.0588	12	0.7600
chr2	76000000	77000000	12	-0.0817	0.0554	12	0.0625	12	0.5699
chr2	77000000	78000000	12	-0.1376	0.0252	12	0.0625	12	0.7560
chr2	78000000	79000000	12	-0.0947	0.0290	12	0.0625	12	0.8282
chr2	79000000	80000000	12	-0.0931	0.0236	12	0.0597	12	0.6496
chr2	80000000	81000000	12	-0.0963	0.0236	12	0.0615	12	0.7067
chr2	81000000	82000000	12	-0.1256	0.0279	12	0.0613	12	0.7164
chr2	82000000	83000000	12	-0.1273	0.0550	12	0.0632	12	0.8074
chr2	83000000	84000000	12	-0.0875	0.0383	12	0.0625	12	0.7655
chr2	84000000	85000000	12	0.0000	0.0161	12	0.0594	12	0.5229
chr2	85000000	86000000	12	0.0875	0.0170	12	0.0556	12	0.6815
chr2	86000000	87000000	12	0.0114	0.0301	12	0.0600	12	0.5025
chr2	87000000	88000000	12	-0.1895	0.0664	12	0.0802	12	0.5776
chr2	88000000	89000000	12	-0.0110	0.0340	12	0.0690	12	0.5988
chr2	89000000	90000000	12	0.7237	0.1155	12	0.1015	12	0.6348
chr2	90000000	91000000	12	1.2759	0.1070	12	0.1185	12	0.5894
chr2	91000000	92000000	12	0.5738	0.0381	12	0.1121	12	0.8429
chr2	92000000	93000000	12	-2.0000	0.0988	12	0.1071	12	0.4975
chr2	93000000	94000000	12	-2.4150	0.0658	12	0.1178	12	0.4534
chr2	94000000	95000000	12	0.2591	0.0611	12	0.0881	12	0.8681
chr2	95000000	96000000	12	0.4865	0.2181	12	0.1018	12	0.6770
chr2	96000000	97000000	12	0.1221	0.0513	12	0.0572	12	0.6995
chr2	97000000	98000000	12	0.2481	0.0519	12	0.0862	12	0.7511
chr2	98000000	99000000	12	0.0444	0.0196	12	0.0588	12	0.6511
chr2	99000000	100000000	12	0.0000	0.0000	11	0.0600	12	0.5733
chr2	100000000	101000000	12	0.0000	0.0327	12	0.0600	12	0.7684
chr2	101000000	102000000	12	0.0323	0.0212	12	0.0578	12	0.6113
chr2	102000000	103000000	12	0.0000	0.0000	12	0.0607	12	0.6554
chr2	103000000	104000000	12	-0.0917	0.0208	12	0.0605	12	0.6947
chr2	104000000	105000000	12	-0.0466	0.0203	12	0.0602	12	0.6825
chr2	105000000	106000000	12	0.0000	0.0000	12	0.0602	12	0.6726
chr2	106000000	107000000	12	0.0000	0.0000	12	0.0637	12	0.5337
chr2	107000000	108000000	12	-0.0888	0.0119	12	0.0605	12	0.6050
chr2	108000000	109000000	12	0.0114	0.0285	12	0.0600	12	0.5073
chr2	109000000	110000000	12	0.0444	0.0054	12	0.0613	12	0.6161
chr2	110000000	111000000	12	-0.0437	0.0629	12	0.0630	12	0.6440
chr2	111000000	112000000	12	0.0000	0.0603	12	0.0665	12	0.6169
chr2	112000000	113000000	12	0.0862	0.0373	12	0.0615	12	0.7162
chr2	113000000	114000000	12	0.0451	0.0064	12	0.0625	12	0.6889
chr2	114000000	115000000	12	-0.0437	0.0070	12	0.0607	12	0.6362
chr2	115000000	116000000	12	-0.0931	0.0210	12	0.0625	12	0.5428
chr2	116000000	117000000	12	-0.0947	0.0459	12	0.0625	12	0.7802
chr2	117000000	118000000	12	-0.0753	0.0335	12	0.0605	12	0.5151
chr2	118000000	119000000	12	0.0000	0.0000	12	0.0581	12	0.5609
chr2	119000000	120000000	12	0.0451	0.0030	12	0.0588	12	0.4718
chr2	120000000	121000000	12	0.1028	0.0250	12	0.0568	12	0.4192
chr2	121000000	122000000	12	0.0715	0.0392	12	0.0594	12	0.6871
chr2	122000000	123000000	12	-0.0115	0.0171	12	0.0600	12	0.5826
chr2	123000000	124000000	12	-0.1052	0.0223	12	0.0625	12	0.6233
chr2	124000000	125000000	12	-0.0931	0.0512	12	0.0613	12	0.5968
chr2	125000000	126000000	12	-0.0888	0.0111	12	0.0633	12	0.8142
chr2	126000000	127000000	12	0.0000	0.0171	12	0.0609	12	0.7079
chr2	127000000	128000000	12	0.0875	0.0417	12	0.0556	12	0.5953
chr2	128000000	129000000	12	0.0431	0.0065	12	0.0588	12	0.5433
chr2	129000000	130000000	12	0.0000	0.0000	12	0.0600	12	0.4863
chr2	130000000	131000000	12	-0.0852	0.0394	12	0.0643	12	0.5774
chr2	131000000	132000000	12	0.0000	0.0461	12	0.0641	12	0.5995
chr2	132000000	133000000	12	0.0000	0.0168	12	0.0659	12	0.7364
chr2	133000000	134000000	12	0.0000	0.0000	12	0.0636	12	0.7021
chr2	134000000	135000000	12	0.0000	0.0171	12	0.0625	12	0.6386
chr2	135000000	136000000	12	0.0444	0.0458	8	0.0572	12	0.7153
chr2	136000000	137000000	12	0.0000	0.0171	11	0.0605	12	0.5529
chr2	137000000	138000000	12	-0.0458	0.0050	12	0.0605	12	0.5302
chr2	138000000	139000000	12	-0.0444	0.0055	12	0.0600	12	0.5426
chr2	139000000	140000000	12	-0.0917	0.0208	12	0.0613	12	0.6322
chr2	140000000	141000000	12	-0.1206	0.0385	12	0.0613	12	0.6181
chr2	141000000	142000000	12	-0.0931	0.0383	12	0.0617	12	0.5710
chr2	142000000	143000000	12	-0.0115	0.0171	12	0.0607	12	0.7133
chr2	143000000	144000000	12	0.0000	0.0488	12	0.0617	12	0.6743
chr2	144000000	145000000	12	0.0000	0.0000	12	0.0617	12	0.5959
chr2	145000000	146000000	12	-0.0888	0.0119	12	0.0647	12	0.6000
chr2	146000000	147000000	12	-0.0888	0.0637	12	0.0625	12	0.5215
chr2	147000000	148000000	12	-0.0451	0.0053	12	0.0636	12	0.6047
chr2	148000000	149000000	12	0.0000	0.0478	12	0.0600	12	0.5930
chr2	149000000	150000000	12	-0.0325	0.0481	12	0.0621	12	0.6326
chr2	150000000	151000000	12	-0.0451	0.0053	12	0.0609	12	0.5351
chr2	151000000	152000000	12	0.0000	0.0454	12	0.0591	12	0.5460
chr2	152000000	153000000	12	0.0000	0.0168	12	0.0610	12	0.6264
chr2	153000000	154000000	12	-0.0588	0.0214	12	0.0594	12	0.5933
chr2	154000000	155000000	12	-0.0947	0.0489	12	0.0591	12	0.6647
chr2	155000000	156000000	12	-0.0825	0.0387	12	0.0625	12	0.6910
chr2	156000000	157000000	12	0.0000	0.0168	12	0.0605	12	0.6060
chr2	157000000	158000000	12	0.0000	0.0000	12	0.0617	12	0.5501
chr2	158000000	159000000	12	0.0000	0.0461	12	0.0600	12	0.5816
chr2	159000000	160000000	12	0.0431	0.0422	12	0.0588	12	0.6029
chr2	160000000	161000000	12	0.0412	0.0044	12	0.0600	12	0.6795
chr2	161000000	162000000	12	0.0424	0.0257	12	0.0662	12	0.4426
chr2	162000000	163000000	12	-0.0776	0.0398	12	0.0594	12	0.6567
chr2	163000000	164000000	12	-0.0903	0.0216	12	0.0626	12	0.6291
chr2	164000000	165000000	12	-0.0902	0.0084	12	0.0633	12	0.7279
chr2	165000000	166000000	12	-0.0825	0.0168	12	0.0600	12	0.5964
chr2	166000000	167000000	12	-0.0917	0.0243	12	0.0625	12	0.4860
chr2	167000000	168000000	12	-0.0444	0.0055	12	0.0587	12	0.5420
chr2	168000000	169000000	12	0.0323	0.0351	12	0.0583	12	0.5973
chr2	169000000	170000000	12	0.0000	0.0481	12	0.0594	12	0.6388
chr2	170000000	171000000	12	0.0431	0.0185	12	0.0597	12	0.5829
chr2	171000000	172000000	12	0.0849	0.0240	12	0.0597	12	0.5892
chr2	172000000	173000000	12	0.0431	0.0065	12	0.0600	12	0.5538
chr2	173000000	174000000	12	0.0412	0.0044	12	0.0617	12	0.6417
chr2	174000000	175000000	12	0.0444	0.0030	12	0.0588	12	0.6371
chr2	175000000	176000000	12	-0.0115	0.0171	12	0.0597	12	0.6418
chr2	176000000	177000000	12	0.0114	0.0285	12	0.0594	12	0.6237
chr2	177000000	178000000	12	0.0431	0.0422	12	0.0600	12	0.3649
chr2	178000000	179000000	12	0.0329	0.0351	12	0.0610	12	0.5990
chr2	179000000	180000000	12	0.0000	0.0171	12	0.0606	12	0.5887
chr2	180000000	181000000	12	0.0000	0.0171	11	0.0625	12	0.5228
chr2	181000000	182000000	12	0.0437	0.0030	12	0.0585	12	0.6209
chr2	182000000	183000000	12	0.0000	0.0490	12	0.0614	12	0.6417
chr2	183000000	184000000	12	-0.0331	0.0223	12	0.0625	12	0.6186
chr2	184000000	185000000	12	-0.0862	0.0173	11	0.0600	12	0.5895
chr2	185000000	186000000	12	-0.0588	0.0233	11	0.0652	12	0.6529
chr2	186000000	187000000	12	-0.0444	0.0030	11	0.0613	12	0.4770
chr2	187000000	188000000	12	-0.0753	0.0264	11	0.0588	12	0.4803
chr2	188000000	189000000	12	-0.0825	0.0191	11	0.0625	12	0.5197
chr2	189000000	190000000	12	0.0000	0.0171	12	0.0588	12	0.5063
chr2	190000000	191000000	12	0.0558	0.0275	12	0.0588	12	0.6159
chr2	191000000	192000000	12	0.0431	0.0028	12	0.0600	12	0.4961
chr2	192000000	193000000	12	-0.0466	0.0533	12	0.0599	12	0.4190
chr2	193000000	194000000	12	-0.0917	0.0504	12	0.0625	12	0.4483
chr2	194000000	195000000	12	-0.0862	0.0126	12	0.0591	12	0.2393
chr2	195000000	196000000	12	0.0000	0.0000	12	0.0625	12	0.4674
chr2	196000000	197000000	12	0.0565	0.0253	12	0.0556	12	0.5357
chr2	197000000	198000000	12	0.0431	0.0054	12	0.0588	12	0.6718
chr2	198000000	199000000	12	-0.0325	0.0232	12	0.0617	12	0.5067
chr2	199000000	200000000	12	-0.0437	0.0058	12	0.0625	12	0.4288
chr2	200000000	201000000	12	0.0466	0.0370	12	0.0613	12	0.5966
chr2	201000000	202000000	12	0.0437	0.0395	12	0.0585	12	0.4824
chr2	202000000	203000000	12	0.0396	0.0586	12	0.0572	12	0.7047
chr2	203000000	204000000	12	0.0424	0.0182	12	0.0607	12	0.4591
chr2	204000000	205000000	12	-0.0444	0.0226	12	0.0600	12	0.5369
chr2	205000000	206000000	12	-0.0313	0.0249	12	0.0588	12	0.5984
chr2	206000000	207000000	12	0.0000	0.0000	12	0.0588	12	0.7818
chr2	207000000	208000000	12	0.0396	0.0418	12	0.0588	12	0.6814
chr2	208000000	209000000	12	0.0000	0.0000	12	0.0597	12	0.5207
chr2	209000000	210000000	12	-0.0588	0.0260	12	0.0617	12	0.6720
chr2	210000000	211000000	12	-0.0466	0.0070	12	0.0609	12	0.5416
chr2	211000000	212000000	12	-0.0862	0.0383	12	0.0625	12	0.6095
chr2	212000000	213000000	12	0.0000	0.0481	12	0.0607	12	0.6111
chr2	213000000	214000000	12	0.0000	0.0000	12	0.0562	12	0.5133
chr2	214000000	215000000	12	-0.0437	0.0042	12	0.0607	12	0.4890
chr2	215000000	216000000	12	0.0000	0.0000	12	0.0594	12	0.5169
chr2	216000000	217000000	12	0.0437	0.0195	12	0.0588	12	0.6933
chr2	217000000	218000000	12	0.0396	0.0072	12	0.0625	12	0.6286
chr2	218000000	219000000	12	0.0862	0.0382	12	0.0568	12	0.5673
chr2	219000000	220000000	12	0.0558	0.0262	12	0.0592	12	0.5209
chr2	220000000	221000000	12	-0.0458	0.0050	12	0.0625	12	0.5563
chr2	221000000	222000000	12	-0.0451	0.0066	12	0.0600	12	0.6271
chr2	222000000	223000000	12	0.0424	0.0383	12	0.0603	12	0.5932
chr2	223000000	224000000	12	0.0396	0.0083	12	0.0614	12	0.4963
chr2	224000000	225000000	12	0.0000	0.0168	12	0.0612	12	0.6900
chr2	225000000	226000000	12	-0.0407	0.0168	12	0.0599	12	0.6608
chr2	226000000	227000000	12	-0.0437	0.0058	12	0.0600	12	0.6981
chr2	227000000	228000000	12	0.0412	0.0068	12	0.0594	12	0.6085
chr2	228000000	229000000	12	-0.0444	0.0488	12	0.0597	12	0.7082
chr2	229000000	230000000	12	0.0000	0.0639	12	0.0599	12	0.5559
chr2	230000000	231000000	12	0.0849	0.0455	12	0.0556	12	0.7201
chr2	231000000	232000000	12	0.0773	0.0515	12	0.0625	12	0.7299
chr2	232000000	233000000	12	0.0988	0.0341	12	0.0600	12	0.6304
chr2	233000000	234000000	12	0.0849	0.0167	12	0.0556	12	0.6891
chr2	234000000	235000000	12	0.0000	0.0000	12	0.0594	12	0.7035
chr2	235000000	236000000	12	0.0000	0.0000	12	0.0602	12	0.6641
chr2	236000000	237000000	12	0.0444	0.0329	12	0.0594	12	0.7697
chr2	237000000	238000000	12	0.0825	0.0163	12	0.0572	12	0.8001
chr2	238000000	239000000	12	0.0875	0.0073	12	0.0572	12	0.6932
chr2	239000000	240000000	12	0.0903	0.0523	12	0.0625	12	0.6446
chr2	240000000	241000000	12	0.1221	0.0599	12	0.0588	12	0.6872
chr2	241000000	242000000	12	0.1221	0.0541	12	0.0628	12	0.7049
chr2	242000000	242193529	12	-0.2723	0.1981	12	0.0776	12	0.5438
chr3	0	1000000	12	-0.0451	0.0502	12	0.0600	12	0.5531
chr3	1000000	2000000	12	-0.0931	0.0138	12	0.0650	12	0.6811
chr3	2000000	3000000	12	-0.0466	0.0061	12	0.0617	12	0.6118
chr3	3000000	4000000	12	0.0000	0.0000	12	0.0617	12	0.5279
chr3	4000000	5000000	12	0.0451	0.0181	12	0.0588	12	0.6321
chr3	5000000	6000000	12	0.0114	0.0168	12	0.0600	12	0.6093
chr3	6000000	7000000	12	-0.0458	0.0031	12	0.0613	12	0.6981
chr3	7000000	8000000	12	-0.0875	0.0216	12	0.0613	12	0.6147
chr3	8000000	9000000	12	0.0000	0.0000	12	0.0614	12	0.5544
chr3	9000000	10000000	12	0.0781	0.0361	12	0.0594	12	0.6365
chr3	10000000	11000000	12	0.0862	0.0436	12	0.0587	12	0.6647
chr3	11000000	12000000	12	0.0444	0.0426	12	0.0567	12	0.6430
chr3	12000000	13000000	12	0.0715	0.0278	12	0.0600	12	0.6188
chr3	13000000	14000000	12	0.1274	0.0395	12	0.0556	12	0.6758
chr3	14000000	15000000	12	0.0875	0.0382	12	0.0568	12	0.6958
chr3	15000000	16000000	12	0.0715	0.0278	12	0.0597	12	0.5987
chr3	16000000	17000000	12	0.0715	0.0309	12	0.0588	12	0.6140
chr3	17000000	18000000	12	0.0602	0.0313	12	0.0600	12	0.5266
chr3	18000000	19000000	12	-0.0115	0.0171	12	0.0597	12	0.7727
chr3	19000000	20000000	12	-0.0481	0.0203	12	0.0600	12	0.7773
chr3	20000000	21000000	12	-0.0588	0.0219	12	0.0612	12	0.6941
chr3	21000000	22000000	12	-0.0875	0.0391	12	0.0600	12	0.6684
chr3	22000000	23000000	12	-0.0424	0.0191	12	0.0647	12	0.6076
chr3	23000000	24000000	12	0.0444	0.0171	12	0.0591	12	0.7199
chr3	24000000	25000000	12	0.0000	0.0171	12	0.0591	12	0.6996
chr3	25000000	26000000	12	-0.0313	0.0249	12	0.0568	12	0.5814
chr3	26000000	27000000	12	-0.0838	0.0191	12	0.0605	12	0.6752
chr3	27000000	28000000	12	-0.0451	0.0041	12	0.0606	12	0.7307
chr3	28000000	29000000	12	-0.0565	0.0212	12	0.0625	12	0.7417
chr3	29000000	30000000	12	-0.0753	0.0335	12	0.0600	12	0.7067
chr3	30000000	31000000	12	-0.0458	0.0031	12	0.0625	12	0.7007
chr3	31000000	32000000	12	0.0000	0.0000	12	0.0602	12	0.6862
chr3	32000000	33000000	12	0.0401	0.0261	12	0.0600	12	0.6114
chr3	33000000	34000000	12	0.0000	0.0000	12	0.0600	12	0.7209
chr3	34000000	35000000	12	-0.0451	0.0041	12	0.0588	12	0.6218
chr3	35000000	36000000	12	-0.0862	0.0554	12	0.0617	12	0.6906
chr3	36000000	37000000	12	-0.0325	0.0221	12	0.0613	12	0.7209
chr3	37000000	38000000	12	0.0781	0.0162	12	0.0581	12	0.7788
chr3	38000000	39000000	12	0.0781	0.0151	12	0.0605	12	0.5552
chr3	39000000	40000000	12	0.0609	0.0275	12	0.0605	12	0.6437
chr3	40000000	41000000	12	0.0000	0.0000	12	0.0588	12	0.5160
chr3	41000000	42000000	12	0.0000	0.0000	12	0.0591	12	0.5817
chr3	42000000	43000000	12	0.0431	0.0185	12	0.0588	12	0.6222
chr3	43000000	44000000	12	0.0222	0.0329	12	0.0594	12	0.5713
chr3	44000000	45000000	12	0.0431	0.0065	12	0.0578	12	0.7590
chr3	45000000	46000000	12	0.0837	0.0180	12	0.0556	12	0.5739
chr3	46000000	47000000	12	0.1156	0.0293	12	0.0588	12	0.5434
chr3	47000000	48000000	12	0.0837	0.0242	12	0.0600	12	0.4067
chr3	48000000	49000000	12	0.0849	0.0101	12	0.0620	12	0.3265
chr3	49000000	50000000	12	0.0875	0.0417	12	0.0566	12	0.4793
chr3	50000000	51000000	12	0.0862	0.0540	12	0.0556	12	0.3749
chr3	51000000	52000000	12	0.0444	0.0188	12	0.0607	12	0.2361
chr3	52000000	53000000	12	0.1583	0.0172	12	0.0556	12	0.6536
chr3	53000000	54000000	12	0.0875	0.0205	12	0.0562	12	0.5313
chr3	54000000	55000000	12	0.0000	0.0156	12	0.0617	12	0.7009
chr3	55000000	56000000	12	-0.0451	0.0045	12	0.0613	12	0.6144
chr3	56000000	57000000	12	0.0317	0.0188	12	0.0610	12	0.6274
chr3	57000000	58000000	12	0.0412	0.0079	12	0.0594	12	0.7193
chr3	58000000	59000000	12	0.0825	0.0163	12	0.0591	12	0.6909
chr3	59000000	60000000	12	-0.0115	0.0171	12	0.0601	12	0.6409
chr3	60000000	61000000	12	-0.0451	0.0041	12	0.0625	12	0.6187
chr3	61000000	62000000	12	-0.0115	0.0171	12	0.0605	12	0.5796
chr3	62000000	63000000	12	-0.0451	0.0041	12	0.0625	12	0.5677
chr3	63000000	64000000	12	-0.0588	0.0269	12	0.0617	12	0.6511
chr3	64000000	65000000	12	-0.0444	0.0423	12	0.0600	12	0.5876
chr3	65000000	66000000	12	-0.0753	0.0374	12	0.0613	12	0.6297
chr3	66000000	67000000	12	0.0000	0.0000	12	0.0594	12	0.6330
chr3	67000000	68000000	12	-0.0331	0.0340	12	0.0613	12	0.5456
chr3	68000000	69000000	12	-0.0444	0.0055	12	0.0615	12	0.6425
chr3	69000000	70000000	12	-0.0313	0.0226	12	0.0605	12	0.5631
chr3	70000000	71000000	12	-0.0588	0.0233	12	0.0617	12	0.6469
chr3	71000000	72000000	12	0.0412	0.0047	11	0.0625	12	0.6349
chr3	72000000	73000000	12	0.0444	0.0434	12	0.0572	12	0.6300
chr3	73000000	74000000	12	0.0000	0.0000	12	0.0600	12	0.6249
chr3	74000000	75000000	12	-0.0903	0.0191	12	0.0617	12	0.5872
chr3	75000000	76000000	12	0.1387	0.1005	12	0.0958	12	0.8179
chr3	76000000	77000000	12	-0.0947	0.0383	12	0.0625	12	0.5862
chr3	77000000	78000000	12	-0.1206	0.0340	12	0.0625	12	0.5703
chr3	78000000	79000000	12	-0.0947	0.0407	12	0.0623	12	0.5229
chr3	79000000	80000000	12	-0.1078	0.0349	12	0.0615	12	0.5252
chr3	80000000	81000000	12	-0.0947	0.0236	12	0.0647	12	0.6948
chr3	81000000	82000000	12	-0.0451	0.0477	12	0.0636	12	0.6513
chr3	82000000	83000000	12	-0.0903	0.0290	12	0.0652	12	0.5660
chr3	83000000	84000000	12	-0.1206	0.0340	12	0.0625	12	0.5270
chr3	84000000	85000000	12	-0.1313	0.0339	12	0.0652	12	0.6558
chr3	85000000	86000000	12	-0.1243	0.0461	12	0.0633	12	0.4844
chr3	86000000	87000000	12	-0.1078	0.0290	12	0.0625	12	0.5942
chr3	87000000	88000000	12	-0.0825	0.0228	12	0.0600	12	0.5983
chr3	88000000	89000000	12	-0.0753	0.0312	12	0.0613	12	0.5835
chr3	89000000	90000000	12	-0.0947	0.0255	12	0.0652	12	0.5464
chr3	90000000	91000000	12	-1.2569	0.1290	12	0.0848	12	0.5421
chr3	91000000	92000000	12	-1.8523	0.1278	12	0.1042	12	0.5352
chr3	92000000	93000000	12	-2.5883	0.1621	12	0.1184	6	0.2950
chr3	93000000	94000000	12	-1.6667	0.2118	12	0.0833	12	0.6349
chr3	94000000	95000000	12	-0.0932	0.0510	12	0.0615	12	0.4937
chr3	95000000	96000000	12	-0.0947	0.0252	12	0.0633	12	0.6718
chr3	96000000	97000000	12	-0.0917	0.0065	12	0.0613	12	0.4212
chr3	97000000	98000000	12	-0.0437	0.0036	12	0.0602	12	0.7183
chr3	98000000	99000000	12	0.0000	0.0456	12	0.0617	12	0.7244
chr3	99000000	100000000	12	0.0000	0.0000	12	0.0588	12	0.4332
chr3	100000000	101000000	12	0.0000	0.0000	12	0.0594	12	0.5530
chr3	101000000	102000000	12	0.0431	0.0038	12	0.0591	12	0.5514
chr3	102000000	103000000	12	0.0000	0.0000	12	0.0610	12	0.6064
chr3	103000000	104000000	12	-0.0917	0.0084	12	0.0633	12	0.6775
chr3	104000000	105000000	12	-0.0458	0.0022	12	0.0613	12	0.5726
chr3	105000000	106000000	12	0.0000	0.0000	12	0.0594	12	0.6029
chr3	106000000	107000000	12	0.0000	0.0000	12	0.0613	12	0.4579
chr3	107000000	108000000	12	0.0000	0.0000	12	0.0609	12	0.5936
chr3	108000000	109000000	12	0.0000	0.0168	12	0.0585	12	0.6003
chr3	109000000	110000000	12	-0.0588	0.0275	12	0.0600	12	0.5595
chr3	110000000	111000000	12	-0.0825	0.0168	12	0.0625	12	0.4922
chr3	111000000	112000000	12	0.0000	0.0168	12	0.0594	12	0.5645
chr3	112000000	113000000	12	0.0565	0.0328	12	0.0588	12	0.6375
chr3	113000000	114000000	12	0.0715	0.0278	12	0.0587	12	0.6764
chr3	114000000	115000000	12	0.0424	0.0161	12	0.0594	12	0.5438
chr3	115000000	116000000	12	-0.0444	0.0030	12	0.0617	12	0.6391
chr3	116000000	117000000	12	-0.0852	0.0191	12	0.0625	12	0.4684
chr3	117000000	118000000	12	-0.0776	0.0277	12	0.0625	12	0.5708
chr3	118000000	119000000	12	0.0000	0.0000	12	0.0625	12	0.7162
chr3	119000000	120000000	12	0.0837	0.0151	12	0.0556	12	0.7009
chr3	120000000	121000000	12	0.0419	0.0443	12	0.0600	12	0.6521
chr3	121000000	122000000	12	0.0431	0.0554	12	0.0588	12	0.5633
chr3	122000000	123000000	12	0.0813	0.0336	12	0.0588	12	0.6930
chr3	123000000	124000000	12	0.0849	0.0127	12	0.0588	12	0.5826
chr3	124000000	125000000	12	0.0656	0.0304	12	0.0591	12	0.6286
chr3	125000000	126000000	12	0.0862	0.0506	12	0.0588	12	0.5984
chr3	126000000	127000000	12	0.0903	0.0409	12	0.0588	12	0.6105
chr3	127000000	128000000	12	0.1113	0.0334	12	0.0568	12	0.6304
chr3	128000000	129000000	12	0.1221	0.0308	12	0.0588	12	0.6578
chr3	129000000	130000000	12	0.0875	0.0417	12	0.0585	12	0.3608
chr3	130000000	131000000	12	0.0424	0.0629	12	0.0625	12	0.5956
chr3	131000000	132000000	12	-0.0098	0.0146	12	0.0594	12	0.6471
chr3	132000000	133000000	12	0.0000	0.0000	12	0.0600	12	0.6877
chr3	133000000	134000000	12	0.0559	0.0244	12	0.0588	12	0.6406
chr3	134000000	135000000	12	0.0437	0.0028	12	0.0585	12	0.6042
chr3	135000000	136000000	12	0.0000	0.0000	12	0.0633	12	0.5484
chr3	136000000	137000000	12	0.0000	0.0171	12	0.0625	12	0.8251
chr3	137000000	138000000	12	0.0000	0.0000	12	0.0611	12	0.5482
chr3	138000000	139000000	12	0.0000	0.0168	12	0.0597	12	0.5396
chr3	139000000	140000000	12	0.0000	0.0000	12	0.0588	12	0.5858
chr3	140000000	141000000	12	0.0000	0.0168	12	0.0597	12	0.5987
chr3	141000000	142000000	12	0.0565	0.0244	12	0.0600	12	0.5977
chr3	142000000	143000000	12	0.0419	0.0171	12	0.0600	12	0.8316
chr3	143000000	144000000	12	0.0323	0.0351	12	0.0594	12	0.6378
chr3	144000000	145000000	12	-0.0444	0.0041	12	0.0594	12	0.7234
chr3	145000000	146000000	12	-0.0903	0.0113	12	0.0614	12	0.6782
chr3	146000000	147000000	12	-0.0451	0.0180	12	0.0625	12	0.6473
chr3	147000000	148000000	12	-0.0862	0.0103	12	0.0617	12	0.7587
chr3	148000000	149000000	12	-0.0444	0.0041	12	0.0625	12	0.6473
chr3	149000000	150000000	12	0.0000	0.0306	12	0.0591	12	0.6565
chr3	150000000	151000000	12	0.0412	0.0182	12	0.0588	12	0.6366
chr3	151000000	152000000	12	0.0424	0.0050	12	0.0591	12	0.6930
chr3	152000000	153000000	12	0.0424	0.0029	12	0.0594	12	0.7629
chr3	153000000	154000000	12	-0.0451	0.0053	12	0.0605	12	0.7191
chr3	154000000	155000000	12	-0.0444	0.0041	12	0.0600	12	0.6071
chr3	155000000	156000000	12	-0.0420	0.0068	12	0.0600	12	0.7056
chr3	156000000	157000000	12	0.0437	0.0188	12	0.0588	12	0.6777
chr3	157000000	158000000	12	0.0114	0.0168	12	0.0597	12	0.7037
chr3	158000000	159000000	12	0.0000	0.0171	12	0.0606	12	0.7244
chr3	159000000	160000000	12	0.0000	0.0000	12	0.0600	12	0.7069
chr3	160000000	161000000	12	0.0306	0.0226	12	0.0611	12	0.6509
chr3	161000000	162000000	12	-0.0458	0.0031	12	0.0607	12	0.7988
chr3	162000000	163000000	12	-0.0931	0.0065	12	0.0629	12	0.5713
chr3	163000000	164000000	12	-0.1313	0.0339	12	0.0610	12	0.5901
chr3	164000000	165000000	12	-0.0947	0.0385	12	0.0613	12	0.7356
chr3	165000000	166000000	12	-0.1078	0.0380	12	0.0605	12	0.6370
chr3	166000000	167000000	12	-0.0902	0.0119	12	0.0600	12	0.8017
chr3	167000000	168000000	12	-0.0588	0.0351	12	0.0639	12	0.7605
chr3	168000000	169000000	12	-0.0209	0.0349	12	0.0647	12	0.6581
chr3	169000000	170000000	12	0.0000	0.0168	12	0.0588	12	0.5775
chr3	170000000	171000000	12	0.0431	0.0285	12	0.0588	12	0.6278
chr3	171000000	172000000	12	0.0630	0.0325	12	0.0588	12	0.7474
chr3	172000000	173000000	12	0.0451	0.0489	12	0.0602	12	0.6176
chr3	173000000	174000000	12	-0.0424	0.0522	12	0.0585	12	0.6428
chr3	174000000	175000000	12	-0.0931	0.0408	12	0.0652	12	0.6659
chr3	175000000	176000000	12	-0.0862	0.0383	12	0.0625	12	0.6659
chr3	176000000	177000000	12	-0.0458	0.0229	12	0.0619	12	0.5506
chr3	177000000	178000000	12	0.0217	0.0319	12	0.0588	12	0.6627
chr3	178000000	179000000	12	0.0000	0.0000	12	0.0600	12	0.6867
chr3	179000000	180000000	12	0.0000	0.0000	12	0.0612	12	0.6566
chr3	180000000	181000000	12	-0.0437	0.0058	12	0.0600	12	0.7686
chr3	181000000	182000000	12	-0.0451	0.0039	12	0.0617	12	0.6561
chr3	182000000	183000000	12	0.0000	0.0000	12	0.0594	12	0.7052
chr3	183000000	184000000	12	0.0424	0.0176	12	0.0607	12	0.6265
chr3	184000000	185000000	12	0.0437	0.0054	12	0.0588	12	0.7004
chr3	185000000	186000000	12	0.0396	0.0418	12	0.0617	12	0.6275
chr3	186000000	187000000	12	0.0444	0.0212	12	0.0594	12	0.5670
chr3	187000000	188000000	12	0.0000	0.0000	12	0.0588	12	0.6729
chr3	188000000	189000000	12	-0.0420	0.0091	12	0.0613	12	0.5620
chr3	189000000	190000000	12	0.0114	0.0168	12	0.0556	12	0.6050
chr3	190000000	191000000	12	0.0000	0.0000	12	0.0600	12	0.6392
chr3	191000000	192000000	12	0.0306	0.0215	12	0.0613	12	0.6014
chr3	192000000	193000000	12	-0.0115	0.0171	12	0.0594	12	0.6782
chr3	193000000	194000000	12	0.0114	0.0301	12	0.0599	12	0.5787
chr3	194000000	195000000	12	0.0781	0.0193	12	0.0585	12	0.6994
chr3	195000000	196000000	12	0.2455	0.1024	12	0.0903	12	0.7445
chr3	196000000	197000000	12	0.0862	0.0436	12	0.0581	12	0.6255
chr3	197000000	198000000	12	0.0825	0.0494	12	0.0652	12	0.6737
chr3	198000000	198295559	12	-0.2494	0.1141	12	0.0771	10	0.8381
chr4	0	1000000	12	0.0862	0.0591	12	0.0658	12	0.7502
chr4	1000000	2000000	12	0.1675	0.0521	12	0.0607	12	0.6077
chr4	2000000	3000000	12	0.1606	0.0425	12	0.0568	12	0.5792
chr4	3000000	4000000	12	0.1606	0.0301	12	0.0591	12	0.6759
chr4	4000000	5000000	12	0.0431	0.0028	12	0.0614	12	0.6746
chr4	5000000	6000000	12	0.0000	0.0000	12	0.0610	12	0.7196
chr4	6000000	7000000	12	0.0988	0.0341	12	0.0602	12	0.5752
chr4	7000000	8000000	12	0.0875	0.0400	12	0.0588	12	0.6561
chr4	8000000	9000000	12	0.1221	0.0513	12	0.0581	12	0.5757
chr4	9000000	10000000	12	-0.0229	0.0340	12	0.0594	12	0.5332
chr4	10000000	11000000	12	0.0431	0.0020	12	0.0605	12	0.6147
chr4	11000000	12000000	12	-0.0458	0.0043	12	0.0605	12	0.7503
chr4	12000000	13000000	12	-0.0903	0.0565	12	0.0617	12	0.6766
chr4	13000000	14000000	12	-0.0444	0.0194	12	0.0621	12	0.5514
chr4	14000000	15000000	12	-0.0444	0.0041	12	0.0600	12	0.5358
chr4	15000000	16000000	12	0.0000	0.0000	12	0.0600	12	0.6725
chr4	16000000	17000000	12	0.0000	0.0168	12	0.0588	12	0.7093
chr4	17000000	18000000	12	0.0000	0.0000	12	0.0607	12	0.6142
chr4	18000000	19000000	12	-0.0588	0.0284	12	0.0594	12	0.6451
chr4	19000000	20000000	12	-0.1243	0.0414	12	0.0629	12	0.7620
chr4	20000000	21000000	12	-0.0931	0.0210	12	0.0637	12	0.6412
chr4	21000000	22000000	12	-0.0917	0.0437	12	0.0652	12	0.6689
chr4	22000000	23000000	12	-0.0862	0.0103	12	0.0613	12	0.5794
chr4	23000000	24000000	12	-0.0931	0.0361	12	0.0625	12	0.6128
chr4	24000000	25000000	12	-0.0219	0.0325	12	0.0625	12	0.5946
chr4	25000000	26000000	12	0.0444	0.0041	12	0.0594	12	0.6726
chr4	26000000	27000000	12	0.0000	0.0000	12	0.0600	12	0.5692
chr4	27000000	28000000	12	-0.0458	0.0022	12	0.0594	12	0.5691
chr4	28000000	29000000	12	-0.0931	0.0482	12	0.0625	12	0.7364
chr4	29000000	30000000	12	-0.0931	0.0065	12	0.0652	12	0.5865
chr4	30000000	31000000	12	-0.1243	0.0484	12	0.0614	12	0.6298
chr4	31000000	32000000	12	-0.1078	0.0290	12	0.0639	12	0.5766
chr4	32000000	33000000	12	-0.1243	0.0439	12	0.0600	12	0.5619
chr4	33000000	34000000	12	-0.1078	0.0260	12	0.0639	12	0.4239
chr4	34000000	35000000	12	-0.1078	0.0281	12	0.0633	12	0.8130
chr4	35000000	36000000	12	0.0000	0.0171	12	0.0594	12	0.7757
chr4	36000000	37000000	12	0.0431	0.0041	12	0.0578	12	0.4645
chr4	37000000	38000000	12	0.0431	0.0049	12	0.0594	12	0.6131
chr4	38000000	39000000	12	0.0813	0.0336	12	0.0588	12	0.7101
chr4	39000000	40000000	12	0.0781	0.0151	12	0.0605	12	0.6290
chr4	40000000	41000000	12	0.0565	0.0199	12	0.0588	12	0.6519
chr4	41000000	42000000	12	0.0424	0.0050	12	0.0556	12	0.7306
chr4	42000000	43000000	12	0.0114	0.0168	12	0.0588	12	0.6306
chr4	43000000	44000000	12	-0.0466	0.0051	12	0.0625	12	0.4356
chr4	44000000	45000000	12	-0.0888	0.0086	12	0.0625	12	0.5121
chr4	45000000	46000000	12	-0.0917	0.0533	12	0.0625	12	0.5342
chr4	46000000	47000000	12	-0.0917	0.0065	12	0.0587	12	0.7131
chr4	47000000	48000000	12	0.0000	0.0000	12	0.0591	12	0.6912
chr4	48000000	49000000	12	0.0424	0.0054	12	0.0588	12	0.5612
chr4	49000000	50000000	12	0.7302	0.1309	12	0.1325	12	0.7451
chr4	50000000	51000000	12	-2.4372	0.0765	12	0.1056	12	0.3232
chr4	51000000	52000000	12	-2.0222	0.1057	12	0.0833	12	0.6203
chr4	52000000	53000000	12	-0.0313	0.0340	12	0.0633	12	0.4842
chr4	53000000	54000000	12	0.0000	0.0472	12	0.0605	12	0.5734
chr4	54000000	55000000	12	-0.0115	0.0171	12	0.0617	12	0.6743
chr4	55000000	56000000	12	0.0000	0.0168	12	0.0600	12	0.5375
chr4	56000000	57000000	12	0.0000	0.0171	12	0.0605	12	0.7369
chr4	57000000	58000000	12	-0.0458	0.0022	12	0.0602	12	0.6210
chr4	58000000	59000000	12	-0.0947	0.0233	12	0.0652	12	0.6105
chr4	59000000	60000000	12	-0.1206	0.0340	12	0.0636	12	0.6810
chr4	60000000	61000000	12	-0.1091	0.0290	12	0.0612	12	0.5448
chr4	61000000	62000000	12	-0.0947	0.0213	12	0.0647	12	0.5318
chr4	62000000	63000000	12	-0.1243	0.0472	12	0.0609	12	0.6823
chr4	63000000	64000000	12	-0.1313	0.0366	12	0.0600	12	0.4962
chr4	64000000	65000000	12	-0.1078	0.0260	12	0.0644	12	0.5920
chr4	65000000	66000000	12	-0.1127	0.0434	12	0.0641	12	0.5853
chr4	66000000	67000000	12	-0.0825	0.0191	12	0.0625	12	0.6740
chr4	67000000	68000000	12	-0.0437	0.0042	12	0.0594	12	0.5777
chr4	68000000	69000000	12	-0.0458	0.0191	12	0.0607	12	0.4937
chr4	69000000	70000000	12	-0.0451	0.0609	12	0.0644	12	0.7048
chr4	70000000	71000000	12	0.0000	0.0000	12	0.0600	12	0.5530
chr4	71000000	72000000	12	-0.0431	0.0058	12	0.0588	12	0.4718
chr4	72000000	73000000	12	-0.0451	0.0066	12	0.0617	12	0.4708
chr4	73000000	74000000	12	-0.0226	0.0334	12	0.0610	12	0.4801
chr4	74000000	75000000	12	-0.0325	0.0481	12	0.0615	12	0.5880
chr4	75000000	76000000	12	0.0000	0.0000	12	0.0610	12	0.5999
chr4	76000000	77000000	12	0.0000	0.0000	12	0.0568	12	0.5932
chr4	77000000	78000000	12	0.0114	0.0168	12	0.0572	12	0.8397
chr4	78000000	79000000	12	0.0431	0.0395	12	0.0625	12	0.5447
chr4	79000000	80000000	12	-0.0115	0.0180	12	0.0600	12	0.4717
chr4	80000000	81000000	12	-0.0424	0.0168	12	0.0600	12	0.4430
chr4	81000000	82000000	12	-0.0431	0.0058	12	0.0597	12	0.6625
chr4	82000000	83000000	12	0.0424	0.0563	12	0.0599	12	0.5415
chr4	83000000	84000000	12	0.0431	0.0020	12	0.0591	12	0.5145
chr4	84000000	85000000	12	-0.0229	0.0374	12	0.0633	12	0.6403
chr4	85000000	86000000	12	0.0000	0.0478	12	0.0594	12	0.5390
chr4	86000000	87000000	12	0.0000	0.0639	12	0.0594	12	0.6558
chr4	87000000	88000000	12	0.0000	0.0168	12	0.0610	12	0.6293
chr4	88000000	89000000	12	0.0000	0.0490	12	0.0594	12	0.6752
chr4	89000000	90000000	12	-0.0115	0.0171	12	0.0602	12	0.6391
chr4	90000000	91000000	12	-0.0838	0.0370	12	0.0625	12	0.6994
chr4	91000000	92000000	12	-0.1206	0.0340	12	0.0625	12	0.7118
chr4	92000000	93000000	12	-0.1206	0.0340	12	0.0607	12	0.7971
chr4	93000000	94000000	12	-0.0902	0.0061	12	0.0594	12	0.6886
chr4	94000000	95000000	12	-0.0451	0.0041	12	0.0600	12	0.6599
chr4	95000000	96000000	12	-0.0917	0.0084	12	0.0617	12	0.6588
chr4	96000000	97000000	12	-0.1206	0.0340	12	0.0647	12	0.8148
chr4	97000000	98000000	12	-0.0931	0.0383	12	0.0600	12	0.7996
chr4	98000000	99000000	12	-0.0115	0.0171	12	0.0633	12	0.8670
chr4	99000000	100000000	12	0.0000	0.0000	12	0.0588	12	0.5626
chr4	100000000	101000000	12	-0.0437	0.0058	12	0.0594	12	0.6480
chr4	101000000	102000000	12	0.0000	0.0000	12	0.0594	12	0.5865
chr4	102000000	103000000	12	0.0424	0.0054	12	0.0588	12	0.5183
chr4	103000000	104000000	12	-0.0424	0.0073	12	0.0617	12	0.7431
chr4	104000000	105000000	12	0.0000	0.0000	12	0.0594	12	0.6787
chr4	105000000	106000000	12	0.0396	0.0161	12	0.0617	12	0.6044
chr4	106000000	107000000	12	-0.0451	0.0041	12	0.0625	12	0.6749
chr4	107000000	108000000	12	-0.0444	0.0030	12	0.0625	12	0.6446
chr4	108000000	109000000	12	-0.0424	0.0050	12	0.0605	12	0.5473
chr4	109000000	110000000	12	0.0000	0.0000	12	0.0597	12	0.6544
chr4	110000000	111000000	12	-0.0424	0.0061	12	0.0605	12	0.5243
chr4	111000000	112000000	12	-0.0437	0.0458	12	0.0625	12	0.6032
chr4	112000000	113000000	12	0.0444	0.0038	12	0.0588	12	0.7697
chr4	113000000	114000000	12	0.0000	0.0456	12	0.0606	12	0.6362
chr4	114000000	115000000	12	-0.0313	0.0351	12	0.0606	12	0.6273
chr4	115000000	116000000	12	-0.0862	0.0126	12	0.0625	12	0.6071
chr4	116000000	117000000	12	-0.0917	0.0383	12	0.0613	12	0.6042
chr4	117000000	118000000	12	-0.0931	0.0103	12	0.0613	12	0.7037
chr4	118000000	119000000	12	-0.0115	0.0171	12	0.0594	12	0.6460
chr4	119000000	120000000	12	-0.0444	0.0030	12	0.0605	12	0.7093
chr4	120000000	121000000	12	-0.0653	0.0412	12	0.0619	12	0.6589
chr4	121000000	122000000	12	0.0000	0.0000	12	0.0611	12	0.6342
chr4	122000000	123000000	12	0.0000	0.0586	12	0.0605	12	0.6467
chr4	123000000	124000000	12	0.0000	0.0000	12	0.0610	12	0.6584
chr4	124000000	125000000	12	-0.0862	0.0103	12	0.0621	12	0.6311
chr4	125000000	126000000	12	-0.0917	0.0084	12	0.0600	12	0.5834
chr4	126000000	127000000	12	-0.0888	0.0086	12	0.0625	12	0.6381
chr4	127000000	128000000	12	-0.0424	0.0191	12	0.0644	12	0.8047
chr4	128000000	129000000	12	0.0000	0.0000	12	0.0617	12	0.6459
chr4	129000000	130000000	12	-0.0451	0.0020	12	0.0605	12	0.6368
chr4	130000000	131000000	12	-0.0947	0.0290	12	0.0600	12	0.7106
chr4	131000000	132000000	12	-0.0917	0.0466	12	0.0652	12	0.6398
chr4	132000000	133000000	12	-0.1313	0.0339	12	0.0639	12	0.5539
chr4	133000000	134000000	12	-0.1313	0.0404	12	0.0625	12	0.5407
chr4	134000000	135000000	12	-0.1183	0.0363	12	0.0603	12	0.6770
chr4	135000000	136000000	12	-0.1127	0.0384	12	0.0640	12	0.5869
chr4	136000000	137000000	12	-0.1243	0.0439	12	0.0633	12	0.6300
chr4	137000000	138000000	12	-0.0931	0.0216	12	0.0625	12	0.6766
chr4	138000000	139000000	12	0.0000	0.0000	12	0.0619	12	0.5714
chr4	139000000	140000000	12	0.0306	0.0226	12	0.0588	12	0.6698
chr4	140000000	141000000	12	0.0000	0.0000	12	0.0625	12	0.6609
chr4	141000000	142000000	12	-0.0458	0.0031	12	0.0625	12	0.6494
chr4	142000000	143000000	12	-0.0466	0.0203	12	0.0621	12	0.4254
chr4	143000000	144000000	12	-0.0115	0.0171	12	0.0594	12	0.6412
chr4	144000000	145000000	12	-0.0444	0.0041	12	0.0625	12	0.5517
chr4	145000000	146000000	12	0.0114	0.0285	12	0.0585	12	0.6668
chr4	146000000	147000000	12	0.0317	0.0210	12	0.0594	12	0.7920
chr4	147000000	148000000	12	0.0396	0.0093	12	0.0591	12	0.4642
chr4	148000000	149000000	12	-0.0115	0.0171	12	0.0605	12	0.6419
chr4	149000000	150000000	12	-0.0451	0.0041	12	0.0621	12	0.7085
chr4	150000000	151000000	12	0.0000	0.0166	12	0.0625	12	0.5493
chr4	151000000	152000000	12	0.0437	0.0049	12	0.0588	12	0.5315
chr4	152000000	153000000	12	0.0748	0.0460	12	0.0589	12	0.6138
chr4	153000000	154000000	12	0.0715	0.0351	12	0.0575	12	0.6535
chr4	154000000	155000000	12	0.0000	0.0166	12	0.0613	12	0.5551
chr4	155000000	156000000	12	-0.0444	0.0070	12	0.0625	12	0.5678
chr4	156000000	157000000	12	-0.0825	0.0168	12	0.0602	12	0.6734
chr4	157000000	158000000	12	-0.0753	0.0312	12	0.0607	12	0.4232
chr4	158000000	159000000	12	0.0000	0.0000	12	0.0610	12	0.5786
chr4	159000000	160000000	12	0.0114	0.0285	12	0.0594	12	0.3837
chr4	160000000	161000000	12	-0.0862	0.0297	12	0.0633	12	0.6592
chr4	161000000	162000000	12	-0.0931	0.0383	12	0.0613	12	0.6557
chr4	162000000	163000000	12	-0.0753	0.0264	12	0.0629	12	0.5015
chr4	163000000	164000000	12	-0.0424	0.0180	12	0.0600	12	0.5373
chr4	164000000	165000000	12	-0.0451	0.0204	12	0.0612	12	0.6044
chr4	165000000	166000000	12	-0.0313	0.0226	12	0.0597	12	0.6992
chr4	166000000	167000000	12	-0.0931	0.0236	12	0.0613	12	0.4861
chr4	167000000	168000000	12	-0.0931	0.0210	12	0.0644	12	0.5505
chr4	168000000	169000000	12	0.0000	0.0000	12	0.0613	12	0.7061
chr4	169000000	170000000	12	0.0431	0.0161	12	0.0580	12	0.6166
chr4	170000000	171000000	12	-0.0458	0.0031	12	0.0600	12	0.6070
chr4	171000000	172000000	12	-0.0862	0.0173	12	0.0622	12	0.4437
chr4	172000000	173000000	12	-0.0444	0.0021	12	0.0607	12	0.4725
chr4	173000000	174000000	12	0.0000	0.0000	12	0.0588	12	0.5760
chr4	174000000	175000000	12	-0.0458	0.0031	12	0.0625	12	0.5918
chr4	175000000	176000000	12	-0.0776	0.0387	12	0.0625	12	0.4397
chr4	176000000	177000000	12	-0.0444	0.0041	12	0.0625	12	0.4925
chr4	177000000	178000000	12	-0.0588	0.0224	12	0.0625	12	0.4476
chr4	178000000	179000000	12	-0.0947	0.0383	12	0.0647	12	0.5759
chr4	179000000	180000000	12	-0.0947	0.0383	12	0.0616	12	0.5785
chr4	180000000	181000000	12	-0.0917	0.0504	12	0.0639	12	0.4887
chr4	181000000	182000000	12	-0.0931	0.0387	12	0.0625	12	0.5859
chr4	182000000	183000000	12	-0.0325	0.0363	12	0.0625	12	0.5688
chr4	183000000	184000000	12	0.0000	0.0171	12	0.0605	12	0.5740
chr4	184000000	185000000	12	0.0875	0.0354	12	0.0587	12	0.5845
chr4	185000000	186000000	12	0.0431	0.0182	12	0.0600	12	0.6169
chr4	186000000	187000000	12	-0.0866	0.0545	12	0.0659	12	0.5567
chr4	187000000	188000000	12	-0.0902	0.0191	12	0.0641	12	0.5268
chr4	188000000	189000000	12	-0.0947	0.0086	12	0.0605	12	0.6855
chr4	189000000	190000000	12	-0.1354	0.0242	12	0.0659	12	0.5512
chr4	190000000	190214555	12	0.0804	0.0723	12	0.1190	12	0.5612
chr5	0	1000000	12	0.0317	0.0470	12	0.0647	12	0.6612
chr5	1000000	2000000	12	0.1255	0.0489	12	0.0597	12	0.6390
chr5	2000000	3000000	12	0.0000	0.0171	12	0.0600	12	0.6823
chr5	3000000	4000000	12	-0.0444	0.0423	12	0.0625	12	0.5599
chr5	4000000	5000000	12	-0.0581	0.0232	12	0.0625	12	0.5040
chr5	5000000	6000000	12	0.0000	0.0461	12	0.0610	12	0.6014
chr5	6000000	7000000	12	0.0000	0.0000	12	0.0588	12	0.6023
chr5	7000000	8000000	12	-0.0444	0.0030	12	0.0625	12	0.6340
chr5	8000000	9000000	12	-0.0630	0.0305	12	0.0605	12	0.6193
chr5	9000000	10000000	12	0.0000	0.0000	12	0.0612	12	0.5807
chr5	10000000	11000000	12	0.0565	0.0199	12	0.0588	12	0.5430
chr5	11000000	12000000	12	-0.0313	0.0249	12	0.0600	12	0.5339
chr5	12000000	13000000	12	-0.0903	0.0247	12	0.0617	12	0.5545
chr5	13000000	14000000	12	-0.0115	0.0171	12	0.0588	12	0.6277
chr5	14000000	15000000	12	0.0444	0.0020	12	0.0566	12	0.6326
chr5	15000000	16000000	12	-0.0431	0.0180	12	0.0615	12	0.6797
chr5	16000000	17000000	12	-0.0420	0.0522	12	0.0600	12	0.6099
chr5	17000000	18000000	12	-0.0753	0.0312	12	0.0625	12	0.5058
chr5	18000000	19000000	12	-0.0862	0.0216	12	0.0594	12	0.6379
chr5	19000000	20000000	12	-0.1256	0.0243	12	0.0625	12	0.5852
chr5	20000000	21000000	12	-0.0931	0.0383	12	0.0637	12	0.4908
chr5	21000000	22000000	12	-0.0917	0.0383	12	0.0641	12	0.3947
chr5	22000000	23000000	12	-0.1078	0.0349	12	0.0633	12	0.6385
chr5	23000000	24000000	12	-0.0947	0.0383	12	0.0600	12	0.5651
chr5	24000000	25000000	12	-0.1243	0.0439	12	0.0633	12	0.6574
chr5	25000000	26000000	12	-0.1078	0.0349	12	0.0625	12	0.6697
chr5	26000000	27000000	12	-0.1078	0.0290	12	0.0625	12	0.6037
chr5	27000000	28000000	12	-0.1078	0.0260	12	0.0607	12	0.6730
chr5	28000000	29000000	12	-0.1112	0.0392	12	0.0615	12	0.4926
chr5	29000000	30000000	12	-0.1127	0.0334	12	0.0633	12	0.6038
chr5	30000000	31000000	12	-0.0917	0.0084	12	0.0652	12	0.5637
chr5	31000000	32000000	12	0.0000	0.0000	12	0.0610	12	0.6574
chr5	32000000	33000000	12	0.0431	0.0426	12	0.0594	12	0.6601
chr5	33000000	34000000	12	0.0000	0.0000	12	0.0588	12	0.4892
chr5	34000000	35000000	12	0.0000	0.0000	12	0.0605	12	0.5082
chr5	35000000	36000000	12	0.0000	0.0481	12	0.0600	12	0.5029
chr5	36000000	37000000	12	0.0000	0.0000	12	0.0588	12	0.6150
chr5	37000000	38000000	12	0.0396	0.0104	12	0.0588	12	0.7143
chr5	38000000	39000000	12	0.0000	0.0000	12	0.0617	12	0.6367
chr5	39000000	40000000	12	-0.0451	0.0053	12	0.0617	12	0.5834
chr5	40000000	41000000	12	-0.0325	0.0198	12	0.0625	12	0.6083
chr5	41000000	42000000	12	-0.0115	0.0171	12	0.0625	12	0.7085
chr5	42000000	43000000	12	0.0000	0.0470	12	0.0617	12	0.6975
chr5	43000000	44000000	12	0.0306	0.0454	12	0.0616	12	0.5696
chr5	44000000	45000000	12	-0.0466	0.0533	12	0.0617	12	0.6837
chr5	45000000	46000000	12	-0.1047	0.0553	12	0.0647	12	0.8303
chr5	46000000	47000000	12	-0.5531	0.1931	12	0.0667	12	0.7582
chr5	47000000	48000000	12	-1.4506	0.2250	12	0.1180	12	0.5187
chr5	49000000	50000000	12	-1.8301	0.0995	12	0.1238	12	0.4287
chr5	50000000	51000000	12	-0.0932	0.0109	12	0.0667	12	0.7163
chr5	51000000	52000000	12	-0.0862	0.0103	12	0.0625	12	0.6517
chr5	52000000	53000000	12	-0.0862	0.0216	12	0.0611	12	0.6476
chr5	53000000	54000000	12	-0.0451	0.0020	12	0.0600	12	0.7060
chr5	54000000	55000000	12	-0.0198	0.0386	12	0.0605	12	0.5782
chr5	55000000	56000000	12	0.0396	0.0586	12	0.0564	12	0.6129
chr5	56000000	57000000	12	0.0431	0.0171	12	0.0599	12	0.7178
chr5	57000000	58000000	12	-0.0420	0.0091	12	0.0621	12	0.5233
chr5	58000000	59000000	12	-0.0451	0.0041	12	0.0614	12	0.6882
chr5	59000000	60000000	12	-0.0451	0.0020	12	0.0625	12	0.7018
chr5	60000000	61000000	12	0.0000	0.0000	12	0.0588	12	0.7171
chr5	61000000	62000000	12	0.0000	0.0000	12	0.0600	12	0.5274
chr5	62000000	63000000	12	0.0192	0.0285	12	0.0621	12	0.7197
chr5	63000000	64000000	12	-0.0466	0.0203	12	0.0608	12	0.6743
chr5	64000000	65000000	12	0.0000	0.0000	12	0.0625	12	0.7274
chr5	65000000	66000000	12	0.0431	0.0038	12	0.0600	12	0.6315
chr5	66000000	67000000	12	0.0114	0.0310	12	0.0602	12	0.6594
chr5	67000000	68000000	12	-0.0115	0.0171	12	0.0588	12	0.7640
chr5	68000000	69000000	12	0.0306	0.0226	12	0.0602	12	0.6322
chr5	69000000	70000000	12	-0.0198	0.0346	12	0.0599	12	0.5334
chr5	70000000	71000000	12	-1.2785	0.3317	10	0.0923	12	0.0994
chr5	71000000	72000000	12	-0.0588	0.0445	12	0.0630	12	0.5520
chr5	72000000	73000000	12	0.0412	0.0443	12	0.0572	12	0.7171
chr5	73000000	74000000	12	0.0000	0.0171	12	0.0588	12	0.7434
chr5	74000000	75000000	12	0.0000	0.0000	12	0.0572	12	0.6858
chr5	75000000	76000000	12	0.0114	0.0285	12	0.0577	12	0.8334
chr5	76000000	77000000	12	0.0396	0.0418	12	0.0588	12	0.6520
chr5	77000000	78000000	12	0.0306	0.0329	12	0.0600	12	0.7739
chr5	78000000	79000000	12	0.0444	0.0030	12	0.0591	12	0.6657
chr5	79000000	80000000	12	0.0424	0.0039	12	0.0588	12	0.7720
chr5	80000000	81000000	12	0.0000	0.0000	12	0.0600	12	0.6841
chr5	81000000	82000000	12	0.0114	0.0168	12	0.0612	12	0.7616
chr5	82000000	83000000	12	0.0000	0.0000	12	0.0615	12	0.6475
chr5	83000000	84000000	12	-0.0424	0.0191	12	0.0605	12	0.7721
chr5	84000000	85000000	12	-0.0917	0.0189	12	0.0629	12	0.5975
chr5	85000000	86000000	12	-0.0931	0.0045	12	0.0633	12	0.7204
chr5	86000000	87000000	12	-0.0451	0.0053	12	0.0625	12	0.6075
chr5	87000000	88000000	12	0.0000	0.0611	12	0.0617	12	0.5839
chr5	88000000	89000000	12	0.0000	0.0456	12	0.0600	12	0.5279
chr5	89000000	90000000	12	0.0306	0.0226	12	0.0594	12	0.6544
chr5	90000000	91000000	12	-0.0431	0.0074	12	0.0602	12	0.6552
chr5	91000000	92000000	12	-0.0313	0.0238	12	0.0597	12	0.5540
chr5	92000000	93000000	12	-0.0917	0.0084	12	0.0619	12	0.6557
chr5	93000000	94000000	12	-0.0458	0.0076	12	0.0615	12	0.3969
chr5	94000000	95000000	12	0.0000	0.0332	12	0.0556	12	0.6212
chr5	95000000	96000000	12	0.0437	0.0038	12	0.0603	12	0.6504
chr5	96000000	97000000	12	0.0565	0.0262	12	0.0594	12	0.5909
chr5	97000000	98000000	12	0.0431	0.0049	12	0.0591	12	0.6383
chr5	98000000	99000000	12	0.0000	0.0171	12	0.0588	12	0.6095
chr5	99000000	100000000	12	-0.0451	0.0477	12	0.0625	12	0.5809
chr5	100000000	101000000	12	-0.0437	0.0065	12	0.0621	12	0.6317
chr5	101000000	102000000	12	-0.0451	0.0041	12	0.0644	12	0.7298
chr5	102000000	103000000	12	-0.0437	0.0042	12	0.0594	12	0.6722
chr5	103000000	104000000	12	-0.0437	0.0042	12	0.0594	12	0.7790
chr5	104000000	105000000	12	-0.0931	0.0045	12	0.0659	12	0.6948
chr5	105000000	106000000	12	-0.0947	0.0144	12	0.0641	12	0.6027
chr5	106000000	107000000	12	-0.0931	0.0408	12	0.0610	12	0.6360
chr5	107000000	108000000	12	-0.0413	0.0090	12	0.0621	12	0.7324
chr5	108000000	109000000	12	0.0000	0.0000	12	0.0612	12	0.7593
chr5	109000000	110000000	12	-0.0424	0.0061	12	0.0625	12	0.7369
chr5	110000000	111000000	12	-0.0437	0.0042	12	0.0594	12	0.6790
chr5	111000000	112000000	12	0.0000	0.0000	12	0.0619	12	0.6103
chr5	112000000	113000000	12	0.0451	0.0049	12	0.0591	12	0.6560
chr5	113000000	114000000	12	0.0000	0.0000	12	0.0594	12	0.5870
chr5	114000000	115000000	12	-0.0451	0.0431	12	0.0621	12	0.6859
chr5	115000000	116000000	12	0.0000	0.0168	12	0.0609	12	0.6783
chr5	116000000	117000000	12	0.0000	0.0000	12	0.0587	12	0.6781
chr5	117000000	118000000	12	-0.0588	0.0370	12	0.0613	12	0.7080
chr5	118000000	119000000	12	0.0000	0.0000	12	0.0597	12	0.6832
chr5	119000000	120000000	12	0.0431	0.0038	12	0.0585	12	0.7666
chr5	120000000	121000000	12	-0.0753	0.0335	12	0.0625	12	0.6924
chr5	121000000	122000000	12	-0.0903	0.0437	12	0.0613	12	0.5888
chr5	122000000	123000000	12	0.0000	0.0168	12	0.0625	12	0.6813
chr5	123000000	124000000	12	0.0000	0.0000	12	0.0591	12	0.7137
chr5	124000000	125000000	12	0.0000	0.0000	12	0.0602	12	0.6653
chr5	125000000	126000000	12	-0.0424	0.0050	12	0.0588	12	0.5933
chr5	126000000	127000000	12	0.0419	0.0554	12	0.0605	12	0.6899
chr5	127000000	128000000	12	0.0431	0.0041	12	0.0588	12	0.7330
chr5	128000000	129000000	12	-0.0325	0.0221	12	0.0611	12	0.7534
chr5	129000000	130000000	12	-0.0888	0.0191	12	0.0617	12	0.6418
chr5	130000000	131000000	12	-0.0209	0.0340	12	0.0625	12	0.6134
chr5	131000000	132000000	12	0.0437	0.0563	11	0.0600	12	0.1550
chr5	132000000	133000000	12	0.1255	0.0281	12	0.0588	12	0.5875
chr5	133000000	134000000	12	0.0862	0.0239	12	0.0556	12	0.6670
chr5	134000000	135000000	12	0.1190	0.0506	12	0.0577	12	0.4970
chr5	135000000	136000000	12	0.0825	0.0193	12	0.0556	12	0.5429
chr5	136000000	137000000	12	0.0000	0.0327	12	0.0600	12	0.5814
chr5	137000000	138000000	12	0.0431	0.0171	12	0.0617	12	0.5633
chr5	138000000	139000000	12	0.0437	0.0062	12	0.0625	12	0.5509
chr5	139000000	140000000	12	0.1203	0.0429	12	0.0568	12	0.6703
chr5	140000000	141000000	12	0.0837	0.0127	12	0.0594	12	0.6416
chr5	141000000	142000000	12	0.0875	0.0127	12	0.0594	12	0.7034
chr5	142000000	143000000	12	0.0437	0.0509	12	0.0625	12	0.6799
chr5	143000000	144000000	12	0.0550	0.0188	12	0.0597	12	0.6981
chr5	144000000	145000000	12	-0.0466	0.0426	12	0.0621	12	0.7142
chr5	145000000	146000000	12	-0.0458	0.0050	12	0.0621	12	0.6793
chr5	146000000	147000000	12	0.0000	0.0000	12	0.0625	12	0.5340
chr5	147000000	148000000	12	-0.0753	0.0335	12	0.0639	12	0.7178
chr5	148000000	149000000	12	-0.0451	0.0020	12	0.0617	12	0.5605
chr5	149000000	150000000	12	0.0451	0.0082	12	0.0585	12	0.6766
chr5	150000000	151000000	12	0.1255	0.0087	12	0.0588	12	0.6840
chr5	151000000	152000000	12	0.1013	0.0281	12	0.0556	12	0.7637
chr5	152000000	153000000	12	0.0000	0.0000	12	0.0637	12	0.7217
chr5	153000000	154000000	12	-0.0407	0.0087	12	0.0600	12	0.6493
chr5	154000000	155000000	12	0.0444	0.0426	12	0.0588	12	0.6697
chr5	155000000	156000000	12	0.0000	0.0000	12	0.0617	12	0.6700
chr5	156000000	157000000	12	0.0000	0.0171	12	0.0612	12	0.6789
chr5	157000000	158000000	12	0.0602	0.0313	12	0.0588	12	0.7033
chr5	158000000	159000000	12	0.0317	0.0210	12	0.0591	12	0.7197
chr5	159000000	160000000	12	0.0431	0.0395	12	0.0607	12	0.7558
chr5	160000000	161000000	12	0.0412	0.0395	12	0.0588	12	0.5605
chr5	161000000	162000000	12	-0.0444	0.0053	12	0.0584	12	0.5715
chr5	162000000	163000000	12	-0.0917	0.0084	12	0.0613	12	0.5732
chr5	163000000	164000000	12	-0.0451	0.0031	12	0.0588	12	0.6258
chr5	164000000	165000000	12	-0.0931	0.0210	12	0.0625	12	0.6367
chr5	165000000	166000000	12	-0.1062	0.0310	12	0.0649	12	0.7940
chr5	166000000	167000000	12	-0.0947	0.0213	12	0.0625	12	0.5783
chr5	167000000	168000000	12	-0.0776	0.0398	12	0.0625	12	0.5694
chr5	168000000	169000000	12	0.0000	0.0000	12	0.0600	12	0.7625
chr5	169000000	170000000	12	0.0419	0.0065	12	0.0588	12	0.7585
chr5	170000000	171000000	12	0.0431	0.0038	12	0.0594	12	0.6013
chr5	171000000	172000000	12	0.0419	0.0182	12	0.0610	12	0.5940
chr5	172000000	173000000	12	0.1000	0.0379	12	0.0610	12	0.6706
chr5	173000000	174000000	12	0.0849	0.0525	12	0.0588	12	0.6966
chr5	174000000	175000000	12	0.0000	0.0000	12	0.0594	12	0.5951
chr5	175000000	176000000	12	0.0114	0.0168	12	0.0622	12	0.6902
chr5	176000000	177000000	12	0.1034	0.0395	12	0.0659	12	0.5356
chr5	177000000	178000000	12	0.0000	0.0594	12	0.0667	12	0.5392
chr5	178000000	179000000	12	0.0623	0.0344	12	0.0588	12	0.6695
chr5	179000000	180000000	12	0.0736	0.0351	12	0.0617	12	0.5614
chr5	180000000	181000000	12	0.0813	0.0091	12	0.0600	12	0.6405
chr5	181000000	181538259	12	0.0217	0.0786	12	0.0687	12	0.7381
chr6	0	1000000	12	0.1675	0.0494	12	0.0695	12	0.6234
chr6	1000000	2000000	12	0.0451	0.0212	12	0.0617	12	0.6628
chr6	2000000	3000000	12	0.0837	0.0151	12	0.0596	12	0.5971
chr6	3000000	4000000	12	0.0862	0.0085	12	0.0599	12	0.6411
chr6	4000000	5000000	12	0.0000	0.0000	12	0.0605	12	0.6440
chr6	5000000	6000000	12	0.0437	0.0395	12	0.0613	12	0.6185
chr6	6000000	7000000	12	0.0444	0.0402	12	0.0625	12	0.6232
chr6	7000000	8000000	12	0.0451	0.0181	12	0.0594	12	0.5682
chr6	8000000	9000000	12	-0.0115	0.0171	12	0.0611	12	0.6851
chr6	9000000	10000000	12	-0.0444	0.0041	12	0.0617	12	0.6427
chr6	10000000	11000000	12	0.0203	0.0319	12	0.0594	12	0.6758
chr6	11000000	12000000	12	0.0862	0.0074	12	0.0556	12	0.5858
chr6	12000000	13000000	12	0.0444	0.0188	12	0.0597	12	0.6700
chr6	13000000	14000000	12	0.0837	0.0151	12	0.0588	12	0.6022
chr6	14000000	15000000	12	0.0444	0.0426	12	0.0587	12	0.6134
chr6	15000000	16000000	12	0.0424	0.0161	12	0.0617	12	0.6367
chr6	16000000	17000000	12	0.0715	0.0290	12	0.0599	12	0.6959
chr6	17000000	18000000	12	0.0000	0.0000	12	0.0594	12	0.6781
chr6	18000000	19000000	12	-0.0458	0.0022	12	0.0621	12	0.6168
chr6	19000000	20000000	12	-0.0588	0.0224	12	0.0610	12	0.7544
chr6	20000000	21000000	12	0.0000	0.0000	12	0.0600	12	0.6407
chr6	21000000	22000000	12	0.0000	0.0000	12	0.0605	12	0.6562
chr6	22000000	23000000	12	-0.0753	0.0312	12	0.0625	12	0.5711
chr6	23000000	24000000	12	-0.0825	0.0191	12	0.0613	12	0.5914
chr6	24000000	25000000	12	0.0431	0.0210	12	0.0592	12	0.6027
chr6	25000000	26000000	12	0.0431	0.0038	12	0.0588	12	0.6872
chr6	26000000	27000000	12	0.0000	0.0171	12	0.0600	12	0.7645
chr6	27000000	28000000	12	0.0000	0.0464	12	0.0572	12	0.7040
chr6	28000000	29000000	12	0.0203	0.0347	12	0.0588	12	0.7209
chr6	29000000	30000000	12	0.0565	0.0371	12	0.0588	12	0.6391
chr6	30000000	31000000	12	0.0849	0.0455	12	0.0575	12	0.7665
chr6	31000000	32000000	12	0.0849	0.0565	12	0.0591	12	0.6697
chr6	32000000	33000000	12	-0.0115	0.1127	12	0.0625	12	0.6650
chr6	33000000	34000000	12	0.1255	0.0263	12	0.0600	12	0.7408
chr6	34000000	35000000	12	0.1044	0.0430	12	0.0588	12	0.6236
chr6	35000000	36000000	12	0.0888	0.0396	11	0.0588	12	0.5174
chr6	36000000	37000000	12	0.1293	0.0430	12	0.0585	12	0.6964
chr6	37000000	38000000	12	0.1238	0.0509	12	0.0615	12	0.6481
chr6	38000000	39000000	12	0.0715	0.0278	12	0.0597	12	0.6857
chr6	39000000	40000000	12	0.0437	0.0509	12	0.0600	12	0.6542
chr6	40000000	41000000	12	0.0114	0.0168	12	0.0597	12	0.5468
chr6	41000000	42000000	12	0.0862	0.0061	12	0.0556	12	0.6238
chr6	42000000	43000000	12	0.0849	0.0101	12	0.0597	12	0.6593
chr6	43000000	44000000	12	0.1293	0.0266	12	0.0587	12	0.5528
chr6	44000000	45000000	12	0.0623	0.0335	12	0.0587	12	0.5713
chr6	45000000	46000000	12	0.0000	0.0171	12	0.0594	12	0.6974
chr6	46000000	47000000	12	0.0000	0.0171	12	0.0588	12	0.6527
chr6	47000000	48000000	12	0.0000	0.0000	12	0.0617	12	0.5781
chr6	48000000	49000000	12	-0.0917	0.0208	12	0.0600	12	0.6734
chr6	49000000	50000000	12	-0.0862	0.0168	12	0.0588	12	0.4303
chr6	50000000	51000000	12	-0.0917	0.0255	12	0.0625	12	0.6981
chr6	51000000	52000000	12	-0.0437	0.0065	12	0.0625	12	0.5954
chr6	52000000	53000000	12	0.0565	0.0199	12	0.0591	12	0.5674
chr6	53000000	54000000	12	0.0000	0.0000	12	0.0585	12	0.6327
chr6	54000000	55000000	12	-0.0466	0.0068	12	0.0605	12	0.6478
chr6	55000000	56000000	12	-0.0862	0.0103	12	0.0629	12	0.6011
chr6	56000000	57000000	12	0.0000	0.0470	12	0.0583	12	0.6394
chr6	57000000	58000000	12	0.0000	0.0000	12	0.0615	12	0.5351
chr6	58000000	59000000	12	-0.2101	0.1057	12	0.0654	12	0.4670
chr6	59000000	60000000	12	-2.4086	0.1285	11	0.0774	12	0.2532
chr6	60000000	61000000	12	-0.0931	0.0065	12	0.0633	12	0.8006
chr6	61000000	62000000	12	-0.1263	0.0414	12	0.0639	12	0.7560
chr6	62000000	63000000	12	-0.0862	0.0168	12	0.0647	12	0.8461
chr6	63000000	64000000	12	-0.0215	0.0329	12	0.0625	12	0.5320
chr6	64000000	65000000	12	-0.0588	0.0214	12	0.0600	12	0.5600
chr6	65000000	66000000	12	-0.0947	0.0086	12	0.0621	12	0.6491
chr6	66000000	67000000	12	-0.0931	0.0084	12	0.0625	12	0.5172
chr6	67000000	68000000	12	-0.1078	0.0239	12	0.0625	12	0.5541
chr6	68000000	69000000	12	-0.0753	0.0426	12	0.0625	12	0.6497
chr6	69000000	70000000	12	0.0000	0.0171	12	0.0613	12	0.6671
chr6	70000000	71000000	12	0.0000	0.0454	12	0.0605	12	0.7269
chr6	71000000	72000000	12	-0.0437	0.0042	12	0.0619	12	0.5551
chr6	72000000	73000000	12	0.0000	0.0171	12	0.0600	12	0.6697
chr6	73000000	74000000	12	0.0424	0.0029	12	0.0594	12	0.6205
chr6	74000000	75000000	12	-0.0313	0.0363	12	0.0594	12	0.6055
chr6	75000000	76000000	12	0.0000	0.0329	12	0.0625	12	0.5266
chr6	76000000	77000000	12	-0.0466	0.0480	12	0.0600	12	0.3674
chr6	77000000	78000000	12	-0.0903	0.0191	12	0.0612	12	0.6136
chr6	78000000	79000000	12	-0.0902	0.0061	12	0.0625	12	0.6983
chr6	79000000	80000000	12	-0.0444	0.0070	12	0.0602	12	0.6300
chr6	80000000	81000000	12	-0.0825	0.0191	12	0.0609	12	0.6844
chr6	81000000	82000000	12	-0.0862	0.0168	12	0.0617	12	0.7639
chr6	82000000	83000000	12	-0.0451	0.0180	12	0.0625	12	0.6252
chr6	83000000	84000000	12	-0.0444	0.0032	12	0.0614	12	0.7014
chr6	84000000	85000000	12	-0.0581	0.0275	12	0.0600	12	0.6445
chr6	85000000	86000000	12	0.0000	0.0158	12	0.0602	12	0.6862
chr6	86000000	87000000	12	-0.0407	0.0281	12	0.0612	12	0.6695
chr6	87000000	88000000	12	0.0431	0.0038	12	0.0585	12	0.7090
chr6	88000000	89000000	12	0.0431	0.0171	12	0.0588	12	0.6031
chr6	89000000	90000000	12	0.0431	0.0020	12	0.0612	12	0.6208
chr6	90000000	91000000	12	-0.0198	0.0376	12	0.0605	12	0.6826
chr6	91000000	92000000	12	-0.0862	0.0150	12	0.0647	12	0.6612
chr6	92000000	93000000	12	-0.0931	0.0065	12	0.0625	12	0.6226
chr6	93000000	94000000	12	-0.1078	0.0281	12	0.0610	12	0.7469
chr6	94000000	95000000	12	-0.1243	0.0439	12	0.0625	12	0.6299
chr6	95000000	96000000	12	-0.0917	0.0208	12	0.0625	12	0.6043
chr6	96000000	97000000	12	-0.0444	0.0030	12	0.0594	12	0.5481
chr6	97000000	98000000	12	-0.0466	0.0480	12	0.0617	12	0.7036
chr6	98000000	99000000	12	-0.0825	0.0188	12	0.0625	12	0.5421
chr6	99000000	100000000	12	0.0000	0.0000	12	0.0625	12	0.5170
chr6	100000000	101000000	12	-0.0444	0.0030	12	0.0613	12	0.6462
chr6	101000000	102000000	12	-0.0931	0.0383	12	0.0612	12	0.5542
chr6	102000000	103000000	12	-0.0947	0.0222	12	0.0647	12	0.7446
chr6	103000000	104000000	12	-0.1147	0.0384	12	0.0625	12	0.6779
chr6	104000000	105000000	12	-0.0753	0.0398	12	0.0594	12	0.6567
chr6	105000000	106000000	12	0.0306	0.0226	12	0.0617	12	0.5512
chr6	106000000	107000000	12	0.0837	0.0127	12	0.0588	12	0.5919
chr6	107000000	108000000	12	0.0412	0.0068	12	0.0589	12	0.5133
chr6	108000000	109000000	12	0.0437	0.0042	12	0.0592	12	0.7247
chr6	109000000	110000000	12	0.0000	0.0000	12	0.0617	12	0.7534
chr6	110000000	111000000	12	0.0444	0.0196	12	0.0572	12	0.7663
chr6	111000000	112000000	12	0.0444	0.0038	12	0.0572	12	0.7254
chr6	112000000	113000000	12	-0.0115	0.0171	12	0.0609	12	0.5811
chr6	113000000	114000000	12	0.0000	0.0000	12	0.0588	12	0.5762
chr6	114000000	115000000	12	-0.0313	0.0340	12	0.0594	12	0.5939
chr6	115000000	116000000	12	-0.0115	0.0468	12	0.0605	12	0.7505
chr6	116000000	117000000	12	0.0419	0.0395	12	0.0628	12	0.6970
chr6	117000000	118000000	12	0.0000	0.0000	12	0.0600	12	0.6509
chr6	118000000	119000000	12	0.0000	0.0168	12	0.0612	12	0.5924
chr6	119000000	120000000	12	0.0000	0.0000	12	0.0613	12	0.6491
chr6	120000000	121000000	12	-0.0862	0.0383	12	0.0625	12	0.5999
chr6	121000000	122000000	12	-0.0917	0.0084	12	0.0588	12	0.5469
chr6	122000000	123000000	12	-0.0753	0.0312	12	0.0625	12	0.6208
chr6	123000000	124000000	12	-0.0931	0.0188	12	0.0625	12	0.5814
chr6	124000000	125000000	12	-0.0862	0.0126	12	0.0625	12	0.5844
chr6	125000000	126000000	12	0.0000	0.0000	12	0.0572	12	0.5900
chr6	126000000	127000000	12	-0.0115	0.0171	12	0.0617	12	0.6859
chr6	127000000	128000000	12	-0.0437	0.0058	12	0.0621	12	0.6336
chr6	128000000	129000000	12	-0.0337	0.0500	12	0.0613	12	0.6846
chr6	129000000	130000000	12	0.0000	0.0000	12	0.0602	12	0.6727
chr6	130000000	131000000	12	0.0000	0.0171	12	0.0599	12	0.6848
chr6	131000000	132000000	12	-0.0444	0.0041	12	0.0609	12	0.7742
chr6	132000000	133000000	12	0.0000	0.0000	12	0.0588	12	0.8232
chr6	133000000	134000000	12	-0.0424	0.0061	12	0.0588	12	0.6188
chr6	134000000	135000000	12	0.0424	0.0044	12	0.0600	12	0.7425
chr6	135000000	136000000	12	0.0444	0.0041	12	0.0588	12	0.8188
chr6	136000000	137000000	12	0.0451	0.0212	12	0.0581	12	0.6666
chr6	137000000	138000000	12	0.0837	0.0151	12	0.0581	12	0.6531
chr6	138000000	139000000	12	0.0444	0.0212	12	0.0578	12	0.7585
chr6	139000000	140000000	12	0.0000	0.0000	12	0.0617	12	0.6790
chr6	140000000	141000000	12	-0.0931	0.0065	12	0.0606	12	0.6337
chr6	141000000	142000000	12	-0.0588	0.0224	12	0.0625	12	0.6769
chr6	142000000	143000000	12	0.0431	0.0038	12	0.0591	12	0.5962
chr6	143000000	144000000	12	0.0437	0.0212	12	0.0585	12	0.6619
chr6	144000000	145000000	12	0.0431	0.0182	12	0.0602	12	0.8182
chr6	145000000	146000000	12	0.0000	0.0000	12	0.0625	12	0.6889
chr6	146000000	147000000	12	-0.0437	0.0047	12	0.0594	12	0.7534
chr6	147000000	148000000	12	-0.0451	0.0070	12	0.0600	12	0.6379
chr6	148000000	149000000	12	0.0114	0.0168	12	0.0591	12	0.6528
chr6	149000000	150000000	12	0.0849	0.0480	12	0.0594	12	0.8304
chr6	150000000	151000000	12	0.0431	0.0185	12	0.0625	12	0.6663
chr6	151000000	152000000	12	0.0000	0.0000	12	0.0599	12	0.6914
chr6	152000000	153000000	12	-0.0407	0.0110	12	0.0588	12	0.7203
chr6	153000000	154000000	12	-0.0424	0.0084	12	0.0625	12	0.6948
chr6	154000000	155000000	12	0.0306	0.0319	12	0.0611	12	0.6646
chr6	155000000	156000000	12	0.0000	0.0168	12	0.0602	12	0.6452
chr6	156000000	157000000	12	0.0424	0.0171	12	0.0607	12	0.7005
chr6	157000000	158000000	12	0.0862	0.0436	12	0.0600	12	0.6823
chr6	158000000	159000000	12	0.0736	0.0290	12	0.0600	12	0.6949
chr6	159000000	160000000	12	0.0558	0.0253	12	0.0600	12	0.5509
chr6	160000000	161000000	12	-0.0209	0.0310	12	0.0625	12	0.6325
chr6	161000000	162000000	12	-0.0444	0.0191	12	0.0610	12	0.6831
chr6	162000000	163000000	12	-0.0917	0.0065	12	0.0610	12	0.6282
chr6	163000000	164000000	12	0.0000	0.0000	12	0.0617	12	0.6479
chr6	164000000	165000000	12	-0.0458	0.0031	12	0.0605	12	0.6060
chr6	165000000	166000000	12	0.0000	0.0337	12	0.0617	12	0.5866
chr6	166000000	167000000	12	0.0837	0.0106	12	0.0599	12	0.6974
chr6	167000000	168000000	12	0.0715	0.0278	12	0.0617	12	0.6373
chr6	168000000	169000000	12	-0.0313	0.0249	12	0.0631	12	0.6493
chr6	169000000	170000000	12	0.0000	0.0168	12	0.0625	12	0.5054
chr6	170000000	170805979	12	-0.0458	0.0599	12	0.0695	12	0.5196
chr7	0	1000000	12	0.1255	0.0509	12	0.0613	12	0.6937
chr7	1000000	2000000	12	0.1789	0.0763	12	0.0581	12	0.6898
chr7	2000000	3000000	12	0.1675	0.0412	12	0.0588	12	0.6966
chr7	3000000	4000000	12	0.0192	0.0310	12	0.0594	12	0.7163
chr7	4000000	5000000	12	0.0437	0.0065	12	0.0588	12	0.7172
chr7	5000000	6000000	12	0.0837	0.0098	12	0.0622	12	0.5800
chr7	6000000	7000000	12	0.0813	0.0319	12	0.0605	12	0.7492
chr7	7000000	8000000	12	0.0424	0.0176	12	0.0605	12	0.6695
chr7	8000000	9000000	12	0.0431	0.0052	12	0.0610	12	0.6496
chr7	9000000	10000000	12	-0.0588	0.0265	12	0.0617	12	0.6172
chr7	10000000	11000000	12	-0.0753	0.0437	12	0.0619	12	0.6730
chr7	11000000	12000000	12	-0.0825	0.0204	12	0.0600	12	0.7296
chr7	12000000	13000000	12	-0.0753	0.0312	12	0.0600	12	0.7334
chr7	13000000	14000000	12	-0.0931	0.0236	12	0.0625	12	0.6208
chr7	14000000	15000000	12	-0.0947	0.0236	12	0.0613	12	0.6120
chr7	15000000	16000000	12	-0.0947	0.0086	12	0.0625	12	0.6581
chr7	16000000	17000000	12	-0.0424	0.0061	12	0.0605	12	0.5807
chr7	17000000	18000000	12	0.0000	0.0000	12	0.0588	12	0.6256
chr7	18000000	19000000	12	0.0000	0.0171	12	0.0588	12	0.6636
chr7	19000000	20000000	12	0.0000	0.0168	12	0.0588	12	0.6951
chr7	20000000	21000000	12	0.0114	0.0301	12	0.0594	12	0.7026
chr7	21000000	22000000	12	0.0000	0.0000	12	0.0594	12	0.5724
chr7	22000000	23000000	12	0.0431	0.0422	12	0.0600	12	0.6485
chr7	23000000	24000000	12	0.0424	0.0161	12	0.0588	12	0.6601
chr7	24000000	25000000	12	0.0306	0.0226	12	0.0629	12	0.7181
chr7	25000000	26000000	12	0.0715	0.0278	12	0.0583	12	0.7421
chr7	26000000	27000000	12	0.0412	0.0044	12	0.0588	12	0.6903
chr7	27000000	28000000	12	0.0000	0.0000	12	0.0600	12	0.5888
chr7	28000000	29000000	12	0.0000	0.0000	12	0.0588	12	0.6003
chr7	29000000	30000000	12	0.0114	0.0310	12	0.0605	12	0.6007
chr7	30000000	31000000	12	0.0862	0.0085	12	0.0556	12	0.6102
chr7	31000000	32000000	12	0.0000	0.0000	12	0.0597	12	0.6276
chr7	32000000	33000000	12	0.0000	0.0000	12	0.0617	12	0.5478
chr7	33000000	34000000	12	-0.0110	0.0293	12	0.0622	12	0.4940
chr7	34000000	35000000	12	-0.0583	0.0235	12	0.0605	12	0.6752
chr7	35000000	36000000	12	0.0558	0.0348	12	0.0594	12	0.6682
chr7	36000000	37000000	12	0.0431	0.0185	12	0.0597	12	0.6034
chr7	37000000	38000000	12	0.0424	0.0050	12	0.0605	12	0.5455
chr7	38000000	39000000	12	0.0114	0.0168	12	0.0605	12	0.6986
chr7	39000000	40000000	12	0.0396	0.0104	12	0.0600	12	0.6576
chr7	40000000	41000000	12	-0.0458	0.0022	12	0.0625	12	0.6579
chr7	41000000	42000000	12	-0.0458	0.0050	12	0.0594	12	0.6040
chr7	42000000	43000000	12	-0.0115	0.0293	12	0.0602	12	0.5474
chr7	43000000	44000000	12	0.0813	0.0133	12	0.0613	12	0.7690
chr7	44000000	45000000	12	0.1255	0.0211	12	0.0560	12	0.7325
chr7	45000000	46000000	12	0.0715	0.0351	12	0.0610	12	0.6764
chr7	46000000	47000000	12	-0.0407	0.0110	12	0.0621	12	0.6449
chr7	47000000	48000000	12	0.0317	0.0210	12	0.0617	12	0.6841
chr7	48000000	49000000	12	-0.0444	0.0055	12	0.0625	12	0.6639
chr7	49000000	50000000	12	-0.0407	0.0191	12	0.0605	12	0.5443
chr7	50000000	51000000	12	0.0715	0.0278	12	0.0585	12	0.5427
chr7	51000000	52000000	12	-0.0466	0.0608	12	0.0625	12	0.5573
chr7	52000000	53000000	12	-0.0917	0.0065	12	0.0591	12	0.7051
chr7	53000000	54000000	12	-0.0931	0.0210	12	0.0625	12	0.6375
chr7	54000000	55000000	12	-0.0581	0.0458	12	0.0625	12	0.6481
chr7	55000000	56000000	12	0.0437	0.0020	12	0.0600	12	0.6683
chr7	56000000	57000000	12	-0.0466	0.0359	12	0.0656	12	0.7139
chr7	57000000	58000000	12	-0.0902	0.0061	12	0.0667	12	0.7090
chr7	58000000	59000000	12	-0.2817	0.2057	12	0.1000	12	0.8879
chr7	59000000	60000000	12	-2.4086	0.1329	12	0.1196	12	0.5041
chr7	60000000	61000000	12	-1.1347	0.3171	12	0.0933	12	0.7564
chr7	61000000	62000000	12	-0.1835	0.0738	12	0.0893	12	0.7485
chr7	62000000	63000000	12	0.0849	0.0600	12	0.0833	12	0.7938
chr7	63000000	64000000	12	-0.1444	0.0236	12	0.0714	12	0.5720
chr7	64000000	65000000	12	-0.0233	0.0340	12	0.0614	12	0.5964
chr7	65000000	66000000	12	0.2719	0.1026	12	0.1102	12	0.6626
chr7	66000000	67000000	12	0.0444	0.0280	12	0.0588	12	0.2133
chr7	67000000	68000000	12	0.0000	0.0000	12	0.0600	12	0.7212
chr7	68000000	69000000	12	-0.0458	0.0031	12	0.0625	12	0.6747
chr7	69000000	70000000	12	-0.0337	0.0197	12	0.0617	12	0.5445
chr7	70000000	71000000	12	0.0000	0.0000	12	0.0600	12	0.5430
chr7	71000000	72000000	12	-0.0219	0.0325	12	0.0600	12	0.5699
chr7	72000000	73000000	12	0.0000	0.0000	12	0.0610	12	0.6025
chr7	73000000	74000000	12	0.0804	0.0544	12	0.0629	12	0.7375
chr7	74000000	75000000	12	0.0431	0.0594	12	0.0629	12	0.4117
chr7	75000000	76000000	12	0.0419	0.0621	12	0.0617	12	0.6300
chr7	76000000	77000000	12	-0.0420	0.0622	12	0.0656	12	0.7607
chr7	77000000	78000000	12	0.0412	0.0044	12	0.0617	12	0.6519
chr7	78000000	79000000	12	0.0000	0.0171	12	0.0607	12	0.6120
chr7	79000000	80000000	12	-0.0917	0.0084	11	0.0625	12	0.5542
chr7	80000000	81000000	12	-0.0931	0.0236	11	0.0610	12	0.6581
chr7	81000000	82000000	12	-0.0917	0.0065	11	0.0641	12	0.5891
chr7	82000000	83000000	12	-0.0903	0.0216	11	0.0625	12	0.6613
chr7	83000000	84000000	12	-0.0931	0.0065	11	0.0617	12	0.6033
chr7	84000000	85000000	12	-0.1078	0.0290	11	0.0652	12	0.5612
chr7	85000000	86000000	12	-0.0903	0.0191	12	0.0625	12	0.5385
chr7	86000000	87000000	12	-0.0444	0.0041	10	0.0605	12	0.5891
chr7	87000000	88000000	12	0.0105	0.0168	12	0.0588	12	0.5849
chr7	88000000	89000000	12	-0.0451	0.0041	12	0.0617	12	0.7667
chr7	89000000	90000000	12	-0.0825	0.0351	12	0.0633	12	0.7044
chr7	90000000	91000000	12	0.0000	0.0000	12	0.0588	12	0.5967
chr7	91000000	92000000	12	-0.0313	0.0351	12	0.0625	12	0.6453
chr7	92000000	93000000	12	0.0306	0.0237	12	0.0625	12	0.8410
chr7	93000000	94000000	12	0.0000	0.0000	12	0.0588	12	0.6423
chr7	94000000	95000000	12	-0.0413	0.0090	12	0.0621	12	0.5508
chr7	95000000	96000000	12	-0.0437	0.0047	12	0.0625	12	0.6763
chr7	96000000	97000000	12	-0.0458	0.0212	12	0.0611	12	0.5267
chr7	97000000	98000000	12	-0.0431	0.0423	12	0.0600	12	0.7750
chr7	98000000	99000000	12	0.0431	0.0611	12	0.0594	12	0.5462
chr7	99000000	100000000	12	0.0558	0.0244	12	0.0583	12	0.5730
chr7	100000000	101000000	12	0.2162	0.0590	12	0.0605	12	0.7790
chr7	101000000	102000000	12	0.0825	0.0193	12	0.0588	12	0.6872
chr7	102000000	103000000	12	0.0623	0.0363	12	0.0647	12	0.5369
chr7	103000000	104000000	12	0.0000	0.0171	12	0.0594	12	0.5912
chr7	104000000	105000000	12	0.0401	0.0171	12	0.0594	12	0.6744
chr7	105000000	106000000	12	0.0715	0.0290	12	0.0592	12	0.6800
chr7	106000000	107000000	12	0.0444	0.0196	12	0.0588	12	0.6268
chr7	107000000	108000000	12	0.0000	0.0000	12	0.0600	12	0.7610
chr7	108000000	109000000	12	-0.0115	0.0310	11	0.0600	12	0.5265
chr7	109000000	110000000	12	-0.0888	0.0086	11	0.0652	12	0.5020
chr7	110000000	111000000	12	-0.0753	0.0312	11	0.0625	12	0.5808
chr7	111000000	112000000	12	-0.0458	0.0053	11	0.0625	12	0.5972
chr7	112000000	113000000	12	-0.0451	0.0053	12	0.0613	12	0.6640
chr7	113000000	114000000	12	-0.0825	0.0533	12	0.0600	12	0.6992
chr7	114000000	115000000	12	-0.0444	0.0058	12	0.0625	12	0.4806
chr7	115000000	116000000	12	-0.0198	0.0310	12	0.0588	12	0.5886
chr7	116000000	117000000	12	0.0000	0.0168	12	0.0568	12	0.6901
chr7	117000000	118000000	12	0.0000	0.0171	12	0.0591	12	0.7386
chr7	118000000	119000000	12	-0.0466	0.0042	12	0.0602	12	0.4528
chr7	119000000	120000000	12	-0.0596	0.0339	12	0.0594	12	0.5421
chr7	120000000	121000000	12	0.0000	0.0171	12	0.0556	12	0.7590
chr7	121000000	122000000	12	0.0000	0.0168	12	0.0581	12	0.6367
chr7	122000000	123000000	12	-0.0825	0.0168	12	0.0600	12	0.6853
chr7	123000000	124000000	12	-0.0838	0.0191	12	0.0600	12	0.7532
chr7	124000000	125000000	12	-0.0825	0.0191	12	0.0600	12	0.5704
chr7	125000000	126000000	12	-0.0888	0.0191	12	0.0625	12	0.6472
chr7	126000000	127000000	12	-0.0458	0.0041	12	0.0600	12	0.6735
chr7	127000000	128000000	12	0.0000	0.0000	12	0.0588	12	0.6891
chr7	128000000	129000000	12	0.1000	0.0407	12	0.0597	12	0.6438
chr7	129000000	130000000	12	0.0781	0.0181	12	0.0594	12	0.5160
chr7	130000000	131000000	12	0.0715	0.0259	12	0.0594	12	0.5952
chr7	131000000	132000000	12	0.0444	0.0054	12	0.0556	12	0.5210
chr7	132000000	133000000	12	0.0215	0.0339	12	0.0621	12	0.6068
chr7	133000000	134000000	12	-0.0424	0.0061	12	0.0619	12	0.5535
chr7	134000000	135000000	12	0.0412	0.0044	12	0.0591	12	0.6719
chr7	135000000	136000000	12	0.0565	0.0275	12	0.0594	12	0.6039
chr7	136000000	137000000	12	-0.0451	0.0629	12	0.0610	12	0.5015
chr7	137000000	138000000	12	-0.0424	0.0522	12	0.0625	12	0.6763
chr7	138000000	139000000	12	0.0114	0.0168	12	0.0621	12	0.6900
chr7	139000000	140000000	12	0.0558	0.0331	12	0.0588	12	0.7024
chr7	140000000	141000000	12	0.0431	0.0639	12	0.0617	12	0.6935
chr7	141000000	142000000	12	0.0000	0.0000	12	0.0588	12	0.4676
chr7	142000000	143000000	12	0.0000	0.0000	12	0.0617	12	0.5497
chr7	143000000	144000000	12	-0.1062	0.0310	12	0.0617	12	0.5996
chr7	144000000	145000000	12	-0.0209	0.0310	12	0.0656	12	0.6965
chr7	145000000	146000000	12	-0.0862	0.0103	12	0.0605	12	0.6698
chr7	146000000	147000000	12	-0.1075	0.0319	12	0.0625	12	0.5043
chr7	147000000	148000000	12	-0.0917	0.0208	12	0.0625	12	0.6929
chr7	148000000	149000000	12	0.0114	0.0168	12	0.0625	12	0.6141
chr7	149000000	150000000	12	0.0437	0.0044	12	0.0587	12	0.5872
chr7	150000000	151000000	12	0.0451	0.0182	12	0.0594	12	0.7137
chr7	151000000	152000000	12	0.0849	0.0425	12	0.0585	12	0.6330
chr7	152000000	153000000	12	0.0203	0.0319	12	0.0640	12	0.6237
chr7	153000000	154000000	12	-0.0458	0.0022	12	0.0633	12	0.5833
chr7	154000000	155000000	12	-0.0337	0.0363	12	0.0633	12	0.5951
chr7	155000000	156000000	12	0.0444	0.0072	12	0.0588	12	0.5189
chr7	156000000	157000000	12	0.0437	0.0020	12	0.0588	12	0.6166
chr7	157000000	158000000	12	0.0437	0.0065	12	0.0633	12	0.6507
chr7	158000000	159000000	12	-0.0458	0.0034	12	0.0664	12	0.5587
chr7	159000000	159345973	12	-0.0570	0.0300	12	0.0734	12	0.4582
chr8	0	1000000	12	-0.0803	0.0511	12	0.0625	12	0.6541
chr8	1000000	2000000	12	-0.0803	0.0409	12	0.0641	12	0.6561
chr8	2000000	3000000	12	-0.0902	0.0658	12	0.0639	12	0.6341
chr8	3000000	4000000	12	-0.0637	0.0300	12	0.0625	12	0.6720
chr8	4000000	5000000	12	-0.0888	0.0191	12	0.0625	12	0.5752
chr8	5000000	6000000	12	-0.0466	0.0042	12	0.0610	12	0.5830
chr8	6000000	7000000	12	0.0412	0.0044	12	0.0605	12	0.5650
chr8	7000000	8000000	12	-0.1444	0.0804	12	0.0843	12	0.4722
chr8	8000000	9000000	12	0.0000	0.0171	12	0.0625	12	0.6384
chr8	9000000	10000000	12	0.0000	0.0000	12	0.0597	12	0.4743
chr8	10000000	11000000	12	0.0431	0.0028	12	0.0594	12	0.5863
chr8	11000000	12000000	12	0.0888	0.0058	12	0.0588	12	0.6424
chr8	12000000	13000000	12	0.0862	0.0506	12	0.0882	12	0.5078
chr8	13000000	14000000	12	-0.0890	0.0383	12	0.0625	12	0.5639
chr8	14000000	15000000	12	-0.0931	0.0065	12	0.0625	12	0.6098
chr8	15000000	16000000	12	-0.0917	0.0084	12	0.0652	12	0.6033
chr8	16000000	17000000	12	-0.0902	0.0191	12	0.0600	12	0.5350
chr8	17000000	18000000	12	-0.0451	0.0041	12	0.0617	12	0.5235
chr8	18000000	19000000	12	-0.0444	0.0030	12	0.0605	12	0.5988
chr8	19000000	20000000	12	-0.0451	0.0031	12	0.0594	12	0.6476
chr8	20000000	21000000	12	-0.0437	0.0065	12	0.0600	12	0.7528
chr8	21000000	22000000	12	0.0329	0.0351	12	0.0580	12	0.7173
chr8	22000000	23000000	12	0.1255	0.0324	12	0.0556	12	0.6864
chr8	23000000	24000000	12	0.0444	0.0426	12	0.0599	12	0.6934
chr8	24000000	25000000	12	-0.0588	0.0284	12	0.0602	12	0.4639
chr8	25000000	26000000	12	-0.0458	0.0022	12	0.0625	12	0.5755
chr8	26000000	27000000	12	0.0000	0.0000	12	0.0597	12	0.6422
chr8	27000000	28000000	12	0.0451	0.0212	12	0.0578	12	0.6072
chr8	28000000	29000000	12	0.0813	0.0336	12	0.0585	12	0.5585
chr8	29000000	30000000	12	0.0837	0.0540	12	0.0588	12	0.5753
chr8	30000000	31000000	12	0.0306	0.0216	12	0.0585	12	0.5953
chr8	31000000	32000000	12	-0.0437	0.0042	12	0.0625	12	0.5605
chr8	32000000	33000000	12	-0.0888	0.0111	12	0.0633	12	0.5520
chr8	33000000	34000000	12	-0.0337	0.0500	12	0.0591	12	0.7356
chr8	34000000	35000000	12	-0.0917	0.0084	12	0.0600	12	0.5247
chr8	35000000	36000000	12	-0.1243	0.0414	12	0.0617	12	0.6789
chr8	36000000	37000000	12	-0.0825	0.0544	11	0.0625	12	0.7628
chr8	37000000	38000000	12	0.0431	0.0065	12	0.0591	12	0.4761
chr8	38000000	39000000	12	0.0862	0.0317	12	0.0617	12	0.6191
chr8	39000000	40000000	12	0.0000	0.0325	12	0.0605	12	0.6024
chr8	40000000	41000000	12	-0.0451	0.0522	12	0.0617	12	0.6240
chr8	41000000	42000000	12	0.0715	0.0278	12	0.0605	12	0.7189
chr8	42000000	43000000	12	0.0444	0.0170	12	0.0568	12	0.5878
chr8	43000000	44000000	12	-0.0313	0.0226	12	0.0628	12	0.2410
chr8	44000000	45000000	12	-2.4150	0.1607	11	0.1066	12	0.3627
chr8	45000000	46000000	12	-2.0444	0.0958	12	0.0926	12	0.4234
chr8	46000000	47000000	12	0.0000	0.0603	12	0.0610	12	0.3977
chr8	47000000	48000000	12	-0.0313	0.0351	12	0.0629	12	0.3440
chr8	48000000	49000000	12	0.0323	0.0351	12	0.0605	12	0.6207
chr8	49000000	50000000	12	-0.0862	0.0207	12	0.0603	12	0.5049
chr8	50000000	51000000	12	-0.0917	0.0084	12	0.0625	12	0.6476
chr8	51000000	52000000	12	-0.0444	0.0191	12	0.0611	12	0.7164
chr8	52000000	53000000	12	0.0000	0.0000	12	0.0588	12	0.6272
chr8	53000000	54000000	12	0.0000	0.0000	12	0.0599	12	0.6223
chr8	54000000	55000000	12	0.0000	0.0000	12	0.0580	12	0.6542
chr8	55000000	56000000	12	0.0437	0.0038	12	0.0588	12	0.5872
chr8	56000000	57000000	12	0.0396	0.0082	12	0.0600	12	0.6282
chr8	57000000	58000000	12	0.0000	0.0000	12	0.0613	12	0.7573
chr8	58000000	59000000	12	0.0000	0.0000	12	0.0605	12	0.7203
chr8	59000000	60000000	12	0.0000	0.0000	12	0.0625	12	0.7011
chr8	60000000	61000000	12	0.0444	0.0030	12	0.0594	12	0.7143
chr8	61000000	62000000	12	0.0114	0.0310	12	0.0621	12	0.6329
chr8	62000000	63000000	12	-0.0444	0.0058	12	0.0600	12	0.6218
chr8	63000000	64000000	12	-0.0451	0.0041	12	0.0605	12	0.6990
chr8	64000000	65000000	12	0.0000	0.0000	12	0.0590	12	0.6398
chr8	65000000	66000000	12	0.0444	0.0188	12	0.0588	12	0.6512
chr8	66000000	67000000	12	0.0602	0.0313	12	0.0604	12	0.6943
chr8	67000000	68000000	12	-0.0431	0.0047	12	0.0613	12	0.6375
chr8	68000000	69000000	12	-0.0554	0.0193	12	0.0607	12	0.6657
chr8	69000000	70000000	12	0.0000	0.0000	12	0.0611	12	0.7290
chr8	70000000	71000000	12	0.0000	0.0000	12	0.0625	12	0.7450
chr8	71000000	72000000	12	0.0000	0.0000	12	0.0600	12	0.6810
chr8	72000000	73000000	12	0.0000	0.0000	12	0.0613	12	0.6749
chr8	73000000	74000000	12	0.0000	0.0000	12	0.0610	12	0.6967
chr8	74000000	75000000	12	0.0000	0.0000	12	0.0600	12	0.7325
chr8	75000000	76000000	12	-0.0466	0.0051	12	0.0625	12	0.7111
chr8	76000000	77000000	12	-0.0917	0.0065	12	0.0617	12	0.6252
chr8	77000000	78000000	12	-0.1078	0.0359	12	0.0652	12	0.6886
chr8	78000000	79000000	12	-0.0431	0.0468	12	0.0610	12	0.8083
chr8	79000000	80000000	12	0.0203	0.0310	12	0.0556	12	0.7280
chr8	80000000	81000000	12	0.0431	0.0395	12	0.0615	12	0.6818
chr8	81000000	82000000	12	0.0000	0.0168	12	0.0625	12	0.7059
chr8	82000000	83000000	12	-0.0888	0.0144	12	0.0625	12	0.7799
chr8	83000000	84000000	12	-0.0931	0.0065	12	0.0633	12	0.6855
chr8	84000000	85000000	12	-0.0451	0.0031	12	0.0641	12	0.6613
chr8	85000000	86000000	12	0.0000	0.0168	12	0.0639	12	0.4955
chr8	86000000	87000000	12	-0.0825	0.0168	12	0.0600	12	0.6425
chr8	87000000	88000000	12	-0.1078	0.0349	12	0.0625	12	0.7578
chr8	88000000	89000000	12	-0.0838	0.0552	12	0.0625	12	0.5659
chr8	89000000	90000000	12	0.0000	0.0595	12	0.0614	12	0.6012
chr8	90000000	91000000	12	0.0000	0.0000	12	0.0588	12	0.7172
chr8	91000000	92000000	12	-0.0466	0.0423	12	0.0625	12	0.6080
chr8	92000000	93000000	12	-0.0776	0.0387	12	0.0625	12	0.6783
chr8	93000000	94000000	12	0.0000	0.0171	12	0.0607	12	0.6426
chr8	94000000	95000000	12	0.0565	0.0262	12	0.0594	12	0.6289
chr8	95000000	96000000	12	0.0437	0.0395	12	0.0600	12	0.6776
chr8	96000000	97000000	12	0.0000	0.0639	12	0.0588	12	0.6509
chr8	97000000	98000000	12	0.0431	0.0161	12	0.0625	12	0.6721
chr8	98000000	99000000	12	0.0431	0.0395	12	0.0614	12	0.6569
chr8	99000000	100000000	12	0.0396	0.0104	12	0.0607	12	0.8164
chr8	100000000	101000000	12	0.0837	0.0151	12	0.0588	12	0.7247
chr8	101000000	102000000	12	0.0565	0.0355	12	0.0588	12	0.6177
chr8	102000000	103000000	12	0.0813	0.0336	12	0.0594	12	0.7641
chr8	103000000	104000000	12	0.0424	0.0029	12	0.0607	12	0.7805
chr8	104000000	105000000	12	-0.0325	0.0481	12	0.0588	12	0.6951
chr8	105000000	106000000	12	-0.0917	0.0430	12	0.0617	12	0.6628
chr8	106000000	107000000	12	-0.0466	0.0033	12	0.0615	12	0.7198
chr8	107000000	108000000	12	-0.0917	0.0084	12	0.0617	12	0.6019
chr8	108000000	109000000	12	-0.0466	0.0043	12	0.0621	12	0.7246
chr8	109000000	110000000	12	-0.0413	0.0260	12	0.0613	12	0.8504
chr8	110000000	111000000	12	-0.0903	0.0383	12	0.0594	12	0.6669
chr8	111000000	112000000	12	-0.1263	0.0513	12	0.0635	12	0.5697
chr8	112000000	113000000	12	-0.1078	0.0260	12	0.0613	12	0.8115
chr8	113000000	114000000	12	-0.0931	0.0254	12	0.0617	12	0.6512
chr8	114000000	115000000	12	-0.0862	0.0416	12	0.0621	12	0.8357
chr8	115000000	116000000	12	-0.0888	0.0119	12	0.0600	12	0.5290
chr8	116000000	117000000	12	-0.0444	0.0021	12	0.0612	12	0.5918
chr8	117000000	118000000	12	-0.0444	0.0055	12	0.0612	12	0.7307
chr8	118000000	119000000	12	0.0000	0.0168	12	0.0607	12	0.6231
chr8	119000000	120000000	12	-0.0098	0.0146	12	0.0605	12	0.7297
chr8	120000000	121000000	12	-0.0424	0.0050	12	0.0625	12	0.6048
chr8	121000000	122000000	12	-0.0458	0.0031	12	0.0588	12	0.7312
chr8	122000000	123000000	12	0.0000	0.0000	12	0.0612	12	0.7064
chr8	123000000	124000000	12	0.0114	0.0168	12	0.0600	12	0.6398
chr8	124000000	125000000	12	0.0424	0.0029	12	0.0600	12	0.6475
chr8	125000000	126000000	12	0.0558	0.0309	12	0.0591	12	0.6695
chr8	126000000	127000000	12	0.0431	0.0470	12	0.0625	12	0.6991
chr8	127000000	128000000	12	0.0849	0.0336	12	0.0588	12	0.6569
chr8	128000000	129000000	12	0.0431	0.0196	12	0.0588	12	0.6913
chr8	129000000	130000000	12	0.0000	0.0000	12	0.0594	12	0.6335
chr8	130000000	131000000	12	0.0000	0.0000	12	0.0599	12	0.6948
chr8	131000000	132000000	12	-0.0451	0.0039	12	0.0588	12	0.6662
chr8	132000000	133000000	12	-0.0313	0.0249	12	0.0610	12	0.6636
chr8	133000000	134000000	12	0.0114	0.0168	12	0.0572	12	0.6913
chr8	134000000	135000000	12	0.0412	0.0277	12	0.0594	12	0.6747
chr8	135000000	136000000	12	-0.0313	0.0226	12	0.0602	12	0.6440
chr8	136000000	137000000	12	-0.0917	0.0504	12	0.0602	12	0.5543
chr8	137000000	138000000	12	-0.0947	0.0236	12	0.0625	12	0.6313
chr8	138000000	139000000	12	-0.0451	0.0212	12	0.0609	12	0.5856
chr8	139000000	140000000	12	0.0431	0.0049	12	0.0599	12	0.6406
chr8	140000000	141000000	12	0.0781	0.0151	12	0.0615	12	0.5863
chr8	141000000	142000000	12	0.1675	0.0330	12	0.0576	12	0.5711
chr8	142000000	143000000	12	0.1427	0.0426	12	0.0591	12	0.6188
chr8	143000000	144000000	12	0.1651	0.0521	12	0.0568	12	0.5397
chr8	144000000	145000000	12	0.1387	0.0555	12	0.0612	12	0.4837
chr8	145000000	145138636	12	0.0444	0.0659	10	0.0652	12	0.2823
chr9	0	1000000	12	0.0444	0.0038	12	0.0659	12	0.5973
chr9	1000000	2000000	12	0.0000	0.0000	12	0.0625	12	0.6359
chr9	2000000	3000000	12	0.0000	0.0000	12	0.0591	12	0.6481
chr9	3000000	4000000	12	0.0401	0.0085	12	0.0594	12	0.5502
chr9	4000000	5000000	12	0.0623	0.0354	12	0.0600	12	0.5823
chr9	5000000	6000000	12	0.0837	0.0151	12	0.0588	12	0.7067
chr9	6000000	7000000	12	0.0609	0.0275	12	0.0588	12	0.5845
chr9	7000000	8000000	12	0.0114	0.0285	12	0.0600	12	0.6841
chr9	8000000	9000000	12	-0.0917	0.0255	12	0.0610	12	0.6119
chr9	9000000	10000000	12	-0.0902	0.0061	12	0.0600	12	0.6586
chr9	10000000	11000000	12	-0.0947	0.0213	12	0.0625	12	0.6410
chr9	11000000	12000000	12	-0.0939	0.0075	12	0.0612	12	0.6392
chr9	12000000	13000000	12	-0.1078	0.0349	12	0.0625	12	0.5752
chr9	13000000	14000000	12	-0.0888	0.0169	12	0.0617	12	0.6243
chr9	14000000	15000000	12	-0.0407	0.0110	12	0.0613	12	0.6787
chr9	15000000	16000000	12	0.0000	0.0000	12	0.0599	12	0.6073
chr9	16000000	17000000	12	-0.0115	0.0293	12	0.0594	12	0.6203
chr9	17000000	18000000	12	-0.0753	0.0398	12	0.0615	12	0.6484
chr9	18000000	19000000	12	0.0000	0.0000	12	0.0617	12	0.6700
chr9	19000000	20000000	12	0.0114	0.0168	12	0.0594	12	0.6337
chr9	20000000	21000000	12	0.0424	0.0050	12	0.0600	12	0.6693
chr9	21000000	22000000	12	0.0431	0.0038	12	0.0600	12	0.7733
chr9	22000000	23000000	12	-0.0588	0.0275	12	0.0602	12	0.6024
chr9	23000000	24000000	12	-0.0947	0.0385	12	0.0625	12	0.5862
chr9	24000000	25000000	12	-0.1032	0.0201	12	0.0605	12	0.7201
chr9	25000000	26000000	12	-0.0931	0.0482	12	0.0613	12	0.6153
chr9	26000000	27000000	12	-0.0451	0.0031	12	0.0605	12	0.5551
chr9	27000000	28000000	12	0.0000	0.0000	12	0.0607	12	0.5763
chr9	28000000	29000000	12	-0.0947	0.0385	12	0.0625	12	0.5443
chr9	29000000	30000000	12	-0.0947	0.0459	12	0.0617	12	0.6787
chr9	30000000	31000000	12	-0.0931	0.0065	12	0.0659	12	0.5473
chr9	31000000	32000000	12	-0.0587	0.0310	12	0.0614	12	0.6358
chr9	32000000	33000000	12	0.0000	0.0000	12	0.0609	12	0.4494
chr9	33000000	34000000	12	0.0451	0.0215	12	0.0600	12	0.7095
chr9	34000000	35000000	12	0.0736	0.0247	12	0.0570	12	0.6657
chr9	35000000	36000000	12	0.0849	0.0248	12	0.0568	12	0.6341
chr9	36000000	37000000	12	0.1013	0.0281	12	0.0591	12	0.5542
chr9	37000000	38000000	12	0.0875	0.0417	11	0.0556	12	0.6356
chr9	38000000	39000000	12	0.0114	0.0319	12	0.0647	12	0.6211
chr9	39000000	40000000	12	0.7914	0.0827	12	0.1114	12	0.7836
chr9	40000000	41000000	12	0.8506	0.0659	12	0.1418	12	0.7513
chr9	41000000	42000000	12	0.7717	0.0827	12	0.1079	12	0.7726
chr9	42000000	43000000	12	0.2741	0.0929	12	0.1029	12	0.7493
chr9	43000000	44000000	12	-0.6889	0.1765	12	0.0782	12	0.7374
chr9	44000000	45000000	12	-2.4150	0.0669	12	0.1226	12	0.4514
chr9	45000000	46000000	12	-2.7440	0.1146	12	0.1329	7	0.5000
chr9	60000000	61000000	12	-1.7541	0.3176	12	0.1099	12	0.6100
chr9	61000000	62000000	12	-0.5734	0.3096	12	0.0820	12	0.3516
chr9	62000000	63000000	12	0.7921	0.2653	12	0.1461	12	0.6544
chr9	63000000	64000000	12	0.6312	0.0843	12	0.1048	12	0.7138
chr9	64000000	65000000	12	-0.1364	0.1509	12	0.0976	12	0.6046
chr9	65000000	66000000	12	0.0114	0.1074	12	0.0976	12	0.4831
chr9	66000000	67000000	12	-0.2905	0.2235	12	0.0900	12	0.5089
chr9	67000000	68000000	12	-0.4955	0.0986	12	0.0955	12	0.3592
chr9	68000000	69000000	12	0.0412	0.0395	12	0.0633	12	0.5664
chr9	69000000	70000000	12	0.0000	0.0000	12	0.0594	12	0.5467
chr9	70000000	71000000	12	-0.0444	0.0030	12	0.0600	12	0.6126
chr9	71000000	72000000	12	-0.0437	0.0042	12	0.0625	12	0.4874
chr9	72000000	73000000	12	-0.0115	0.0171	12	0.0617	12	0.7105
chr9	73000000	74000000	12	-0.0588	0.0265	12	0.0613	12	0.3834
chr9	74000000	75000000	12	-0.0588	0.0224	12	0.0625	12	0.6369
chr9	75000000	76000000	12	-0.0458	0.0034	12	0.0625	12	0.6903
chr9	76000000	77000000	12	0.0000	0.0000	12	0.0588	12	0.6852
chr9	77000000	78000000	12	-0.0431	0.0040	12	0.0588	12	0.6810
chr9	78000000	79000000	12	-0.0458	0.0031	12	0.0600	12	0.6877
chr9	79000000	80000000	12	-0.0862	0.0216	12	0.0639	12	0.7458
chr9	80000000	81000000	12	-0.0947	0.0233	12	0.0607	12	0.6812
chr9	81000000	82000000	12	-0.0917	0.0065	12	0.0652	12	0.7059
chr9	82000000	83000000	12	-0.0931	0.0482	12	0.0629	12	0.7271
chr9	83000000	84000000	12	-0.0115	0.0171	12	0.0600	12	0.6752
chr9	84000000	85000000	12	0.0000	0.0171	12	0.0588	12	0.7144
chr9	85000000	86000000	12	0.0000	0.0171	12	0.0621	12	0.7126
chr9	86000000	87000000	12	-0.0313	0.0226	12	0.0613	12	0.7975
chr9	87000000	88000000	12	0.0000	0.0481	12	0.0629	12	0.5517
chr9	88000000	89000000	12	0.0000	0.0639	12	0.0588	12	0.5772
chr9	89000000	90000000	12	0.1255	0.0281	12	0.0588	12	0.6824
chr9	90000000	91000000	12	0.0609	0.0303	12	0.0599	12	0.6111
chr9	91000000	92000000	12	0.0609	0.0310	12	0.0605	12	0.7828
chr9	92000000	93000000	12	0.0849	0.0590	12	0.0556	12	0.8603
chr9	93000000	94000000	12	0.0988	0.0250	12	0.0585	12	0.6448
chr9	94000000	95000000	12	0.0000	0.0168	12	0.0625	12	0.6425
chr9	95000000	96000000	12	0.0431	0.0196	12	0.0556	12	0.7144
chr9	96000000	97000000	12	0.0419	0.0443	12	0.0588	12	0.6974
chr9	97000000	98000000	12	0.0437	0.0592	12	0.0578	12	0.6874
chr9	98000000	99000000	12	0.0849	0.0254	12	0.0589	12	0.6974
chr9	99000000	100000000	12	0.0444	0.0038	12	0.0572	12	0.5166
chr9	100000000	101000000	12	0.0000	0.0000	12	0.0602	12	0.7476
chr9	101000000	102000000	12	-0.0583	0.0235	12	0.0607	12	0.6207
chr9	102000000	103000000	12	-0.1062	0.0310	12	0.0625	12	0.6701
chr9	103000000	104000000	12	-0.0947	0.0385	12	0.0652	12	0.6746
chr9	104000000	105000000	12	-0.0437	0.0058	12	0.0588	12	0.7420
chr9	105000000	106000000	12	0.0000	0.0171	12	0.0597	12	0.6837
chr9	106000000	107000000	12	-0.0437	0.0042	12	0.0607	12	0.7670
chr9	107000000	108000000	12	0.0000	0.0000	12	0.0591	12	0.6642
chr9	108000000	109000000	12	0.0000	0.0000	12	0.0588	12	0.7516
chr9	109000000	110000000	12	0.0444	0.0020	12	0.0592	12	0.7134
chr9	110000000	111000000	12	0.0000	0.0168	12	0.0605	12	0.6759
chr9	111000000	112000000	12	0.0419	0.0182	12	0.0613	12	0.6933
chr9	112000000	113000000	12	0.0543	0.0401	12	0.0591	12	0.3622
chr9	113000000	114000000	12	0.0715	0.0290	12	0.0593	12	0.6795
chr9	114000000	115000000	12	0.0825	0.0351	12	0.0600	12	0.6156
chr9	115000000	116000000	12	-0.0444	0.0041	12	0.0614	12	0.7007
chr9	116000000	117000000	12	-0.0466	0.0426	12	0.0603	12	0.5590
chr9	117000000	118000000	12	-0.0458	0.0050	12	0.0617	12	0.6579
chr9	118000000	119000000	12	-0.0888	0.0216	12	0.0617	12	0.6035
chr9	119000000	120000000	12	-0.0458	0.0472	12	0.0625	12	0.6375
chr9	120000000	121000000	12	0.0444	0.0171	12	0.0588	12	0.5655
chr9	121000000	122000000	12	0.0715	0.0351	12	0.0588	12	0.7264
chr9	122000000	123000000	12	0.0431	0.0177	12	0.0594	12	0.6425
chr9	123000000	124000000	12	0.1238	0.0125	12	0.0570	12	0.6105
chr9	124000000	125000000	12	0.1468	0.0315	12	0.0594	12	0.6556
chr9	125000000	126000000	12	0.0431	0.0182	12	0.0588	12	0.6489
chr9	126000000	127000000	12	0.0988	0.0317	12	0.0588	12	0.6611
chr9	127000000	128000000	12	0.1293	0.0338	12	0.0588	12	0.5761
chr9	128000000	129000000	12	0.0862	0.0609	12	0.0562	12	0.3460
chr9	129000000	130000000	12	0.1221	0.0661	12	0.0588	12	0.5087
chr9	130000000	131000000	12	0.1255	0.0140	12	0.0578	12	0.5828
chr9	131000000	132000000	12	0.1221	0.0160	12	0.0568	12	0.5145
chr9	132000000	133000000	12	0.0849	0.0525	12	0.0597	12	0.6214
chr9	133000000	134000000	12	0.1606	0.0634	12	0.0579	12	0.6523
chr9	134000000	135000000	12	0.1408	0.0771	12	0.0585	12	0.6453
chr9	135000000	136000000	12	0.1274	0.0575	12	0.0591	12	0.6250
chr9	136000000	137000000	12	0.2346	0.0798	12	0.0556	12	0.5957
chr9	137000000	138000000	12	0.1566	0.0655	12	0.0600	12	0.6440
chr9	138000000	138394717	12	0.1340	0.2232	12	0.0641	12	0.7417
chr10	0	1000000	12	0.0000	0.0171	12	0.0685	12	0.5779
chr10	1000000	2000000	12	0.0000	0.0000	12	0.0625	12	0.6195
chr10	2000000	3000000	12	-0.0115	0.0293	12	0.0594	12	0.5277
chr10	3000000	4000000	12	0.0565	0.0253	12	0.0588	12	0.5513
chr10	4000000	5000000	12	0.0000	0.0000	12	0.0602	12	0.6160
chr10	5000000	6000000	12	0.0565	0.0208	12	0.0585	12	0.5990
chr10	6000000	7000000	12	0.0451	0.0392	12	0.0633	12	0.5493
chr10	7000000	8000000	12	0.0431	0.0196	12	0.0600	12	0.6444
chr10	8000000	9000000	12	-0.0437	0.0042	12	0.0625	12	0.5929
chr10	9000000	10000000	12	-0.0451	0.0188	12	0.0600	12	0.6406
chr10	10000000	11000000	12	-0.0313	0.0249	12	0.0625	12	0.6310
chr10	11000000	12000000	12	0.0875	0.0417	12	0.0588	12	0.5371
chr10	12000000	13000000	12	0.0781	0.0309	12	0.0585	12	0.5389
chr10	13000000	14000000	12	0.0437	0.0161	12	0.0591	12	0.5656
chr10	14000000	15000000	12	0.0565	0.0233	12	0.0605	12	0.6310
chr10	15000000	16000000	12	0.0000	0.0168	12	0.0610	12	0.6024
chr10	16000000	17000000	12	-0.0431	0.0074	12	0.0617	12	0.6065
chr10	17000000	18000000	12	0.0000	0.0000	12	0.0625	12	0.7733
chr10	18000000	19000000	12	-0.0451	0.0031	12	0.0621	12	0.7210
chr10	19000000	20000000	12	-0.0931	0.0255	11	0.0625	12	0.6108
chr10	20000000	21000000	12	-0.0825	0.0204	12	0.0625	12	0.6006
chr10	21000000	22000000	12	0.0000	0.0171	11	0.0625	12	0.6157
chr10	22000000	23000000	12	0.0412	0.0329	12	0.0588	12	0.7101
chr10	23000000	24000000	12	0.0000	0.0171	12	0.0588	12	0.7625
chr10	24000000	25000000	12	-0.0313	0.0226	12	0.0602	12	0.6790
chr10	25000000	26000000	12	-0.0407	0.0191	12	0.0594	12	0.6270
chr10	26000000	27000000	12	0.0444	0.0188	11	0.0588	12	0.6479
chr10	27000000	28000000	12	0.0000	0.0161	11	0.0610	12	0.6222
chr10	28000000	29000000	12	-0.0458	0.0199	11	0.0600	12	0.6341
chr10	29000000	30000000	12	0.0000	0.0000	12	0.0594	12	0.6554
chr10	30000000	31000000	12	0.0781	0.0151	11	0.0600	12	0.5354
chr10	31000000	32000000	12	0.0412	0.0068	11	0.0600	12	0.6592
chr10	32000000	33000000	12	0.0000	0.0168	11	0.0588	12	0.6641
chr10	33000000	34000000	12	-0.0115	0.0171	12	0.0588	12	0.7194
chr10	34000000	35000000	12	0.0000	0.0000	12	0.0597	12	0.7327
chr10	35000000	36000000	12	0.0306	0.0319	12	0.0610	12	0.6634
chr10	36000000	37000000	12	-0.0753	0.0312	12	0.0625	12	0.5331
chr10	37000000	38000000	12	-0.0888	0.0063	12	0.0639	12	0.4762
chr10	38000000	39000000	12	0.1725	0.0442	12	0.0926	12	0.8204
chr10	39000000	40000000	12	-0.1637	0.0449	12	0.0714	12	0.4144
chr10	40000000	41000000	12	-2.1919	0.3767	12	0.1091	12	0.3730
chr10	41000000	42000000	12	-0.0460	0.1424	12	0.1371	12	0.7561
chr10	42000000	43000000	12	0.3065	0.2057	12	0.0880	12	0.8471
chr10	43000000	44000000	12	0.0837	0.0056	12	0.0572	12	0.5703
chr10	44000000	45000000	12	0.0114	0.0301	12	0.0599	12	0.7125
chr10	45000000	46000000	12	0.0000	0.0000	12	0.0600	12	0.6430
chr10	46000000	47000000	12	0.0551	0.1574	12	0.0744	12	0.6445
chr10	47000000	48000000	12	-0.0444	0.0949	12	0.0758	12	0.6210
chr10	48000000	49000000	12	0.1031	0.0361	12	0.0625	12	0.6022
chr10	49000000	50000000	12	0.0825	0.0193	12	0.0588	12	0.6106
chr10	50000000	51000000	12	0.0000	0.0168	12	0.0599	12	0.4379
chr10	51000000	52000000	12	-0.0451	0.0031	12	0.0613	12	0.6200
chr10	52000000	53000000	12	-0.0562	0.0300	12	0.0633	12	0.5932
chr10	53000000	54000000	12	-0.0931	0.0383	12	0.0625	12	0.6577
chr10	54000000	55000000	12	-0.1243	0.0439	12	0.0633	12	0.5295
chr10	55000000	56000000	12	-0.0947	0.0437	11	0.0610	12	0.4827
chr10	56000000	57000000	12	-0.0917	0.0065	11	0.0625	12	0.4416
chr10	57000000	58000000	12	-0.0931	0.0236	11	0.0625	12	0.6358
chr10	58000000	59000000	12	-0.0444	0.0041	11	0.0625	12	0.4128
chr10	59000000	60000000	12	-0.0444	0.0032	12	0.0625	12	0.5262
chr10	60000000	61000000	12	-0.0437	0.0047	12	0.0625	12	0.6798
chr10	61000000	62000000	12	0.0000	0.0168	12	0.0602	12	0.6097
chr10	62000000	63000000	12	0.0431	0.0395	12	0.0594	12	0.5359
chr10	63000000	64000000	12	0.0431	0.0426	12	0.0588	12	0.5790
chr10	64000000	65000000	12	-0.0458	0.0423	12	0.0621	12	0.3292
chr10	65000000	66000000	12	-0.0931	0.0383	12	0.0610	12	0.6294
chr10	66000000	67000000	12	-0.0947	0.0407	12	0.0625	12	0.6820
chr10	67000000	68000000	12	-0.0115	0.0293	12	0.0654	12	0.3979
chr10	68000000	69000000	12	0.0396	0.0329	12	0.0633	12	0.5712
chr10	69000000	70000000	12	0.1156	0.0371	12	0.0585	12	0.6726
chr10	70000000	71000000	12	0.0862	0.0336	12	0.0587	12	0.5179
chr10	71000000	72000000	12	0.1274	0.0429	12	0.0568	12	0.6548
chr10	72000000	73000000	12	0.0849	0.0382	12	0.0572	12	0.3899
chr10	73000000	74000000	12	0.0825	0.0611	12	0.0614	12	0.4067
chr10	74000000	75000000	12	0.0444	0.0402	12	0.0607	12	0.3425
chr10	75000000	76000000	12	0.0444	0.0326	12	0.0556	12	0.7968
chr10	76000000	77000000	12	-0.0458	0.0359	12	0.0594	12	0.6936
chr10	77000000	78000000	12	0.0114	0.0465	12	0.0594	12	0.6913
chr10	78000000	79000000	12	0.0437	0.0161	12	0.0594	12	0.6423
chr10	79000000	80000000	12	0.0565	0.0275	12	0.0601	12	0.6870
chr10	80000000	81000000	12	0.0401	0.0182	12	0.0600	12	0.6969
chr10	81000000	82000000	12	-0.0825	0.0191	12	0.0594	12	0.6727
chr10	82000000	83000000	12	-0.0931	0.0210	12	0.0602	12	0.6699
chr10	83000000	84000000	12	-0.0581	0.0275	12	0.0617	12	0.8114
chr10	84000000	85000000	12	-0.0115	0.0171	12	0.0625	12	0.6267
chr10	85000000	86000000	12	-0.0431	0.0058	12	0.0605	12	0.6627
chr10	86000000	87000000	12	0.0988	0.0317	12	0.0593	12	0.6558
chr10	87000000	88000000	12	0.0192	0.0363	12	0.0625	12	0.5760
chr10	88000000	89000000	12	0.0837	0.0151	12	0.0588	12	0.7010
chr10	89000000	90000000	12	0.0781	0.0151	12	0.0579	12	0.7602
chr10	90000000	91000000	12	0.0000	0.0456	12	0.0588	12	0.6825
chr10	91000000	92000000	12	0.0412	0.0065	12	0.0614	12	0.6504
chr10	92000000	93000000	12	0.0000	0.0000	12	0.0619	12	0.6406
chr10	93000000	94000000	12	0.0114	0.0168	12	0.0588	12	0.5382
chr10	94000000	95000000	12	0.0000	0.0000	12	0.0585	12	0.6731
chr10	95000000	96000000	12	0.0609	0.0303	12	0.0594	12	0.7198
chr10	96000000	97000000	12	0.0862	0.0074	12	0.0562	12	0.5657
chr10	97000000	98000000	12	0.1156	0.0436	12	0.0587	12	0.5470
chr10	98000000	99000000	12	0.0000	0.0168	12	0.0588	12	0.5014
chr10	99000000	100000000	12	0.0431	0.0020	12	0.0600	12	0.4552
chr10	100000000	101000000	12	0.0715	0.0329	12	0.0600	12	0.7091
chr10	101000000	102000000	12	0.0849	0.0565	12	0.0588	12	0.5580
chr10	102000000	103000000	12	0.0849	0.0198	12	0.0567	12	0.7175
chr10	103000000	104000000	12	0.1000	0.0407	12	0.0579	12	0.6500
chr10	104000000	105000000	12	0.0114	0.0168	12	0.0617	12	0.6015
chr10	105000000	106000000	12	-0.0581	0.0213	12	0.0594	12	0.6323
chr10	106000000	107000000	12	-0.0451	0.0204	12	0.0611	12	0.6585
chr10	107000000	108000000	12	-0.0466	0.0480	12	0.0600	12	0.6643
chr10	108000000	109000000	12	-0.0862	0.0216	12	0.0625	12	0.7314
chr10	109000000	110000000	12	0.0114	0.0285	12	0.0587	12	0.6728
chr10	110000000	111000000	12	0.1044	0.0290	12	0.0587	12	0.5336
chr10	111000000	112000000	12	0.0114	0.0461	12	0.0605	12	0.5868
chr10	112000000	113000000	12	0.0000	0.0000	12	0.0588	12	0.6661
chr10	113000000	114000000	12	0.0396	0.0083	12	0.0594	12	0.6110
chr10	114000000	115000000	12	0.0114	0.0168	12	0.0600	12	0.7178
chr10	115000000	116000000	12	-0.0458	0.0050	12	0.0625	12	0.6168
chr10	116000000	117000000	12	-0.0451	0.0053	12	0.0594	12	0.4724
chr10	117000000	118000000	12	0.0000	0.0000	12	0.0588	12	0.5407
chr10	118000000	119000000	12	0.0444	0.0065	12	0.0585	12	0.5695
chr10	119000000	120000000	12	0.0875	0.0487	12	0.0588	12	0.5623
chr10	120000000	121000000	12	0.0000	0.0473	12	0.0594	12	0.4938
chr10	121000000	122000000	12	0.0000	0.0171	12	0.0602	12	0.5084
chr10	122000000	123000000	12	0.0112	0.0166	12	0.0602	12	0.6320
chr10	123000000	124000000	12	0.0444	0.0547	12	0.0588	12	0.6476
chr10	124000000	125000000	12	0.1013	0.0308	12	0.0568	12	0.6045
chr10	125000000	126000000	12	0.0444	0.0020	12	0.0609	12	0.6489
chr10	126000000	127000000	12	-0.0407	0.0180	12	0.0625	12	0.5547
chr10	127000000	128000000	12	0.0000	0.0000	12	0.0588	12	0.5078
chr10	128000000	129000000	12	0.0000	0.0000	12	0.0600	12	0.6499
chr10	129000000	130000000	12	0.0000	0.0000	12	0.0625	12	0.6298
chr10	130000000	131000000	12	0.0000	0.0603	12	0.0610	12	0.6600
chr10	131000000	132000000	12	0.0431	0.0461	12	0.0594	12	0.6962
chr10	132000000	133000000	12	0.1221	0.0532	12	0.0615	12	0.6961
chr10	133000000	133797422	12	0.1049	0.0456	12	0.0714	12	0.5241
chr11	0	1000000	12	0.1651	0.0162	12	0.0614	12	0.6000
chr11	1000000	2000000	12	0.1427	0.0426	12	0.0599	12	0.6314
chr11	2000000	3000000	12	0.1427	0.0426	12	0.0594	12	0.5707
chr11	3000000	4000000	12	0.0875	0.0106	12	0.0613	12	0.6279
chr11	4000000	5000000	12	-0.0431	0.0639	12	0.0633	12	0.5791
chr11	5000000	6000000	12	0.0000	0.0000	12	0.0594	12	0.5908
chr11	6000000	7000000	12	0.0431	0.0049	12	0.0610	12	0.6421
chr11	7000000	8000000	12	0.0114	0.0285	12	0.0588	12	0.6251
chr11	8000000	9000000	12	0.0736	0.0186	12	0.0585	12	0.6037
chr11	9000000	10000000	12	0.0602	0.0313	12	0.0588	12	0.6132
chr11	10000000	11000000	12	0.0813	0.0133	12	0.0581	12	0.6788
chr11	11000000	12000000	12	0.0419	0.0182	12	0.0597	12	0.6049
chr11	12000000	13000000	12	0.0396	0.0182	12	0.0588	12	0.5630
chr11	13000000	14000000	12	0.0000	0.0000	12	0.0591	12	0.6060
chr11	14000000	15000000	12	0.0000	0.0000	12	0.0594	12	0.7021
chr11	15000000	16000000	12	-0.0115	0.0310	12	0.0600	12	0.6166
chr11	16000000	17000000	12	0.0000	0.0168	12	0.0617	12	0.6230
chr11	17000000	18000000	12	0.0736	0.0361	12	0.0597	12	0.6016
chr11	18000000	19000000	12	0.0444	0.0020	12	0.0610	12	0.6443
chr11	19000000	20000000	12	0.0424	0.0029	12	0.0617	12	0.4857
chr11	20000000	21000000	12	0.0000	0.0000	12	0.0625	12	0.5166
chr11	21000000	22000000	12	-0.0825	0.0168	12	0.0625	12	0.5607
chr11	22000000	23000000	12	-0.0458	0.0229	11	0.0610	12	0.4913
chr11	23000000	24000000	12	-0.0862	0.0103	11	0.0652	12	0.5090
chr11	24000000	25000000	12	-0.1313	0.0168	11	0.0625	12	0.6093
chr11	25000000	26000000	12	-0.1313	0.0242	12	0.0646	12	0.4731
chr11	26000000	27000000	12	-0.0903	0.0113	12	0.0625	12	0.6311
chr11	27000000	28000000	12	-0.0466	0.0426	12	0.0611	12	0.6223
chr11	28000000	29000000	12	-0.0825	0.0191	12	0.0594	12	0.5037
chr11	29000000	30000000	12	-0.0947	0.0383	12	0.0613	12	0.7013
chr11	30000000	31000000	12	-0.0875	0.0119	12	0.0613	12	0.5759
chr11	31000000	32000000	12	-0.0424	0.0084	12	0.0556	12	0.6790
chr11	32000000	33000000	12	0.0396	0.0083	12	0.0594	12	0.6985
chr11	33000000	34000000	12	0.0781	0.0309	12	0.0588	12	0.7206
chr11	34000000	35000000	12	0.0849	0.0222	12	0.0588	12	0.6044
chr11	35000000	36000000	12	0.0572	0.0228	12	0.0591	12	0.7027
chr11	36000000	37000000	12	0.0000	0.0481	12	0.0606	12	0.5518
chr11	37000000	38000000	12	-0.0917	0.0484	12	0.0639	12	0.6107
chr11	38000000	39000000	12	-0.0947	0.0437	12	0.0630	12	0.3009
chr11	39000000	40000000	12	-0.1078	0.0260	12	0.0647	12	0.5144
chr11	40000000	41000000	12	-0.0931	0.0084	12	0.0652	12	0.5378
chr11	41000000	42000000	12	-0.0917	0.0383	12	0.0664	12	0.4696
chr11	42000000	43000000	12	-0.0931	0.0065	12	0.0610	12	0.6086
chr11	43000000	44000000	12	0.0000	0.0000	12	0.0621	12	0.6218
chr11	44000000	45000000	12	0.0781	0.0351	11	0.0588	12	0.4799
chr11	45000000	46000000	12	0.0781	0.0309	11	0.0594	12	0.4721
chr11	46000000	47000000	12	0.0849	0.0127	11	0.0625	12	0.3077
chr11	47000000	48000000	12	0.0804	0.0544	11	0.0588	12	0.4372
chr11	48000000	49000000	12	-0.0437	0.0229	12	0.0647	12	0.5222
chr11	49000000	50000000	12	-0.0917	0.0255	11	0.0625	12	0.6339
chr11	50000000	51000000	12	-0.0931	0.0236	11	0.0625	12	0.6675
chr11	51000000	52000000	12	-2.2148	0.1298	12	0.1036	12	0.3859
chr11	52000000	53000000	12	-2.2795	0.1892	12	0.1000	12	0.4076
chr11	53000000	54000000	12	-2.4372	0.0837	12	0.1167	12	0.4167
chr11	54000000	55000000	12	-0.5177	0.1737	12	0.0690	12	0.7291
chr11	55000000	56000000	12	-0.0931	0.0089	12	0.0617	12	0.6914
chr11	56000000	57000000	12	-0.0466	0.0032	12	0.0602	12	0.7377
chr11	57000000	58000000	12	0.0424	0.0029	11	0.0600	12	0.5981
chr11	58000000	59000000	12	0.0000	0.0168	12	0.0588	12	0.5951
chr11	59000000	60000000	12	0.0431	0.0536	12	0.0596	12	0.7260
chr11	60000000	61000000	12	0.0813	0.0091	12	0.0586	12	0.5861
chr11	61000000	62000000	12	0.1255	0.0489	12	0.0589	12	0.5664
chr11	62000000	63000000	12	0.0451	0.0426	12	0.0597	12	0.6315
chr11	63000000	64000000	12	0.0609	0.0303	12	0.0610	12	0.5068
chr11	64000000	65000000	12	0.1885	0.0329	12	0.0566	12	0.5354
chr11	65000000	66000000	12	0.1675	0.0537	12	0.0568	12	0.5474
chr11	66000000	67000000	12	0.1255	0.0148	12	0.0580	12	0.4930
chr11	67000000	68000000	12	0.1255	0.0486	12	0.0587	12	0.4609
chr11	68000000	69000000	12	0.1031	0.0361	12	0.0602	12	0.6179
chr11	69000000	70000000	12	0.1144	0.0400	12	0.0581	12	0.5792
chr11	70000000	71000000	12	0.0825	0.0565	12	0.0568	12	0.5756
chr11	71000000	72000000	12	0.0825	0.0387	12	0.0568	12	0.5893
chr11	72000000	73000000	12	0.0849	0.0167	12	0.0585	12	0.4442
chr11	73000000	74000000	12	0.0967	0.0401	12	0.0583	12	0.6631
chr11	74000000	75000000	12	0.0563	0.0406	12	0.0588	12	0.6202
chr11	75000000	76000000	12	0.1113	0.0262	12	0.0587	12	0.5690
chr11	76000000	77000000	12	0.0849	0.0198	12	0.0597	12	0.6813
chr11	77000000	78000000	12	0.0609	0.0321	12	0.0578	12	0.7603
chr11	78000000	79000000	12	0.0444	0.0072	12	0.0584	12	0.4843
chr11	79000000	80000000	12	0.0000	0.0000	12	0.0591	12	0.6508
chr11	80000000	81000000	12	-0.0825	0.0191	12	0.0600	12	0.6626
chr11	81000000	82000000	12	-0.0825	0.0398	12	0.0610	12	0.7052
chr11	82000000	83000000	12	0.0000	0.0000	12	0.0600	12	0.6471
chr11	83000000	84000000	12	0.0412	0.0068	12	0.0588	12	0.6113
chr11	84000000	85000000	12	-0.0588	0.0265	12	0.0625	12	0.5544
chr11	85000000	86000000	12	0.0000	0.0171	11	0.0625	12	0.5586
chr11	86000000	87000000	12	0.0437	0.0426	12	0.0594	12	0.7050
chr11	87000000	88000000	12	-0.0424	0.0084	12	0.0594	12	0.5764
chr11	88000000	89000000	12	0.0000	0.0168	12	0.0612	12	0.6172
chr11	89000000	90000000	12	-0.0862	0.0191	12	0.0698	12	0.7780
chr11	90000000	91000000	12	-0.1206	0.0340	12	0.0613	12	0.6010
chr11	91000000	92000000	12	-0.0931	0.0255	12	0.0621	12	0.5971
chr11	92000000	93000000	12	-0.0902	0.0061	12	0.0621	12	0.6791
chr11	93000000	94000000	12	0.0000	0.0000	12	0.0591	12	0.5200
chr11	94000000	95000000	12	0.0000	0.0000	12	0.0600	12	0.4766
chr11	95000000	96000000	12	0.0114	0.0285	12	0.0610	12	0.6416
chr11	96000000	97000000	12	0.0000	0.0604	12	0.0585	12	0.6706
chr11	97000000	98000000	12	-0.0588	0.0214	12	0.0605	12	0.4750
chr11	98000000	99000000	12	-0.0947	0.0383	12	0.0629	12	0.5144
chr11	99000000	100000000	12	-0.1075	0.0446	12	0.0625	12	0.4978
chr11	100000000	101000000	12	-0.0588	0.0233	12	0.0594	12	0.7149
chr11	101000000	102000000	12	-0.0431	0.0058	12	0.0600	12	0.7503
chr11	102000000	103000000	12	0.0451	0.0196	12	0.0585	12	0.6187
chr11	103000000	104000000	12	0.0000	0.0000	12	0.0585	12	0.5447
chr11	104000000	105000000	12	-0.0466	0.0203	12	0.0600	12	0.5429
chr11	105000000	106000000	12	-0.0637	0.0300	12	0.0600	12	0.5295
chr11	106000000	107000000	12	-0.0458	0.0022	12	0.0625	12	0.5443
chr11	107000000	108000000	12	0.0000	0.0000	12	0.0610	12	0.6700
chr11	108000000	109000000	12	0.0412	0.0079	12	0.0583	12	0.4641
chr11	109000000	110000000	12	0.0306	0.0351	12	0.0568	12	0.5552
chr11	110000000	111000000	12	0.0715	0.0309	12	0.0605	12	0.6775
chr11	111000000	112000000	12	0.0813	0.0085	12	0.0588	12	0.5380
chr11	112000000	113000000	12	0.0412	0.0161	12	0.0588	12	0.5010
chr11	113000000	114000000	12	0.0000	0.0461	11	0.0588	12	0.6623
chr11	114000000	115000000	12	0.0000	0.0000	12	0.0588	12	0.5372
chr11	115000000	116000000	12	0.0000	0.0000	12	0.0594	12	0.5891
chr11	116000000	117000000	12	0.0565	0.0199	12	0.0610	12	0.6165
chr11	117000000	118000000	12	0.0875	0.0354	12	0.0594	12	0.5600
chr11	118000000	119000000	12	0.0862	0.0460	12	0.0578	12	0.6592
chr11	119000000	120000000	12	0.0862	0.0419	12	0.0588	12	0.5393
chr11	120000000	121000000	12	0.0862	0.0217	12	0.0599	12	0.6765
chr11	121000000	122000000	12	0.0813	0.0336	12	0.0611	12	0.5513
chr11	122000000	123000000	12	0.0000	0.0000	12	0.0617	12	0.6248
chr11	123000000	124000000	12	0.0317	0.0221	12	0.0605	12	0.6459
chr11	124000000	125000000	12	0.0000	0.0171	12	0.0600	12	0.7881
chr11	125000000	126000000	12	0.0424	0.0050	12	0.0597	12	0.5552
chr11	126000000	127000000	12	0.0451	0.0031	12	0.0592	12	0.6090
chr11	127000000	128000000	12	0.0000	0.0000	12	0.0605	12	0.7066
chr11	128000000	129000000	12	0.0862	0.0057	12	0.0600	12	0.6638
chr11	129000000	130000000	12	0.0000	0.0168	12	0.0625	12	0.6996
chr11	130000000	131000000	12	0.0114	0.0168	12	0.0610	12	0.6415
chr11	131000000	132000000	12	-0.0444	0.0041	12	0.0591	12	0.6392
chr11	132000000	133000000	12	-0.0437	0.0468	12	0.0625	12	0.7397
chr11	133000000	134000000	12	-0.0337	0.0500	12	0.0597	12	0.7102
chr11	134000000	135000000	12	0.0000	0.0498	12	0.0625	12	0.7662
chr11	135000000	135086622	9	-0.0395	0.0751	10	0.0633	9	0.9592
chr12	0	1000000	12	0.2410	0.0310	12	0.0729	12	0.6258
chr12	1000000	2000000	12	0.0875	0.0336	12	0.0587	12	0.5834
chr12	2000000	3000000	12	0.0458	0.0461	12	0.0646	12	0.5427
chr12	3000000	4000000	12	0.0862	0.0127	12	0.0594	12	0.5969
chr12	4000000	5000000	12	0.0781	0.0193	12	0.0585	12	0.5350
chr12	5000000	6000000	12	0.0419	0.0182	12	0.0599	12	0.6153
chr12	6000000	7000000	12	0.1156	0.0455	12	0.0583	12	0.7143
chr12	7000000	8000000	12	0.0424	0.0300	12	0.0625	12	0.5810
chr12	8000000	9000000	12	0.0837	0.0151	12	0.0625	12	0.5012
chr12	9000000	10000000	12	0.0317	0.0470	12	0.0625	12	0.5865
chr12	10000000	11000000	12	0.0424	0.0176	12	0.0610	12	0.4883
chr12	11000000	12000000	12	0.0000	0.0630	12	0.0646	12	0.6863
chr12	12000000	13000000	12	0.0451	0.0334	12	0.0605	12	0.5808
chr12	13000000	14000000	12	0.0396	0.0418	12	0.0605	12	0.5941
chr12	14000000	15000000	12	0.0000	0.0000	12	0.0621	12	0.5753
chr12	15000000	16000000	12	0.0000	0.0000	12	0.0600	12	0.5423
chr12	16000000	17000000	12	-0.0444	0.0055	12	0.0625	12	0.6004
chr12	17000000	18000000	12	-0.0862	0.0387	12	0.0636	12	0.6693
chr12	18000000	19000000	12	-0.0902	0.0451	12	0.0659	12	0.7575
chr12	19000000	20000000	12	-0.0451	0.0447	12	0.0625	12	0.6157
chr12	20000000	21000000	12	-0.0862	0.0216	12	0.0628	12	0.5513
chr12	21000000	22000000	12	-0.0451	0.0031	12	0.0625	12	0.5206
chr12	22000000	23000000	12	-0.0444	0.0041	12	0.0625	12	0.6679
chr12	23000000	24000000	12	-0.0451	0.0058	12	0.0600	12	0.5952
chr12	24000000	25000000	12	0.0431	0.0041	12	0.0588	12	0.6232
chr12	25000000	26000000	12	0.0565	0.0328	12	0.0613	12	0.5257
chr12	26000000	27000000	12	0.0715	0.0351	12	0.0588	12	0.5865
chr12	27000000	28000000	12	0.0813	0.0127	11	0.0588	12	0.6243
chr12	28000000	29000000	12	0.0000	0.0000	11	0.0617	12	0.6066
chr12	29000000	30000000	12	0.0000	0.0168	12	0.0605	12	0.5290
chr12	30000000	31000000	12	0.0000	0.0000	12	0.0588	12	0.7354
chr12	31000000	32000000	12	0.0623	0.0344	12	0.0594	12	0.6376
chr12	32000000	33000000	12	0.0203	0.0310	12	0.0600	12	0.6925
chr12	33000000	34000000	12	-0.0451	0.0180	12	0.0597	12	0.8109
chr12	34000000	35000000	12	-0.2401	0.1530	12	0.0662	12	0.6510
chr12	35000000	36000000	12	-2.0720	0.2039	12	0.1120	12	0.4938
chr12	36000000	37000000	12	-2.2370	0.1298	12	0.1154	12	0.4904
chr12	37000000	38000000	12	-0.1929	0.0255	12	0.0679	12	0.6407
chr12	38000000	39000000	12	-0.0451	0.0212	12	0.0625	12	0.6263
chr12	39000000	40000000	12	0.0000	0.0171	12	0.0600	12	0.4752
chr12	40000000	41000000	12	0.0000	0.0454	12	0.0594	12	0.6042
chr12	41000000	42000000	12	-0.0407	0.0099	11	0.0625	12	0.6284
chr12	42000000	43000000	12	0.0000	0.0168	12	0.0602	12	0.6205
chr12	43000000	44000000	12	0.0000	0.0000	12	0.0625	12	0.6375
chr12	44000000	45000000	12	-0.0437	0.0180	12	0.0609	12	0.6494
chr12	45000000	46000000	12	0.0424	0.0065	12	0.0588	12	0.5694
chr12	46000000	47000000	12	0.0306	0.0351	12	0.0585	12	0.6167
chr12	47000000	48000000	12	0.0792	0.0359	12	0.0585	12	0.6702
chr12	48000000	49000000	12	0.0825	0.0555	12	0.0588	12	0.7175
chr12	49000000	50000000	12	0.0875	0.0236	12	0.0578	12	0.8000
chr12	50000000	51000000	12	0.0431	0.0054	11	0.0594	12	0.6208
chr12	51000000	52000000	12	0.0837	0.0336	12	0.0602	12	0.5218
chr12	52000000	53000000	12	0.1221	0.0325	12	0.0588	12	0.6604
chr12	53000000	54000000	12	0.1089	0.0318	12	0.0568	12	0.5771
chr12	54000000	55000000	12	0.0616	0.0327	12	0.0585	12	0.5764
chr12	55000000	56000000	12	0.0412	0.0068	11	0.0588	12	0.6094
chr12	56000000	57000000	12	0.0431	0.0470	12	0.0600	12	0.4433
chr12	57000000	58000000	12	0.0987	0.0400	12	0.0588	12	0.5158
chr12	58000000	59000000	12	0.0000	0.0481	12	0.0611	12	0.6373
chr12	59000000	60000000	12	-0.0753	0.0335	12	0.0600	12	0.6225
chr12	60000000	61000000	12	-0.0931	0.0566	12	0.0633	12	0.5406
chr12	61000000	62000000	12	-0.0862	0.0258	12	0.0641	12	0.6526
chr12	62000000	63000000	12	0.0000	0.0171	12	0.0594	12	0.6889
chr12	63000000	64000000	12	-0.0098	0.0171	12	0.0637	12	0.7176
chr12	64000000	65000000	12	0.0000	0.0000	12	0.0578	12	0.6358
chr12	65000000	66000000	12	0.0000	0.0461	12	0.0617	12	0.4732
chr12	66000000	67000000	12	0.0000	0.0464	12	0.0613	12	0.5904
chr12	67000000	68000000	12	0.0000	0.0464	12	0.0600	12	0.5617
chr12	68000000	69000000	12	0.0451	0.0212	12	0.0588	12	0.6402
chr12	69000000	70000000	12	0.0396	0.0182	12	0.0605	12	0.6576
chr12	70000000	71000000	12	-0.0451	0.0212	12	0.0600	12	0.6945
chr12	71000000	72000000	12	-0.0444	0.0055	12	0.0613	12	0.5986
chr12	72000000	73000000	12	-0.0466	0.0212	12	0.0613	12	0.6565
chr12	73000000	74000000	12	-0.0947	0.0383	12	0.0633	12	0.6932
chr12	74000000	75000000	12	-0.0875	0.0182	12	0.0646	12	0.6509
chr12	75000000	76000000	12	-0.0331	0.0363	12	0.0615	12	0.6602
chr12	76000000	77000000	12	0.0000	0.0000	12	0.0607	12	0.6504
chr12	77000000	78000000	12	-0.0444	0.0041	12	0.0643	12	0.6023
chr12	78000000	79000000	12	-0.0753	0.0312	12	0.0647	12	0.7192
chr12	79000000	80000000	12	-0.0451	0.0070	12	0.0673	12	0.5542
chr12	80000000	81000000	12	-0.0574	0.0355	12	0.0633	12	0.5783
chr12	81000000	82000000	12	-0.0789	0.0281	12	0.0625	12	0.5638
chr12	82000000	83000000	12	-0.0444	0.0055	12	0.0656	12	0.5052
chr12	83000000	84000000	12	-0.0862	0.0103	12	0.0629	12	0.6128
chr12	84000000	85000000	12	-0.0902	0.0084	12	0.0617	12	0.6808
chr12	85000000	86000000	12	-0.0753	0.0312	12	0.0625	12	0.8106
chr12	86000000	87000000	12	-0.0931	0.0191	12	0.0667	12	0.5848
chr12	87000000	88000000	12	-0.0862	0.0320	12	0.0594	12	0.5704
chr12	88000000	89000000	12	-0.0444	0.0053	12	0.0621	12	0.4073
chr12	89000000	90000000	12	0.0412	0.0340	12	0.0585	12	0.5950
chr12	90000000	91000000	12	0.0000	0.0000	12	0.0613	12	0.5990
chr12	91000000	92000000	12	0.0114	0.0168	12	0.0591	12	0.5301
chr12	92000000	93000000	12	0.0760	0.0478	12	0.0613	12	0.6761
chr12	93000000	94000000	12	0.0849	0.0054	12	0.0572	12	0.7691
chr12	94000000	95000000	12	0.0837	0.0283	12	0.0588	12	0.6771
chr12	95000000	96000000	12	0.0419	0.0182	12	0.0605	12	0.7017
chr12	96000000	97000000	12	0.0419	0.0443	12	0.0588	12	0.6503
chr12	97000000	98000000	12	-0.0444	0.0214	12	0.0621	12	0.6274
chr12	98000000	99000000	12	0.0000	0.0000	12	0.0600	12	0.6541
chr12	99000000	100000000	12	-0.0437	0.0058	12	0.0633	12	0.7075
chr12	100000000	101000000	12	0.0000	0.0464	12	0.0594	12	0.7976
chr12	101000000	102000000	12	0.0431	0.0052	12	0.0597	12	0.7540
chr12	102000000	103000000	12	0.0114	0.0168	12	0.0625	12	0.5941
chr12	103000000	104000000	12	0.0451	0.0212	12	0.0588	12	0.6597
chr12	104000000	105000000	12	0.0849	0.0198	12	0.0556	12	0.6285
chr12	105000000	106000000	12	0.0431	0.0065	12	0.0600	12	0.6307
chr12	106000000	107000000	12	0.0424	0.0065	12	0.0607	12	0.7231
chr12	107000000	108000000	12	0.0431	0.0323	12	0.0609	12	0.6620
chr12	108000000	109000000	12	0.0825	0.0555	12	0.0591	12	0.6926
chr12	109000000	110000000	12	0.0849	0.0422	12	0.0585	12	0.7195
chr12	110000000	111000000	12	0.0888	0.0518	12	0.0590	12	0.7406
chr12	111000000	112000000	12	0.0458	0.0738	12	0.0556	12	0.6764
chr12	112000000	113000000	12	0.0813	0.0309	12	0.0575	12	0.6661
chr12	113000000	114000000	12	0.0862	0.0506	12	0.0588	12	0.7085
chr12	114000000	115000000	12	-0.0115	0.0490	12	0.0617	12	0.7038
chr12	115000000	116000000	12	-0.0325	0.0363	12	0.0605	12	0.7029
chr12	116000000	117000000	12	0.0108	0.0161	12	0.0592	12	0.6050
chr12	117000000	118000000	12	0.0203	0.0301	12	0.0594	12	0.7011
chr12	118000000	119000000	12	0.0000	0.0171	12	0.0610	12	0.6482
chr12	119000000	120000000	12	0.0408	0.0436	12	0.0607	12	0.6350
chr12	120000000	121000000	12	0.0451	0.0199	12	0.0617	12	0.6689
chr12	121000000	122000000	12	0.1000	0.0814	12	0.0561	12	0.6938
chr12	122000000	123000000	12	0.0849	0.0382	12	0.0594	12	0.6064
chr12	123000000	124000000	12	0.0849	0.0525	12	0.0611	12	0.5256
chr12	124000000	125000000	12	0.1387	0.0407	12	0.0572	12	0.5233
chr12	125000000	126000000	12	0.0558	0.0326	12	0.0588	12	0.6756
chr12	126000000	127000000	12	-0.0466	0.0533	12	0.0617	12	0.6198
chr12	127000000	128000000	12	-0.0552	0.0193	12	0.0629	12	0.5291
chr12	128000000	129000000	12	0.0000	0.0171	12	0.0625	12	0.5669
chr12	129000000	130000000	12	-0.0451	0.0031	12	0.0602	12	0.5661
chr12	130000000	131000000	12	0.0000	0.0146	12	0.0602	12	0.5641
chr12	131000000	132000000	12	0.0760	0.0496	12	0.0625	12	0.5338
chr12	132000000	133000000	12	0.0849	0.0198	12	0.0625	12	0.6946
chr12	133000000	133275309	12	0.0431	0.0065	12	0.0613	12	0.5683
chr13	16000000	17000000	12	-1.7003	0.0594	12	0.1098	12	0.4301
chr13	17000000	18000000	12	-1.8074	0.0995	12	0.1079	12	0.3666
chr13	18000000	19000000	12	-0.0337	0.0500	12	0.0736	12	0.6173
chr13	19000000	20000000	12	-0.0313	0.0226	12	0.0594	12	0.5361
chr13	20000000	21000000	12	0.0424	0.0039	12	0.0617	12	0.5491
chr13	21000000	22000000	12	0.0225	0.0314	12	0.0617	12	0.6047
chr13	22000000	23000000	12	0.0000	0.0000	12	0.0588	12	0.6066
chr13	23000000	24000000	12	0.0215	0.0319	12	0.0591	12	0.6602
chr13	24000000	25000000	12	0.0431	0.0020	12	0.0600	12	0.6104
chr13	25000000	26000000	12	0.0000	0.0000	12	0.0621	12	0.5028
chr13	26000000	27000000	12	0.0000	0.0000	12	0.0594	12	0.5697
chr13	27000000	28000000	12	0.0431	0.0020	12	0.0585	12	0.5008
chr13	28000000	29000000	12	0.0444	0.0130	12	0.0611	12	0.5801
chr13	29000000	30000000	12	0.0412	0.0044	12	0.0588	12	0.5430
chr13	30000000	31000000	12	0.0849	0.0336	12	0.0588	12	0.5987
chr13	31000000	32000000	12	0.0401	0.0351	12	0.0597	12	0.5351
chr13	32000000	33000000	12	0.0437	0.0509	12	0.0588	12	0.6127
chr13	33000000	34000000	12	0.0396	0.0262	12	0.0617	12	0.4499
chr13	34000000	35000000	12	-0.0325	0.0232	12	0.0617	12	0.5251
chr13	35000000	36000000	12	-0.0581	0.0423	12	0.0625	12	0.5519
chr13	36000000	37000000	12	-0.0451	0.0045	12	0.0602	12	0.5848
chr13	37000000	38000000	12	-0.0825	0.0168	12	0.0625	12	0.6365
chr13	38000000	39000000	12	-0.0588	0.0224	12	0.0597	12	0.5032
chr13	39000000	40000000	12	0.0000	0.0000	12	0.0611	12	0.5177
chr13	40000000	41000000	12	0.0431	0.0124	12	0.0600	12	0.6676
chr13	41000000	42000000	12	0.0748	0.0360	12	0.0594	12	0.6172
chr13	42000000	43000000	12	0.0565	0.0284	12	0.0594	12	0.6214
chr13	43000000	44000000	12	0.0000	0.0000	12	0.0605	12	0.5703
chr13	44000000	45000000	12	0.0222	0.0319	12	0.0605	12	0.4665
chr13	45000000	46000000	12	0.0306	0.0454	12	0.0605	12	0.6515
chr13	46000000	47000000	12	0.0424	0.0050	12	0.0588	12	0.5823
chr13	47000000	48000000	12	-0.0115	0.0468	12	0.0625	12	0.6662
chr13	48000000	49000000	12	0.0565	0.0253	12	0.0556	12	0.5267
chr13	49000000	50000000	12	0.0431	0.0054	12	0.0595	12	0.5706
chr13	50000000	51000000	12	0.0192	0.0285	12	0.0617	12	0.6753
chr13	51000000	52000000	12	0.0451	0.0030	12	0.0621	12	0.6623
chr13	52000000	53000000	12	0.0000	0.0000	12	0.0625	12	0.5590
chr13	53000000	54000000	12	-0.0776	0.0398	12	0.0625	12	0.6072
chr13	54000000	55000000	12	-0.0931	0.0383	12	0.0610	12	0.5455
chr13	55000000	56000000	12	-0.1256	0.0279	12	0.0656	12	0.4332
chr13	56000000	57000000	12	-0.1078	0.0290	12	0.0659	12	0.6041
chr13	57000000	58000000	12	-0.1263	0.0513	12	0.0625	12	0.5542
chr13	58000000	59000000	12	-0.0931	0.0361	12	0.0625	12	0.6311
chr13	59000000	60000000	12	-0.0451	0.0031	12	0.0594	12	0.4925
chr13	60000000	61000000	12	-0.0888	0.0096	12	0.0612	12	0.6720
chr13	61000000	62000000	12	-0.0903	0.0383	12	0.0625	12	0.7027
chr13	62000000	63000000	12	-0.0931	0.0408	12	0.0610	12	0.7072
chr13	63000000	64000000	12	-0.0890	0.0659	12	0.0648	12	0.7325
chr13	64000000	65000000	12	-0.1243	0.0439	12	0.0609	12	0.5951
chr13	65000000	66000000	12	-0.0947	0.0383	12	0.0619	12	0.5654
chr13	66000000	67000000	12	-0.0917	0.0144	12	0.0649	12	0.5456
chr13	67000000	68000000	12	-0.1206	0.0340	12	0.0632	12	0.5274
chr13	68000000	69000000	12	-0.1206	0.0340	12	0.0652	12	0.6549
chr13	69000000	70000000	12	-0.1078	0.0260	12	0.0621	12	0.6427
chr13	70000000	71000000	12	-0.0931	0.0407	12	0.0625	12	0.5714
chr13	71000000	72000000	12	-0.0917	0.0084	12	0.0625	12	0.4577
chr13	72000000	73000000	12	-0.0466	0.0061	12	0.0617	12	0.5559
chr13	73000000	74000000	12	-0.0424	0.0050	12	0.0613	12	0.6021
chr13	74000000	75000000	12	-0.0407	0.0099	12	0.0611	12	0.4849
chr13	75000000	76000000	12	0.0000	0.0168	12	0.0594	12	0.5309
chr13	76000000	77000000	12	0.0000	0.0171	12	0.0599	12	0.5951
chr13	77000000	78000000	12	0.0431	0.0038	12	0.0588	12	0.5662
chr13	78000000	79000000	12	0.0000	0.0000	12	0.0600	12	0.5129
chr13	79000000	80000000	12	0.0000	0.0461	12	0.0594	12	0.5896
chr13	80000000	81000000	12	-0.0825	0.0168	12	0.0625	12	0.6687
chr13	81000000	82000000	12	-0.0947	0.0543	12	0.0613	12	0.5204
chr13	82000000	83000000	12	-0.1354	0.0410	12	0.0652	12	0.4834
chr13	83000000	84000000	12	-0.0947	0.0213	12	0.0633	12	0.6519
chr13	84000000	85000000	12	-0.1256	0.0279	12	0.0625	12	0.6900
chr13	85000000	86000000	12	-0.1206	0.0340	11	0.0625	12	0.6273
chr13	86000000	87000000	12	-0.1078	0.0290	12	0.0659	12	0.6949
chr13	87000000	88000000	12	-0.1263	0.0513	12	0.0667	12	0.7204
chr13	88000000	89000000	12	-0.1243	0.0439	12	0.0607	12	0.5871
chr13	89000000	90000000	12	-0.0947	0.0383	12	0.0625	12	0.4418
chr13	90000000	91000000	12	-0.0588	0.0265	12	0.0633	12	0.6659
chr13	91000000	92000000	12	-0.0438	0.0191	12	0.0625	12	0.6635
chr13	92000000	93000000	12	-0.0817	0.0532	12	0.0625	12	0.7132
chr13	93000000	94000000	12	-0.0862	0.0383	12	0.0637	12	0.5843
chr13	94000000	95000000	12	0.0000	0.0000	12	0.0625	12	0.6416
chr13	95000000	96000000	12	0.0000	0.0472	12	0.0625	12	0.5750
chr13	96000000	97000000	12	-0.0451	0.0188	12	0.0629	12	0.5035
chr13	97000000	98000000	12	0.0000	0.0000	12	0.0614	12	0.7055
chr13	98000000	99000000	12	0.0837	0.0127	12	0.0588	12	0.6468
chr13	99000000	100000000	12	0.0849	0.0480	12	0.0583	12	0.6414
chr13	100000000	101000000	12	0.0000	0.0171	12	0.0625	12	0.6090
chr13	101000000	102000000	12	-0.0451	0.0555	12	0.0602	12	0.5617
chr13	102000000	103000000	12	0.0000	0.0000	12	0.0600	12	0.6716
chr13	103000000	104000000	12	-0.0407	0.0180	12	0.0607	12	0.5298
chr13	104000000	105000000	12	-0.0862	0.0383	12	0.0600	12	0.5560
chr13	105000000	106000000	12	-0.0903	0.0383	12	0.0602	12	0.5874
chr13	106000000	107000000	12	-0.0753	0.0335	12	0.0659	12	0.5385
chr13	107000000	108000000	12	-0.0862	0.0383	12	0.0617	12	0.5440
chr13	108000000	109000000	12	-0.0466	0.0043	12	0.0625	12	0.6119
chr13	109000000	110000000	12	-0.0437	0.0058	12	0.0606	12	0.6288
chr13	110000000	111000000	12	0.0736	0.0351	12	0.0605	12	0.5619
chr13	111000000	112000000	12	0.0444	0.0049	12	0.0572	12	0.5626
chr13	112000000	113000000	12	0.0329	0.0488	12	0.0625	12	0.6288
chr13	113000000	114000000	12	0.0558	0.0309	12	0.0668	12	0.6247
chr13	114000000	114364328	12	0.0000	0.0679	12	0.0721	12	0.7535
chr14	16000000	17000000	12	1.2273	0.1134	12	0.1137	12	0.8695
chr14	18000000	19000000	12	-0.0695	0.2260	12	0.1029	12	0.5975
chr14	19000000	20000000	12	0.3226	0.2988	12	0.1190	12	0.6300
chr14	20000000	21000000	12	0.0424	0.0176	12	0.0610	12	0.6147
chr14	21000000	22000000	12	0.0424	0.0029	12	0.0588	12	0.5870
chr14	22000000	23000000	12	0.0837	0.0540	12	0.0585	12	0.6488
chr14	23000000	24000000	12	0.0781	0.0151	12	0.0568	12	0.6290
chr14	24000000	25000000	12	0.0813	0.0318	12	0.0591	12	0.5311
chr14	25000000	26000000	12	-0.0458	0.0050	12	0.0602	12	0.5796
chr14	26000000	27000000	12	-0.0931	0.0229	12	0.0613	12	0.5716
chr14	27000000	28000000	12	-0.1313	0.0564	12	0.0597	12	0.5629
chr14	28000000	29000000	12	-0.0970	0.0404	12	0.0602	12	0.6699
chr14	29000000	30000000	12	-0.0917	0.0243	12	0.0625	12	0.6863
chr14	30000000	31000000	12	0.0000	0.0000	12	0.0605	12	0.6049
chr14	31000000	32000000	12	0.0000	0.0000	12	0.0594	12	0.6314
chr14	32000000	33000000	12	-0.0451	0.0188	12	0.0600	12	0.6831
chr14	33000000	34000000	12	-0.0115	0.0171	12	0.0600	12	0.6875
chr14	34000000	35000000	12	0.0396	0.0161	12	0.0588	12	0.7011
chr14	35000000	36000000	12	0.0424	0.0563	12	0.0605	12	0.7806
chr14	36000000	37000000	12	-0.0325	0.0363	12	0.0588	12	0.5753
chr14	37000000	38000000	12	-0.0917	0.0208	12	0.0625	12	0.5440
chr14	38000000	39000000	12	-0.0313	0.0464	12	0.0605	12	0.6198
chr14	39000000	40000000	12	0.0000	0.0000	12	0.0625	12	0.6303
chr14	40000000	41000000	12	-0.0825	0.0351	12	0.0625	12	0.6594
chr14	41000000	42000000	12	-0.0947	0.0383	12	0.0625	12	0.5667
chr14	42000000	43000000	12	-0.0917	0.0484	12	0.0617	12	0.6895
chr14	43000000	44000000	12	-0.0931	0.0408	12	0.0640	12	0.7011
chr14	44000000	45000000	12	-0.0466	0.0209	12	0.0625	12	0.7500
chr14	45000000	46000000	12	-0.0776	0.0398	12	0.0617	12	0.6278
chr14	46000000	47000000	12	-0.0917	0.0383	12	0.0600	12	0.5897
chr14	47000000	48000000	12	-0.0931	0.0065	12	0.0625	12	0.6979
chr14	48000000	49000000	12	-0.0466	0.0203	12	0.0617	12	0.6478
chr14	49000000	50000000	12	0.0452	0.0522	12	0.0591	12	0.5527
chr14	50000000	51000000	12	0.0849	0.0382	12	0.0591	12	0.5865
chr14	51000000	52000000	12	0.0412	0.0044	12	0.0594	12	0.5582
chr14	52000000	53000000	12	0.0396	0.0093	11	0.0600	12	0.5945
chr14	53000000	54000000	12	0.0114	0.0168	12	0.0572	12	0.6287
chr14	54000000	55000000	12	0.0431	0.0052	12	0.0588	12	0.6049
chr14	55000000	56000000	12	0.0431	0.0020	12	0.0615	12	0.7419
chr14	56000000	57000000	12	-0.0431	0.0058	12	0.0600	12	0.6735
chr14	57000000	58000000	12	0.0000	0.0171	12	0.0600	12	0.6093
chr14	58000000	59000000	12	0.0000	0.0454	12	0.0605	12	0.5926
chr14	59000000	60000000	12	0.0114	0.0301	12	0.0615	12	0.6701
chr14	60000000	61000000	12	0.0401	0.0085	12	0.0607	12	0.2852
chr14	61000000	62000000	12	0.0451	0.0199	12	0.0594	12	0.4597
chr14	62000000	63000000	12	0.0000	0.0171	12	0.0600	12	0.6738
chr14	63000000	64000000	12	0.0431	0.0594	12	0.0625	12	0.6590
chr14	64000000	65000000	12	0.0849	0.0198	12	0.0566	12	0.6369
chr14	65000000	66000000	12	0.0837	0.0473	12	0.0578	12	0.7175
chr14	66000000	67000000	12	0.0412	0.0215	11	0.0588	12	0.8359
chr14	67000000	68000000	12	0.0781	0.0151	12	0.0585	12	0.6074
chr14	68000000	69000000	12	0.1079	0.0504	12	0.0568	12	0.6682
chr14	69000000	70000000	12	0.0862	0.0336	12	0.0585	12	0.6488
chr14	70000000	71000000	12	0.0444	0.0395	12	0.0594	12	0.6599
chr14	71000000	72000000	12	0.0458	0.0426	12	0.0588	12	0.6426
chr14	72000000	73000000	12	0.0444	0.0205	12	0.0556	12	0.6332
chr14	73000000	74000000	12	0.0781	0.0151	12	0.0588	12	0.6633
chr14	74000000	75000000	12	0.0875	0.0336	12	0.0588	12	0.5752
chr14	75000000	76000000	12	0.0862	0.0361	12	0.0594	12	0.4627
chr14	76000000	77000000	12	0.0849	0.0198	12	0.0603	12	0.5547
chr14	77000000	78000000	12	0.0849	0.0198	12	0.0588	12	0.6604
chr14	78000000	79000000	12	0.0000	0.0000	12	0.0594	12	0.5980
chr14	79000000	80000000	12	-0.0759	0.0456	12	0.0625	12	0.5637
chr14	80000000	81000000	12	-0.0451	0.0574	12	0.0647	12	0.6294
chr14	81000000	82000000	12	-0.0407	0.0087	12	0.0619	12	0.6792
chr14	82000000	83000000	12	-0.0917	0.0135	12	0.0614	12	0.5761
chr14	83000000	84000000	12	-0.0947	0.0233	12	0.0613	12	0.5964
chr14	84000000	85000000	12	-0.0947	0.0086	12	0.0625	12	0.6702
chr14	85000000	86000000	12	-0.1078	0.0281	12	0.0641	12	0.6545
chr14	86000000	87000000	12	-0.1078	0.0281	12	0.0617	12	0.5599
chr14	87000000	88000000	12	-0.0451	0.0066	12	0.0625	12	0.5710
chr14	88000000	89000000	12	0.0000	0.0000	12	0.0588	12	0.6984
chr14	89000000	90000000	12	0.0444	0.0020	12	0.0594	12	0.5982
chr14	90000000	91000000	12	0.0525	0.0349	12	0.0580	12	0.6248
chr14	91000000	92000000	12	0.0781	0.0151	12	0.0588	12	0.5552
chr14	92000000	93000000	12	0.1113	0.0282	12	0.0588	12	0.6377
chr14	93000000	94000000	12	0.0849	0.0080	12	0.0610	12	0.6033
chr14	94000000	95000000	12	0.0825	0.0127	12	0.0588	12	0.7008
chr14	95000000	96000000	12	0.0849	0.0151	12	0.0585	12	0.6248
chr14	96000000	97000000	12	0.0813	0.0133	12	0.0568	12	0.6467
chr14	97000000	98000000	12	-0.0424	0.0594	12	0.0610	12	0.6231
chr14	98000000	99000000	12	-0.0209	0.0310	12	0.0605	12	0.6389
chr14	99000000	100000000	12	0.0849	0.0101	12	0.0594	12	0.5719
chr14	100000000	101000000	12	0.1156	0.0417	12	0.0585	12	0.6135
chr14	101000000	102000000	12	0.0862	0.0217	12	0.0597	12	0.6745
chr14	102000000	103000000	12	0.1203	0.0133	12	0.0580	12	0.6143
chr14	103000000	104000000	12	0.1293	0.0371	12	0.0597	12	0.5881
chr14	104000000	105000000	12	0.1606	0.0241	12	0.0597	12	0.6403
chr14	105000000	106000000	12	0.0437	0.1270	12	0.0776	12	0.3957
chr14	106000000	107000000	12	-0.4169	0.3348	12	0.0882	12	0.6029
chr15	17000000	18000000	12	-0.2683	0.3146	12	0.1359	12	0.6576
chr15	18000000	19000000	12	-2.1381	0.1757	12	0.1132	12	0.2815
chr15	19000000	20000000	12	-0.4679	0.2165	12	0.0769	12	0.6462
chr15	20000000	21000000	12	1.0381	0.3244	12	0.1690	12	0.7601
chr15	21000000	22000000	12	-0.4778	0.4395	12	0.1158	12	0.4928
chr15	22000000	23000000	12	0.0000	0.0669	12	0.0801	12	0.6002
chr15	23000000	24000000	12	-0.0888	0.0201	12	0.0639	12	0.4904
chr15	24000000	25000000	12	-0.0917	0.0084	12	0.0625	12	0.7673
chr15	25000000	26000000	12	-0.0458	0.0271	12	0.0633	12	0.5026
chr15	26000000	27000000	12	-0.0458	0.0050	12	0.0605	12	0.6275
chr15	27000000	28000000	12	-0.0444	0.0191	12	0.0625	12	0.6482
chr15	28000000	29000000	12	-0.0902	0.0114	12	0.0695	12	0.4733
chr15	29000000	30000000	12	0.0000	0.0168	12	0.0588	12	0.5951
chr15	30000000	31000000	12	-0.1398	0.0755	12	0.0644	12	0.5257
chr15	31000000	32000000	12	0.0903	0.0188	12	0.0583	12	0.6355
chr15	32000000	33000000	12	-0.1094	0.0359	12	0.0659	12	0.5257
chr15	33000000	34000000	12	0.0000	0.0000	12	0.0594	12	0.5408
chr15	34000000	35000000	12	0.0192	0.0344	12	0.0605	12	0.5715
chr15	35000000	36000000	12	-0.0407	0.0522	12	0.0602	12	0.5669
chr15	36000000	37000000	12	-0.0458	0.0043	12	0.0588	12	0.6432
chr15	37000000	38000000	12	-0.0451	0.0482	12	0.0617	12	0.6941
chr15	38000000	39000000	12	0.0396	0.0083	12	0.0572	12	0.4987
chr15	39000000	40000000	12	0.0424	0.0395	12	0.0591	12	0.5173
chr15	40000000	41000000	12	0.1255	0.0165	12	0.0588	12	0.6531
chr15	41000000	42000000	12	0.0849	0.0540	12	0.0579	12	0.6856
chr15	42000000	43000000	12	0.0849	0.0525	12	0.0609	12	0.4129
chr15	43000000	44000000	12	0.0451	0.0572	12	0.0625	12	0.5829
chr15	44000000	45000000	12	0.0000	0.0168	12	0.0613	12	0.4582
chr15	45000000	46000000	12	0.0437	0.0182	12	0.0585	12	0.5899
chr15	46000000	47000000	12	-0.0581	0.0232	12	0.0607	12	0.6826
chr15	47000000	48000000	12	-0.0458	0.0031	12	0.0633	12	0.6148
chr15	48000000	49000000	12	0.0000	0.0168	12	0.0597	12	0.3958
chr15	49000000	50000000	12	0.0000	0.0000	12	0.0617	12	0.6233
chr15	50000000	51000000	12	0.0431	0.0185	12	0.0599	12	0.6418
chr15	51000000	52000000	12	0.0682	0.0524	12	0.0599	12	0.5215
chr15	52000000	53000000	12	0.0849	0.0336	12	0.0578	12	0.5259
chr15	53000000	54000000	12	-0.0313	0.0249	12	0.0625	12	0.5137
chr15	54000000	55000000	12	-0.0466	0.0194	12	0.0612	12	0.5503
chr15	55000000	56000000	12	0.0000	0.0168	12	0.0613	12	0.5916
chr15	56000000	57000000	12	0.0000	0.0168	12	0.0625	12	0.4853
chr15	57000000	58000000	12	0.0396	0.0093	12	0.0617	12	0.5351
chr15	58000000	59000000	12	0.0431	0.0443	12	0.0594	12	0.5833
chr15	59000000	60000000	12	0.0781	0.0151	12	0.0587	12	0.4886
chr15	60000000	61000000	12	0.0412	0.0044	12	0.0600	12	0.5173
chr15	61000000	62000000	12	0.0000	0.0171	12	0.0617	12	0.5349
chr15	62000000	63000000	12	0.0437	0.0195	12	0.0588	12	0.5995
chr15	63000000	64000000	12	0.0888	0.0208	12	0.0568	12	0.5698
chr15	64000000	65000000	12	0.0804	0.0544	12	0.0572	12	0.3464
chr15	65000000	66000000	12	0.0875	0.0441	12	0.0585	12	0.5014
chr15	66000000	67000000	12	0.0888	0.0382	12	0.0572	12	0.5725
chr15	67000000	68000000	12	0.0849	0.0382	12	0.0594	12	0.5198
chr15	68000000	69000000	12	0.0444	0.0426	12	0.0597	12	0.5139
chr15	69000000	70000000	12	0.0444	0.0054	12	0.0625	12	0.5259
chr15	70000000	71000000	12	0.0849	0.0336	12	0.0588	12	0.6628
chr15	71000000	72000000	12	0.0000	0.0000	12	0.0607	12	0.5113
chr15	72000000	73000000	12	0.0431	0.0049	12	0.0591	12	0.2275
chr15	73000000	74000000	12	0.0736	0.0361	12	0.0602	12	0.5836
chr15	74000000	75000000	12	0.1343	0.0630	12	0.0583	12	0.6750
chr15	75000000	76000000	12	0.1221	0.0325	12	0.0583	12	0.5006
chr15	76000000	77000000	12	0.0558	0.0348	12	0.0587	12	0.3810
chr15	77000000	78000000	12	0.1293	0.0281	12	0.0568	12	0.5872
chr15	78000000	79000000	12	0.1203	0.0133	12	0.0591	12	0.5556
chr15	79000000	80000000	12	0.0849	0.0193	12	0.0605	12	0.6324
chr15	80000000	81000000	12	0.0760	0.0458	12	0.0588	12	0.6965
chr15	81000000	82000000	12	0.0000	0.0285	12	0.0602	12	0.6873
chr15	82000000	83000000	12	0.0000	0.0000	12	0.0659	12	0.6554
chr15	83000000	84000000	12	0.0000	0.0000	11	0.0600	12	0.7504
chr15	84000000	85000000	12	0.0000	0.0639	11	0.0588	12	0.5681
chr15	85000000	86000000	12	0.0431	0.0519	12	0.0613	12	0.6388
chr15	86000000	87000000	12	-0.0115	0.0293	12	0.0625	12	0.6944
chr15	87000000	88000000	12	-0.0875	0.0383	12	0.0602	12	0.6785
chr15	88000000	89000000	12	0.0431	0.0585	12	0.0585	12	0.7108
chr15	89000000	90000000	12	0.0825	0.0575	12	0.0575	12	0.7036
chr15	90000000	91000000	12	0.1000	0.0407	12	0.0567	12	0.6852
chr15	91000000	92000000	12	0.0396	0.0093	12	0.0625	12	0.6959
chr15	92000000	93000000	12	0.0558	0.0331	12	0.0599	12	0.6853
chr15	93000000	94000000	12	0.0437	0.0049	12	0.0588	12	0.5779
chr15	94000000	95000000	12	0.0000	0.0000	12	0.0625	12	0.6572
chr15	95000000	96000000	12	-0.0776	0.0398	12	0.0633	12	0.6818
chr15	96000000	97000000	12	-0.0458	0.0599	12	0.0617	12	0.6113
chr15	97000000	98000000	12	-0.0931	0.0255	12	0.0617	12	0.5855
chr15	98000000	99000000	12	0.0000	0.0000	12	0.0594	12	0.6231
chr15	99000000	100000000	12	0.0862	0.0407	12	0.0594	12	0.6759
chr15	100000000	101000000	12	0.0565	0.0244	12	0.0588	12	0.5313
chr15	101000000	101991189	12	0.0849	0.0525	12	0.0647	12	0.5488
chr16	0	1000000	12	0.1521	0.0394	12	0.0610	12	0.6880
chr16	1000000	2000000	12	0.1981	0.0586	12	0.0581	12	0.5936
chr16	2000000	3000000	12	0.1566	0.0651	12	0.0566	12	0.5920
chr16	3000000	4000000	12	0.1156	0.0436	12	0.0556	12	0.6143
chr16	4000000	5000000	12	0.1190	0.0487	12	0.0556	12	0.5770
chr16	5000000	6000000	12	0.0114	0.0301	12	0.0605	12	0.6263
chr16	6000000	7000000	12	-0.0776	0.0387	12	0.0625	12	0.5794
chr16	7000000	8000000	12	-0.0458	0.0031	12	0.0594	12	0.5734
chr16	8000000	9000000	12	0.0419	0.0065	12	0.0600	12	0.5773
chr16	9000000	10000000	12	0.0000	0.0171	12	0.0600	12	0.6164
chr16	10000000	11000000	12	0.0849	0.0382	12	0.0588	12	0.5878
chr16	11000000	12000000	12	0.1274	0.0281	12	0.0575	12	0.6084
chr16	12000000	13000000	12	0.0736	0.0443	12	0.0588	12	0.7152
chr16	13000000	14000000	12	0.0431	0.0182	12	0.0600	12	0.5893
chr16	14000000	15000000	12	-0.0444	0.0214	12	0.0652	12	0.5592
chr16	15000000	16000000	12	-0.0917	0.0290	12	0.0599	12	0.5618
chr16	16000000	17000000	12	-0.0458	0.0477	12	0.0714	12	0.5927
chr16	17000000	18000000	12	0.0000	0.0000	12	0.0605	12	0.6187
chr16	18000000	19000000	12	-0.1420	0.0272	12	0.0671	12	0.5220
chr16	19000000	20000000	12	0.0000	0.0000	12	0.0611	12	0.6329
chr16	20000000	21000000	12	0.0000	0.0000	12	0.0617	12	0.5509
chr16	21000000	22000000	12	0.0760	0.0478	12	0.0665	12	0.6897
chr16	22000000	23000000	12	0.1585	0.0368	12	0.0736	12	0.6924
chr16	23000000	24000000	12	0.0451	0.0307	12	0.0585	12	0.5823
chr16	24000000	25000000	12	0.0431	0.0221	12	0.0594	12	0.7188
chr16	25000000	26000000	12	0.0396	0.0093	12	0.0591	12	0.6396
chr16	26000000	27000000	12	0.0000	0.0337	12	0.0605	12	0.6992
chr16	27000000	28000000	12	0.0849	0.0382	12	0.0588	12	0.6324
chr16	28000000	29000000	12	0.0000	0.0000	12	0.0637	12	0.6137
chr16	29000000	30000000	12	0.1190	0.0528	12	0.0600	12	0.7019
chr16	30000000	31000000	12	0.0451	0.0171	12	0.0588	12	0.5849
chr16	31000000	32000000	12	0.0431	0.0443	12	0.0588	12	0.6324
chr16	32000000	33000000	12	0.0237	0.1380	12	0.1000	12	0.7735
chr16	33000000	34000000	12	-0.1376	0.0608	12	0.0979	12	0.7461
chr16	34000000	35000000	12	0.6214	0.0485	12	0.1025	12	0.8354
chr16	35000000	36000000	12	-0.0437	0.0477	12	0.0674	12	0.3761
chr16	36000000	37000000	12	-0.4570	0.1457	12	0.1221	12	0.8007
chr16	37000000	38000000	12	-2.2370	0.1999	12	0.1327	12	0.4193
chr16	38000000	39000000	12	-2.0437	0.2118	12	0.1244	12	0.7192
chr16	46000000	47000000	12	0.3576	0.0319	12	0.0952	12	0.3643
chr16	47000000	48000000	12	0.0565	0.0404	12	0.0594	12	0.5093
chr16	48000000	49000000	12	0.0419	0.0621	12	0.0588	12	0.6794
chr16	49000000	50000000	12	0.0437	0.0028	12	0.0588	12	0.6685
chr16	50000000	51000000	12	0.0781	0.0489	12	0.0597	12	0.4613
chr16	51000000	52000000	12	0.0000	0.0171	12	0.0600	12	0.5648
chr16	52000000	53000000	12	-0.0444	0.0070	12	0.0610	12	0.6160
chr16	53000000	54000000	12	0.0000	0.0475	12	0.0594	12	0.6950
chr16	54000000	55000000	12	-0.0115	0.0171	12	0.0588	12	0.5968
chr16	55000000	56000000	12	-0.0420	0.0191	12	0.0605	12	0.5403
chr16	56000000	57000000	12	0.0888	0.0421	12	0.0562	12	0.5713
chr16	57000000	58000000	12	0.1651	0.0163	12	0.0572	12	0.6763
chr16	58000000	59000000	12	0.0431	0.0182	12	0.0625	12	0.7000
chr16	59000000	60000000	12	-0.0862	0.0126	12	0.0617	12	0.6405
chr16	60000000	61000000	12	-0.0931	0.0210	12	0.0636	12	0.7298
chr16	61000000	62000000	12	-0.0931	0.0210	12	0.0625	12	0.8751
chr16	62000000	63000000	12	-0.1078	0.0349	12	0.0610	12	0.6435
chr16	63000000	64000000	12	-0.1078	0.0260	12	0.0625	12	0.6150
chr16	64000000	65000000	12	-0.0947	0.0236	12	0.0600	12	0.7704
chr16	65000000	66000000	12	-0.0466	0.0193	12	0.0633	12	0.5969
chr16	66000000	67000000	12	0.0444	0.0020	12	0.0591	12	0.6536
chr16	67000000	68000000	12	0.1298	0.0555	12	0.0589	12	0.7675
chr16	68000000	69000000	12	0.0862	0.0344	12	0.0585	12	0.6403
chr16	69000000	70000000	12	0.0431	0.0519	12	0.0597	12	0.6477
chr16	70000000	71000000	12	0.1274	0.0489	12	0.0676	12	0.8282
chr16	71000000	72000000	12	0.0412	0.0044	12	0.0625	12	0.6929
chr16	72000000	73000000	12	0.0306	0.0226	12	0.0599	12	0.5581
chr16	73000000	74000000	12	0.0000	0.0000	12	0.0594	12	0.5833
chr16	74000000	75000000	12	0.0609	0.0338	12	0.0667	12	0.6214
chr16	75000000	76000000	12	0.0837	0.0151	12	0.0613	12	0.6140
chr16	76000000	77000000	12	-0.0451	0.0070	12	0.0605	12	0.6495
chr16	77000000	78000000	12	-0.0451	0.0020	12	0.0594	12	0.6096
chr16	78000000	79000000	12	-0.0451	0.0053	12	0.0625	12	0.6547
chr16	79000000	80000000	12	-0.0444	0.0041	12	0.0594	12	0.6210
chr16	80000000	81000000	12	0.0000	0.0171	12	0.0600	12	0.6397
chr16	81000000	82000000	12	0.0849	0.0565	12	0.0588	12	0.5662
chr16	82000000	83000000	12	0.0000	0.0629	12	0.0625	12	0.6239
chr16	83000000	84000000	12	0.0000	0.0168	12	0.0605	12	0.5843
chr16	84000000	85000000	12	0.1255	0.0341	12	0.0588	12	0.6122
chr16	85000000	86000000	12	0.1521	0.0366	12	0.0581	12	0.5777
chr16	86000000	87000000	12	0.0875	0.0236	12	0.0588	12	0.6669
chr16	87000000	88000000	12	0.1274	0.0524	12	0.0591	12	0.6615
chr16	88000000	89000000	12	0.2189	0.0482	12	0.0556	12	0.6420
chr16	89000000	90000000	12	0.1274	0.0630	12	0.0594	12	0.5620
chr16	90000000	90338345	12	0.0000	0.1012	12	0.0683	12	0.6350
chr17	0	1000000	12	-0.0420	0.0622	12	0.0677	12	0.5894
chr17	1000000	2000000	12	0.0804	0.0560	12	0.0605	12	0.6761
chr17	2000000	3000000	12	0.0862	0.0532	12	0.0588	12	0.6424
chr17	3000000	4000000	12	0.0437	0.0195	12	0.0600	12	0.6540
chr17	4000000	5000000	12	0.1154	0.0469	12	0.0588	12	0.5848
chr17	5000000	6000000	12	0.0781	0.0181	12	0.0588	12	0.6746
chr17	6000000	7000000	12	0.0558	0.0366	12	0.0605	12	0.6733
chr17	7000000	8000000	12	0.0862	0.0532	12	0.0564	12	0.5927
chr17	8000000	9000000	12	0.0849	0.0167	12	0.0581	12	0.5681
chr17	9000000	10000000	12	0.0715	0.0351	12	0.0568	12	0.6260
chr17	10000000	11000000	12	0.0424	0.0050	12	0.0600	12	0.6101
chr17	11000000	12000000	12	-0.0458	0.0629	12	0.0602	12	0.5834
chr17	12000000	13000000	12	-0.0444	0.0423	12	0.0602	12	0.6015
chr17	13000000	14000000	12	-0.0458	0.0050	12	0.0625	12	0.6620
chr17	14000000	15000000	12	-0.0588	0.0351	12	0.0625	12	0.6470
chr17	15000000	16000000	12	0.0000	0.0000	12	0.0610	12	0.6783
chr17	16000000	17000000	12	0.0917	0.0476	12	0.0588	12	0.6848
chr17	17000000	18000000	12	0.1675	0.0412	12	0.0565	12	0.5847
chr17	18000000	19000000	12	0.0431	0.0185	12	0.0617	12	0.6458
chr17	19000000	20000000	12	0.0804	0.0534	12	0.0584	12	0.5556
chr17	20000000	21000000	12	0.0000	0.0000	12	0.0621	12	0.6476
chr17	21000000	22000000	12	0.9247	0.0560	12	0.0751	12	0.8965
chr17	22000000	23000000	12	0.3402	0.1366	12	0.1569	12	0.8771
chr17	23000000	24000000	12	-2.4150	0.1030	12	0.1129	12	0.2801
chr17	24000000	25000000	12	-2.9886	0.1163	4	0.0921	2	0.2423
chr17	25000000	26000000	12	-2.4797	0.3101	12	0.1433	12	0.3720
chr17	26000000	27000000	12	0.3714	0.0419	12	0.1093	12	0.8012
chr17	27000000	28000000	12	0.0875	0.0254	12	0.0599	12	0.6981
chr17	28000000	29000000	12	0.0862	0.0601	12	0.0577	12	0.6912
chr17	29000000	30000000	12	0.0558	0.0451	12	0.0600	12	0.7646
chr17	30000000	31000000	12	0.0532	0.0461	12	0.0607	12	0.8347
chr17	31000000	32000000	12	0.0849	0.0525	12	0.0625	12	0.6083
chr17	32000000	33000000	12	0.0437	0.0212	12	0.0594	12	0.6631
chr17	33000000	34000000	12	0.0317	0.0329	12	0.0594	12	0.6687
chr17	34000000	35000000	12	0.0233	0.0329	12	0.0590	12	0.6220
chr17	35000000	36000000	12	0.0630	0.0310	12	0.0594	12	0.6589
chr17	36000000	37000000	12	0.0862	0.0639	12	0.0697	12	0.6198
chr17	37000000	38000000	12	0.0419	0.0397	12	0.0617	12	0.7767
chr17	38000000	39000000	12	0.0437	0.0436	12	0.0610	12	0.4847
chr17	39000000	40000000	12	0.0849	0.0317	12	0.0570	12	0.4580
chr17	40000000	41000000	12	0.0825	0.0127	12	0.0588	12	0.7286
chr17	41000000	42000000	12	0.0813	0.0091	12	0.0588	12	0.5017
chr17	42000000	43000000	12	0.0437	0.0648	11	0.0588	12	0.5594
chr17	43000000	44000000	12	0.0565	0.0337	11	0.0610	12	0.4800
chr17	44000000	45000000	12	0.0849	0.0198	11	0.0600	12	0.4528
chr17	45000000	46000000	12	0.1113	0.0334	11	0.0588	12	0.6540
chr17	46000000	47000000	12	0.1426	0.0484	12	0.0833	12	0.5360
chr17	47000000	48000000	12	0.0964	0.0354	11	0.0588	12	0.7264
chr17	48000000	49000000	12	0.0849	0.0085	11	0.0577	12	0.5346
chr17	49000000	50000000	12	0.0875	0.0417	11	0.0588	12	0.6659
chr17	50000000	51000000	12	0.1156	0.0436	12	0.0591	12	0.6225
chr17	51000000	52000000	12	0.0000	0.0168	12	0.0591	12	0.6652
chr17	52000000	53000000	12	-0.0753	0.0374	12	0.0625	12	0.6523
chr17	53000000	54000000	12	-0.0931	0.0065	12	0.0605	12	0.4966
chr17	54000000	55000000	12	-0.0407	0.0180	12	0.0613	12	0.6380
chr17	55000000	56000000	12	0.0000	0.0168	12	0.0629	12	0.6490
chr17	56000000	57000000	12	0.0424	0.0182	12	0.0625	12	0.6272
chr17	57000000	58000000	12	0.0837	0.0180	12	0.0585	12	0.6134
chr17	58000000	59000000	12	0.0444	0.0038	12	0.0587	12	0.6631
chr17	59000000	60000000	12	0.0424	0.0563	12	0.0605	12	0.6289
chr17	60000000	61000000	12	0.0192	0.0285	12	0.0667	12	0.5543
chr17	61000000	62000000	12	0.0431	0.0065	12	0.0602	12	0.5566
chr17	62000000	63000000	12	0.0412	0.0161	12	0.0617	12	0.5276
chr17	63000000	64000000	12	0.0837	0.0582	12	0.0597	12	0.7874
chr17	64000000	65000000	12	0.0634	0.0337	12	0.0578	12	0.4184
chr17	65000000	66000000	12	0.0431	0.0065	12	0.0594	12	0.5896
chr17	66000000	67000000	12	0.0000	0.0000	12	0.0594	12	0.6351
chr17	67000000	68000000	12	0.0454	0.0035	12	0.0556	12	0.5723
chr17	68000000	69000000	12	0.0609	0.0275	12	0.0600	12	0.6726
chr17	69000000	70000000	12	0.0000	0.0000	12	0.0621	12	0.6193
chr17	70000000	71000000	12	-0.0466	0.0042	12	0.0613	12	0.6137
chr17	71000000	72000000	12	-0.0581	0.0213	12	0.0619	12	0.5810
chr17	72000000	73000000	12	0.0437	0.0065	12	0.0617	12	0.6456
chr17	73000000	74000000	12	0.0849	0.0575	12	0.0594	12	0.6071
chr17	74000000	75000000	12	0.1255	0.0379	12	0.0574	12	0.6178
chr17	75000000	76000000	12	0.1274	0.0591	12	0.0588	12	0.4755
chr17	76000000	77000000	12	0.1255	0.0486	12	0.0588	12	0.6574
chr17	77000000	78000000	12	0.1221	0.0308	12	0.0567	12	0.6786
chr17	78000000	79000000	12	0.1651	0.0192	12	0.0568	12	0.6509
chr17	79000000	80000000	12	0.1606	0.0492	12	0.0568	12	0.5881
chr17	80000000	81000000	12	0.1274	0.0489	12	0.0591	12	0.6823
chr17	81000000	82000000	12	0.2225	0.0816	12	0.0556	12	0.6585
chr17	82000000	83000000	12	0.1387	0.0542	12	0.0594	12	0.6458
chr17	83000000	83257441	12	-0.0343	0.0607	12	0.0670	12	0.7341
chr18	0	1000000	12	0.0000	0.0000	12	0.0667	12	0.6649
chr18	1000000	2000000	12	-0.0313	0.0363	12	0.0610	12	0.6429
chr18	2000000	3000000	12	0.0437	0.0038	12	0.0625	12	0.5941
chr18	3000000	4000000	12	0.0424	0.0039	12	0.0588	12	0.6391
chr18	4000000	5000000	12	-0.0458	0.0043	12	0.0625	12	0.6229
chr18	5000000	6000000	12	-0.0424	0.0050	12	0.0597	12	0.6290
chr18	6000000	7000000	12	-0.0115	0.0432	12	0.0605	12	0.6722
chr18	7000000	8000000	12	-0.0458	0.0437	12	0.0625	12	0.6996
chr18	8000000	9000000	12	0.0437	0.0028	12	0.0605	12	0.6895
chr18	9000000	10000000	12	0.0715	0.0278	12	0.0588	12	0.6201
chr18	10000000	11000000	12	0.0444	0.0434	12	0.0617	12	0.6341
chr18	11000000	12000000	12	0.0114	0.0443	12	0.0605	12	0.6451
chr18	12000000	13000000	12	0.0437	0.0054	12	0.0610	12	0.6391
chr18	13000000	14000000	12	0.0736	0.0423	12	0.0609	12	0.6119
chr18	14000000	15000000	12	-0.0458	0.0034	12	0.0625	12	0.5237
chr18	15000000	16000000	12	-0.8019	0.1019	12	0.0876	12	0.4820
chr18	16000000	17000000	12	-2.2370	0.1127	12	0.1095	12	0.4993
chr18	17000000	18000000	12	-2.3010	0.1255	12	0.1143	12	0.4507
chr18	18000000	19000000	12	-2.3219	0.1259	12	0.1250	12	0.5284
chr18	19000000	20000000	12	-2.3620	0.1853	12	0.1125	12	0.5151
chr18	20000000	21000000	12	-2.0444	0.1298	12	0.1110	12	0.5154
chr18	21000000	22000000	12	0.0000	0.0454	11	0.0556	12	0.3839
chr18	22000000	23000000	12	0.0306	0.0195	12	0.0613	12	0.4396
chr18	23000000	24000000	12	0.0792	0.0506	12	0.0572	12	0.6650
chr18	24000000	25000000	12	0.0000	0.0171	12	0.0600	12	0.5699
chr18	25000000	26000000	12	-0.0219	0.0325	12	0.0600	12	0.6549
chr18	26000000	27000000	12	0.0000	0.0000	12	0.0588	12	0.6572
chr18	27000000	28000000	12	-0.0838	0.0340	12	0.0625	12	0.6633
chr18	28000000	29000000	12	-0.0931	0.0065	12	0.0659	12	0.6064
chr18	29000000	30000000	12	-0.0947	0.0106	12	0.0641	12	0.5334
chr18	30000000	31000000	12	-0.0903	0.0524	12	0.0600	12	0.6392
chr18	31000000	32000000	12	0.0000	0.0168	12	0.0625	12	0.6357
chr18	32000000	33000000	12	-0.0325	0.0221	12	0.0556	12	0.5850
chr18	33000000	34000000	12	-0.0862	0.0126	12	0.0642	12	0.6177
chr18	34000000	35000000	12	-0.0437	0.0058	12	0.0606	12	0.5844
chr18	35000000	36000000	12	0.0396	0.0151	12	0.0582	12	0.5738
chr18	36000000	37000000	12	0.0000	0.0168	12	0.0625	12	0.6419
chr18	37000000	38000000	12	0.0000	0.0000	12	0.0625	12	0.5680
chr18	38000000	39000000	12	-0.0753	0.0312	12	0.0647	12	0.6976
chr18	39000000	40000000	12	-0.0917	0.0084	12	0.0625	12	0.6607
chr18	40000000	41000000	12	-0.1078	0.0281	12	0.0633	12	0.6885
chr18	41000000	42000000	12	-0.0862	0.0103	12	0.0625	12	0.5293
chr18	42000000	43000000	12	-0.0862	0.0598	12	0.0600	12	0.6866
chr18	43000000	44000000	12	-0.0888	0.0191	12	0.0617	12	0.6940
chr18	44000000	45000000	12	-0.0444	0.0030	12	0.0572	12	0.6982
chr18	45000000	46000000	12	0.0317	0.0189	12	0.0588	12	0.7019
chr18	46000000	47000000	12	0.0419	0.0167	12	0.0594	12	0.6567
chr18	47000000	48000000	12	0.0000	0.0000	12	0.0605	12	0.5882
chr18	48000000	49000000	12	0.0875	0.0336	12	0.0572	12	0.6052
chr18	49000000	50000000	12	0.0451	0.0395	12	0.0600	12	0.5101
chr18	50000000	51000000	12	0.0317	0.0210	12	0.0588	12	0.4861
chr18	51000000	52000000	12	-0.0198	0.0310	12	0.0617	12	0.5700
chr18	52000000	53000000	12	-0.0588	0.0224	12	0.0612	12	0.5375
chr18	53000000	54000000	12	-0.0444	0.0041	12	0.0641	12	0.7425
chr18	54000000	55000000	12	0.0114	0.0168	12	0.0605	12	0.6018
chr18	55000000	56000000	12	-0.0115	0.0171	12	0.0597	12	0.6237
chr18	56000000	57000000	12	-0.0115	0.0171	12	0.0625	12	0.5839
chr18	57000000	58000000	12	0.0431	0.0185	12	0.0594	12	0.6023
chr18	58000000	59000000	12	0.0849	0.0480	12	0.0566	12	0.6208
chr18	59000000	60000000	12	0.0715	0.0309	12	0.0600	12	0.6933
chr18	60000000	61000000	12	0.0000	0.0000	12	0.0594	12	0.6536
chr18	61000000	62000000	12	-0.0424	0.0084	12	0.0599	12	0.6212
chr18	62000000	63000000	12	0.0424	0.0158	12	0.0564	12	0.6978
chr18	63000000	64000000	12	0.0781	0.0151	12	0.0600	12	0.6304
chr18	64000000	65000000	12	-0.0466	0.0426	12	0.0605	12	0.5831
chr18	65000000	66000000	12	-0.1176	0.0420	12	0.0625	12	0.6337
chr18	66000000	67000000	12	-0.1091	0.0329	12	0.0625	12	0.6546
chr18	67000000	68000000	12	-0.1256	0.0353	12	0.0629	12	0.5091
chr18	68000000	69000000	12	-0.0931	0.0361	12	0.0600	12	0.5246
chr18	69000000	70000000	12	-0.0407	0.0168	12	0.0596	12	0.4494
chr18	70000000	71000000	12	-0.0444	0.0032	12	0.0641	12	0.5096
chr18	71000000	72000000	12	-0.0931	0.0103	12	0.0600	12	0.5385
chr18	72000000	73000000	12	-0.0902	0.0186	12	0.0633	12	0.4814
chr18	73000000	74000000	12	-0.0903	0.0144	12	0.0633	12	0.5815
chr18	74000000	75000000	12	0.0000	0.0000	12	0.0591	12	0.5970
chr18	75000000	76000000	12	0.0000	0.0000	12	0.0588	12	0.5588
chr18	76000000	77000000	12	0.0412	0.0047	12	0.0605	12	0.5678
chr18	77000000	78000000	12	0.0000	0.0000	12	0.0610	12	0.5398
chr18	78000000	79000000	12	-0.0198	0.0293	12	0.0625	12	0.6202
chr18	79000000	80000000	12	0.0431	0.0611	12	0.0625	12	0.6413
chr18	80000000	80373285	12	0.0225	0.0319	12	0.0572	12	0.7271
chr19	0	1000000	12	0.0804	0.0646	12	0.0638	12	0.6699
chr19	1000000	2000000	12	0.2035	0.0793	12	0.0581	12	0.6898
chr19	2000000	3000000	12	0.1255	0.0556	12	0.0585	12	0.6128
chr19	3000000	4000000	12	0.1221	0.0532	12	0.0588	12	0.6872
chr19	4000000	5000000	12	0.0862	0.0591	12	0.0617	12	0.6734
chr19	5000000	6000000	12	0.1274	0.0594	12	0.0556	12	0.7140
chr19	6000000	7000000	12	0.0849	0.0480	12	0.0599	12	0.6377
chr19	7000000	8000000	12	0.0849	0.0525	12	0.0609	12	0.6182
chr19	8000000	9000000	12	0.0412	0.0329	12	0.0654	12	0.6241
chr19	9000000	10000000	12	0.0315	0.0351	12	0.0594	12	0.7725
chr19	10000000	11000000	12	0.1089	0.0356	12	0.0591	12	0.6829
chr19	11000000	12000000	12	0.0862	0.0585	12	0.0572	12	0.6077
chr19	12000000	13000000	12	0.0419	0.0611	12	0.0625	12	0.6563
chr19	13000000	14000000	12	0.0825	0.0414	12	0.0583	12	0.7184
chr19	14000000	15000000	12	0.0437	0.0594	12	0.0594	12	0.7305
chr19	15000000	16000000	12	0.0431	0.0185	12	0.0600	12	0.6477
chr19	16000000	17000000	12	0.1190	0.0528	12	0.0556	12	0.6036
chr19	17000000	18000000	12	0.1156	0.0329	12	0.0568	12	0.6371
chr19	18000000	19000000	12	0.1566	0.0498	12	0.0568	12	0.6654
chr19	19000000	20000000	12	0.0987	0.0454	12	0.0572	12	0.6622
chr19	20000000	21000000	12	0.0000	0.0171	12	0.0613	12	0.6389
chr19	21000000	22000000	12	-0.0451	0.0022	12	0.0625	12	0.5764
chr19	22000000	23000000	12	-0.0825	0.0387	12	0.0633	12	0.7059
chr19	23000000	24000000	12	-0.0753	0.0312	12	0.0613	12	0.3802
chr19	24000000	25000000	12	0.6147	0.1017	12	0.0804	12	0.8942
chr19	27000000	28000000	12	1.0665	0.1843	12	0.1358	12	0.7390
chr19	28000000	29000000	12	-0.0117	0.0429	12	0.0600	12	0.5992
chr19	29000000	30000000	12	0.0444	0.0434	12	0.0594	12	0.6402
chr19	30000000	31000000	12	0.0000	0.0000	12	0.0600	12	0.6747
chr19	31000000	32000000	12	-0.0115	0.0171	12	0.0617	12	0.7261
chr19	32000000	33000000	12	0.0317	0.0210	11	0.0610	12	0.6450
chr19	33000000	34000000	12	0.0825	0.0575	12	0.0597	12	0.7120
chr19	34000000	35000000	12	0.0609	0.0275	12	0.0594	12	0.6710
chr19	35000000	36000000	12	0.0862	0.0436	12	0.0566	12	0.6960
chr19	36000000	37000000	12	0.0419	0.0044	12	0.0594	12	0.6714
chr19	37000000	38000000	12	0.0215	0.0329	12	0.0595	12	0.7281
chr19	38000000	39000000	12	0.0825	0.0645	12	0.0588	12	0.7246
chr19	39000000	40000000	12	0.0444	0.0205	12	0.0625	12	0.5753
chr19	40000000	41000000	12	0.0444	0.0451	12	0.0600	12	0.6630
chr19	41000000	42000000	12	0.0781	0.0309	12	0.0597	12	0.6606
chr19	42000000	43000000	12	0.0623	0.0480	12	0.0602	12	0.8955
chr19	43000000	44000000	12	0.0437	0.0065	12	0.0607	12	0.6986
chr19	44000000	45000000	12	0.0437	0.0195	12	0.0610	12	0.7300
chr19	45000000	46000000	12	0.1047	0.0563	12	0.0556	12	0.7010
chr19	46000000	47000000	12	0.0825	0.0321	12	0.0602	12	0.6657
chr19	47000000	48000000	12	0.0408	0.0604	12	0.0587	12	0.5810
chr19	48000000	49000000	12	0.0431	0.0594	12	0.0607	12	0.7098
chr19	49000000	50000000	12	0.1156	0.0586	12	0.0591	12	0.7539
chr19	50000000	51000000	12	0.0425	0.0630	12	0.0607	12	0.6447
chr19	51000000	52000000	12	0.0437	0.0443	12	0.0594	12	0.6567
chr19	52000000	53000000	12	0.0000	0.0000	12	0.0625	12	0.6644
chr19	53000000	54000000	12	0.0000	0.0293	12	0.0625	12	0.6568
chr19	54000000	55000000	12	0.0419	0.0443	12	0.0602	12	0.6350
chr19	55000000	56000000	12	0.0203	0.0319	12	0.0600	12	0.6248
chr19	56000000	57000000	12	0.0000	0.0171	12	0.0612	12	0.6233
chr19	57000000	58000000	12	0.0000	0.0171	12	0.0610	12	0.5805
chr19	58000000	58617616	12	0.0609	0.0310	12	0.0600	12	0.6105
chr20	0	1000000	12	0.0609	0.0275	12	0.0625	12	0.6687
chr20	1000000	2000000	12	0.0424	0.0029	12	0.0581	12	0.6596
chr20	2000000	3000000	12	0.0437	0.0426	12	0.0591	12	0.5709
chr20	3000000	4000000	12	0.0804	0.0524	12	0.0575	12	0.5108
chr20	4000000	5000000	12	0.0602	0.0348	12	0.0597	12	0.6157
chr20	5000000	6000000	12	0.0444	0.0395	12	0.0597	12	0.7085
chr20	6000000	7000000	12	0.0000	0.0000	12	0.0588	12	0.6269
chr20	7000000	8000000	12	-0.0825	0.0168	12	0.0615	12	0.6189
chr20	8000000	9000000	12	-0.0444	0.0030	12	0.0600	12	0.7247
chr20	9000000	10000000	12	-0.0451	0.0191	12	0.0629	12	0.6444
chr20	10000000	11000000	12	-0.0313	0.0363	11	0.0600	12	0.7116
chr20	11000000	12000000	12	-0.0451	0.0031	11	0.0613	12	0.6197
chr20	12000000	13000000	12	-0.0753	0.0312	11	0.0625	12	0.6753
chr20	13000000	14000000	12	-0.0229	0.0340	11	0.0610	12	0.5770
chr20	14000000	15000000	12	-0.0466	0.0078	12	0.0591	12	0.5619
chr20	15000000	16000000	12	-0.0451	0.0423	12	0.0607	12	0.6457
chr20	16000000	17000000	12	-0.0451	0.0020	12	0.0625	12	0.6775
chr20	17000000	18000000	12	0.0000	0.0000	12	0.0597	12	0.5939
chr20	18000000	19000000	12	0.0000	0.0000	12	0.0588	12	0.6299
chr20	19000000	20000000	12	0.0000	0.0000	12	0.0585	12	0.6950
chr20	20000000	21000000	12	0.0114	0.0301	12	0.0621	12	0.5889
chr20	21000000	22000000	12	0.0000	0.0000	12	0.0610	12	0.6296
chr20	22000000	23000000	12	-0.0458	0.0053	12	0.0600	12	0.6422
chr20	23000000	24000000	12	0.0000	0.0000	12	0.0612	12	0.5314
chr20	24000000	25000000	12	0.0412	0.0068	12	0.0587	12	0.7052
chr20	25000000	26000000	12	0.1179	0.0425	12	0.0673	12	0.7142
chr20	26000000	27000000	12	-0.6169	0.0861	12	0.0882	12	0.5791
chr20	27000000	28000000	12	-2.7225	0.2243	12	0.1202	12	0.4321
chr20	28000000	29000000	12	0.9224	0.0707	12	0.1218	12	0.8878
chr20	29000000	30000000	12	0.9083	0.0434	12	0.0948	12	0.8844
chr20	30000000	31000000	12	0.6373	0.1225	12	0.1087	12	0.8936
chr20	31000000	32000000	12	0.3565	0.1103	12	0.0923	12	0.7545
chr20	32000000	33000000	12	0.0825	0.0321	12	0.0583	12	0.6694
chr20	33000000	34000000	12	0.0964	0.0409	12	0.0572	12	0.7168
chr20	34000000	35000000	12	0.0825	0.0341	12	0.0613	12	0.7141
chr20	35000000	36000000	12	0.0451	0.0395	12	0.0585	12	0.5845
chr20	36000000	37000000	12	0.0623	0.0480	12	0.0614	12	0.7368
chr20	37000000	38000000	12	0.1156	0.0371	12	0.0588	12	0.6852
chr20	38000000	39000000	12	0.0748	0.0440	12	0.0593	12	0.6706
chr20	39000000	40000000	12	0.0000	0.0456	12	0.0600	12	0.6871
chr20	40000000	41000000	12	0.0437	0.0042	12	0.0594	12	0.6591
chr20	41000000	42000000	12	0.0396	0.0586	12	0.0585	12	0.7589
chr20	42000000	43000000	12	0.0000	0.0171	12	0.0629	12	0.7259
chr20	43000000	44000000	12	0.0431	0.0426	12	0.0588	12	0.6010
chr20	44000000	45000000	12	0.0849	0.0151	12	0.0588	12	0.6682
chr20	45000000	46000000	12	0.0444	0.0180	12	0.0588	12	0.7466
chr20	46000000	47000000	12	0.0849	0.0198	12	0.0566	12	0.6701
chr20	47000000	48000000	12	0.0825	0.0555	12	0.0594	12	0.6993
chr20	48000000	49000000	12	0.0849	0.0525	12	0.0610	12	0.6745
chr20	49000000	50000000	12	0.0837	0.0540	12	0.0587	12	0.6596
chr20	50000000	51000000	12	0.1255	0.0148	12	0.0594	12	0.6981
chr20	51000000	52000000	12	0.0431	0.0049	12	0.0594	12	0.6404
chr20	52000000	53000000	12	0.0000	0.0490	12	0.0594	12	0.6243
chr20	53000000	54000000	12	0.0444	0.0020	12	0.0587	12	0.7412
chr20	54000000	55000000	12	0.0396	0.0093	12	0.0585	12	0.7286
chr20	55000000	56000000	12	-0.0458	0.0050	12	0.0610	12	0.5709
chr20	56000000	57000000	12	0.0412	0.0047	12	0.0607	12	0.5286
chr20	57000000	58000000	12	0.1156	0.0290	12	0.0583	12	0.6806
chr20	58000000	59000000	12	0.0736	0.0309	12	0.0564	12	0.6572
chr20	59000000	60000000	12	0.0444	0.0065	12	0.0585	12	0.6654
chr20	60000000	61000000	12	-0.0424	0.0191	12	0.0621	12	0.5928
chr20	61000000	62000000	12	0.0458	0.0579	12	0.0625	12	0.6369
chr20	62000000	63000000	12	0.2065	0.0527	12	0.0556	12	0.5817
chr20	63000000	64000000	12	0.1981	0.0614	12	0.0585	12	0.6726
chr20	64000000	64444167	12	0.0825	0.0488	12	0.0667	12	0.6568
chr21	5000000	6000000	12	0.4820	0.4686	12	0.1083	12	0.5647
chr21	6000000	7000000	12	-1.0237	0.3696	12	0.1256	12	0.5879
chr21	7000000	8000000	12	1.7768	0.2626	12	0.1528	12	0.9166
chr21	8000000	9000000	12	0.8334	0.2173	12	0.1362	12	0.7051
chr21	9000000	10000000	12	0.9312	0.2088	12	0.1317	12	0.6555
chr21	10000000	11000000	12	1.6715	0.1206	12	0.1567	12	0.8520
chr21	12000000	13000000	12	1.2062	0.0401	12	0.1834	12	0.9953
chr21	13000000	14000000	12	0.0329	0.0488	12	0.0714	12	0.6807
chr21	14000000	15000000	12	0.0306	0.0205	12	0.0594	12	0.6791
chr21	15000000	16000000	12	-0.0198	0.0329	12	0.0597	12	0.6634
chr21	16000000	17000000	12	-0.0917	0.0084	12	0.0615	12	0.4846
chr21	17000000	18000000	12	-0.0825	0.0168	12	0.0610	12	0.7012
chr21	18000000	19000000	12	-0.0753	0.0340	12	0.0600	12	0.6226
chr21	19000000	20000000	12	-0.0947	0.0385	12	0.0625	12	0.6559
chr21	20000000	21000000	12	-0.1078	0.0260	12	0.0625	12	0.5587
chr21	21000000	22000000	12	-0.0947	0.0213	12	0.0625	12	0.5180
chr21	22000000	23000000	12	-0.1078	0.0260	12	0.0625	12	0.5792
chr21	23000000	24000000	12	-0.0917	0.0084	12	0.0628	12	0.6657
chr21	24000000	25000000	12	-0.0222	0.0330	12	0.0614	12	0.5854
chr21	25000000	26000000	12	0.0451	0.0395	12	0.0588	12	0.6191
chr21	26000000	27000000	12	-0.0115	0.0451	12	0.0591	12	0.6676
chr21	27000000	28000000	12	-0.0875	0.0383	12	0.0610	12	0.5854
chr21	28000000	29000000	12	0.0000	0.0464	12	0.0605	12	0.5850
chr21	29000000	30000000	12	0.0431	0.0038	12	0.0568	12	0.5145
chr21	30000000	31000000	12	-0.0451	0.0041	12	0.0591	12	0.7266
chr21	31000000	32000000	12	0.0000	0.0000	12	0.0591	12	0.6834
chr21	32000000	33000000	12	0.0425	0.0307	12	0.0611	12	0.6882
chr21	33000000	34000000	12	0.0849	0.0336	12	0.0591	12	0.6427
chr21	34000000	35000000	12	0.0849	0.0198	12	0.0600	12	0.6412
chr21	35000000	36000000	12	0.0000	0.0000	12	0.0597	12	0.6239
chr21	36000000	37000000	12	0.0609	0.0275	12	0.0583	12	0.6540
chr21	37000000	38000000	12	0.0396	0.0171	12	0.0588	12	0.6560
chr21	38000000	39000000	12	0.0000	0.0000	12	0.0591	12	0.6703
chr21	39000000	40000000	12	0.0000	0.0000	12	0.0625	12	0.5978
chr21	40000000	41000000	12	-0.0444	0.0030	12	0.0600	12	0.6658
chr21	41000000	42000000	12	0.0849	0.0590	12	0.0568	12	0.6743
chr21	42000000	43000000	12	0.1221	0.0160	12	0.0588	12	0.5936
chr21	43000000	44000000	12	0.1566	0.0588	12	0.0568	12	0.6064
chr21	44000000	45000000	12	0.1675	0.0578	12	0.0589	12	0.5671
chr21	45000000	46000000	12	0.1293	0.0489	12	0.0594	12	0.7120
chr21	46000000	46709983	12	0.0437	0.0426	12	0.0647	12	0.6968
chr22	10000000	11000000	12	1.7550	0.1147	12	0.1367	12	0.8226
chr22	11000000	12000000	12	1.0653	0.1340	12	0.1181	12	0.8962
chr22	12000000	13000000	12	0.9213	0.0884	12	0.1147	12	0.8849
chr22	15000000	16000000	12	-0.3681	0.0606	12	0.1000	12	0.5337
chr22	16000000	17000000	12	0.0203	0.0328	12	0.0769	12	0.6671
chr22	17000000	18000000	12	0.0781	0.0320	12	0.0621	12	0.6865
chr22	18000000	19000000	12	-0.4726	0.1696	12	0.0768	12	0.5028
chr22	19000000	20000000	12	0.1190	0.0447	12	0.0583	12	0.6488
chr22	20000000	21000000	12	0.1274	0.0489	12	0.0600	12	0.6639
chr22	21000000	22000000	12	-0.1112	0.1000	12	0.0690	12	0.4717
chr22	22000000	23000000	12	-0.0673	0.1583	12	0.0653	12	0.5969
chr22	23000000	24000000	12	0.1255	0.0341	12	0.0605	12	0.5822
chr22	24000000	25000000	12	0.0849	0.0310	12	0.0613	12	0.7360
chr22	25000000	26000000	12	0.0825	0.0555	12	0.0610	12	0.6348
chr22	26000000	27000000	12	0.0444	0.0212	12	0.0600	12	0.6385
chr22	27000000	28000000	12	0.0437	0.0049	11	0.0600	12	0.6924
chr22	28000000	29000000	12	0.0323	0.0478	11	0.0617	12	0.6302
chr22	29000000	30000000	12	0.0980	0.0204	11	0.0594	12	0.7160
chr22	30000000	31000000	12	0.1044	0.0341	11	0.0588	12	0.6519
chr22	31000000	32000000	12	0.0630	0.0325	12	0.0591	12	0.7382
chr22	32000000	33000000	12	0.0114	0.0301	12	0.0602	12	0.6887
chr22	33000000	34000000	12	0.0114	0.0301	12	0.0594	12	0.7158
chr22	34000000	35000000	12	0.0000	0.0000	11	0.0600	12	0.6080
chr22	35000000	36000000	12	0.0862	0.0506	12	0.0581	12	0.6619
chr22	36000000	37000000	12	0.1203	0.0133	12	0.0588	12	0.6250
chr22	37000000	38000000	12	0.1699	0.0418	12	0.0588	12	0.6363
chr22	38000000	39000000	12	0.1274	0.0509	12	0.0568	12	0.6560
chr22	39000000	40000000	12	0.1651	0.0470	12	0.0568	12	0.6224
chr22	40000000	41000000	12	0.0444	0.0426	12	0.0622	12	0.5798
chr22	41000000	42000000	12	0.0862	0.0540	12	0.0588	12	0.6393
chr22	42000000	43000000	12	0.1255	0.0281	12	0.0607	12	0.7646
chr22	43000000	44000000	12	0.1221	0.0351	12	0.0588	12	0.6890
chr22	44000000	45000000	12	0.1255	0.0583	12	0.0568	12	0.6608
chr22	45000000	46000000	12	0.1031	0.0361	12	0.0572	12	0.6662
chr22	46000000	47000000	12	0.1566	0.0498	12	0.0588	12	0.5936
chr22	47000000	48000000	12	0.0523	0.0275	12	0.0600	12	0.6850
chr22	48000000	49000000	12	0.0565	0.0251	12	0.0600	12	0.6573
chr22	49000000	50000000	12	0.1221	0.0594	12	0.0587	12	0.5833
chr22	50000000	50818468	12	0.1298	0.0555	12	0.0613	12	0.7046
chrX	2000000	3000000	12	0.0466	0.0690	7	0.0625	12	0.3865
chrX	3000000	4000000	12	-0.0325	0.0363	7	0.0652	12	0.5216
chrX	4000000	5000000	12	-0.0890	0.0216	7	0.0625	12	0.4088
chrX	5000000	6000000	12	-0.0947	0.0873	7	0.0667	12	0.4858
chrX	6000000	7000000	12	-0.0438	0.0650	7	0.0600	12	0.6078
chrX	7000000	8000000	12	-0.0438	0.0594	7	0.0625	12	0.3293
chrX	8000000	9000000	12	-0.0947	0.0215	7	0.0625	12	0.6012
chrX	9000000	10000000	12	0.0306	0.0648	7	0.0641	12	0.6064
chrX	10000000	11000000	12	0.0000	0.0603	7	0.0641	12	0.3533
chrX	11000000	12000000	12	0.0396	0.0586	7	0.0600	12	0.2996
chrX	12000000	13000000	12	0.0616	0.0383	7	0.0600	12	0.5084
chrX	13000000	14000000	12	0.0875	0.0494	7	0.0581	12	0.4564
chrX	14000000	15000000	12	-0.0115	0.0432	7	0.0625	12	0.5236
chrX	15000000	16000000	12	0.0523	0.0563	7	0.0625	12	0.4895
chrX	16000000	17000000	12	0.0000	0.0456	7	0.0625	12	0.5413
chrX	17000000	18000000	12	0.0000	0.0171	7	0.0588	12	0.4915
chrX	18000000	19000000	12	0.0000	0.0690	7	0.0625	12	0.2332
chrX	19000000	20000000	12	0.0000	0.0690	7	0.0588	12	0.5138
chrX	20000000	21000000	12	-0.0325	0.0476	7	0.0652	12	0.5283
chrX	21000000	22000000	12	-0.0812	0.0955	7	0.0676	12	0.4857
chrX	22000000	23000000	12	-0.0466	0.0690	7	0.0625	12	0.6303
chrX	23000000	24000000	12	0.0000	0.0633	7	0.0613	12	0.3502
chrX	24000000	25000000	12	0.0114	0.0859	7	0.0641	12	0.5672
chrX	25000000	26000000	12	-0.0438	0.0650	7	0.0641	12	0.6218
chrX	26000000	27000000	11	-0.0849	0.0550	7	0.0641	11	0.6926
chrX	27000000	28000000	12	-0.0947	0.0439	7	0.0625	12	0.4664
chrX	28000000	29000000	12	-0.0776	0.0806	7	0.0600	12	0.5429
chrX	29000000	30000000	12	-0.0427	0.0633	7	0.0625	12	0.7183
chrX	30000000	31000000	12	0.0237	0.0946	7	0.0625	12	0.6745
chrX	31000000	32000000	12	0.0000	0.0633	7	0.0641	12	0.7055
chrX	32000000	33000000	12	-0.0947	0.0608	7	0.0625	12	0.6189
chrX	33000000	34000000	12	-0.0947	0.0255	7	0.0667	12	0.2820
chrX	34000000	35000000	12	-0.0947	0.0439	7	0.0652	12	0.3142
chrX	35000000	36000000	12	-0.0947	0.0534	7	0.0613	12	0.2413
chrX	36000000	37000000	12	-0.0653	0.0567	7	0.0600	12	0.6426
chrX	37000000	38000000	12	0.0000	0.0955	7	0.0600	12	0.5953
chrX	38000000	39000000	12	0.0000	0.0713	7	0.0588	12	0.6889
chrX	39000000	40000000	12	0.0440	0.0645	7	0.0588	12	0.6485
chrX	40000000	41000000	12	0.0440	0.0652	7	0.0633	12	0.5061
chrX	41000000	42000000	12	0.0630	0.0522	7	0.0610	12	0.6972
chrX	42000000	43000000	12	-0.0115	0.0293	7	0.0652	12	0.5513
chrX	43000000	44000000	12	-0.0438	0.0650	7	0.0625	12	0.2860
chrX	44000000	45000000	12	-0.0596	0.0713	7	0.0659	12	0.5069
chrX	45000000	46000000	12	0.0000	0.0650	7	0.0625	12	0.3902
chrX	46000000	47000000	12	0.0000	0.0690	7	0.0652	12	0.3595
chrX	47000000	48000000	12	0.0000	0.0690	7	0.0667	12	0.4656
chrX	48000000	49000000	12	0.0000	0.0511	7	0.0647	12	0.2192
chrX	49000000	50000000	12	0.0000	0.0999	7	0.0556	12	0.1554
chrX	50000000	51000000	12	-0.0581	0.0738	7	0.0600	12	0.1472
chrX	51000000	52000000	12	-0.0776	0.0387	7	0.0652	12	0.1732
chrX	52000000	53000000	12	-0.0753	0.0398	7	0.0604	12	0.1714
chrX	53000000	54000000	12	0.0000	0.0511	7	0.0556	12	0.3276
chrX	54000000	55000000	12	-0.0454	0.0708	7	0.0605	12	0.1521
chrX	55000000	56000000	12	-0.0198	0.0409	7	0.0556	12	0.0344
chrX	56000000	57000000	12	-0.0438	0.0594	7	0.0617	12	0.0322
chrX	57000000	58000000	12	-0.0115	0.0171	7	0.0578	12	0.1096
chrX	58000000	59000000	12	-0.3957	0.2339	7	0.0568	12	0.2118
chrX	59000000	60000000	12	-2.4086	0.0934	3	0.0833	2	0.1417
chrX	60000000	61000000	12	-2.4150	0.1030	4	0.1012	0	NA
chrX	61000000	62000000	12	-2.4150	0.1950	4	0.1028	5	0.3200
chrX	62000000	63000000	12	-0.4506	0.1334	7	0.0909	12	0.3540
chrX	63000000	64000000	12	-0.1144	0.0971	7	0.0714	12	0.4807
chrX	64000000	65000000	12	-0.0931	0.0761	7	0.0652	12	0.4194
chrX	65000000	66000000	12	-0.0528	0.0782	7	0.0556	12	0.4323
chrX	66000000	67000000	12	-0.0438	0.0650	7	0.0625	12	0.0864
chrX	67000000	68000000	12	-0.0931	0.0255	7	0.0600	12	0.0877
chrX	68000000	69000000	12	-0.0825	0.0228	7	0.0641	12	0.5156
chrX	69000000	70000000	12	-0.0325	0.0481	7	0.0652	12	0.2483
chrX	70000000	71000000	12	-0.0115	0.0763	7	0.0625	12	0.1937
chrX	71000000	72000000	12	-0.0115	0.0508	7	0.0600	12	0.3516
chrX	72000000	73000000	12	-0.0438	0.0650	7	0.0600	12	0.1058
chrX	73000000	74000000	12	-0.0931	0.0255	7	0.0556	12	0.1539
chrX	74000000	75000000	12	-0.0229	0.0374	7	0.0625	12	0.1538
chrX	75000000	76000000	12	-0.0438	0.0650	7	0.0625	12	0.0621
chrX	76000000	77000000	12	-0.0890	0.0469	7	0.0617	12	0.0477
chrX	77000000	78000000	12	-0.0438	0.0650	7	0.0556	12	0.0863
chrX	78000000	79000000	12	-0.0407	0.0522	7	0.0627	12	0.1326
chrX	79000000	80000000	12	-0.0407	0.0522	7	0.0625	12	0.3345
chrX	80000000	81000000	12	-0.0481	0.0713	7	0.0625	12	0.3123
chrX	81000000	82000000	12	-0.0931	0.0631	7	0.0652	12	0.1764
chrX	82000000	83000000	12	-0.1062	0.0268	7	0.0641	12	0.2215
chrX	83000000	84000000	12	-0.0947	0.0608	7	0.0674	12	0.4264
chrX	84000000	85000000	12	-0.0890	0.0786	7	0.0625	12	0.2513
chrX	85000000	86000000	12	-0.0931	0.0596	7	0.0641	12	0.5653
chrX	86000000	87000000	12	-0.1078	0.0508	7	0.0647	12	0.4993
chrX	87000000	88000000	12	-0.1078	0.0414	7	0.0610	12	0.2624
chrX	88000000	89000000	12	-0.1243	0.0462	7	0.0625	12	0.6806
chrX	89000000	90000000	12	-0.1062	0.0567	7	0.0667	12	0.2662
chrX	90000000	91000000	12	-0.1094	0.0690	7	0.0667	12	0.4392
chrX	91000000	92000000	12	-0.1094	0.0268	7	0.0652	12	0.4493
chrX	92000000	93000000	12	-0.1094	0.0242	7	0.0667	12	0.5786
chrX	93000000	94000000	12	-0.0979	0.0437	7	0.0625	12	0.5157
chrX	94000000	95000000	12	-0.0939	0.0713	7	0.0652	12	0.2073
chrX	95000000	96000000	12	-0.0947	0.0873	7	0.0652	12	0.3986
chrX	96000000	97000000	12	-0.0931	0.0109	7	0.0641	12	0.6167
chrX	97000000	98000000	12	-0.0596	0.0519	7	0.0625	12	0.3119
chrX	98000000	99000000	12	-0.0947	0.0554	7	0.0652	12	0.3210
chrX	99000000	100000000	12	-0.0979	0.0268	7	0.0639	12	0.1405
chrX	100000000	101000000	12	-0.0438	0.0650	7	0.0625	12	0.3927
chrX	101000000	102000000	12	-0.0438	0.0594	7	0.0588	12	0.4548
chrX	102000000	103000000	12	-0.0890	0.0383	7	0.0610	12	0.1589
chrX	103000000	104000000	12	-0.0313	0.0363	7	0.0641	12	0.3026
chrX	104000000	105000000	12	-0.0657	0.0904	7	0.0625	12	0.2348
chrX	105000000	106000000	12	-0.0931	0.0713	7	0.0572	12	0.3541
chrX	106000000	107000000	12	-0.0939	0.0084	7	0.0667	12	0.1159
chrX	107000000	108000000	12	0.0000	0.0171	6	0.0585	12	0.2247
chrX	108000000	109000000	12	-0.0333	0.0493	7	0.0556	12	0.0973
chrX	109000000	110000000	12	-0.0115	0.0461	7	0.0625	12	0.2310
chrX	110000000	111000000	12	0.0114	0.0882	7	0.0633	12	0.3115
chrX	111000000	112000000	12	-0.0561	0.0832	7	0.0699	12	0.2455
chrX	112000000	113000000	12	-0.0931	0.0071	7	0.0641	12	0.6367
chrX	113000000	114000000	12	-0.0581	0.0738	7	0.0594	12	0.2692
chrX	114000000	115000000	12	-0.0979	0.0338	7	0.0652	12	0.3093
chrX	115000000	116000000	12	-0.0675	0.0567	7	0.0605	12	0.3192
chrX	116000000	117000000	12	-0.0596	0.0435	7	0.0610	12	0.4261
chrX	117000000	118000000	12	-0.0325	0.0481	7	0.0633	12	0.3767
chrX	118000000	119000000	12	0.0000	0.0633	7	0.0625	12	0.5934
chrX	119000000	120000000	12	0.0659	0.0405	7	0.0633	12	0.3030
chrX	120000000	121000000	12	-0.0198	0.0386	7	0.0714	12	0.4080
chrX	121000000	122000000	12	-0.0581	0.0590	7	0.0600	12	0.4100
chrX	122000000	123000000	12	-0.0466	0.0690	7	0.0652	12	0.4966
chrX	123000000	124000000	12	-0.0561	0.0713	7	0.0667	12	0.4418
chrX	124000000	125000000	12	-0.0454	0.0673	7	0.0625	12	0.5314
chrX	125000000	126000000	12	-0.0947	0.0348	7	0.0594	12	0.5081
chrX	126000000	127000000	12	-0.0979	0.0486	7	0.0600	12	0.5355
chrX	127000000	128000000	12	-0.1094	0.0389	7	0.0600	12	0.3370
chrX	128000000	129000000	12	-0.0588	0.0872	7	0.0652	12	0.3045
chrX	129000000	130000000	12	-0.0198	0.0386	7	0.0646	12	0.5482
chrX	130000000	131000000	12	0.0000	0.0679	7	0.0556	12	0.1855
chrX	131000000	132000000	12	-0.0438	0.0315	7	0.0600	12	0.4627
chrX	132000000	133000000	12	-0.0407	0.0603	7	0.0600	12	0.2863
chrX	133000000	134000000	12	-0.0454	0.0673	7	0.0588	12	0.3730
chrX	134000000	135000000	12	0.0000	0.0945	7	0.0556	12	0.5026
chrX	135000000	136000000	12	-0.0313	0.0363	7	0.0625	12	0.2422
chrX	136000000	137000000	12	-0.0115	0.0478	7	0.0625	12	0.3687
chrX	137000000	138000000	12	-0.0325	0.0481	7	0.0652	12	0.1987
chrX	138000000	139000000	12	-0.0890	0.0712	7	0.0641	12	0.2790
chrX	139000000	140000000	12	-0.0753	0.0428	7	0.0652	12	0.3592
chrX	140000000	141000000	12	-0.1062	0.0437	7	0.0617	12	0.4785
chrX	141000000	142000000	12	-0.1307	0.1021	7	0.0654	12	0.3718
chrX	142000000	143000000	12	-0.1243	0.0462	7	0.0647	12	0.4448
chrX	143000000	144000000	12	-0.0931	0.0217	7	0.0600	12	0.4595
chrX	144000000	145000000	12	-0.1560	0.0932	7	0.0667	12	0.3703
chrX	145000000	146000000	12	-0.1078	0.1054	7	0.0625	12	0.4738
chrX	146000000	147000000	12	-0.1062	0.0437	7	0.0625	12	0.4303
chrX	147000000	148000000	12	-0.0939	0.0790	7	0.0625	12	0.5151
chrX	148000000	149000000	12	-0.0947	0.0608	7	0.0659	12	0.3589
chrX	149000000	150000000	12	-0.0753	0.0335	6	0.0646	12	0.0362
chrX	150000000	151000000	12	0.0000	0.0690	7	0.0594	12	0.4252
chrX	151000000	152000000	12	-0.0438	0.0594	7	0.0610	12	0.5470
chrX	152000000	153000000	12	-0.0581	0.0861	7	0.0600	12	0.3241
chrX	153000000	154000000	12	0.0875	0.0672	7	0.0588	12	0.4886
chrX	154000000	155000000	12	0.0451	0.0648	7	0.0556	12	0.1190
chrX	155000000	156000000	12	-0.0438	0.0650	7	0.0667	12	0.0406
chrY	3000000	4000000	5	-0.8745	0.2370	0	NA	5	0.0000
chrY	4000000	5000000	4	-1.1935	0.1901	0	NA	4	0.0000
chrY	5000000	6000000	4	-1.1125	0.0680	0	NA	4	0.0000
chrY	6000000	7000000	4	-1.1125	0.0690	0	NA	4	0.0000
chrY	7000000	8000000	4	-1.0688	0.1019	0	NA	4	0.0000
chrY	8000000	9000000	4	-1.1590	0.0409	0	NA	4	0.0000
chrY	9000000	10000000	5	-1.1375	0.0639	0	NA	4	0.0000
chrY	10000000	11000000	5	-0.4594	0.0873	0	NA	5	0.0000
chrY	11000000	12000000	5	0.9556	0.1082	0	NA	5	0.0000
chrY	12000000	13000000	4	-1.1132	0.0319	0	NA	4	0.0000
chrY	13000000	14000000	4	-1.0222	0.1053	0	NA	4	0.0000
chrY	14000000	15000000	4	-1.1153	0.0329	0	NA	4	0.0000
chrY	15000000	16000000	4	-1.1153	0.0648	0	NA	4	0.0000
chrY	16000000	17000000	4	-1.1125	0.0371	0	NA	4	0.0000
chrY	17000000	18000000	4	-1.2370	0.0769	0	NA	4	0.0000
chrY	19000000	20000000	4	-1.0903	0.0361	0	NA	4	0.0000
chrY	20000000	21000000	5	-1.5850	0.2039	0	NA	5	0.0000
chrY	21000000	22000000	4	-1.1369	0.1053	0	NA	4	0.0000
chrY	22000000	23000000	1	-1.7655	NA	0	NA	0	NA
chrY	26000000	27000000	5	0.3819	0.3011	0	NA	5	0.0000
chrY	56000000	57000000	5	2.4361	0.0271	0	NA	5	0.0000
