chrom	start	end	gc	panel_median	panel_rsd	masked	panel_bdev	masked_bands	child_n_sites	child_depth	child_lrr	child_lrr_gc	child_n_called	child_n_het	child_het_rate	child_bdev	child_het_rel	father_n_sites	father_depth	father_lrr	father_lrr_gc	father_n_called	father_n_het	father_het_rate	father_bdev	father_het_rel	mother_n_sites	mother_depth	mother_lrr	mother_lrr_gc	mother_n_called	mother_n_het	mother_het_rate	mother_bdev	mother_het_rel	child_vs_mid	father_vs_mother
chr1	0	1000000	0.4565	-0.0698	0.0792	0	0.0756	0	1266	33.8	0.09303	0.1479	955	391	0.4094	0.07143	1.015	1269	31.74	-0.06595	0.01081	928	366	0.3944	0.08137	0.9779	1334	31.86	0.06998	0.1082	972	432	0.4444	0.07143	1.102	0.07039	-0.01233
chr1	1000000	2000000	0.5729	0.1623	0.044	0	0.0599	0	1697	37.59	0.2464	0.004864	1575	886	0.5625	0.05319	1.02	1577	36.91	0.1516	0.01143	1483	787	0.5307	0.05882	0.9621	1636	35.96	0.2446	4.043e-06	1514	600	0.3963	0.05848	0.7185	0.06711	0.03847
chr1	2000000	3000000	0.5837	0.1363	0.0704	0	0.0609	0	1633	37.29	0.2348	0.01933	1410	975	0.6915	0.05814	1.005	1701	35.02	0.07575	-0.03581	1452	1104	0.7603	0.05882	1.105	1424	36	0.2462	0.03051	1214	611	0.5033	0.0641	0.7314	0.06871	0
chr1	3000000	4000000	0.5647	0.1493	0.0317	0	0.0581	0	1807	37.48	0.2421	0.01437	1742	1327	0.7618	0.05882	1.174	1649	36.75	0.1453	0.01761	1597	1017	0.6368	0.05882	0.9818	1566	34.94	0.2031	-0.02437	1500	907	0.6047	0.05882	0.9323	0.08343	0.07497
chr1	4000000	5000000	0.479	0.007	0.0106	0	0.0605	0	2148	32.58	0.0401	0.009806	2110	1170	0.5545	0.06	0.8617	2009	32.97	-0.01129	-0.001829	1983	1289	0.65	0.05882	1.01	2085	30.44	0.004189	-0.05167	2038	1219	0.5981	0.06522	0.9295	0.0458	0.1031
chr1	5000000	6000000	0.4723	0.0276	0.0233	0	0.0594	0	1555	33.22	0.06802	0.01685	1546	1122	0.7257	0.05556	1.066	1390	32.54	-0.03031	-0.04634	1378	885	0.6422	0.06	0.9432	1559	30.75	0.01894	-0.05883	1549	931	0.601	0.0625	0.8827	0.0581	0.1043
chr1	6000000	7000000	0.5163	0.0934	0.0403	0	0.0614	0	1274	35.23	0.153	0.004295	1242	1022	0.8229	0.05882	1.223	1076	35.61	0.09989	0.02041	1062	805	0.758	0.06	1.126	1207	34.03	0.1652	0	1191	847	0.7112	0.0641	1.057	0.04244	0.05889
chr1	7000000	8000000	0.4778	0.0628	0.0311	0	0.0588	0	1472	33.83	0.09438	0.003378	1459	948	0.6498	0.05882	1.049	1493	34.11	0.03785	-0.007737	1476	915	0.6199	0.06	1.001	1637	32.22	0.08633	-0.02609	1630	1228	0.7534	0.05848	1.216	0.02137	0.122
chr1	8000000	9000000	0.4455	0.0435	0.0459	0	0.0585	0	1192	33.54	0.0819	0.03473	1184	781	0.6596	0.0625	1.09	1007	34	0.03323	0.00438	990	723	0.7303	0.05882	1.207	1095	32.66	0.1057	0.03707	1080	920	0.8519	0.06	1.408	-0.01839	0.076
chr1	9000000	10000000	0.5015	0.112	0.0388	0	0.0585	0	1137	34.44	0.12	-0.03048	1117	663	0.5936	0.06	0.9699	1102	35.21	0.08366	-0.01045	1086	620	0.5709	0.05319	0.9328	1132	34.14	0.1697	-0.001141	1111	722	0.6499	0.05941	1.062	-0.0217	0.04009
chr1	10000000	11000000	0.4808	0.0868	0.0348	0	0.0556	0	1157	34.74	0.1328	0.02225	1146	477	0.4162	0.05556	0.61	1147	34.73	0.06373	-0.01132	1137	773	0.6799	0.05814	0.9963	1209	33.27	0.1328	0.001641	1200	762	0.635	0.05882	0.9305	0.02137	0.04307
chr1	11000000	12000000	0.5004	0.1144	0.0504	0	0.0556	0	1239	35.12	0.1486	-0.002317	1232	584	0.474	0.05556	0.9607	1225	35.35	0.0893	-0.007614	1221	835	0.6839	0.05556	1.386	1106	33.91	0.1601	-0.01317	1102	488	0.4428	0.0625	0.8975	0	0.04977
chr1	12000000	13000000	0.4658	0.0345	0.0452	0	0.0599	0	737	32.46	0.0347	-0.0227	675	577	0.8548	0.0625	1.182	920	32.25	-0.04323	-0.07037	858	560	0.6527	0.05882	0.9022	734	32.95	0.1187	0.04131	700	579	0.8271	0.05882	1.143	-0.03953	0.04439
chr1	13000000	14000000	0.452	-0.0397	0.0363	0	0.0714	0	1549	30.64	-0.04851	-0.02423	1377	1008	0.732	0.07143	1.226	1507	31.92	-0.05787	-0.01416	1299	819	0.6305	0.07895	1.056	1853	28.5	-0.09072	-0.07409	1641	988	0.6021	0.06757	1.008	0.026	0.09622
chr1	14000000	15000000	0.4499	0.0191	0.0245	0	0.0588	0	1512	32.34	0.0293	-0.007817	1509	991	0.6567	0.0625	1.003	1223	33.68	0.0194	0.0019	1208	801	0.6631	0.06098	1.013	1506	30.16	-0.008955	-0.05524	1497	1000	0.668	0.06	1.02	0.02272	0.152
chr1	15000000	16000000	0.4838	0.088	0.0374	0	0.0585	0	1537	34.65	0.1291	0.01778	1532	878	0.5731	0.05882	0.8199	1712	35.27	0.08585	0.009593	1704	1124	0.6596	0.05556	0.9437	1535	33.79	0.1552	0.02122	1526	1096	0.7182	0.05848	1.027	0.01911	0.06711
chr1	16000000	17000000	0.5012	0.8413	0.125	1	0.1026	1	2979	51.79	0.7087	NA	2524	1527	0.605	NA	0.852	3161	54.98	0.7265	NA	2612	1831	0.701	NA	0.9872	3192	55.09	0.8602	NA	2626	1869	0.7117	NA	1.002	-0.05785	-0.04566
chr1	17000000	18000000	0.5026	0.0576	0.0389	0	0.0587	0	1685	33.63	0.08583	-0.0103	1666	1034	0.6206	0.0641	0.9986	1824	35.19	0.08267	0.03725	1814	1140	0.6284	0.05882	1.011	1776	31.94	0.07384	-0.04736	1753	1278	0.729	0.05882	1.173	0	0.1069
chr1	18000000	19000000	0.4975	0.0647	0.0145	0	0.0591	0	1659	33.85	0.09521	-0.006176	1650	1003	0.6079	0.05882	1	1605	34.33	0.04681	-0.001384	1594	981	0.6154	0.05882	1.013	1619	31.75	0.06492	-0.05749	1606	946	0.589	0.05941	0.9695	0.039	0.1043
chr1	19000000	20000000	0.4717	0.0699	0.033	0	0.0585	0	1329	34.05	0.1037	0.009012	1327	723	0.5448	0.05556	0.8373	1395	34.75	0.06438	0.004404	1383	783	0.5662	0.05556	0.8701	1493	33.64	0.1486	0.02673	1484	764	0.5148	0.05882	0.7912	0.01649	0.04439
chr1	20000000	21000000	0.461	0.0432	0.0135	0	0.0592	0	1334	32.9	0.05432	-0.006839	1325	740	0.5585	0.0633	0.9614	1018	33.97	0.03198	0.0004392	1012	159	0.1571	0.06	0.2705	1298	31.96	0.07444	-0.01212	1292	719	0.5565	0.06098	0.958	-0.02046	0.07215
chr1	21000000	22000000	0.4832	0.0769	0.0431	0	0.0615	0	1620	34.22	0.111	0.01124	1592	803	0.5044	0.05556	0.9203	1273	35.18	0.08211	0.01472	1241	180	0.145	0.05882	0.2646	1744	33.14	0.1271	0.004268	1721	1256	0.7298	0.0625	1.332	0	0.08017
chr1	22000000	23000000	0.4944	0.0855	0.0261	0	0.0591	0	1640	34.04	0.1035	-0.01648	1620	1048	0.6469	0.06098	1.07	1724	35.34	0.089	0.01561	1716	1115	0.6498	0.05556	1.075	1570	33.54	0.1443	0.004713	1550	896	0.5781	0.06	0.9564	-0.02046	0.1096
chr1	23000000	24000000	0.4607	0.0641	0.0453	0	0.0588	0	1335	34.03	0.103	0.02091	1308	652	0.4985	0.05882	0.9335	1274	34.37	0.04873	-0.00391	1254	643	0.5128	0.0625	0.9602	1159	33.91	0.1601	0.0503	1134	438	0.3862	0.05263	0.7233	0	0
chr1	24000000	25000000	0.4692	0.1042	0.0256	0	0.0556	0	1449	34.37	0.1173	-0.01165	1428	814	0.57	0.05319	0.878	1398	35.4	0.09111	-0.002253	1375	759	0.552	0.05556	0.8503	1657	33.56	0.145	-0.003257	1634	1052	0.6438	0.05882	0.9917	-0.02385	0.08489
chr1	25000000	26000000	0.4771	0.0782	0.0278	0	0.0594	0	1285	34.8	0.1352	0.02881	1267	692	0.5462	0.05882	0.9405	1093	35.37	0.09007	0.03027	1071	433	0.4043	0.0625	0.6962	1182	33.98	0.163	0.03981	1156	629	0.5441	0.06667	0.937	0	0.06015
chr1	26000000	27000000	0.4863	0.0853	0.0467	0	0.0588	0	697	34.65	0.1288	0.01666	692	169	0.2442	0.0625	0.3924	660	34.95	0.07272	-0.0008361	645	167	0.2589	0.06522	0.416	894	34.22	0.173	0.0375	884	479	0.5419	0.0641	0.8706	0	0
chr1	27000000	28000000	0.486	0.0627	0.0268	0	0.0613	0	604	33.63	0.08606	-0.002541	593	140	0.2361	0.06818	0.4711	680	34.35	0.04788	-0.003073	674	283	0.4199	0.05882	0.8379	619	33.01	0.1214	0.01103	612	193	0.3154	0.05556	0.6293	-0.0199	0.04731
chr1	28000000	29000000	0.4531	0.0582	0.015	0	0.0617	0	580	32.98	0.0577	-0.01594	575	392	0.6817	0.06466	0.8587	681	34.66	0.06083	0.008778	677	613	0.9055	0.0625	1.141	481	32.72	0.1084	0.02055	475	225	0.4737	0.06757	0.5967	-0.07529	0.08017
chr1	29000000	30000000	0.4734	0.0657	0.0347	0	0.0605	0	1179	33.13	0.06424	-0.03398	1175	625	0.5319	0.0641	0.8367	1388	33.52	0.01259	-0.03759	1378	1044	0.7576	0.0625	1.192	1178	31.76	0.06579	-0.04786	1164	700	0.6014	0.0625	0.946	0.0217	0.0902
chr1	30000000	31000000	0.4824	0.0881	0.0293	0	0.0581	0	1771	34.11	0.1062	-0.005308	1753	1099	0.6269	0.05556	0.9558	1611	35.04	0.07635	-3.69e-06	1593	1052	0.6604	0.06	1.007	1655	33.27	0.1324	0	1639	826	0.504	0.05814	0.7684	0	0.09622
chr1	31000000	32000000	0.4732	0.0939	0.0408	0	0.0591	0	1101	33.92	0.09831	-0.01915	1096	838	0.7646	0.06	1.034	991	34.51	0.05467	-0.02389	982	751	0.7648	0.05556	1.035	1343	33.73	0.1525	0.01049	1331	1034	0.7769	0.0625	1.051	-0.01937	0.07595
chr1	32000000	33000000	0.4729	0.0382	0.0197	0	0.0567	0	696	33.46	0.07863	0.01686	686	409	0.5962	0.05556	1.617	496	33.67	0.01892	-0.009354	494	168	0.3401	0.05778	0.9224	672	33.06	0.1233	0.03928	668	383	0.5734	0.05556	1.555	0.03519	0
chr1	33000000	34000000	0.459	0.0387	0.0233	0	0.0602	0	1435	33.45	0.0783	0.02668	1412	1101	0.7797	0.05556	1.189	1287	34.32	0.04674	0.02006	1280	839	0.6555	0.0641	0.9995	1014	31.05	0.03317	-0.04494	989	680	0.6876	0.06712	1.048	0.02137	0.1409
chr1	34000000	35000000	0.448	0.0136	0.0141	0	0.0588	0	1504	32.29	0.0271	0.002719	1495	1015	0.6789	0.06	1.093	1385	33.32	0.003943	-0.001458	1379	817	0.5925	0.0641	0.9537	1403	30.17	-0.008457	-0.04542	1382	852	0.6165	0.06	0.9924	0.02107	0.1375
chr1	35000000	36000000	0.4239	0.024	0.0211	0	0.0585	0	731	33.18	0.06633	0.03699	723	495	0.6846	0.05556	1.202	362	33.26	0.001203	-0.02245	352	58	0.1648	0.0695	0.2892	744	32.37	0.09287	0.03739	733	507	0.6917	0.06098	1.214	0.007553	0.04381
chr1	36000000	37000000	0.4845	0.0718	0.0444	0	0.0587	0	1176	33.85	0.09508	-7.808e-05	1160	838	0.7224	0.0625	1.221	1021	34.85	0.06884	0.008783	1015	582	0.5734	0.05556	0.9689	1025	33.33	0.1351	0.01721	1008	656	0.6508	0.05848	1.1	-0.0217	0.08489
chr1	37000000	38000000	0.4729	0.0534	0.0172	0	0.062	0	1122	33.8	0.09294	0.01597	1119	494	0.4415	0.0625	0.6895	1261	34.32	0.04681	0.003336	1255	672	0.5355	0.05556	0.8363	1301	32.61	0.1036	0.004307	1291	829	0.6421	0.0641	1.003	0.01862	0.05247
chr1	38000000	39000000	0.4547	0.062	0.0252	0	0.0556	0	1144	33.43	0.07746	-0.002485	1140	826	0.7246	0.05556	1.072	1226	34.54	0.05585	0.001508	1222	684	0.5597	0.05662	0.8279	1051	32.38	0.09358	-0.00468	1048	568	0.542	0.05882	0.8016	0	0.1155
chr1	39000000	40000000	0.4583	0.0587	0.0307	0	0.0594	0	1013	33.23	0.06867	-0.00295	995	544	0.5467	0.05882	0.9265	1185	34.32	0.04669	-0.001293	1167	717	0.6144	0.06522	1.041	737	32.58	0.1026	0.004193	723	130	0.1798	0.06049	0.3047	-0.04731	0.08368
chr1	40000000	41000000	0.4441	0.0741	0.018	0	0.0585	0	1375	33.38	0.07518	-0.003009	1369	1075	0.7852	0.0625	1.21	1064	35.04	0.07658	0.01841	1063	790	0.7432	0.05882	1.145	1341	32.94	0.1184	0.01791	1327	896	0.6752	0.05556	1.041	-0.01937	0.074
chr1	41000000	42000000	0.4625	0.101	0.0226	0	0.0585	0	1308	33.93	0.09852	-0.02214	1302	853	0.6551	0.06	1.083	1073	35.63	0.1007	0.01082	1062	532	0.5009	0.05814	0.8281	1126	33.6	0.1467	0.005419	1123	604	0.5378	0.05172	0.8891	-0.02308	0.08017
chr1	42000000	43000000	0.4244	0.0352	0.0299	0	0.0588	0	887	31.57	-0.005228	-0.04746	881	185	0.21	0.05556	0.3253	1034	33.24	0.0006603	-0.03121	1028	494	0.4805	0.06307	0.7445	1131	31.66	0.06091	0.00177	1123	714	0.6358	0.05882	0.985	-0.04439	0.08489
chr1	43000000	44000000	0.475	0.0802	0.0124	0	0.0577	0	1215	33.83	0.09424	-0.007795	1208	787	0.6515	0.05882	1.11	1101	35.16	0.08138	0.01968	1098	622	0.5665	0.05556	0.9654	1249	32.52	0.09986	-0.0305	1245	691	0.555	0.05882	0.9458	0	0.1019
chr1	44000000	45000000	0.4654	0.062	0.02	0	0.06	0	966	33.2	0.06722	-0.01768	964	710	0.7365	0.05882	1.009	662	34.68	0.06159	0.006567	656	481	0.7332	0.05882	1.005	1296	33.38	0.1372	0.0325	1283	951	0.7412	0.06098	1.016	-0.01597	0.03395
chr1	45000000	46000000	0.4263	0.049	0.0255	0	0.0607	0	930	32.74	0.04726	-0.01025	912	705	0.773	0.06098	1.011	1125	33.94	0.03044	-0.01268	1102	892	0.8094	0.05556	1.059	805	32.99	0.1206	0.04765	773	532	0.6882	0.0641	0.9002	0	0.0614
chr1	46000000	47000000	0.4568	0.0611	0.0316	0	0.0588	0	1201	33.26	0.06976	-0.006801	1187	887	0.7473	0.05814	1.257	1257	34.3	0.0459	-0.009052	1248	913	0.7316	0.05556	1.231	1164	32.32	0.09069	-0.0035	1151	692	0.6012	0.0625	1.011	-0.02046	0.08489
chr1	47000000	48000000	0.4606	0.0377	0.0183	0	0.0594	0	1559	32.69	0.04475	-0.01091	1549	852	0.55	0.0641	0.9122	1337	33.4	0.007603	-0.01843	1324	874	0.6601	0.05263	1.095	1665	31.03	0.03205	-0.05133	1648	1068	0.6481	0.0633	1.075	0.008851	0.09466
chr1	48000000	49000000	0.4152	-0.0312	0.0206	0	0.0621	0	1202	30.85	-0.0384	-0.01325	1188	641	0.5396	0.06757	1.02	1167	32.02	-0.05348	-0.01595	1153	732	0.6349	0.06	1.2	1192	28.55	-0.08832	-0.05304	1180	503	0.4263	0.06667	0.8058	0.03956	0.1598
chr1	49000000	50000000	0.3757	-0.0715	0.022	0	0.0605	0	536	30.16	-0.07118	0.003868	534	50	0.09363	0.07143	0.1092	588	31.21	-0.09049	-0.02434	587	508	0.8654	0.05882	1.009	543	27.82	-0.1254	-0.01121	543	58	0.1068	0.0633	0.1246	0.04182	0.1806
chr1	50000000	51000000	0.4006	0.0166	0.0273	0	0.0625	0	715	31.8	0.005227	-0.006494	712	450	0.632	0.07143	0.9442	743	32.68	-0.02414	-0.04106	739	496	0.6712	0.0625	1.003	707	31.46	0.05175	0.0207	703	477	0.6785	0.05556	1.014	0.007715	0.07308
chr1	51000000	52000000	0.4111	0.0454	0.0192	0	0.0588	0	437	32.48	0.0358	-0.0125	433	323	0.746	0.05556	0.9784	396	34.1	0.03736	-0.004789	394	224	0.5685	0.0625	0.7457	367	32.58	0.1025	0.04081	366	193	0.5273	0.07576	0.6917	-0.08017	0.1313
chr1	52000000	53000000	0.4235	0.0319	0.0131	0	0.0585	0	866	32.67	0.04405	0.008274	865	705	0.815	0.0625	1.12	595	34.36	0.04845	0.02184	594	325	0.5471	0.05172	0.752	1006	32.5	0.09876	0.03353	1003	843	0.8405	0.05556	1.155	0	0.0902
chr1	53000000	54000000	0.473	0.0997	0.0194	0	0.0588	0	1155	34.33	0.1156	-0.007658	1149	637	0.5544	0.05882	0.8877	1128	35.55	0.09741	0.009686	1127	655	0.5812	0.05882	0.9306	1007	33.82	0.1562	0.008538	1005	609	0.606	0.06	0.9703	0	0.08489
chr1	54000000	55000000	0.4849	0.0603	0.0186	0	0.0577	0	1556	34.44	0.1203	0.03455	1553	996	0.6413	0.05556	1.005	1708	34.59	0.05781	0.009255	1704	1086	0.6373	0.05882	0.9991	1648	32.1	0.08092	-0.02626	1641	1022	0.6228	0.05556	0.9763	0.02934	0.09311
chr1	55000000	56000000	0.4125	0.0078	0.0266	0	0.0591	0	1411	31.56	-0.005966	-0.01827	1404	664	0.4729	0.06757	0.8942	1514	33.29	0.002739	-0.0004022	1500	824	0.5493	0.05882	1.039	1262	31.09	0.03483	0.01232	1257	628	0.4996	0.06466	0.9446	-0.04244	0.1083
chr1	56000000	57000000	0.4044	-0.0528	0.016	0	0.061	0	1254	30.66	-0.04769	0.01076	1249	821	0.6573	0.06	1.036	1459	32.51	-0.03153	0.02651	1456	893	0.6133	0.06098	0.9669	1446	28.95	-0.06797	-0.02772	1444	937	0.6489	0.06	1.023	0	0.1751
chr1	57000000	58000000	0.4061	-0.0534	0.0249	0	0.0617	0	1364	30.67	-0.04696	0.003408	1359	971	0.7145	0.05814	1.096	1233	31.89	-0.05913	-0.003372	1224	679	0.5547	0.06	0.851	1489	28.26	-0.1028	-0.04974	1481	1170	0.79	0.0625	1.212	0.0217	0.1699
chr1	58000000	59000000	0.417	0.0186	0.0085	0	0.0625	0	1224	32.17	0.02176	1.079e-05	1211	532	0.4393	0.0625	0.6437	1158	33.46	0.01004	0.001131	1143	516	0.4514	0.05941	0.6615	1411	30.77	0.01979	-0.007964	1392	1008	0.7241	0.06667	1.061	0	0.105
chr1	59000000	60000000	0.4029	0.0212	0.011	0	0.0594	0	1033	31.55	-0.006211	-0.02208	1032	639	0.6192	0.05172	0.9314	1206	33.35	0.005392	-0.01251	1204	807	0.6703	0.05556	1.008	1079	30.81	0.02195	0	1077	758	0.7038	0.06466	1.059	-0.02857	0.1031
chr1	60000000	61000000	0.3859	-0.0564	0.03	0	0.0625	0	907	29.74	-0.09159	-0.03528	904	405	0.448	0.0625	0.7935	836	31.05	-0.09805	-0.04007	832	258	0.3101	0.06049	0.5492	915	28.05	-0.1137	-0.03407	911	425	0.4665	0.06667	0.8263	0.009308	0.1375
chr1	61000000	62000000	0.3999	-0.0225	0.0145	0	0.0605	0	1135	30.9	-0.03648	-0.008749	1132	603	0.5327	0.0641	1.008	1163	32.17	-0.04672	-0.02267	1159	557	0.4806	0.06098	0.9097	1215	29.76	-0.02817	-0.004967	1210	641	0.5298	0.06	1.003	0	0.1312
chr1	62000000	63000000	0.407	-0.0081	0.0124	0	0.0613	0	1215	32.04	0.0161	0.01969	1214	447	0.3682	0.05556	0.5982	1063	32.56	-0.02934	-0.02038	1058	429	0.4055	0.0625	0.6588	1456	30.96	0.0289	0.03188	1449	924	0.6377	0.06466	1.036	0	0.09622
chr1	63000000	64000000	0.4035	-0.0296	0.0173	0	0.0625	0	1426	30.94	-0.03439	0.002336	1417	759	0.5356	0.05882	0.9627	1398	32.41	-0.03587	-0.002978	1387	814	0.5869	0.06387	1.055	1328	30.36	0.0004251	0.02808	1315	683	0.5194	0.0625	0.9335	-0.02647	0.09954
chr1	64000000	65000000	0.4063	-0.0275	0.0116	0	0.0625	0	1318	30.82	-0.03992	-0.0158	1313	919	0.6999	0.06667	1.156	1312	31.72	-0.06702	-0.03726	1306	893	0.6838	0.05882	1.129	1227	29.54	-0.03881	-0.01379	1224	585	0.4779	0.06667	0.7892	0	0.1333
chr1	65000000	66000000	0.3925	0.0008	0.0148	0	0.0594	0	1465	31.56	-0.005747	0.01283	1456	1147	0.7878	0.0625	1.276	1243	33.06	-0.007236	-0.006151	1235	1001	0.8105	0.06098	1.313	1431	30.44	0.004139	-0.005457	1423	841	0.591	0.0625	0.9571	0	0.1293
chr1	66000000	67000000	0.3776	0.0504	0.02	0	0.06	0	1529	31.77	0.003651	-0.03376	1521	1264	0.831	0.0625	1.305	1139	34.5	0.05412	0.003685	1138	720	0.6327	0.05848	0.9934	1685	31.85	0.0698	0.04496	1679	1064	0.6337	0.0625	0.995	-0.06817	0.1125
chr1	67000000	68000000	0.409	0.0316	0.0127	0	0.06	0	1408	31.65	-0.001889	-0.03214	1390	970	0.6978	0.0641	1.176	1377	34.41	0.05058	0.01429	1368	722	0.5278	0.06098	0.8896	1360	30.77	0.02001	-0.01879	1344	670	0.4985	0.0625	0.8402	-0.04439	0.1468
chr1	68000000	69000000	0.3868	-0.0542	0.0191	0	0.0602	0	1051	30.23	-0.06806	-0.01395	1046	488	0.4665	0.06	1.061	1043	32.09	-0.05021	0.00343	1037	496	0.4783	0.05941	1.088	970	28.54	-0.08856	-0.0154	963	180	0.1869	0.0625	0.4251	0	0.1751
chr1	69000000	70000000	0.3618	-0.0701	0.0269	0	0.0633	0	997	30.32	-0.06367	0.003265	994	654	0.6579	0.0625	1.037	907	32.39	-0.03711	0.02335	904	554	0.6128	0.0641	0.9657	1036	28.05	-0.1135	0.01536	1032	729	0.7064	0.06522	1.113	0.02915	0.2035
chr1	70000000	71000000	0.3761	-0.0201	0.018	0	0.0588	0	1155	30.79	-0.04139	-0.01562	1150	757	0.6583	0.06	0.9756	991	33.1	-0.005582	0.007723	981	651	0.6636	0.05882	0.9836	1203	30.16	-0.009086	0.05189	1193	677	0.5675	0.05814	0.8411	-0.07276	0.1313
chr1	71000000	72000000	0.3616	-0.0784	0.0264	0	0.0625	0	916	29.88	-0.0847	-0.007307	908	644	0.7093	0.06667	1.072	933	32.39	-0.03688	0.03331	927	565	0.6095	0.06	0.9215	962	27.33	-0.151	-0.01384	961	551	0.5734	0.07143	0.8669	0.02203	0.2342
chr1	72000000	73000000	0.3477	-0.1148	0.0148	0	0.0609	0	1112	29.43	-0.1067	0.00178	1109	507	0.4572	0.0625	0.9771	1041	31.27	-0.08787	0.02275	1039	256	0.2464	0.06667	0.5266	1232	26.77	-0.1808	0.02018	1228	716	0.5831	0.07143	1.246	0	0.237
chr1	73000000	74000000	0.3519	-0.1056	0.029	0	0.0659	0	1876	29.61	-0.09788	0.004743	1869	1351	0.7228	0.0625	1.05	1833	30.97	-0.1015	-0.004988	1828	1388	0.7593	0.0625	1.103	1742	26.99	-0.1692	0.007084	1736	1181	0.6803	0.06667	0.9884	0	0.2224
chr1	74000000	75000000	0.3645	-0.0609	0.0108	0	0.0625	0	1082	30.36	-0.06149	0.008054	1077	396	0.3677	0.05556	0.6651	1141	31.99	-0.0549	4.606e-07	1139	607	0.5329	0.0625	0.964	1235	27.92	-0.1202	-0.01664	1230	699	0.5683	0.06522	1.028	0.008639	0.2095
chr1	75000000	76000000	0.3762	-0.0578	0.0135	0	0.0619	0	1394	30.71	-0.04534	0.01838	1378	797	0.5784	0.0625	0.9558	1153	31.86	-0.0607	-0.01724	1144	455	0.3977	0.0625	0.6573	1537	28.81	-0.07497	0.0237	1506	847	0.5624	0.06667	0.9295	0.02467	0.1468
chr1	76000000	77000000	0.3868	-0.0341	0.0154	0	0.0639	0	1370	30.69	-0.04624	-0.01222	1364	954	0.6994	0.06522	1.11	1289	32.38	-0.03749	-0.003947	1287	559	0.4343	0.06522	0.6894	1257	29.66	-0.03298	0.02008	1254	769	0.6132	0.06522	0.9734	-0.02018	0.1155
chr1	77000000	78000000	0.3882	0.0096	0.0159	0	0.0588	0	964	31.33	-0.01653	-0.01436	952	451	0.4737	0.0625	0.9121	938	33.61	0.01644	0.004101	934	437	0.4679	0.0641	0.9008	954	31.01	0.0309	0.0369	942	491	0.5212	0.0625	1.004	-0.02466	0.06559
chr1	78000000	79000000	0.3723	-0.0182	0.0149	0	0.061	0	1302	30.7	-0.04585	-0.02211	1295	580	0.4479	0.06125	0.7151	1576	32.88	-0.01545	0.0002996	1562	994	0.6364	0.06	1.016	1314	29.75	-0.02881	0.02498	1302	575	0.4416	0.0625	0.7051	-0.02554	0.1333
chr1	79000000	80000000	0.3569	-0.0616	0.0086	0	0.0607	0	1603	30.3	-0.06436	-0.005712	1595	1126	0.706	0.05882	1.107	1499	32.74	-0.02158	0.03062	1496	830	0.5548	0.05556	0.87	1338	28.65	-0.08293	0.05034	1328	689	0.5188	0.06667	0.8136	0	0.2035
chr1	80000000	81000000	0.3504	-0.0983	0.0229	0	0.0625	0	1176	29.67	-0.09467	-0.001197	1168	685	0.5865	0.06522	1.046	1406	31.38	-0.08259	0.007661	1402	1061	0.7568	0.06667	1.349	1168	26.73	-0.183	-0.0003516	1155	601	0.5203	0.06667	0.9277	0	0.2065
chr1	81000000	82000000	0.3664	-0.0861	0.0365	0	0.0603	0	1139	29.93	-0.08237	0.007184	1139	646	0.5672	0.0625	0.8593	1405	31.88	-0.05974	0.02385	1403	944	0.6728	0.05882	1.019	1298	27.15	-0.1605	-0.02387	1291	953	0.7382	0.06667	1.118	0.03317	0.2224
chr1	82000000	83000000	0.3662	-0.0882	0.0214	0	0.0641	0	1551	29.82	-0.08783	0.003983	1542	1034	0.6706	0.06667	0.9641	1723	31.42	-0.08075	0.0008583	1706	1067	0.6254	0.0641	0.8993	1243	27.34	-0.1508	-0.01213	1238	686	0.5541	0.06667	0.7967	0	0.2376
chr1	83000000	84000000	0.3738	-0.0541	0.0219	0	0.0625	0	1244	30.33	-0.06294	0.0002258	1240	849	0.6847	0.06522	1.028	1472	32.8	-0.01881	0.03215	1463	1145	0.7826	0.06667	1.175	1220	28.58	-0.08671	0.0009481	1216	860	0.7072	0.06667	1.062	-0.04123	0.1993
chr1	84000000	85000000	0.3891	0.0016	0.0226	0	0.061	0	878	31.34	-0.0161	-0.006399	871	385	0.442	0.0625	0.8474	1314	34.34	0.04725	0.04565	1312	933	0.7111	0.0625	1.363	879	30.52	0.007958	0.01157	877	486	0.5542	0.06	1.062	-0.05155	0.1541
chr1	85000000	86000000	0.3871	-0.0115	0.0091	0	0.061	0	1355	31.37	-0.01466	-0.003739	1335	413	0.3094	0.05882	0.5135	1428	32.85	-0.01637	-0.008425	1410	836	0.5929	0.0625	0.9841	1532	30.41	0.00277	0.03053	1509	960	0.6362	0.06667	1.056	-0.02106	0.1096
chr1	86000000	87000000	0.3816	-0.018	0.017	0	0.0588	0	1151	31.11	-0.02657	0.005963	1131	674	0.5959	0.05941	1.019	814	32.42	-0.03573	-0.01961	793	293	0.3695	0.05882	0.6318	1403	30.52	0.008348	0.03027	1382	986	0.7135	0.05556	1.22	-0.04307	0.1375
chr1	87000000	88000000	0.3923	-0.0073	0.0087	0	0.0588	0	991	31.61	-0.003729	0.02043	987	606	0.614	0.0625	1.022	943	33.35	0.005203	0.01521	941	386	0.4102	0.05814	0.6829	1113	30.9	0.02606	0.03029	1113	781	0.7017	0.0625	1.168	-0.04182	0.1343
chr1	88000000	89000000	0.3775	-0.0038	0.024	0	0.0599	0	1021	31.05	-0.02934	-0.01001	1016	476	0.4685	0.05556	0.8393	865	32.65	-0.02523	-0.02146	862	285	0.3306	0.06757	0.5923	914	29.43	-0.04428	-0.01487	909	222	0.2442	0.05218	0.4375	-0.02237	0.1375
chr1	89000000	90000000	0.3971	0.0437	0.0113	0	0.0588	0	1262	32.02	0.01496	-0.01861	1258	813	0.6463	0.06757	1.054	1313	34.13	0.03845	-0.006779	1307	874	0.6687	0.05556	1.091	1156	32.03	0.07795	0.03475	1153	475	0.412	0.05882	0.6721	-0.02554	0.07595
chr1	90000000	91000000	0.3858	-0.01	0.0131	0	0.0625	0	1054	31.07	-0.02817	-0.01825	1041	724	0.6955	0.0641	1.084	1098	32.88	-0.01509	-0.003508	1091	799	0.7324	0.0625	1.142	844	30.12	-0.01098	0.02549	831	518	0.6233	0.06174	0.9719	-0.02748	0.1255
chr1	91000000	92000000	0.4079	0.005	0.0067	0	0.0625	0	1883	31.74	0.00222	-0.001421	1860	1072	0.5763	0.06	1.073	1778	33.05	-0.007857	-0.01319	1754	783	0.4464	0.0625	0.831	1631	30.62	0.01296	0.001628	1624	709	0.4366	0.06522	0.8127	-0.02308	0.1333
chr1	92000000	93000000	0.3933	0.0295	0.0106	0	0.0568	0	1094	31.98	0.01323	-0.008466	1091	255	0.2337	0.05556	0.5173	1285	33.92	0.02967	-0.00125	1278	777	0.608	0.05814	1.346	1115	31.65	0.06047	0.02216	1111	272	0.2448	0.0625	0.5419	-0.04439	0.08489
chr1	93000000	94000000	0.4064	0.0378	0.0264	0	0.0585	0	1313	32.74	0.04712	0.004804	1306	939	0.719	0.05556	1.253	1088	33.97	0.03192	-0.004647	1087	846	0.7783	0.05263	1.356	1327	32.03	0.07799	0.03554	1320	758	0.5742	0.06098	1.001	-0.02308	0.08746
chr1	94000000	95000000	0.4168	0.0165	0.0249	0	0.0585	0	1415	31.86	0.007908	-0.01176	1414	812	0.5743	0.05882	1.012	1401	32.78	-0.01948	-0.02761	1395	802	0.5749	0.06	1.014	1653	31.09	0.03464	0.01441	1653	1140	0.6897	0.06	1.216	-0.01963	0.08754
chr1	95000000	96000000	0.3827	-0.0502	0.0155	0	0.0597	0	1350	30.65	-0.04803	0.009555	1346	864	0.6419	0.06757	1.178	1095	32.35	-0.03875	0.01384	1091	523	0.4794	0.06098	0.8801	1436	28.32	-0.1	-0.03543	1435	772	0.538	0.07143	0.9877	0.04244	0.1769
chr1	96000000	97000000	0.3733	-0.076	0.0136	0	0.0625	0	1267	30.48	-0.05616	0.02747	1260	827	0.6563	0.0625	0.9837	1234	31.72	-0.06719	0.008076	1230	713	0.5797	0.06522	0.8688	1533	27.64	-0.1346	-0.0268	1529	1009	0.6599	0.06522	0.9891	0.04731	0.2065
chr1	97000000	98000000	0.3528	-0.0664	0.0142	0	0.0639	0	930	30.39	-0.06008	0.004545	926	526	0.568	0.0625	1.021	1141	31.38	-0.08249	-0.02702	1135	794	0.6996	0.06667	1.257	1136	28.32	-0.09958	0.04	1132	753	0.6652	0.07143	1.196	0.02272	0.152
chr1	98000000	99000000	0.3631	-0.0656	0.0185	0	0.0613	0	1388	30.09	-0.07443	-0.009635	1384	868	0.6272	0.06	1.038	1482	31.64	-0.07078	-0.01306	1479	851	0.5754	0.05882	0.952	1405	27.65	-0.1341	-0.01018	1401	901	0.6431	0.06522	1.064	0.02346	0.166
chr1	99000000	100000000	0.3773	0.0159	0.0183	0	0.0591	0	1020	31.32	-0.01664	-0.01656	1018	637	0.6257	0.05882	0.9969	979	33.44	0.00904	-0.007401	978	608	0.6217	0.0625	0.9904	1032	30.41	0.002996	0.01723	1032	622	0.6027	0.0625	0.9602	0	0.08489
chr1	100000000	101000000	0.3815	0.0445	0.0262	0	0.06	0	1251	31.51	-0.007953	-0.03772	1246	629	0.5048	0.06	0.9258	1311	33.98	0.03228	-0.01456	1309	766	0.5852	0.05814	1.073	1297	31.88	0.07084	0.03434	1296	753	0.581	0.06	1.066	-0.078	0.08489
chr1	101000000	102000000	0.3724	0.0423	0.0205	0	0.0566	0	1501	31.88	0.008874	-0.02789	1493	928	0.6216	0.06	0.964	1573	34.19	0.04123	-0.0008732	1558	1062	0.6816	0.05814	1.057	1425	31.73	0.06423	0.05229	1419	914	0.6441	0.05882	0.9989	-0.05894	0.111
chr1	102000000	103000000	0.3481	-0.0277	0.0369	0	0.0588	0	1711	30.31	-0.06392	-0.04131	1707	371	0.2173	0.06667	0.5356	1800	31.78	-0.06439	-0.04587	1796	609	0.3391	0.05556	0.8356	1769	28.28	-0.102	0.01352	1765	594	0.3365	0.07143	0.8293	0	0.1864
chr1	103000000	104000000	0.3467	-0.0892	0.0276	0	0.0626	0	897	29.85	-0.08599	-0.003955	877	401	0.4572	0.06667	0.7291	727	31.44	-0.07977	0	712	285	0.4003	0.07143	0.6383	1036	27.56	-0.1388	0.03422	1013	713	0.7038	0.06667	1.122	0	0.1699
chr1	104000000	105000000	0.3514	-0.0846	0.0197	0	0.0617	0	1887	29.76	-0.09056	-0.01368	1866	1117	0.5986	0.0625	0.9639	2075	31.49	-0.07759	0	2046	1298	0.6344	0.06098	1.022	1633	27.58	-0.1381	0.02326	1626	781	0.4803	0.06667	0.7735	0.02137	0.1926
chr1	105000000	106000000	0.3437	-0.1	0.0188	0	0.0625	0	2010	29.31	-0.1123	-0.01197	2005	1162	0.5796	0.0641	1.024	1643	30.9	-0.1046	-0.02177	1639	478	0.2916	0.06098	0.5153	2101	27.15	-0.1607	0.02692	2087	1341	0.6425	0.0625	1.135	-0.02237	0.1864
chr1	106000000	107000000	0.3547	-0.082	0.0253	0	0.0625	0	1093	29.55	-0.1008	-0.01981	1088	291	0.2675	0.0641	0.5202	1454	31.35	-0.08377	-0.01009	1451	802	0.5527	0.05848	1.075	1358	26.65	-0.1875	-0.0348	1346	883	0.656	0.06757	1.276	0.02346	0.2295
chr1	107000000	108000000	0.3792	-0.0314	0.0223	0	0.0625	0	1310	30.72	-0.0447	-0.009098	1308	663	0.5069	0.0625	0.899	1291	33.23	0.0002465	0.02864	1290	510	0.3953	0.05556	0.7012	1272	28.95	-0.0681	-0.008828	1271	712	0.5602	0.06667	0.9936	-0.02466	0.1993
chr1	108000000	109000000	0.4004	-0.0111	0.0188	0	0.0625	0	1319	31.67	-0.0008423	0.01067	1278	753	0.5892	0.0625	1.019	1441	33.21	-0.0007643	0.01107	1382	831	0.6013	0.05814	1.04	1058	29.62	-0.03499	-0.03532	981	303	0.3089	0.0625	0.534	-0.02347	0.1354
chr1	109000000	110000000	0.4617	0.0366	0.0317	0	0.0581	0	1328	34.09	0.1056	0.0491	1312	750	0.5716	0.05882	1.004	1301	33.82	0.02546	0.0003162	1194	853	0.7144	0.05263	1.255	1303	33.43	0.1397	0.06091	1288	746	0.5792	0.05941	1.017	0	0.04009
chr1	110000000	111000000	0.4445	0.0724	0.0207	0	0.0588	0	972	33.14	0.06478	-0.01152	970	470	0.4845	0.06466	0.7063	1303	34.44	0.05171	-0.001887	1300	959	0.7377	0.05556	1.075	1130	32.82	0.113	0.0154	1128	839	0.7438	0.06098	1.084	-0.01886	0.08489
chr1	111000000	112000000	0.4224	0.0797	0.0318	0	0.0561	0	1118	32.91	0.05448	-0.03025	1116	587	0.526	0.05172	0.7613	1251	34.98	0.07397	-0.002964	1251	772	0.6171	0.05685	0.8932	1495	33.12	0.1261	0.01264	1493	1042	0.6979	0.0625	1.01	-0.05889	0.074
chr1	112000000	113000000	0.4339	0.0377	0.0158	0	0.0588	0	1223	32.62	0.04183	-0.006112	1207	657	0.5443	0.0625	0.9271	1334	33.42	0.008378	-0.02149	1313	790	0.6017	0.05556	1.025	1238	31.33	0.04578	-0.01004	1219	525	0.4307	0.06522	0.7336	-0.02046	0.1255
chr1	113000000	114000000	0.3994	0.0119	0.0277	0	0.0597	0	1197	31.72	0.001529	-0.004157	1182	778	0.6582	0.05941	1.131	977	33.45	0.009766	-0.005143	964	679	0.7044	0.07143	1.211	1275	31.23	0.04126	0.02195	1260	749	0.5944	0.06757	1.022	-0.02385	0.1013
chr1	114000000	115000000	0.4063	0.0245	0.0177	0	0.0588	0	970	31.99	0.01388	-0.01399	968	629	0.6498	0.0625	0.9927	1120	33.62	0.01708	-0.005155	1119	770	0.6881	0.05556	1.051	894	31.63	0.05977	0.03279	893	362	0.4054	0.05685	0.6193	-0.03953	0.1186
chr1	115000000	116000000	0.4174	0.0021	0.0125	0	0.0597	0	1814	31.63	-0.00262	-0.007762	1812	1160	0.6402	0.0625	1.165	1805	33.28	0.002276	0.008343	1803	1051	0.5829	0.05556	1.061	1473	30.23	-0.005606	-0.01413	1472	562	0.3818	0.06667	0.6951	0	0.1274
chr1	116000000	117000000	0.4307	0.0404	0.019	0	0.057	0	657	33.23	0.06873	0.02188	655	376	0.574	0.05556	0.9077	562	34.86	0.06904	0.0322	555	207	0.373	0.05882	0.5898	615	31.78	0.06665	-0.003742	611	409	0.6694	0.05882	1.058	-0.02018	0.1675
chr1	117000000	118000000	0.4057	0.0078	0.0125	0	0.0572	0	1295	31.83	0.00645	0	1285	923	0.7183	0.05882	1.156	1375	33.33	0.004306	-0.0004541	1369	794	0.58	0.06049	0.9334	1170	30.44	0.004433	-0.003714	1166	729	0.6252	0.06	1.006	0	0.1186
chr1	118000000	119000000	0.3802	-0.048	0.0212	0	0.0599	0	1495	29.99	-0.07919	-0.02678	1488	1168	0.7849	0.0625	1.139	1466	32.07	-0.05126	-0.007036	1455	1184	0.8137	0.05882	1.18	1190	28.67	-0.08188	-0.007794	1187	457	0.385	0.06522	0.5585	-0.02385	0.162
chr1	119000000	120000000	0.4164	0.0162	0.0187	0	0.0594	0	1224	32.07	0.01743	-0.002637	1216	691	0.5683	0.05882	0.8249	1194	33.77	0.02336	0.01533	1192	695	0.5831	0.05882	0.8464	1156	31.21	0.04035	0.02101	1152	885	0.7682	0.06	1.115	-0.04373	0.122
chr1	120000000	121000000	0.4062	-0.4045	0.0513	0	0.0714	0	1913	23.98	-0.4019	-0.000424	1550	850	0.5484	0.06757	1.08	1870	29.38	-0.1779	0.229	1550	1009	0.651	0.075	1.281	1826	22.55	-0.4284	-0.02873	1447	753	0.5204	0.07143	1.024	-0.1699	0.3732
chr1	121000000	122000000	0.4118	-0.6306	0.1272	1	0.0858	0	2651	18.95	-0.7413	NA	1439	863	0.5997	0.09091	1.027	2623	22.58	-0.5572	NA	1549	427	0.2757	0.09375	0.4719	2334	18.14	-0.7423	NA	1288	814	0.632	0.08596	1.082	-0.1543	0.6521
chr1	122000000	123000000	0.4048	-1.901	0.0787	0	0.1129	1	3583	8.293	-1.934	-0.02577	630	303	0.481	NA	1.046	3696	8.764	-1.923	-0.01866	681	223	0.3275	NA	0.7122	3587	8.394	-1.854	0.03392	651	353	0.5422	NA	1.179	0	0.241
chr1	123000000	124000000	0.3921	-1.869	0.1133	1	0.1132	1	5346	8.558	-1.889	NA	995	472	0.4744	NA	0.9964	5235	8.75	-1.925	NA	939	350	0.3727	NA	0.7829	5803	8.962	-1.76	NA	1038	578	0.5568	NA	1.17	0	0.06983
chr1	124000000	125000000	0.3956	-1.55	0.1128	1	0.1056	1	5243	11.39	-1.476	NA	1253	665	0.5307	NA	1.077	5210	11.29	-1.557	NA	1227	465	0.379	NA	0.7689	5516	10.6	-1.517	NA	1268	751	0.5923	NA	1.202	-0.01792	0.2224
chr1	125000000	126000000	0.381	0.7531	0.0305	0	0.13	1	1355	53.24	0.7486	0.001941	1092	1050	0.9615	NA	1.004	1466	56.34	0.7616	0.00305	1175	998	0.8494	NA	0.8871	1357	46.45	0.6142	-0.13	1075	1034	0.9619	NA	1.005	-0.02509	0.2955
chr1	126000000	127000000	NA	NA	NA	1	NA	0	0	NA	NA	NA	0	0	NA	NA	NA	0	NA	NA	NA	0	0	NA	NA	NA	0	NA	NA	NA	0	0	NA	NA	NA	NA	NA
chr1	127000000	128000000	NA	NA	NA	1	NA	0	0	NA	NA	NA	0	0	NA	NA	NA	0	NA	NA	NA	0	0	NA	NA	NA	0	NA	NA	NA	0	0	NA	NA	NA	NA	NA
chr1	128000000	129000000	NA	NA	NA	1	NA	0	0	NA	NA	NA	0	0	NA	NA	NA	0	NA	NA	NA	0	0	NA	NA	NA	0	NA	NA	NA	0	0	NA	NA	NA	NA	NA
chr1	129000000	130000000	NA	NA	NA	1	NA	0	0	NA	NA	NA	0	0	NA	NA	NA	0	NA	NA	NA	0	0	NA	NA	NA	0	NA	NA	NA	0	0	NA	NA	NA	NA	NA
chr1	130000000	131000000	NA	NA	NA	1	NA	0	0	NA	NA	NA	0	0	NA	NA	NA	0	NA	NA	NA	0	0	NA	NA	NA	0	NA	NA	NA	0	0	NA	NA	NA	NA	NA
chr1	131000000	132000000	NA	NA	NA	1	NA	0	0	NA	NA	NA	0	0	NA	NA	NA	0	NA	NA	NA	0	0	NA	NA	NA	0	NA	NA	NA	0	0	NA	NA	NA	NA	NA
chr1	132000000	133000000	NA	NA	NA	1	NA	0	0	NA	NA	NA	0	0	NA	NA	NA	0	NA	NA	NA	0	0	NA	NA	NA	0	NA	NA	NA	0	0	NA	NA	NA	NA	NA
chr1	133000000	134000000	NA	NA	NA	1	NA	0	0	NA	NA	NA	0	0	NA	NA	NA	0	NA	NA	NA	0	0	NA	NA	NA	0	NA	NA	NA	0	0	NA	NA	NA	NA	NA
chr1	134000000	135000000	NA	NA	NA	1	NA	0	0	NA	NA	NA	0	0	NA	NA	NA	0	NA	NA	NA	0	0	NA	NA	NA	0	NA	NA	NA	0	0	NA	NA	NA	NA	NA
chr1	135000000	136000000	NA	NA	NA	1	NA	0	0	NA	NA	NA	0	0	NA	NA	NA	0	NA	NA	NA	0	0	NA	NA	NA	0	NA	NA	NA	0	0	NA	NA	NA	NA	NA
chr1	136000000	137000000	NA	NA	NA	1	NA	0	0	NA	NA	NA	0	0	NA	NA	NA	0	NA	NA	NA	0	0	NA	NA	NA	0	NA	NA	NA	0	0	NA	NA	NA	NA	NA
chr1	137000000	138000000	NA	NA	NA	1	NA	0	0	NA	NA	NA	0	0	NA	NA	NA	0	NA	NA	NA	0	0	NA	NA	NA	0	NA	NA	NA	0	0	NA	NA	NA	NA	NA
chr1	138000000	139000000	NA	NA	NA	1	NA	0	0	NA	NA	NA	0	0	NA	NA	NA	0	NA	NA	NA	0	0	NA	NA	NA	0	NA	NA	NA	0	0	NA	NA	NA	NA	NA
chr1	139000000	140000000	NA	NA	NA	1	NA	0	0	NA	NA	NA	0	0	NA	NA	NA	0	NA	NA	NA	0	0	NA	NA	NA	0	NA	NA	NA	0	0	NA	NA	NA	NA	NA
chr1	140000000	141000000	NA	NA	NA	1	NA	0	0	NA	NA	NA	0	0	NA	NA	NA	0	NA	NA	NA	0	0	NA	NA	NA	0	NA	NA	NA	0	0	NA	NA	NA	NA	NA
chr1	141000000	142000000	NA	NA	NA	1	NA	0	0	NA	NA	NA	0	0	NA	NA	NA	0	NA	NA	NA	0	0	NA	NA	NA	0	NA	NA	NA	0	0	NA	NA	NA	NA	NA
chr1	142000000	143000000	NA	NA	NA	1	NA	0	0	NA	NA	NA	0	0	NA	NA	NA	0	NA	NA	NA	0	0	NA	NA	NA	0	NA	NA	NA	0	0	NA	NA	NA	NA	NA
chr1	143000000	144000000	0.4186	-0.1408	0.154	1	0.104	1	2389	29.4	-0.108	NA	1396	537	0.3847	NA	0.7496	2377	32.65	-0.02535	NA	1378	503	0.365	NA	0.7113	2432	21.42	-0.5024	NA	1347	510	0.3786	NA	0.7378	0.1255	0.6415
chr1	144000000	145000000	0.4227	-0.6433	0.1029	1	0.0969	1	648	20.47	-0.6302	NA	407	152	0.3735	NA	1.068	651	21.06	-0.6577	NA	416	138	0.3317	NA	0.9489	671	18.24	-0.7345	NA	414	129	0.3116	NA	0.8913	0	0.1979
chr1	145000000	146000000	0.4311	-0.036	0.0251	0	0.0618	0	409	30.71	-0.04506	-0.01732	344	129	0.375	0.06098	0.6643	394	32.53	-0.03052	0.008972	337	233	0.6914	0.0641	1.225	387	30.31	-0.001864	0.005024	323	219	0.678	0.06667	1.201	0	0.03747
chr1	146000000	147000000	0.4176	-0.1892	0.0381	0	0.0763	0	1055	27.85	-0.186	0.001922	815	567	0.6957	0.07143	1.071	945	28.31	-0.231	-0.03342	745	487	0.6537	0.07576	1.006	1072	26.59	-0.191	-0.006345	835	478	0.5725	0.07947	0.8812	-0.02748	0.08489
chr1	147000000	148000000	0.4114	-0.0074	0.0126	0	0.0602	0	1204	31.72	0.00168	0.007467	1197	1046	0.8739	0.06049	1.046	1480	33.34	0.004954	0.01709	1470	1268	0.8626	0.05556	1.032	1666	30.58	0.01088	0.003575	1647	1089	0.6612	0.06098	0.7912	0.02309	0.1186
chr1	148000000	149000000	0.4154	-0.3384	0.087	0	0.0754	0	300	24.36	-0.3793	-0.047	198	133	0.6717	0.07692	1.104	341	26.01	-0.3534	-0.008667	239	147	0.6151	0.07895	1.01	263	23.6	-0.363	-0.02108	169	106	0.6272	0.07143	1.03	-0.04312	0.2196
chr1	149000000	150000000	0.4216	-0.2317	0.0434	0	0.0782	0	402	26.45	-0.2608	-0.03238	277	178	0.6426	0.08333	0.8856	554	28.76	-0.2084	0.02597	414	316	0.7633	0.07692	1.052	359	23.92	-0.3433	-0.1377	248	116	0.4677	0.1023	0.6446	-0.05585	0.1926
chr1	150000000	151000000	0.4369	0.0573	0.0447	0	0.0612	0	853	33.85	0.09535	0.03131	846	621	0.734	0.06098	1.161	993	34.57	0.05691	0.006465	984	850	0.8638	0.05941	1.367	807	32.51	0.09924	0.01287	796	158	0.1985	0.07143	0.314	0.01963	0.08246
chr1	151000000	152000000	0.4574	0.0706	0.0245	0	0.0556	0	1120	33.05	0.0606	-0.02271	1101	445	0.4042	0.06098	0.9203	1135	34.8	0.06653	0.00303	1131	480	0.4244	0.05437	0.9663	1144	33.01	0.1214	0.01135	1139	568	0.4987	0.05814	1.135	-0.02046	0.05155
chr1	152000000	153000000	0.4152	-0.0161	0.0195	0	0.0625	0	1213	30.88	-0.03699	-0.02694	1178	885	0.7513	0.0625	1.172	854	32.8	-0.0186	0.00383	826	408	0.4939	0.06	0.7703	1379	29.41	-0.04536	-0.02518	1351	861	0.6373	0.07143	0.9939	-0.02237	0.1468
chr1	153000000	154000000	0.454	0.0568	0.0144	0	0.0625	0	1342	32.69	0.04485	-0.02649	1328	1246	0.9383	0.05882	1.407	708	34.14	0.03885	-0.01098	694	551	0.7939	0.06098	1.191	1298	31.79	0.06701	-0.02082	1275	545	0.4275	0.06667	0.641	-0.01595	0.08246
chr1	154000000	155000000	0.4664	0.0971	0.0286	0	0.0594	0	1073	33.59	0.08398	-0.03696	1066	711	0.667	0.05556	1.135	1121	35.29	0.08698	-0.002307	1118	757	0.6771	0.05814	1.153	1110	33.91	0.1601	0.02101	1100	598	0.5436	0.0625	0.9253	-0.05445	0.04307
chr1	155000000	156000000	0.4733	0.0679	0.0423	0	0.0588	0	784	33.72	0.08974	-0.01001	747	284	0.3802	0.05882	0.6096	883	34.71	0.06274	0.01018	840	449	0.5345	0.0625	0.857	810	33.82	0.1564	0.04036	782	512	0.6547	0.0625	1.05	0	0.04731
chr1	156000000	157000000	0.5063	0.1143	0.0372	0	0.0594	0	1014	34.69	0.1305	-0.02095	1009	627	0.6214	0.06	1.077	1016	35.52	0.09637	0.0004522	1009	603	0.5976	0.06	1.036	1061	34.18	0.1714	-0.001725	1053	611	0.5802	0.05556	1.005	0.01886	0.0458
chr1	157000000	158000000	0.4211	0.0631	0.0221	0	0.0583	0	1392	32.81	0.05024	-0.0152	1386	775	0.5592	0.05882	0.8082	1527	34.55	0.05636	-0.002969	1521	943	0.62	0.06098	0.8961	1496	32.54	0.1007	0.01353	1489	1192	0.8005	0.0625	1.157	-0.02273	0.1333
chr1	158000000	159000000	0.3918	-0.0061	0.0146	0	0.0621	0	2111	31.09	-0.02743	-0.007035	2108	1217	0.5773	0.06	1.033	2291	32.69	-0.02382	-0.01155	2280	1191	0.5224	0.06098	0.9345	2132	29.98	-0.01766	-0.0008505	2126	885	0.4163	0.0625	0.7447	0	0.122
chr1	159000000	160000000	0.4099	0.0306	0.025	0	0.0585	0	1065	31.96	0.01221	-0.02217	1059	491	0.4636	0.0641	1.004	975	34.04	0.0349	0.0003211	971	236	0.243	0.06667	0.5262	1103	30.93	0.02728	-0.009201	1097	590	0.5378	0.06667	1.164	-0.04439	0.1409
chr1	160000000	161000000	0.4393	0.094	0.0333	0	0.0588	0	1415	33.72	0.08961	-0.01744	1390	791	0.5691	0.06098	0.8868	1499	35.59	0.09904	0.01013	1472	928	0.6304	0.06098	0.9824	1491	34.48	0.1841	0.07178	1468	1095	0.7459	0.05882	1.162	-0.04064	0.04307
chr1	161000000	162000000	0.4459	0.0048	0.0282	0	0.061	0	1434	30.95	-0.03378	-0.04227	1329	634	0.4771	0.05556	0.8982	1416	33.67	0.01894	0.02879	1312	898	0.6845	0.0625	1.289	1294	30.47	0.005678	-0.0249	1213	660	0.5441	0.06667	1.024	0.01816	0.2128
chr1	162000000	163000000	0.4138	0.0271	0.0209	0	0.061	0	1294	32.09	0.01818	-0.01149	1289	252	0.1955	0.06174	0.3594	1784	33.55	0.01384	-0.008602	1779	1161	0.6526	0.05882	1.2	1327	30.69	0.01628	-0.01259	1323	387	0.2925	0.0641	0.5378	0	0.122
chr1	163000000	164000000	0.3765	-0.0455	0.026	0	0.06	0	818	30.18	-0.07035	-0.009316	811	410	0.5055	0.06667	0.7475	1235	32.35	-0.03871	0.001443	1232	968	0.7857	0.05882	1.162	829	28.36	-0.09772	-0.01889	824	513	0.6226	0.06667	0.9206	0.02425	0.1751
chr1	164000000	165000000	0.3936	-0.072	0.0235	0	0.0633	0	1414	30.16	-0.07102	0.004511	1404	1056	0.7521	0.06098	1.144	1531	31.67	-0.06932	0.002711	1519	1043	0.6866	0.06757	1.044	1220	27.81	-0.1258	-0.04281	1214	764	0.6293	0.06386	0.957	0.02137	0.2065
chr1	165000000	166000000	0.421	0.0054	0.008	0	0.0588	0	1363	31.83	0.006516	-0.001293	1353	638	0.4715	0.05556	0.8681	1550	33.24	0.0002745	-0.001351	1537	849	0.5524	0.06098	1.017	1626	31.03	0.03194	0.002927	1607	1067	0.664	0.06	1.222	0	0.09311
chr1	166000000	167000000	0.4033	-0.0151	0.0159	0	0.0607	0	1780	31.15	-0.02466	-0.002691	1753	1011	0.5767	0.06	0.9962	2023	32.6	-0.02758	-0.008068	2000	1476	0.738	0.05941	1.275	1933	29.9	-0.02163	-0.007282	1928	1136	0.5892	0.06174	1.018	0	0.1468
chr1	167000000	168000000	0.4188	0.0653	0.0155	0	0.0588	0	1508	32.97	0.05728	-0.01172	1505	1053	0.6997	0.05556	1.028	1381	34.5	0.05422	-0.006872	1380	1088	0.7884	0.05556	1.158	1519	32.64	0.1048	0.0352	1510	957	0.6338	0.05882	0.9309	-0.01937	0.08746
chr1	168000000	169000000	0.4033	0.0275	0.0186	0	0.0607	0	1209	31.43	-0.01159	-0.03222	1203	802	0.6667	0.06	0.9988	1306	33.4	0.007475	-0.01561	1293	795	0.6148	0.0625	0.9211	1382	31.52	0.05473	0.02648	1369	1016	0.7421	0.0625	1.112	-0.02748	0.1096
chr1	169000000	170000000	0.3826	0.0243	0.0178	0	0.0585	0	1445	31.45	-0.01094	-0.02304	1431	936	0.6541	0.0625	0.9948	1384	34.13	0.03848	0.01872	1369	1055	0.7706	0.05556	1.172	1191	31.49	0.05326	0.03696	1186	911	0.7681	0.06098	1.168	-0.06713	0.1293
chr1	170000000	171000000	0.3774	-0.0139	0.0133	0	0.0594	0	1429	30.83	-0.03944	-0.009111	1425	1037	0.7277	0.0625	1.106	1476	33	-0.01003	0.003823	1463	1045	0.7143	0.05882	1.085	1352	29.44	-0.04403	-0.00448	1340	914	0.6821	0.06	1.036	-0.01919	0.1635
chr1	171000000	172000000	0.3981	-0.0016	0.0187	0	0.0621	0	1407	31.49	-0.009047	-0.003959	1403	1190	0.8482	0.0625	1.111	1101	33.25	0.0008224	0	1098	821	0.7477	0.05556	0.9795	1279	30.6	0.01171	0.008394	1275	795	0.6235	0.06	0.8168	-0.02425	0.1274
chr1	172000000	173000000	0.3813	0.0179	0.0347	0	0.0605	0	929	31.74	0.002608	-0.00382	918	625	0.6808	0.06667	1.013	1188	34.64	0.05987	0.0382	1173	675	0.5754	0.05882	0.8558	681	31.07	0.03373	0.02257	676	185	0.2737	0.0625	0.407	-0.0458	0.1751
chr1	173000000	174000000	0.3946	0.0431	0.0198	0	0.0594	0	591	32.51	0.03712	-0.001778	589	336	0.5705	0.06667	0.8747	602	33.89	0.02851	-0.01208	601	264	0.4393	0.05556	0.6735	715	32.03	0.07762	0.04505	712	540	0.7584	0.06	1.163	-0.02385	0.08489
chr1	174000000	175000000	0.3835	-0.0017	0.0255	0	0.0605	0	1081	31.12	-0.02589	-0.0192	1065	1022	0.9596	0.06757	1.067	1068	33.27	0.001884	0.002519	1048	1006	0.9599	0.06098	1.068	198	30.56	0.009955	0.03665	193	54	0.2798	0.04654	0.3112	-0.04811	0.08368
chr1	175000000	176000000	0.4296	0.0304	0.0225	0	0.0588	0	1538	32.16	0.02139	-0.01811	1534	1026	0.6688	0.0633	1.172	1542	33.6	0.0158	-0.01032	1536	1041	0.6777	0.0625	1.188	1521	31.33	0.04597	-0.01884	1514	875	0.5779	0.0625	1.013	-0.04064	0.1096
chr1	176000000	177000000	0.3908	-0.0388	0.0091	0	0.0619	0	1147	30.97	-0.0331	0.006992	1142	621	0.5438	0.06667	0.8066	1106	31.58	-0.07338	-0.02803	1101	700	0.6358	0.06098	0.943	1193	29.09	-0.06126	-0.006298	1184	786	0.6639	0.05882	0.9847	0.02346	0.105
chr1	177000000	178000000	0.4076	-0.0431	0.0121	0	0.0625	0	922	31.16	-0.02433	0.01645	919	454	0.494	0.0625	0.6831	1340	31.89	-0.05943	-0.0153	1333	1070	0.8027	0.0625	1.11	1103	28.93	-0.06909	-0.0286	1098	680	0.6193	0.06757	0.8563	0.02509	0.1333
chr1	178000000	179000000	0.3966	0.0174	0.0199	0	0.0594	0	1016	31.6	-0.004109	-0.01059	1009	649	0.6432	0.05882	0.8427	1130	33.04	-0.008115	-0.02699	1128	912	0.8085	0.06174	1.059	709	30.35	0.0001468	-0.02691	703	298	0.4239	0.06522	0.5553	0.02203	0.1238
chr1	179000000	180000000	0.4112	0.0399	0.0072	0	0.0587	0	1441	32.99	0.05798	0.01628	1439	1028	0.7144	0.06	1.031	1703	33.86	0.02727	-0.007895	1699	1413	0.8317	0.06	1.2	1579	31.42	0.05024	-0.00437	1575	750	0.4762	0.0625	0.6872	0.02203	0.1186
chr1	180000000	181000000	0.4098	0.075	0.0067	0	0.0577	0	1344	33.14	0.06479	-0.01299	1336	950	0.7111	0.06098	1.131	1235	35.33	0.08825	0.009273	1228	843	0.6865	0.05814	1.092	1353	32.87	0.1152	0.03843	1339	946	0.7065	0.0641	1.124	-0.03747	0.0902
chr1	181000000	182000000	0.4338	0.0787	0.0203	0	0.0588	0	1320	33.14	0.06486	-0.02366	1318	568	0.431	0.05556	0.769	1170	34.81	0.06719	-0.003676	1168	536	0.4589	0.05556	0.8189	1275	32.97	0.1194	0.0226	1274	730	0.573	0.05882	1.022	-0.02237	0.07215
chr1	182000000	183000000	0.4192	0.036	0.0194	0	0.0588	0	1027	32.31	0.028	-0.01128	1017	449	0.4415	0.05882	0.6782	1026	34.15	0.03941	0.008205	1017	501	0.4926	0.05556	0.7567	1084	31.81	0.06807	0.02941	1075	703	0.654	0.05882	1.005	-0.04439	0.1096
chr1	183000000	184000000	0.4119	0.0489	0.0122	0	0.0588	0	1495	33.04	0.06029	0.009596	1490	1160	0.7785	0.05882	1.114	1538	34.37	0.04866	0.003014	1532	731	0.4772	0.05263	0.6829	1428	32.13	0.08212	0.01856	1424	936	0.6573	0.0625	0.9408	0	0.111
chr1	184000000	185000000	0.3983	0.0228	0.0201	0	0.0588	0	862	31.79	0.004495	-0.01743	859	515	0.5995	0.05556	0.8915	769	33.39	0.0071	-0.01882	766	493	0.6436	0.05882	0.957	942	30.57	0.0107	-0.01701	941	478	0.508	0.06	0.7553	0	0.1069
chr1	185000000	186000000	0.3792	0.0012	0.0137	0	0.06	0	554	31.43	-0.01183	-0.008824	552	509	0.9221	0.0641	1.161	737	32.33	-0.0398	-0.044	732	687	0.9385	0.06522	1.182	474	30.1	-0.01195	0.01472	471	427	0.9066	0.07143	1.141	0.02509	0.1293
chr1	186000000	187000000	0.3666	-0.0363	0.0151	0	0.0588	0	1546	30.83	-0.03941	0.0003394	1536	1043	0.679	0.06667	1.068	1125	33.14	-0.003973	0.02872	1119	663	0.5925	0.05882	0.9319	1090	29.65	-0.03344	0.04915	1082	679	0.6275	0.0625	0.987	-0.04891	0.1926
chr1	187000000	188000000	0.3572	-0.0711	0.0126	0	0.0613	0	1812	29.96	-0.08082	-0.01236	1797	1082	0.6021	0.0625	1.031	1949	32.02	-0.05326	0.01029	1936	1189	0.6142	0.05882	1.052	1629	27.72	-0.1307	0.01031	1614	855	0.5297	0.06522	0.9071	0	0.2016
chr1	188000000	189000000	0.3434	-0.0992	0.031	0	0.0615	0	1669	29.33	-0.1117	-0.01414	1667	253	0.1518	0.05556	0.3117	1738	31.43	-0.08039	0.001175	1732	345	0.1992	0.06522	0.4091	1681	26.5	-0.1956	-0.002926	1675	346	0.2066	0.06667	0.4242	0	0.2451
chr1	189000000	190000000	0.3395	-0.1062	0.0288	0	0.0625	0	2059	29.09	-0.1236	-0.01962	2046	1799	0.8793	0.0625	1.133	2034	31.11	-0.09486	-0.009583	2019	1831	0.9069	0.06098	1.169	1865	26.45	-0.1982	0.00149	1856	1708	0.9203	0.06667	1.186	0	0.239
chr1	190000000	191000000	0.3359	-0.1096	0.0355	0	0.0632	0	1024	29.36	-0.1099	0	1022	204	0.1996	0.0625	0.3657	1448	31.16	-0.09271	-0.004781	1444	809	0.5602	0.06522	1.026	1632	26.43	-0.1994	0.002174	1628	1265	0.777	0.0625	1.423	0	0.2295
chr1	191000000	192000000	0.3442	-0.0657	0.0258	0	0.0602	0	766	30.18	-0.07037	-0.003079	764	31	0.04058	0.07692	0.06203	1071	31.85	-0.06127	-0.01272	1063	579	0.5447	0.0625	0.8327	901	27.59	-0.1373	0.01378	897	334	0.3724	0.07143	0.5693	0.04439	0.2065
chr1	192000000	193000000	0.3618	0.0236	0.0226	0	0.0625	0	1209	31.36	-0.01488	-0.04164	1201	672	0.5595	0.0641	0.8722	1186	33.91	0.02921	-0.004038	1163	742	0.638	0.0625	0.9946	1216	31.65	0.06081	0.09593	1209	848	0.7014	0.05882	1.093	-0.07039	0.08489
chr1	193000000	194000000	0.3639	-0.0358	0.0132	0	0.0594	0	1577	30.52	-0.05395	-0.00932	1554	979	0.63	0.06522	1.034	1514	32.46	-0.03382	-0.005776	1494	853	0.571	0.05882	0.9368	1513	29.12	-0.05944	0.02999	1485	1193	0.8034	0.06667	1.318	0	0.1561
chr1	194000000	195000000	0.345	-0.0821	0.0136	0	0.0615	0	1570	29.49	-0.1039	-0.02765	1563	802	0.5131	0.0625	0.9212	1697	31.57	-0.07371	-0.008762	1685	633	0.3757	0.05882	0.6744	1783	27.13	-0.1618	0.004525	1765	1096	0.621	0.07143	1.115	0	0.2014
chr1	195000000	196000000	0.342	-0.0876	0.0272	0	0.0633	0	1404	29.68	-0.09462	-0.008042	1399	856	0.6119	0.0625	1.015	2030	31.95	-0.05645	0.01051	2022	1181	0.5841	0.0641	0.9693	1435	26.72	-0.1838	-0.003491	1417	1224	0.8638	0.06522	1.433	0.02425	0.2538
chr1	196000000	197000000	0.3489	-0.1155	0.0262	0	0.0646	0	1082	29.1	-0.1226	-0.01076	1049	688	0.6559	0.06667	1.22	1442	27.44	-0.2761	-0.1644	1355	501	0.3697	0.06	0.688	1096	26.75	-0.1823	0.01753	1059	635	0.5996	0.07143	1.116	0	0.237
chr1	197000000	198000000	0.3623	-0.0342	0.0146	0	0.0605	0	922	30.53	-0.05345	-0.02142	917	241	0.2628	0.07143	0.6123	1006	32.39	-0.03709	-0.01053	1000	347	0.347	0.06667	0.8085	935	29.11	-0.05989	0.03188	930	275	0.2957	0.06522	0.689	-0.03412	0.1575
chr1	198000000	199000000	0.36	0.039	0.0145	0	0.0588	0	290	30.22	-0.06846	-0.102	289	64	0.2215	0.07143	0.2891	389	34.02	0.03399	-0.01107	388	172	0.4433	0.0625	0.5786	438	31.6	0.05842	0.07712	434	213	0.4908	0.05172	0.6406	-0.1024	0.0902
chr1	199000000	200000000	0.3703	0.0113	0.0315	0	0.06	0	688	30.92	-0.03533	-0.0458	686	462	0.6735	0.06522	0.8556	1103	33.36	0.005756	-0.009169	1100	838	0.7618	0.0625	0.9679	977	29.86	-0.02346	-0.003144	974	777	0.7977	0.0625	1.014	0.01862	0.1444
chr1	200000000	201000000	0.4184	0.0427	0.0149	0	0.0556	0	1375	32.64	0.04292	-0.003064	1361	582	0.4276	0.0625	0.6754	1427	34.22	0.04231	0.004007	1420	943	0.6641	0.05556	1.049	1183	32.32	0.09078	0.04085	1178	210	0.1783	0.05882	0.2816	0	0.08246
chr1	201000000	202000000	0.4887	0.0898	0.023	0	0.0588	0	1356	34.09	0.1053	-0.01349	1336	431	0.3226	0.05556	0.5664	1458	35.55	0.09755	0.02393	1442	694	0.4813	0.05882	0.8449	1534	33.33	0.1351	-0.008742	1504	726	0.4827	0.06522	0.8475	-0.02308	0.08017
chr1	202000000	203000000	0.4575	0.0784	0.0175	0	0.0556	0	1335	33.57	0.08315	-0.007956	1320	893	0.6765	0.05556	1.025	1307	34.69	0.06219	-0.009244	1294	861	0.6654	0.05556	1.009	1053	32.93	0.1178	0.001569	1040	620	0.5962	0.0625	0.9037	-0.0217	0.074
chr1	203000000	204000000	0.4637	0.0643	0.0298	0	0.0588	0	1361	33.3	0.07153	-0.01243	1353	743	0.5492	0.06667	1.025	1388	34.47	0.05284	-0.004098	1376	821	0.5967	0.06098	1.114	1420	33.04	0.1226	0.01497	1411	765	0.5422	0.0625	1.012	0	0.06871
chr1	204000000	205000000	0.4755	0.0828	0.0202	0	0.0591	0	1185	34.06	0.1041	-0.002267	1176	819	0.6964	0.05882	1.061	1369	34.74	0.0643	-0.0003956	1363	1018	0.7469	0.06	1.138	1231	33.16	0.1278	-0.004661	1224	827	0.6757	0.06098	1.03	0.01912	0.09954
chr1	205000000	206000000	0.4729	0.0815	0.0271	0	0.0581	0	1338	33.64	0.08626	-0.0188	1329	563	0.4236	0.05556	0.6737	1599	35.36	0.08959	0.01801	1593	1169	0.7338	0.05882	1.167	1475	32.84	0.1138	-0.01359	1466	874	0.5962	0.05941	0.9481	-0.01937	0.1031
chr1	206000000	207000000	0.4475	0.0911	0.0469	0	0.057	0	707	33.58	0.08357	-0.01309	689	490	0.7112	0.05814	1.016	723	34.98	0.07415	-0.007714	697	460	0.66	0.05685	0.9425	743	34.26	0.1749	0.06352	722	582	0.8061	0.0625	1.151	-0.04067	0.04015
chr1	207000000	208000000	0.4044	0.0513	0.0315	0	0.06	0	1190	32.2	0.02331	-0.02234	1175	781	0.6647	0.06	1.141	952	34.26	0.04417	-0.001895	939	349	0.3717	0.0641	0.638	1123	32.57	0.102	0.03816	1118	789	0.7057	0.05882	1.211	-0.06321	0.08132
chr1	208000000	209000000	0.4242	0.0243	0.017	0	0.0621	0	1240	32.12	0.01939	-0.01024	1236	705	0.5704	0.06	0.9865	1146	33.35	0.005312	-0.01747	1142	581	0.5088	0.05556	0.8799	1197	30.23	-0.005654	-0.05566	1195	717	0.6	0.0641	1.038	0.04373	0.162
chr1	209000000	210000000	0.4218	0.0018	0.0267	0	0.0617	0	1179	32.23	0.02439	0.01933	1172	781	0.6664	0.06522	1.132	970	33.88	0.02805	0.02901	957	516	0.5392	0.05882	0.9162	1102	30.29	-0.002768	-0.03072	1090	526	0.4826	0.06098	0.82	-0.02076	0.1575
chr1	210000000	211000000	0.4105	-0.0045	0.0132	0	0.06	0	1483	31.41	-0.01283	-0.01147	1473	960	0.6517	0.0625	0.9601	1530	32.95	-0.01227	-0.006198	1522	1065	0.6997	0.05556	1.031	1470	29.85	-0.02364	-0.03161	1462	971	0.6642	0.0625	0.9784	0	0.1375
chr1	211000000	212000000	0.4215	0.079	0.0158	0	0.0594	0	1118	32.94	0.05617	-0.0251	1111	644	0.5797	0.0633	0.8377	1096	34.72	0.06346	-0.01252	1092	750	0.6868	0.0625	0.9925	1419	32.85	0.1143	0.01075	1413	1161	0.8217	0.05882	1.187	-0.04182	0.08883
chr1	212000000	213000000	0.4313	0.0676	0.0327	0	0.0556	0	1428	33.85	0.09526	0.01842	1421	1132	0.7966	0.05685	1.027	1289	35.22	0.08387	0.01976	1279	995	0.778	0.0625	1.003	1623	33.24	0.1313	0.03537	1606	1179	0.7341	0.06098	0.9462	-0.02106	0.04307
chr1	213000000	214000000	0.4079	0.0333	0.0307	0	0.0585	0	1040	32.3	0.02764	-0.004305	1033	517	0.5005	0.05556	0.9185	1014	33.47	0.01037	-0.02327	1012	576	0.5692	0.06174	1.045	1132	30.37	0.001204	-0.03843	1124	603	0.5365	0.0625	0.9845	-0.008744	0.1155
chr1	214000000	215000000	0.4017	-0.0315	0.0162	0	0.0617	0	1133	31.21	-0.02167	0.01505	1124	702	0.6246	0.06049	0.9915	1127	33.07	-0.006952	0.02356	1122	731	0.6515	0.06	1.034	1223	29.57	-0.03741	-0.01046	1211	735	0.6069	0.0625	0.9635	0	0.159
chr1	215000000	216000000	0.3677	-0.0728	0.0196	0	0.0613	0	1215	30.23	-0.06808	0.01191	1209	800	0.6617	0.0625	1.101	1184	32.01	-0.05393	0.0141	1180	925	0.7839	0.06	1.305	1258	27.73	-0.13	-0.01481	1254	829	0.6611	0.07143	1.1	0.02749	0.208
chr1	216000000	217000000	0.3679	-0.0949	0.0225	0	0.0625	0	1298	29.76	-0.09043	0.01165	1290	766	0.5938	0.0625	1.09	1314	31.65	-0.07022	0.01657	1308	661	0.5054	0.0625	0.9273	1227	27.21	-0.1575	-0.02672	1213	610	0.5029	0.06466	0.9227	0.02509	0.2283
chr1	217000000	218000000	0.377	-0.0691	0.0188	0	0.0605	0	1486	30.51	-0.05454	0.03098	1480	912	0.6162	0.06	0.9095	1415	31.84	-0.06183	0.005199	1413	894	0.6327	0.0625	0.9339	1472	27.99	-0.1169	-0.02204	1470	999	0.6796	0.06522	1.003	0.02385	0.1806
chr1	218000000	219000000	0.384	-0.0448	0.0071	0	0.0617	0	1273	30.65	-0.04789	0.002384	1261	929	0.7367	0.06522	1.057	1305	32.3	-0.0408	0.00021	1298	985	0.7589	0.06	1.089	1604	28.29	-0.1011	-0.03344	1596	1121	0.7024	0.0641	1.008	0.02272	0.2095
chr1	219000000	220000000	0.381	-0.043	0.0163	0	0.0615	0	1438	30.44	-0.05792	-0.008506	1421	629	0.4426	0.0625	0.7729	1680	32.85	-0.01668	0.02088	1659	752	0.4533	0.05941	0.7915	1554	29.15	-0.05833	-0.00644	1551	931	0.6003	0.06757	1.048	-0.02347	0.1769
chr1	220000000	221000000	0.4031	-0.0042	0.0154	0	0.06	0	1102	31.82	0.006198	0.01727	1102	851	0.7722	0.06	1.279	1013	32.7	-0.02333	-0.01583	1009	585	0.5798	0.06	0.9605	1194	30.23	-0.005506	-0.00325	1185	834	0.7038	0.06522	1.166	0.02509	0.111
chr1	221000000	222000000	0.3906	0.0352	0.0111	0	0.0607	0	1211	31.82	0.006166	-0.02904	1209	766	0.6336	0.0641	0.9821	1178	33.95	0.03105	0.001987	1176	734	0.6241	0.05882	0.9675	1204	31.27	0.0432	0.02776	1200	779	0.6492	0.0625	1.006	-0.03953	0.1069
chr1	222000000	223000000	0.3993	0.0263	0.0116	0	0.0605	0	1051	32.02	0.0149	-0.007657	1043	569	0.5455	0.06098	0.8962	1041	33.69	0.01978	-0.009571	1033	637	0.6167	0.05882	1.013	1358	30.83	0.02259	-0.01112	1354	1000	0.7386	0.05882	1.213	0	0.1333
chr1	223000000	224000000	0.4463	0.0241	0.0101	0	0.0594	0	1097	32.17	0.02203	-0.005775	1092	542	0.4963	0.0625	0.8097	1034	33.27	0.001985	-0.01075	1017	437	0.4297	0.05556	0.701	1570	31.62	0.05927	0.008777	1546	1094	0.7076	0.06	1.154	-0.02076	0.06109
chr1	224000000	225000000	0.423	0.0491	0.0085	0	0.0588	0	1399	32.95	0.05661	0.002171	1383	667	0.4823	0.06	0.9494	1278	34.25	0.04349	-0.0003266	1263	518	0.4101	0.0633	0.8074	1419	32.56	0.1016	0.02444	1413	914	0.6469	0.0625	1.273	-0.02106	0.07136
chr1	225000000	226000000	0.4189	0.0392	0.0115	0	0.0591	0	890	32.52	0.03747	-0.005425	887	423	0.4769	0.05882	0.7963	958	34.12	0.03809	0.003279	954	551	0.5776	0.05556	0.9644	805	31.65	0.06069	0.01692	796	302	0.3794	0.05556	0.6335	-0.02106	0.09311
chr1	226000000	227000000	0.464	0.1034	0.0217	0	0.0556	0	1092	34.41	0.119	-0.004046	1077	707	0.6565	0.05814	1.038	1116	35.31	0.08746	-0.008618	1108	764	0.6895	0.05556	1.09	919	33.84	0.1569	0.01017	908	376	0.4141	0.05	0.6548	0	0.04891
chr1	227000000	228000000	0.426	0.0273	0.0148	0	0.06	0	1492	31.81	0.005609	-0.02989	1440	857	0.5951	0.06098	0.9424	1971	33.51	0.01224	-0.009186	1937	1408	0.7269	0.05882	1.151	1225	31.01	0.03129	-0.01995	1211	484	0.3997	0.05848	0.6329	-0.01815	0.08132
chr1	228000000	229000000	0.496	0.0678	0.0171	0	0.058	0	897	34.34	0.1159	0.01158	866	543	0.627	0.06	0.9876	804	34.42	0.05095	-0.006113	764	493	0.6453	0.06098	1.016	872	32.58	0.1026	-0.02137	844	275	0.3258	0.05263	0.5132	0.03317	0.03953
chr1	229000000	230000000	0.4358	0.0372	0.0085	0	0.0583	0	1001	33.22	0.06837	0.02175	998	520	0.521	0.05792	0.7213	1170	33.82	0.02557	-0.007411	1160	837	0.7216	0.05814	0.9988	1001	32	0.07624	0.01843	995	818	0.8221	0.0625	1.138	0.02346	0.08017
chr1	230000000	231000000	0.4461	0.0431	0.0078	0	0.0594	0	1627	32.77	0.04866	0.003479	1621	905	0.5583	0.05882	0.8367	1539	34.1	0.03739	0.00566	1530	780	0.5098	0.06667	0.764	1891	31.46	0.05207	-0.02077	1879	1238	0.6589	0.0625	0.9874	0	0.0902
chr1	231000000	232000000	0.4242	-0.0006	0.0111	0	0.061	0	1070	32.32	0.02858	0.02385	1058	722	0.6824	0.0625	0.999	1209	33.32	0.00396	0.006078	1203	980	0.8146	0.05172	1.193	1188	30.74	0.01829	-0.006821	1180	618	0.5237	0.06522	0.7667	0	0.1343
chr1	232000000	233000000	0.4187	-0.0223	0.0074	0	0.0594	0	1246	31.05	-0.02913	-0.01052	1243	661	0.5318	0.06098	0.8869	1356	32.35	-0.03862	-0.01212	1348	780	0.5786	0.06667	0.965	1608	29.62	-0.03483	-0.01977	1599	889	0.556	0.06	0.9272	0	0.1313
chr1	233000000	234000000	0.4023	0.0133	0.0073	0	0.0588	0	1604	30.8	-0.04082	-0.0446	1596	987	0.6184	0.0625	0.9616	1482	33	-0.01018	-0.02018	1479	881	0.5957	0.05556	0.9263	1610	30.48	0.006415	-0.00764	1602	1057	0.6598	0.0625	1.026	-0.02554	0.08746
chr1	234000000	235000000	0.4374	0.1104	0.0265	0	0.0617	0	1391	34.17	0.1088	-0.008288	1364	763	0.5594	0.0625	0.798	1477	35.68	0.1027	-0.0008868	1452	864	0.595	0.0641	0.8488	1424	33.36	0.1367	-0.007895	1398	1016	0.7268	0.06	1.037	-0.02308	0.04123
chr1	235000000	236000000	0.4243	0.0698	0.0177	0	0.0605	0	1098	33.03	0.05971	-0.01801	1082	534	0.4935	0.06	0.812	1339	34.69	0.06194	-0.006332	1327	1051	0.792	0.05882	1.303	1247	33.38	0.1373	0.04269	1230	751	0.6106	0.05882	1.005	-0.03562	0.0458
chr1	236000000	237000000	0.4287	0.0289	0.0121	0	0.0588	0	2139	32.3	0.02774	-0.008991	2107	770	0.3654	0.05882	0.5775	2304	34.04	0.03498	0.01144	2275	1637	0.7196	0.05882	1.137	2039	31.79	0.06693	5.365e-05	2004	1321	0.6592	0.06	1.042	-0.02046	0.08746
chr1	237000000	238000000	0.3898	-0.0525	0.0238	0	0.0594	0	1838	30.67	-0.04713	0.01103	1801	1120	0.6219	0.05556	1.13	1716	32.27	-0.04217	0.01072	1696	963	0.5678	0.0625	1.032	1886	27.83	-0.1252	-0.06873	1843	1162	0.6305	0.06757	1.146	0.02509	0.205
chr1	238000000	239000000	0.3684	-0.0965	0.0411	0	0.0617	0	1825	30.72	-0.04451	0.05437	1818	1121	0.6166	0.06	1.02	1544	32.08	-0.05074	0.03396	1540	731	0.4747	0.06	0.7851	1591	26.8	-0.1795	-0.05212	1584	999	0.6307	0.06522	1.043	0.06325	0.2538
chr1	239000000	240000000	0.3822	-0.1028	0.0257	0	0.0619	0	1419	30.55	-0.05272	0.06228	1405	845	0.6014	0.06098	0.9367	1532	30.94	-0.1032	0	1522	826	0.5427	0.0625	0.8452	1223	27.02	-0.1676	-0.05834	1203	764	0.6351	0.06712	0.9891	0.05889	0.1926
chr1	240000000	241000000	0.3973	-0.0637	0.0203	0	0.0625	0	1459	30.78	-0.04179	0.03157	1449	910	0.628	0.05882	0.9217	1882	31.72	-0.0672	-0.004975	1874	1316	0.7022	0.05556	1.031	1261	27.62	-0.1359	-0.07527	1251	780	0.6235	0.0625	0.915	0.04655	0.1926
chr1	241000000	242000000	0.3993	-0.0096	0.0198	0	0.0597	0	1762	31.79	0.004868	0.01821	1759	1120	0.6367	0.0625	1.02	1682	33.53	0.01299	0.01953	1678	1045	0.6228	0.0625	0.9972	1629	29.54	-0.03912	-0.03694	1624	745	0.4587	0.06522	0.7346	0	0.1926
chr1	242000000	243000000	0.4079	-0.0239	0.0303	0	0.0588	0	2059	31.57	-0.005518	0.01974	2052	962	0.4688	0.06667	0.8262	2276	33.17	-0.002578	0.02099	2268	1334	0.5882	0.05556	1.037	2261	29.77	-0.02753	-0.009966	2247	1288	0.5732	0.06174	1.01	0	0.152
chr1	243000000	244000000	0.3907	0.0009	0.0062	0	0.0588	0	916	31.68	-0.0003944	0	906	546	0.6026	0.05882	1.36	838	32.99	-0.01024	-0.005002	830	322	0.388	0.06	0.8753	637	30.55	0.009358	0.02542	625	200	0.32	0.0625	0.722	-0.04439	0.1333
chr1	244000000	245000000	0.4253	0.0168	0.0186	0	0.0625	0	1541	32.65	0.04319	0.01896	1532	984	0.6423	0.05882	1.092	1579	33.58	0.01527	0.004344	1572	909	0.5782	0.0625	0.9829	1393	31.72	0.06358	0.02248	1381	820	0.5938	0.05882	1.009	-0.02308	0.078
chr1	245000000	246000000	0.4381	0.0156	0.0181	0	0.0594	0	2159	32.38	0.03143	0.009133	2115	1500	0.7092	0.0641	1.201	1933	33.6	0.0158	0.005294	1890	1077	0.5698	0.0625	0.965	2081	31.09	0.03505	-0.00567	2048	1455	0.7104	0.06098	1.203	-0.02237	0.111
chr1	246000000	247000000	0.4134	-0.0085	0.0174	0	0.0613	0	1405	32.01	0.01483	0.02212	1351	800	0.5922	0.0641	1.079	1634	32.8	-0.01887	-0.004942	1571	1120	0.7129	0.05814	1.299	1467	31.25	0.04244	0.04774	1402	669	0.4772	0.05882	0.8695	0	0.07215
chr1	247000000	248000000	0.412	-0.0106	0.0078	0	0.0605	0	2052	30.99	-0.03207	-0.02326	2035	874	0.4295	0.0625	0.8578	2334	32.68	-0.02418	-0.011	2313	1348	0.5828	0.06049	1.164	1907	29.66	-0.03333	-0.0374	1875	724	0.3861	0.06	0.7712	0	0.1359
chr1	248000000	248956422	0.3947	-0.0782	0.0414	0	0.0676	0	1544	30.09	-0.07463	0.007872	1452	295	0.2032	0.07576	0.4192	1550	32.88	-0.01521	0.06551	1478	762	0.5156	0.06757	1.064	2242	29.26	-0.05257	0.03552	2117	978	0.462	0.06667	0.9531	-0.05346	0.1864
chr2	0	1000000	0.4409	-0.0637	0.0164	0	0.0636	0	1769	31.31	-0.01711	0.03863	1638	145	0.08852	0.08065	0.1413	2017	31.95	-0.05669	0.01555	1911	1176	0.6154	0.06522	0.9826	2333	29.03	-0.06389	-0.01865	2214	1452	0.6558	0.06667	1.047	0.04731	0.142
chr2	1000000	2000000	0.4658	-0.0843	0.0324	0	0.0641	0	2577	30.63	-0.04914	0.01226	2341	1470	0.6279	0.06667	0.977	2428	30.95	-0.1025	-0.01082	2230	1354	0.6072	0.06466	0.9447	2271	27.71	-0.1312	-0.0898	2066	1239	0.5997	0.06757	0.9331	0.07531	0.1375
chr2	2000000	3000000	0.4432	-0.009	0.0237	0	0.0612	0	1343	32.31	0.0282	0.03319	1317	663	0.5034	0.05882	0.9002	1319	31.97	-0.05563	-0.03593	1284	670	0.5218	0.0633	0.9331	1348	29.21	-0.05497	-0.06931	1316	708	0.538	0.0641	0.9621	0.07943	0.1255
chr2	3000000	4000000	0.4654	0.0266	0.0218	0	0.0625	0	1798	33.74	0.09069	0.04118	1753	987	0.563	0.0625	0.871	2016	33.71	0.02069	0.001067	1951	1354	0.694	0.0625	1.074	1936	31.17	0.03853	-0.03074	1876	1227	0.6541	0.06522	1.012	0.04977	0.1155
chr2	4000000	5000000	0.3853	-0.0656	0.0208	0	0.0621	0	1823	30.84	-0.0392	0.03598	1814	1149	0.6334	0.06667	1.012	1811	31.54	-0.0751	-0.009706	1799	1305	0.7254	0.06	1.159	1632	27.97	-0.1178	-0.03378	1621	1001	0.6175	0.06522	0.9865	0.04439	0.1926
chr2	5000000	6000000	0.4039	-0.0591	0.015	0	0.0617	0	1503	30.78	-0.04191	0.02252	1494	1001	0.67	0.06522	1.085	1586	31.88	-0.05983	0.004502	1573	1091	0.6936	0.0625	1.123	1470	27.32	-0.1516	-0.1026	1461	768	0.5257	0.06522	0.851	0.05971	0.2313
chr2	6000000	7000000	0.4022	-0.0125	0.0241	0	0.0594	0	1146	31.79	0.004523	0.0257	1133	664	0.5861	0.05556	1.025	1496	33.44	0.009311	0.02622	1483	987	0.6655	0.0625	1.165	1178	30.18	-0.00798	0.002427	1171	601	0.5132	0.0641	0.8981	0	0.1635
chr2	7000000	8000000	0.4092	0.0004	0.0162	0	0.06	0	1157	31.46	-0.01035	-0.01093	1143	570	0.4987	0.06049	0.8137	1319	34.08	0.03667	0.03158	1301	797	0.6126	0.06	0.9995	1519	30.28	-0.003227	-0.01017	1505	1242	0.8252	0.0625	1.346	-0.04891	0.1651
chr2	8000000	9000000	0.4367	0.0764	0.0265	0	0.0592	0	1029	34.74	0.1328	0.04526	1027	550	0.5355	0.05882	1.001	1067	35.1	0.07895	0.006212	1066	592	0.5553	0.05263	1.038	1046	33.71	0.1518	0.04849	1042	511	0.4904	0.05882	0.9163	0.01862	0.07039
chr2	9000000	10000000	0.4492	0.0698	0.0219	0	0.0585	0	1743	33.61	0.08514	0.0001374	1719	1182	0.6876	0.06098	0.999	1444	34.85	0.06872	0.005303	1435	978	0.6815	0.06	0.9902	1620	32.98	0.1201	0.02183	1602	1119	0.6985	0.05882	1.015	-0.02425	0.07698
chr2	10000000	11000000	0.4913	0.0888	0.0285	0	0.0588	0	1892	34.44	0.1201	0.0005961	1835	1309	0.7134	0.05882	1.039	2028	34.77	0.06547	-0.00715	1989	1374	0.6908	0.05556	1.006	1889	33.87	0.1584	0.0135	1849	1221	0.6604	0.0625	0.9618	0	0.07215
chr2	11000000	12000000	0.4433	0.0404	0.0157	0	0.0572	0	1321	32.99	0.05825	0.01392	1289	638	0.495	0.06466	0.7969	1408	34.02	0.03399	0.006812	1387	691	0.4982	0.06	0.8021	1371	32.76	0.1102	0.04578	1348	967	0.7174	0.05814	1.155	0	0.04439
chr2	12000000	13000000	0.4034	-0.0097	0.022	0	0.0625	0	1261	31.48	-0.009531	0.007297	1258	798	0.6343	0.0625	1.071	1346	33.21	-0.0008149	0.0133	1338	811	0.6061	0.0625	1.023	1217	30.94	0.02773	0.03548	1211	718	0.5929	0.06594	1.001	-0.04182	0.1293
chr2	13000000	14000000	0.3553	-0.0617	0.0176	0	0.0646	0	1492	30.52	-0.05434	0.00259	1484	1048	0.7062	0.0625	1.102	1624	32.17	-0.04659	0.007678	1618	1212	0.7491	0.0625	1.169	1481	28.67	-0.08227	0.05003	1472	918	0.6236	0.07143	0.9735	0	0.1635
chr2	14000000	15000000	0.3808	-0.0738	0.0074	0	0.0625	0	1159	30.12	-0.07334	0.004684	1152	774	0.6719	0.06	0.9771	1287	31.78	-0.06415	0.003107	1281	1095	0.8548	0.0641	1.243	1262	27.96	-0.1181	-0.02829	1257	813	0.6468	0.06	0.9406	0	0.1725
chr2	15000000	16000000	0.4211	-0.0031	0.0182	0	0.061	0	1203	32.46	0.03468	0.03544	1193	828	0.694	0.05882	1.054	1850	33.23	-0.0001709	0.006704	1837	1402	0.7632	0.06098	1.159	1667	30.3	-0.00207	-0.02304	1658	1284	0.7744	0.06667	1.176	0.04373	0.1293
chr2	16000000	17000000	0.42	-0.0244	0.0124	0	0.0605	0	1211	31.66	-0.001086	0.02006	1191	865	0.7263	0.06522	1.11	912	32.14	-0.04806	-0.01766	893	438	0.4905	0.05882	0.7496	1518	28.67	-0.08218	-0.06257	1500	1046	0.6973	0.07143	1.066	0.07039	0.1769
chr2	17000000	18000000	0.3889	-0.0002	0.0111	0	0.0597	0	1017	31.47	-0.009994	0.001243	1005	659	0.6557	0.06	1.024	1083	33.29	0.00252	0.0009801	1071	703	0.6564	0.05882	1.025	1200	30.55	0.009758	0.0139	1184	780	0.6588	0.06757	1.029	-0.01937	0.152
chr2	18000000	19000000	0.3875	-0.0218	0.0162	0	0.061	0	1194	30.79	-0.0415	-0.01242	1185	781	0.6591	0.05882	0.9695	931	32.27	-0.04225	-0.02493	925	457	0.4941	0.05882	0.7268	1562	29.59	-0.03668	0.005163	1548	1051	0.6789	0.06667	0.9987	0.04064	0.152
chr2	19000000	20000000	0.4115	0.0066	0.0195	0	0.06	0	1570	31.81	0.005451	-0.004048	1566	919	0.5868	0.0625	0.9941	1559	33.33	0.004408	0.001062	1554	975	0.6274	0.06	1.063	1630	29.71	-0.03048	-0.05362	1623	1064	0.6556	0.05556	1.111	0	0.174
chr2	20000000	21000000	0.4512	0.0968	0.0191	0	0.0588	0	1336	34.34	0.116	0.004635	1334	842	0.6312	0.05556	0.9616	1375	35.63	0.1006	0.007412	1367	888	0.6496	0.05882	0.9896	1205	33.82	0.1563	0.0364	1204	563	0.4676	0.05556	0.7124	-0.02385	0.04064
chr2	21000000	22000000	0.3866	-0.04	0.0225	0	0.0572	0	901	30.99	-0.03196	0.007734	901	424	0.4706	0.05556	0.8403	1177	32.1	-0.04973	-0.008748	1172	831	0.709	0.06	1.266	851	28.43	-0.09397	-0.03501	849	375	0.4417	0.06	0.7887	0.03104	0.1541
chr2	22000000	23000000	0.3736	-0.0533	0.0282	0	0.0625	0	976	30.23	-0.06772	-0.005585	973	699	0.7184	0.0641	1.021	990	31.86	-0.06092	-0.01073	988	722	0.7308	0.05882	1.039	823	28.17	-0.1074	-0.02098	814	498	0.6118	0.06522	0.8695	0.008851	0.1986
chr2	23000000	24000000	0.4459	0.0725	0.0108	0	0.0588	0	1008	33.05	0.06074	-0.01544	996	640	0.6426	0.05556	0.9714	1292	34.06	0.03582	-0.02203	1279	1048	0.8194	0.05882	1.239	1320	32.33	0.09113	-0.00715	1305	852	0.6529	0.0625	0.987	-0.008537	0.08368
chr2	24000000	25000000	0.4213	0.0843	0.0259	0	0.0591	0	1437	33.46	0.07875	-0.007741	1431	853	0.5961	0.06	1.045	1309	34.93	0.07213	-0.008809	1298	868	0.6687	0.05556	1.173	1373	33.73	0.1523	0.04434	1366	687	0.5029	0.06	0.882	-0.026	0.04373
chr2	25000000	26000000	0.4539	0.0837	0.0266	0	0.0615	0	1073	34.18	0.1095	0.01122	1069	774	0.724	0.06	1.356	1035	34.98	0.07411	-0.002637	1023	567	0.5543	0.0625	1.038	793	33.95	0.1618	0.045	786	380	0.4835	0.05556	0.9052	0.0177	0
chr2	26000000	27000000	0.4645	0.0938	0.0209	0	0.0581	0	1250	34.28	0.1134	-0.0008479	1247	716	0.5742	0.05137	1.011	1350	35.41	0.0917	0.004608	1342	761	0.5671	0.05882	0.998	1197	33.32	0.1349	-0.001562	1191	866	0.7271	0.06667	1.28	0.01815	0.08489
chr2	27000000	28000000	0.4517	0.0392	0.0232	0	0.0572	0	728	32.8	0.04967	-0.006032	711	434	0.6104	0.06	0.9958	806	34.48	0.05311	0.01917	791	553	0.6991	0.06	1.14	755	32.04	0.07805	0.01997	745	481	0.6456	0.05882	1.053	0.02137	0.1155
chr2	28000000	29000000	0.4366	0.0387	0.019	0	0.0588	0	1493	32.92	0.05507	0.003856	1482	736	0.4966	0.0625	0.8053	1408	34.3	0.04572	0.01068	1401	645	0.4604	0.05556	0.7465	1536	31.76	0.06542	-0.0008599	1528	907	0.5936	0.06	0.9625	0	0.114
chr2	29000000	30000000	0.4339	0.0206	0.0073	0	0.0594	0	1553	32.29	0.02737	-0.003475	1552	830	0.5348	0.05882	0.9688	1690	33.48	0.01086	-0.001907	1680	925	0.5506	0.05556	0.9975	1492	31.33	0.046	0.007281	1485	905	0.6094	0.05882	1.104	0	0.09622
chr2	30000000	31000000	0.4333	0.0283	0.0161	0	0.0594	0	1313	32.72	0.04623	0.008104	1308	731	0.5589	0.0641	0.8586	1284	34.25	0.04376	0.02292	1280	828	0.6469	0.0625	0.9938	1452	31.57	0.05684	0.007639	1446	929	0.6425	0.0625	0.987	-0.0199	0.09311
chr2	31000000	32000000	0.4134	0.0094	0.0108	0	0.0603	0	1161	31.8	0.005234	-0.005371	1152	833	0.7231	0.06604	1.247	1107	33.11	-0.005258	-0.009229	1104	726	0.6576	0.06	1.134	1069	30.23	-0.005548	-0.01815	1061	248	0.2337	0.07143	0.403	-0.01937	0.1333
chr2	32000000	33000000	0.4043	0.0119	0.026	0	0.0588	0	1130	31.66	-0.00112	-0.007373	1118	844	0.7549	0.06	1.159	1066	33	-0.01005	-0.01891	1047	732	0.6991	0.06	1.073	724	30.87	0.02445	0.0005327	711	7	0.009845	0.01852	0.01511	0	0.08017
chr2	33000000	34000000	0.4014	0.0187	0.0155	0	0.0615	0	1866	32.02	0.01531	0	1859	818	0.44	0.05882	0.7328	1732	33.43	0.008644	-0.01172	1727	927	0.5368	0.05556	0.8939	1975	31.15	0.03747	0.009763	1966	882	0.4486	0.06522	0.7471	-0.01911	0.08618
chr2	34000000	35000000	0.3704	-0.0679	0.0245	0	0.0607	0	1877	29.91	-0.08307	-0.01245	1865	1185	0.6354	0.0641	1.089	1860	31.58	-0.07341	-0.01116	1841	920	0.4997	0.06049	0.8561	1726	28.33	-0.09952	-0.0001523	1710	1184	0.6924	0.06522	1.186	0	0.1806
chr2	35000000	36000000	0.3571	-0.0749	0.0292	0	0.0605	0	2397	29.8	-0.08838	-0.01643	2366	1807	0.7637	0.0625	1.098	1818	30.81	-0.109	-0.04114	1798	974	0.5417	0.05556	0.7785	2006	27.88	-0.1225	0.02407	1980	1384	0.699	0.06522	1.005	0	0.1255
chr2	36000000	37000000	0.3955	0.0058	0.0098	0	0.0617	0	1699	31.76	0.00324	0.008359	1677	1087	0.6482	0.06098	1.044	1752	32.78	-0.01974	-0.02431	1724	1059	0.6143	0.06	0.989	1626	30.49	0.006714	-0.006235	1590	1043	0.656	0.0625	1.056	0	0.08246
chr2	37000000	38000000	0.4008	0.0684	0.0123	0	0.0588	0	1324	33.27	0.07045	0.003988	1321	779	0.5897	0.05882	0.8852	1537	34.89	0.07016	0.001449	1527	1026	0.6719	0.0625	1.009	1478	32.2	0.08537	0.001178	1473	1093	0.742	0.0625	1.114	0	0.111
chr2	38000000	39000000	0.422	0.054	0.0145	0	0.0588	0	1073	33.34	0.07355	0.01867	1067	536	0.5023	0.05882	0.7774	989	34.43	0.05137	0.0002645	985	552	0.5604	0.05882	0.8672	1188	32.12	0.08207	0.0009602	1181	904	0.7655	0.05882	1.185	0	0.08017
chr2	39000000	40000000	0.3928	0.0135	0.016	0	0.058	0	1297	31.74	0.002625	0.005989	1296	187	0.1443	0.0625	0.3167	1410	33.48	0.01079	-0.002874	1408	682	0.4844	0.05814	1.063	1371	30.86	0.02408	0	1362	526	0.3862	0.06174	0.8477	-0.039	0.122
chr2	40000000	41000000	0.3651	-0.0633	0.0182	0	0.0594	0	1815	30.5	-0.0551	0.008796	1808	1110	0.6139	0.06	1.001	1834	31.58	-0.07332	-0.01418	1830	1228	0.671	0.0625	1.094	1736	27.91	-0.1208	-0.008458	1728	1122	0.6493	0.07143	1.059	0.03847	0.1575
chr2	41000000	42000000	0.3837	-0.0205	0.018	0	0.0594	0	2324	31.06	-0.02895	-0.003849	2308	1185	0.5134	0.0641	0.7568	2474	32.75	-0.02076	-0.003846	2462	1472	0.5979	0.05882	0.8813	2105	29.45	-0.0434	0.002187	2092	1242	0.5937	0.06667	0.8751	0	0.1561
chr2	42000000	43000000	0.4407	0.0615	0.017	0	0.06	0	1604	33.57	0.08331	0.01385	1597	1112	0.6963	0.05882	1.154	1499	34.5	0.05412	0	1492	906	0.6072	0.05882	1.006	1350	32.82	0.1131	0.03177	1344	352	0.2619	0.05941	0.434	0	0.06486
chr2	43000000	44000000	0.4271	0.0611	0.0269	0	0.0587	0	921	33.69	0.08847	0.01972	904	645	0.7135	0.06	0.9721	1266	34.28	0.04504	-0.00967	1249	802	0.6421	0.05556	0.8748	849	33.08	0.1244	0.0264	845	721	0.8533	0.06098	1.162	-0.02106	0.074
chr2	44000000	45000000	0.4104	0.0272	0.0182	0	0.0588	0	1543	32.26	0.02601	-0.00538	1530	674	0.4405	0.05882	0.9625	1520	33.96	0.03118	0.005939	1505	573	0.3807	0.05556	0.8318	1213	31.57	0.05685	0.01718	1206	466	0.3864	0.0625	0.8442	-0.02554	0.08017
chr2	45000000	46000000	0.4271	0.055	0.0217	0	0.0609	0	1378	32.56	0.03918	-0.02347	1355	919	0.6782	0.06522	1	1518	34.08	0.03638	-0.01222	1492	992	0.6649	0.0641	0.9804	1558	32.57	0.1021	0.01011	1529	962	0.6292	0.06174	0.9277	-0.05378	0.07698
chr2	46000000	47000000	0.4381	0.077	0.0096	0	0.0599	0	1472	33.24	0.06898	-0.01472	1468	1170	0.797	0.05814	1.066	1382	35.1	0.07907	0.00716	1379	1054	0.7643	0.05882	1.022	1296	33.11	0.1256	0.02351	1294	974	0.7527	0.0625	1.007	-0.03653	0.0902
chr2	47000000	48000000	0.447	0.0727	0.0207	0	0.0585	0	1214	33.68	0.08787	0.009622	1209	553	0.4574	0.06	0.6508	1399	34.77	0.06551	0.003239	1393	985	0.7071	0.05556	1.006	1358	32.87	0.1151	0.02214	1347	985	0.7313	0.06	1.04	-0.02237	0.1125
chr2	48000000	49000000	0.4046	0.0081	0.0164	0	0.061	0	1375	31.69	7.479e-05	-0.0005422	1370	563	0.4109	0.06667	0.6479	1718	33.14	-0.003897	-0.006761	1711	1348	0.7878	0.06	1.242	1428	31.5	0.0539	0.03083	1421	1101	0.7748	0.0625	1.222	-0.04064	0.08017
chr2	49000000	50000000	0.3724	-0.0703	0.0271	0	0.0625	0	1397	30.3	-0.06461	0.01123	1390	1146	0.8245	0.06522	1.095	1653	31.28	-0.08716	-0.01667	1652	1277	0.773	0.06098	1.027	1520	28	-0.1164	-0.01569	1520	1288	0.8474	0.0625	1.125	0.02107	0.152
chr2	50000000	51000000	0.3573	-0.0903	0.0173	0	0.0594	0	1026	29.63	-0.09683	-0.004635	1024	796	0.7773	0.06	1.058	1432	31.09	-0.09591	-0.01282	1429	1195	0.8362	0.05882	1.139	1300	26.8	-0.1794	-0.01913	1293	909	0.703	0.06667	0.9573	0.05063	0.1854
chr2	51000000	52000000	0.3532	-0.1022	0.0395	0	0.0625	0	1272	29.85	-0.08624	0.01419	1266	585	0.4621	0.0625	0.7794	1487	30.77	-0.1111	-0.02439	1477	901	0.61	0.06098	1.029	1166	26.84	-0.1772	-0.006719	1164	604	0.5189	0.0625	0.8752	0.0451	0.1864
chr2	52000000	53000000	0.3606	-0.0824	0.0241	0	0.0621	0	1497	30.3	-0.06476	0.02234	1492	1236	0.8284	0.06	1.141	1344	31.3	-0.08625	-0.00882	1341	745	0.5556	0.06522	0.765	1834	27.06	-0.1655	-0.02771	1822	1560	0.8562	0.07143	1.179	0.04655	0.2253
chr2	53000000	54000000	0.3835	-0.0283	0.0175	0	0.0602	0	1589	31.16	-0.02437	0.008918	1581	1280	0.8096	0.06667	1.063	1470	32.23	-0.04404	-0.0168	1466	1193	0.8138	0.06	1.068	1453	29.94	-0.01957	0.03372	1444	1083	0.75	0.0625	0.9846	0	0.05889
chr2	54000000	55000000	0.4081	0.0554	0.0114	0	0.0588	0	1520	32.65	0.04335	-0.01001	1516	1142	0.7533	0.05882	1.043	1424	34.67	0.06136	0.005622	1423	807	0.5671	0.06098	0.7849	1590	32.48	0.09813	0.03596	1588	1055	0.6644	0.05556	0.9195	-0.05184	0.08246
chr2	55000000	56000000	0.3946	0.0252	0.0107	0	0.0621	0	1290	32.35	0.02989	0.008891	1283	543	0.4232	0.06667	0.7322	1598	33.66	0.0186	-0.004078	1591	986	0.6197	0.05882	1.072	1324	31.93	0.07329	0.05862	1322	614	0.4644	0.0625	0.8035	-0.0217	0.05658
chr2	56000000	57000000	0.3727	-0.0646	0.0281	0	0.0617	0	1703	29.86	-0.08556	-0.01346	1700	872	0.5129	0.0625	0.7135	1506	31.58	-0.07356	-0.00789	1504	1295	0.861	0.0625	1.198	1628	27.96	-0.1185	-0.02614	1618	1314	0.8121	0.06667	1.13	0.02272	0.1699
chr2	57000000	58000000	0.3553	-0.0541	0.0121	0	0.0607	0	2124	30.54	-0.05311	-0.003785	2104	1681	0.799	0.0625	1.007	1472	32.12	-0.04913	-0.002464	1451	1213	0.836	0.05882	1.053	1963	28.94	-0.06873	0.05598	1936	1560	0.8058	0.06522	1.015	-0.02239	0.1155
chr2	58000000	59000000	0.3685	-0.0174	0.0196	0	0.0633	0	978	30.94	-0.03447	-0.01467	978	814	0.8323	0.0625	1.025	691	33.27	0.001558	0.008314	690	545	0.7899	0.05882	0.973	885	29.54	-0.0391	0.01185	883	597	0.6761	0.0625	0.8328	-0.03953	0.1699
chr2	59000000	60000000	0.3829	-0.03	0.0224	0	0.0594	0	1282	31.15	-0.02456	0.01004	1280	495	0.3867	0.06522	0.6115	1431	31.77	-0.06481	-0.03583	1422	1051	0.7391	0.06098	1.169	1435	29.09	-0.06129	-0.01381	1432	899	0.6278	0.06098	0.9927	0.02076	0.1375
chr2	60000000	61000000	0.4238	0.0646	0.0248	0	0.0599	0	670	32.68	0.0447	-0.02487	670	421	0.6284	0.06522	0.8312	959	34.46	0.05237	-0.01132	948	742	0.7827	0.05556	1.035	728	32.8	0.1122	0.01524	726	385	0.5303	0.05882	0.7015	-0.08489	0.06464
chr2	61000000	62000000	0.4124	0.0477	0.0219	0	0.0556	0	1132	33.3	0.07145	0.01951	1124	573	0.5098	0.06	0.7331	1257	34.11	0.03774	-0.007766	1248	881	0.7059	0.0625	1.015	782	32.56	0.1016	0.0392	768	5	0.00651	0.04688	0.009362	0	0.08246
chr2	62000000	63000000	0.4064	0.0655	0.0172	0	0.0588	0	876	33.27	0.07034	0.0003179	875	639	0.7303	0.06	1.031	939	34.76	0.06502	0.0007587	931	714	0.7669	0.05556	1.082	739	33.2	0.1296	0.05943	731	458	0.6265	0.06	0.8842	-0.0458	0.08746
chr2	63000000	64000000	0.3781	0.0222	0.0124	0	0.0625	0	933	31.57	-0.005474	-0.02202	929	828	0.8913	0.0625	1.757	1050	33.47	0.01027	-0.01023	1048	949	0.9055	0.0625	1.785	930	30.57	0.01033	0.01378	929	828	0.8913	0.05882	1.757	-0.02425	0.1255
chr2	64000000	65000000	0.4234	0.084	0.0281	0	0.0585	0	1095	33.13	0.06436	-0.02498	1089	777	0.7135	0.0625	1.073	883	35.21	0.08365	0.00352	874	583	0.667	0.05556	1.003	1105	33.4	0.1381	0.02821	1089	734	0.674	0.06	1.014	-0.08071	0.06635
chr2	65000000	66000000	0.4276	0.046	0.0173	0	0.0585	0	1351	32.49	0.03593	-0.0175	1345	748	0.5561	0.06098	0.8721	1671	33.83	0.0257	-0.01678	1666	1140	0.6843	0.05556	1.073	1314	32.54	0.1006	0.01665	1309	644	0.492	0.06667	0.7715	-0.04731	0.04891
chr2	66000000	67000000	0.3908	-0.0433	0.0131	0	0.0625	0	1170	30.98	-0.03254	0.01205	1157	918	0.7934	0.06522	1.172	882	31.75	-0.06556	-0.01571	871	577	0.6625	0.06522	0.9782	1165	28.26	-0.1026	-0.04315	1150	729	0.6339	0.06522	0.9361	0.04731	0.1623
chr2	67000000	68000000	0.3888	-0.0118	0.0232	0	0.0613	0	1560	30.83	-0.03959	-0.01676	1545	972	0.6291	0.06	0.9778	1487	32.68	-0.02425	-0.01517	1481	1260	0.8508	0.05882	1.322	1500	29.26	-0.05263	-0.03417	1499	1152	0.7685	0.0625	1.194	-0.01886	0.1628
chr2	68000000	69000000	0.3965	0.056	0.0309	0	0.0588	0	1393	32.84	0.05178	0.006672	1363	585	0.4292	0.05556	0.6438	1272	34.21	0.04178	-0.01567	1247	728	0.5838	0.06049	0.8757	1561	32.53	0.1002	0.0369	1539	862	0.5601	0.06	0.8401	-0.01937	0.0458
chr2	69000000	70000000	0.4208	0.0694	0.0272	0	0.0591	0	732	32.89	0.05371	-0.01844	728	644	0.8846	0.06098	1.149	749	33.94	0.03054	-0.03228	744	629	0.8454	0.05882	1.099	469	32.31	0.09041	0.0109	467	183	0.3919	0.06667	0.5092	0	0
chr2	70000000	71000000	0.4469	0.0703	0.0161	0	0.061	0	1365	33.2	0.06731	-0.008536	1363	1230	0.9024	0.06	1.149	1480	34.39	0.04938	-0.009944	1478	1255	0.8491	0.0625	1.081	1307	32.08	0.08013	-0.01231	1303	855	0.6562	0.06098	0.8353	-0.02203	0.07039
chr2	71000000	72000000	0.448	0.0303	0.0243	0	0.0588	0	1292	32.37	0.03082	-0.01025	1272	843	0.6627	0.06	1.028	1532	33.37	0.006036	-0.01606	1505	1044	0.6937	0.05882	1.076	1391	30.98	0.02993	-0.02373	1375	935	0.68	0.06098	1.055	0	0.142
chr2	72000000	73000000	0.4089	-0.0074	0.025	0	0.06	0	842	31.35	-0.01561	-0.006864	837	671	0.8017	0.0625	1.16	804	32.45	-0.0343	-0.03088	800	632	0.79	0.06787	1.143	561	29.86	-0.02323	-0.01761	557	394	0.7074	0.05719	1.023	0.02425	0.174
chr2	73000000	74000000	0.4371	0.0612	0.0201	0	0.0588	0	1273	32.65	0.04342	-0.02452	1268	1042	0.8218	0.06098	1.157	1015	34.38	0.0493	-0.00596	1010	884	0.8752	0.05882	1.232	1420	32.48	0.09815	0.007877	1409	1213	0.8609	0.06	1.212	-0.03847	0.07595
chr2	74000000	75000000	0.4548	0.0873	0.0176	0	0.0572	0	665	34.01	0.1022	-0.002677	664	417	0.628	0.06667	0.9447	665	35.77	0.1062	0.02585	664	207	0.3117	0.06098	0.4689	552	33.69	0.1506	0.02701	550	311	0.5655	0.05882	0.8506	0	0.078
chr2	75000000	76000000	0.3932	0.013	0.0192	0	0.0588	0	1261	31.57	-0.005118	-0.007243	1257	930	0.7399	0.0625	0.9735	1175	33.79	0.02409	0.01092	1174	912	0.7768	0.05848	1.022	1400	30.44	0.004436	-0.01736	1399	958	0.6848	0.06	0.901	-0.02106	0.1468
chr2	76000000	77000000	0.3589	-0.0786	0.0275	0	0.0625	0	2368	30.12	-0.07298	0.009829	2357	1311	0.5562	0.06522	0.976	2295	31.85	-0.06117	0.01201	2280	1447	0.6346	0.0625	1.114	2100	27.4	-0.1473	-0.003203	2090	1180	0.5646	0.06522	0.9907	0.02137	0.1993
chr2	77000000	78000000	0.3509	-0.1149	0.0289	0	0.0625	0	1050	29.03	-0.1265	-0.01522	1045	886	0.8478	0.06522	1.121	1095	30.9	-0.1048	0.005912	1092	788	0.7216	0.0625	0.9545	879	26.06	-0.2196	-0.02305	878	641	0.7301	0.06522	0.9657	0.02509	0.1926
chr2	78000000	79000000	0.3541	-0.1045	0.0495	0	0.0625	0	1206	29.99	-0.07939	0.02522	1200	1071	0.8925	0.06667	1.078	1222	32.08	-0.05076	0.04365	1214	512	0.4217	0.06757	0.5092	1221	26.57	-0.1917	-0.01766	1216	1068	0.8783	0.06667	1.06	0.02425	0.2975
chr2	79000000	80000000	0.3835	-0.0985	0.0221	0	0.0597	0	1632	30.28	-0.06534	0.03815	1631	1110	0.6806	0.06098	1.048	1614	31.88	-0.05969	0.03775	1610	952	0.5913	0.06	0.9103	1514	26.8	-0.1792	-0.05571	1510	851	0.5636	0.06522	0.8676	0.05063	0.2479
chr2	80000000	81000000	0.3852	-0.1071	0.0326	0	0.0615	0	974	30.23	-0.06788	0.04646	970	635	0.6546	0.0641	0.9263	1101	31.61	-0.07222	0.03467	1094	769	0.7029	0.06	0.9947	855	27.55	-0.1396	-0.009099	852	709	0.8322	0.06522	1.178	0.0614	0.1575
chr2	81000000	82000000	0.3569	-0.1155	0.0176	0	0.0613	0	1834	29.42	-0.1073	0.005294	1829	1445	0.79	0.06	1.103	1699	30.79	-0.1099	-0.003779	1697	1404	0.8273	0.0625	1.155	1450	26.13	-0.2157	-0.02856	1445	1192	0.8249	0.06522	1.151	0.04731	0.2115
chr2	82000000	83000000	0.3509	-0.1128	0.0296	0	0.0632	0	1388	29.54	-0.1012	0.007997	1377	1157	0.8402	0.06667	1.041	704	30.62	-0.1179	-0.009246	691	421	0.6093	0.06522	0.7546	1388	26.24	-0.2099	-0.01542	1364	1142	0.8372	0.0641	1.037	0.03317	0.2295
chr2	83000000	84000000	0.3577	-0.0775	0.0141	0	0.0625	0	993	30.13	-0.07257	0.009465	987	762	0.772	0.06174	1.009	1320	31.3	-0.0865	-0.01486	1307	1175	0.899	0.0625	1.174	1027	26.73	-0.183	-0.04156	1015	784	0.7724	0.07692	1.009	0.02425	0.1993
chr2	84000000	85000000	0.4013	0.007	0.022	0	0.0594	0	711	31.46	-0.01041	-0.0123	699	283	0.4049	0.0625	0.7743	797	32.43	-0.03512	-0.04325	789	385	0.488	0.06522	0.9332	922	30.25	-0.004461	-0.02781	902	569	0.6308	0.05882	1.206	0	0.07219
chr2	85000000	86000000	0.4684	0.0875	0.0235	0	0.0556	0	1094	34.22	0.1108	-0.001477	1086	936	0.8619	0.0633	1.265	1182	35.23	0.08439	0.007014	1176	802	0.682	0.05556	1.001	1238	33.9	0.1596	0.03	1237	893	0.7219	0.05769	1.059	-0.03477	0.06413
chr2	86000000	87000000	0.4226	0.0078	0.0305	0	0.06	0	1080	31.88	0.008681	-0.005155	1014	258	0.2544	0.05848	0.5063	852	32.95	-0.01212	-0.01702	804	229	0.2848	0.07143	0.5668	1121	30.86	0.02435	-0.01622	1069	538	0.5033	0.0625	1.002	0.02272	0.09311
chr2	87000000	88000000	0.4208	-0.1956	0.0272	0	0.0802	0	1658	28.04	-0.1762	0.01667	1320	864	0.6545	0.07795	1.133	1501	29.19	-0.187	0.01513	1245	761	0.6112	0.08182	1.058	1530	26.72	-0.1836	0.00186	1202	782	0.6506	0.08824	1.126	0.03953	0.08489
chr2	88000000	89000000	0.4227	-0.0401	0.0631	0	0.069	0	630	31.38	-0.01399	0.01937	624	409	0.6554	0.06098	1.095	948	31.55	-0.07493	-0.03193	938	510	0.5437	0.06	0.908	700	30.27	-0.003881	0.008149	696	239	0.3434	0.06098	0.5735	-0.04064	0.1375
chr2	89000000	90000000	0.4084	0.6541	0.0884	0	0.1015	1	509	51.32	0.6955	0.04565	415	227	0.547	NA	0.8617	753	42.69	0.3616	-0.2954	654	316	0.4832	NA	0.7612	535	45.93	0.5978	-0.05893	455	283	0.622	NA	0.9798	0.05506	0.1926
chr2	90000000	91000000	0.4108	1.252	0.095	0	0.1185	1	2449	81.6	1.365	0.1114	1811	1021	0.5638	NA	0.9565	2537	75.95	1.193	-0.05569	1829	1069	0.5845	NA	0.9916	2233	77.9	1.36	0.09455	1600	1335	0.8344	NA	1.416	0.04891	0.02714
chr2	91000000	92000000	0.431	0.6018	0.0527	0	0.1121	1	1744	48.4	0.611	0.004168	1177	984	0.836	NA	0.9918	1835	49.85	0.5851	-0.01271	1304	1061	0.8137	NA	0.9653	1696	41.93	0.4664	-0.1654	1165	980	0.8412	NA	0.998	0.05295	0.2032
chr2	92000000	93000000	0.3845	-1.851	0.0993	0	0.1071	1	2617	9.127	-1.796	0.06232	511	282	0.5519	NA	1.109	2659	9.269	-1.842	0.004953	619	271	0.4378	NA	0.88	2476	8.814	-1.784	0.09799	477	250	0.5241	NA	1.053	0	0
chr2	93000000	94000000	0.3831	-2.277	0.1089	1	0.1178	1	2529	6.71	-2.24	NA	386	209	0.5415	NA	1.194	2266	6.818	-2.285	NA	387	158	0.4083	NA	0.9005	2228	6.45	-2.234	NA	371	172	0.4636	NA	1.023	-0.1155	0
chr2	94000000	95000000	0.3996	0.2486	0.0632	0	0.0881	0	1175	36.52	0.2049	-0.03671	832	736	0.8846	0.09259	1.019	1125	38.28	0.2041	-0.04667	796	477	0.5992	0.07627	0.6903	999	35.24	0.2157	-0.04055	670	585	0.8731	0.09259	1.006	-0.008863	0.1776
chr2	95000000	96000000	0.4386	1.008	0.2853	1	0.1018	1	888	56.47	0.8337	NA	748	286	0.3824	NA	0.5648	927	59.57	0.8422	NA	737	492	0.6676	NA	0.9861	905	49.11	0.6943	NA	830	554	0.6675	NA	0.9859	0	0.3255
chr2	96000000	97000000	0.49	0.1006	0.0437	0	0.0572	0	517	34.15	0.1079	-0.02335	508	248	0.4882	0.05556	0.6979	479	34.82	0.06761	-0.01387	461	334	0.7245	0.05685	1.036	505	33.64	0.1484	-0.006283	494	329	0.666	0.05556	0.9521	0	0.05658
chr2	97000000	98000000	0.4095	0.3991	0.0753	0	0.0862	0	888	46.94	0.5669	0.1657	712	596	0.8371	0.0814	1.114	1454	43.13	0.3762	-0.02718	1222	1086	0.8887	0.08258	1.183	1322	39.09	0.3652	-0.03571	1181	885	0.7494	0.08621	0.9977	0.006311	0.3804
chr2	98000000	99000000	0.434	0.0525	0.0148	0	0.0588	0	858	33.34	0.07317	0.01084	854	458	0.5363	0.06	0.8237	541	34.66	0.06101	0.01825	538	338	0.6283	0.05556	0.9649	996	32.14	0.08293	0.0147	988	522	0.5283	0.0625	0.8115	0	0.04977
chr2	99000000	100000000	0.4072	0.011	0.0101	0	0.06	0	1047	31.98	0.01333	-0.001044	1043	923	0.8849	0.05882	1.544	927	33.29	0.002831	-0.00738	926	460	0.4968	0.05882	0.8665	1018	30.7	0.0166	-0.0007356	1013	897	0.8855	0.0625	1.545	-0.0217	0.1255
chr2	100000000	101000000	0.4384	0.0025	0.0186	0	0.06	0	853	32.72	0.04609	0.03689	850	694	0.8165	0.0625	1.063	1640	33.38	0.006625	0.009215	1637	1419	0.8668	0.05882	1.128	1269	30.34	-0.000416	-0.02351	1264	1119	0.8853	0.06667	1.152	0.02107	0.1195
chr2	101000000	102000000	0.4326	0.0096	0.0231	0	0.0578	0	1274	32.51	0.03719	0.01735	1269	531	0.4184	0.0625	0.6845	1306	33.89	0.02821	0.0235	1294	746	0.5765	0.05556	0.9431	1270	30.31	-0.001893	-0.03727	1264	668	0.5285	0.05719	0.8645	0.02272	0.1699
chr2	102000000	103000000	0.4023	-0.0197	0.0313	0	0.0607	0	1459	31.65	-0.001629	0.02759	1452	939	0.6467	0.0625	0.9867	1342	34.54	0.05601	0.07901	1333	711	0.5334	0.05882	0.8138	1141	29.77	-0.02764	-0.008696	1136	437	0.3847	0.06667	0.5869	0	0.2035
chr2	103000000	104000000	0.362	-0.0907	0.0244	0	0.0605	0	592	30.15	-0.07151	0.01276	589	351	0.5959	0.0625	0.8578	544	31.66	-0.06958	0.01225	540	97	0.1796	0.0625	0.2586	609	26.9	-0.1742	-0.02472	606	403	0.665	0.0625	0.9573	0.0458	0.263
chr2	104000000	105000000	0.3955	-0.0507	0.0235	0	0.0602	0	584	30.77	-0.04236	0.01925	576	328	0.5694	0.06522	0.8344	596	32.34	-0.03922	0.01271	594	364	0.6128	0.05556	0.8979	855	28.52	-0.08942	-0.04586	852	658	0.7723	0.06	1.132	0	0.1895
chr2	105000000	106000000	0.4325	0.0023	0.0194	0	0.0602	0	1557	32.02	0.01496	0.002417	1541	1144	0.7424	0.05882	1.104	1686	33.78	0.02366	0.02625	1680	1199	0.7137	0.06098	1.061	1475	30.73	0.01803	-0.01058	1464	823	0.5622	0.06667	0.8358	-0.02203	0.1238
chr2	106000000	107000000	0.4193	-0.0239	0.0188	0	0.0637	0	1730	32.09	0.01818	0.03808	1695	932	0.5499	0.06594	1.03	1777	32.37	-0.03795	-0.01006	1749	1088	0.6221	0.05814	1.166	1714	29.53	-0.03957	-0.01811	1686	824	0.4887	0.06522	0.9157	0.04731	0.1186
chr2	107000000	108000000	0.3834	-0.0904	0.0152	0	0.0605	0	1639	29.91	-0.08303	0.01096	1576	1116	0.7081	0.06	1.17	1834	31.14	-0.09373	-0.003458	1767	924	0.5229	0.0625	0.8643	1557	27.24	-0.1558	-0.04636	1512	1398	0.9246	0.06522	1.528	0.02203	0.2065
chr2	108000000	109000000	0.4074	0.0084	0.0214	0	0.06	0	1247	31.94	0.01136	-0.0004151	1238	740	0.5977	0.06667	1.178	1198	33.85	0.02659	0.0173	1186	849	0.7159	0.05882	1.411	1227	30.88	0.0249	0.0109	1217	349	0.2868	0.06098	0.5653	-0.02106	0.1255
chr2	109000000	110000000	0.4571	0.052	0.0262	0	0.0613	0	958	33.51	0.08073	0.01581	919	654	0.7116	0.05218	1.155	1148	33.91	0.02945	-0.01638	1122	880	0.7843	0.0633	1.273	785	31.77	0.06609	-0.02544	764	484	0.6335	0.06757	1.028	0.03847	0.09311
chr2	110000000	111000000	0.4324	-0.0695	0.075	0	0.063	0	605	31.69	-4.06e-05	0.0598	524	293	0.5592	0.0625	0.8683	591	33.43	0.008858	0.08442	514	279	0.5428	0.06	0.8429	715	29.72	-0.03039	0.01169	574	462	0.8049	0.06049	1.25	-0.02385	0.1061
chr2	111000000	112000000	0.4364	-0.0027	0.0292	0	0.0665	0	1433	31.76	0.003414	-0.007731	1369	600	0.4383	0.06522	0.7104	1556	33.11	-0.005031	0.001331	1470	765	0.5204	0.06098	0.8436	1649	30.64	0.01365	-0.0107	1553	929	0.5982	0.06667	0.9697	0	0.1186
chr2	112000000	113000000	0.4248	0.0798	0.0242	0	0.0615	0	1202	34.61	0.1272	0.03952	1151	796	0.6916	0.0625	0.9656	1242	35.92	0.1124	0.03851	1177	895	0.7604	0.05882	1.062	1310	33.61	0.1474	0.04332	1266	953	0.7528	0.06667	1.051	0.01318	0.1155
chr2	113000000	114000000	0.4315	0.0601	0.0137	0	0.0625	0	1936	32.88	0.05346	-0.01588	1854	1169	0.6305	0.0625	0.9153	1594	34.67	0.06107	0.004526	1557	896	0.5755	0.05882	0.8353	1595	32.22	0.08641	0	1546	1103	0.7135	0.0625	1.036	-0.02018	0.08618
chr2	114000000	115000000	0.3836	-0.0476	0.0199	0	0.0607	0	966	30.45	-0.05736	-0.007328	958	588	0.6138	0.06522	0.9648	848	31.75	-0.06592	-0.02121	840	392	0.4667	0.0625	0.7335	1039	29.04	-0.06365	0.009034	1028	719	0.6994	0.07143	1.099	-0.009683	0.109
chr2	115000000	116000000	0.3607	-0.0977	0.0269	0	0.0625	0	1447	29.37	-0.1097	-0.006537	1431	1005	0.7023	0.0625	1.294	1519	31.01	-0.09957	-0.007383	1516	724	0.4776	0.06	0.8798	1134	26.91	-0.1733	-0.02023	1121	620	0.5531	0.06594	1.019	0.02509	0.1605
chr2	116000000	117000000	0.3637	-0.1108	0.0362	0	0.0625	0	1997	29.6	-0.09851	0.02094	1985	1124	0.5662	0.06	0.7258	1692	31.38	-0.08261	0.01962	1684	1346	0.7993	0.06049	1.024	1608	26.46	-0.1978	-0.03163	1584	832	0.5253	0.07143	0.6732	0.02801	0.2224
chr2	117000000	118000000	0.3913	-0.0721	0.0158	0	0.0605	0	1775	29.98	-0.07982	0.002704	1755	955	0.5442	0.06667	1.056	1934	31.86	-0.06072	0.01651	1913	1103	0.5766	0.05882	1.119	1796	27.78	-0.1277	-0.05369	1773	944	0.5324	0.0625	1.034	0	0.2224
chr2	118000000	119000000	0.422	-0.0238	0.0188	0	0.0581	0	1224	31.62	-0.002942	0.01998	1179	639	0.542	0.0625	0.9663	1072	33.05	-0.00761	0.01909	1041	530	0.5091	0.05172	0.9077	1594	29.77	-0.02794	-0.03125	1572	1138	0.7239	0.06522	1.291	0.02076	0.152
chr2	119000000	120000000	0.4332	0.0531	0.005	0	0.0588	0	932	32.99	0.05811	-0.00502	927	355	0.383	0.06	0.8117	1041	34.2	0.04168	-0.003567	1033	499	0.4831	0.0625	1.024	974	31.95	0.074	-0.0007645	957	481	0.5026	0.06	1.065	-0.01753	0.09311
chr2	120000000	121000000	0.4854	0.1011	0.0175	0	0.0568	0	1406	34.28	0.1136	-0.01339	1400	580	0.4143	0.05556	0.9883	1351	35.03	0.07628	-0.01308	1348	570	0.4228	0.05814	1.009	1343	32.64	0.1052	-0.0434	1333	421	0.3158	0.05882	0.7534	0	0.1037
chr2	121000000	122000000	0.4465	0.0605	0.015	0	0.0594	0	722	32.97	0.05717	-0.007412	710	252	0.3549	0.05848	0.5166	955	33.7	0.02014	-0.02938	953	716	0.7513	0.0641	1.093	1101	32.71	0.108	0.02288	1095	757	0.6913	0.0625	1.006	0	0.07039
chr2	122000000	123000000	0.392	-0.0283	0.0126	0	0.06	0	1279	30.66	-0.04768	-0.003694	1276	785	0.6152	0.06	1.056	1186	32.04	-0.05242	-0.02081	1182	423	0.3579	0.05882	0.6143	1353	29.21	-0.05501	-0.02478	1342	1002	0.7466	0.06522	1.282	0	0.1155
chr2	123000000	124000000	0.3582	-0.1105	0.0166	0	0.0625	0	1589	29.77	-0.08984	0.02719	1577	981	0.6221	0.06	0.998	1593	31.05	-0.09775	0.005537	1573	1033	0.6567	0.0625	1.054	1982	26.89	-0.1745	0.004953	1962	1256	0.6402	0.0695	1.027	0.04731	0.1993
chr2	124000000	125000000	0.3887	-0.1101	0.0392	0	0.0613	0	1557	29.94	-0.0818	0.04091	1542	1014	0.6576	0.06667	1.102	1546	31.21	-0.09039	0.01674	1534	1103	0.719	0.05882	1.205	1610	27.03	-0.1672	-0.04888	1597	1073	0.6719	0.06522	1.126	0.02137	0.1926
chr2	125000000	126000000	0.3658	-0.0865	0.0248	0	0.0633	0	1276	29.91	-0.08339	0.002748	1261	939	0.7446	0.0641	0.9146	1149	31.37	-0.08318	-0.00267	1139	1016	0.892	0.06667	1.096	1186	27.15	-0.1604	-0.0259	1166	793	0.6801	0.0625	0.8353	0.02274	0.2295
chr2	126000000	127000000	0.4104	0.013	0.0232	0	0.0609	0	851	33.1	0.06285	0.04567	847	537	0.634	0.06	0.8956	1625	33.07	-0.006714	-0.01775	1613	1302	0.8072	0.06	1.14	941	31.14	0.03707	0.0116	938	635	0.677	0.0641	0.9563	0	0.1125
chr2	127000000	128000000	0.4612	0.0971	0.0336	0	0.0556	0	1316	34.44	0.1203	0.004177	1306	930	0.7121	0.05882	1.196	949	34.86	0.06912	-0.01652	940	526	0.5596	0.05556	0.94	1202	33.73	0.1524	0.009633	1189	703	0.5913	0.05882	0.9932	0	0.07215
chr2	128000000	129000000	0.4598	0.0294	0.0215	0	0.0588	0	1616	32.49	0.03605	-0.01064	1591	968	0.6084	0.06	1.12	1216	33.68	0.01954	0.002314	1189	504	0.4239	0.05814	0.7802	1706	31.35	0.04684	-0.02464	1675	1175	0.7015	0.06	1.291	0.04731	0.08132
chr2	129000000	130000000	0.4249	-0.0291	0.0186	0	0.06	0	1679	31.65	-0.001762	0.01943	1665	651	0.391	0.0641	0.804	1546	33.42	0.008459	0.04343	1533	604	0.394	0.0625	0.8102	1709	29.26	-0.05292	-0.04894	1692	776	0.4586	0.0625	0.9431	0.02346	0.1926
chr2	130000000	131000000	0.4573	-0.0817	0.0194	0	0.0643	0	1377	30.21	-0.06878	0	1249	173	0.1385	0.06522	0.2399	1421	31.08	-0.09642	-0.00776	1260	962	0.7635	0.0625	1.322	1829	29.58	-0.03679	0.005501	1593	1344	0.8437	0.07143	1.461	0	0.07497
chr2	131000000	132000000	0.4274	-0.0027	0.0353	0	0.0641	0	2314	32.1	0.0185	0.01529	2228	1463	0.6566	0.06604	1.095	1773	33.82	0.02529	0.03228	1699	960	0.565	0.06635	0.9425	2364	30.39	0.001959	-0.02692	2279	1418	0.6222	0.06667	1.038	-0.03519	0.1905
chr2	132000000	133000000	0.4063	0.0216	0.0236	0	0.0659	0	1681	32.3	0.02749	0.002515	1604	1247	0.7774	0.07143	1.056	1654	33.67	0.01901	-0.000325	1603	1159	0.723	0.0625	0.9818	1368	30.81	0.02191	-0.002167	1308	1024	0.7829	0.07143	1.063	-0.02466	0.1255
chr2	133000000	134000000	0.3985	-0.0225	0.0121	0	0.0636	0	1007	31.25	-0.02012	0.003019	1000	736	0.736	0.05882	1.048	918	32.51	-0.03169	-0.01161	913	556	0.609	0.06466	0.8674	1197	30.16	-0.009177	0.01214	1193	789	0.6614	0.07143	0.942	0	0.1179
chr2	134000000	135000000	0.4251	0.017	0.0221	0	0.0625	0	1209	32.09	0.0184	-0.006796	1199	723	0.603	0.0625	0.9443	1152	33.38	0.006724	-0.004401	1142	736	0.6445	0.05556	1.009	1013	31.22	0.04094	-0.0003621	996	705	0.7078	0.0625	1.108	0	0.09954
chr2	135000000	136000000	0.3943	0.0512	0.0311	0	0.0572	0	929	32.5	0.03644	-0.008782	919	809	0.8803	0.05556	1.231	925	33.46	0.009964	-0.03872	918	810	0.8824	0.06	1.234	183	31.59	0.05807	0.01757	183	7	0.03825	0.07692	0.05348	0.009074	0.1694
chr2	136000000	137000000	0.4089	0.0184	0.0201	0	0.0605	0	1511	31.63	-0.002762	-0.01982	1494	842	0.5636	0.05882	1.019	1479	32.85	-0.01654	-0.03891	1462	846	0.5787	0.05882	1.047	1060	29.98	-0.0174	-0.03758	1036	150	0.1448	0.07143	0.2619	0	0.1211
chr2	137000000	138000000	0.3748	-0.0542	0.0295	0	0.0605	0	1585	31	-0.03181	0.03123	1579	968	0.613	0.06	1.156	1228	31.42	-0.08089	-0.02981	1223	405	0.3312	0.0625	0.6246	1847	28.38	-0.09653	-0.004997	1839	1338	0.7276	0.06522	1.372	0.02697	0.1699
chr2	138000000	139000000	0.3784	-0.0423	0.0104	0	0.06	0	1162	30.88	-0.03723	0.0124	1152	669	0.5807	0.05556	1.07	1248	32.37	-0.03776	0.003178	1242	657	0.529	0.06	0.9749	1114	28.76	-0.07741	-0.01285	1102	520	0.4719	0.06	0.8696	0	0.152
chr2	139000000	140000000	0.3592	-0.0916	0.0288	0	0.0613	0	1369	29.9	-0.08384	0.01478	1361	953	0.7002	0.06098	1.108	1283	31.33	-0.08487	0.001762	1277	780	0.6108	0.06	0.9662	1237	26.83	-0.1776	-0.02704	1231	583	0.4736	0.06757	0.7491	0.02137	0.2095
chr2	140000000	141000000	0.347	-0.1109	0.0277	0	0.0613	0	1630	29.85	-0.08612	0.01845	1626	1112	0.6839	0.0625	1.106	1508	31.11	-0.09526	0.009072	1507	972	0.645	0.05941	1.044	1857	27.05	-0.1659	0.03119	1854	1336	0.7206	0.06667	1.166	0.026	0.1864
chr2	141000000	142000000	0.3512	-0.0936	0.0184	0	0.0617	0	2384	29.62	-0.0971	-0.009844	2379	1664	0.6995	0.06667	1.225	2174	31.33	-0.08473	0.002655	2167	1268	0.5851	0.06	1.025	2121	26.76	-0.1817	-0.01439	2110	1398	0.6626	0.06522	1.16	0.02203	0.2224
chr2	142000000	143000000	0.3595	-0.0283	0.0171	0	0.0607	0	895	30.97	-0.033	0.002269	891	705	0.7912	0.0625	1.109	1252	32.55	-0.02965	-0.00211	1242	929	0.748	0.0625	1.049	798	29.6	-0.03601	0.04999	781	401	0.5134	0.06667	0.7198	0	0.1238
chr2	143000000	144000000	0.3703	-0.0178	0.0325	0	0.0617	0	1084	30.47	-0.05653	-0.03789	1065	637	0.5981	0.0625	0.887	1080	32.45	-0.03441	-0.02023	1063	738	0.6943	0.0625	1.03	1070	30.67	0.01506	0.06448	1051	678	0.6451	0.07143	0.9567	-0.04064	0.08746
chr2	144000000	145000000	0.3728	-0.0167	0.0135	0	0.0617	0	756	31.44	-0.01136	0.0144	751	599	0.7976	0.0625	1.338	418	32.45	-0.0343	-0.01654	416	201	0.4832	0.05814	0.8108	795	29.83	-0.02504	0.02202	789	547	0.6933	0.05556	1.163	0.02237	0.08883
chr2	145000000	146000000	0.3574	-0.0798	0.0243	0	0.0647	0	901	29.68	-0.09438	-0.01256	899	561	0.624	0.0625	1.04	887	32.13	-0.04838	0.02555	886	399	0.4503	0.0625	0.7506	947	28.1	-0.1109	0.03836	945	574	0.6074	0.06	1.012	-0.02237	0.1926
chr2	146000000	147000000	0.3552	-0.0942	0.0497	0	0.0625	0	779	29.98	-0.07995	0.009629	774	401	0.5181	0.05556	0.9935	877	31.28	-0.08717	-0.0002004	875	614	0.7017	0.06	1.346	639	27.37	-0.1488	0.01118	635	141	0.222	0.0625	0.4258	0.05658	0.2016
chr2	147000000	148000000	0.3781	-0.0406	0.0143	0	0.0636	0	1083	30.84	-0.03907	0.007187	1077	584	0.5422	0.06594	0.8967	774	32.8	-0.01855	0.02375	769	249	0.3238	0.05263	0.5355	1164	29.13	-0.05918	0.007075	1157	866	0.7485	0.0625	1.238	-0.02748	0.1699
chr2	148000000	149000000	0.3859	-0.0243	0.0268	0	0.06	0	1133	31.5	-0.008364	0.01585	1120	701	0.6259	0.0625	1.055	1301	33.3	0.003167	0.02905	1291	857	0.6638	0.0625	1.119	1034	30.56	0.01009	0.05756	1023	641	0.6266	0.06	1.057	0.02076	0.09622
chr2	149000000	150000000	0.3901	-0.0369	0.0209	0	0.0621	0	1230	30.97	-0.03281	0.00538	1228	889	0.7239	0.05814	1.144	1343	32.98	-0.01069	0.03156	1338	846	0.6323	0.0625	0.9995	1255	29.31	-0.05012	-0.001028	1246	812	0.6517	0.0625	1.03	0	0.1806
chr2	150000000	151000000	0.3813	-0.0588	0.0166	0	0.0609	0	1410	30.74	-0.04377	0.0265	1406	882	0.6273	0.06594	1.172	1482	31.99	-0.05494	9.186e-05	1477	842	0.5701	0.06049	1.065	1453	28.93	-0.06921	-0.003662	1448	979	0.6761	0.05882	1.264	0	0.142
chr2	151000000	152000000	0.394	-0.0059	0.0365	0	0.0591	0	1346	32.07	0.01742	0.02819	1313	669	0.5095	0.05263	0.9332	1506	33.33	0.0045	0.01479	1460	906	0.6205	0.05882	1.137	1423	30.91	0.02651	0.04311	1382	601	0.4349	0.0625	0.7965	0	0.09622
chr2	152000000	153000000	0.3975	0.0018	0.0111	0	0.061	0	1582	31.63	-0.002422	0.00665	1568	852	0.5434	0.06	0.8674	1471	33.35	0.005283	0.002982	1460	610	0.4178	0.05814	0.667	1488	31.61	0.05885	0.05401	1476	703	0.4763	0.0641	0.7604	-0.04123	0.078
chr2	153000000	154000000	0.3689	-0.0661	0.0297	0	0.0594	0	1329	30.53	-0.05386	0.01396	1317	560	0.4252	0.06667	0.7167	1206	31.72	-0.06707	-0.007236	1192	479	0.4018	0.05882	0.6773	1569	27.71	-0.1313	-0.03215	1554	906	0.583	0.06522	0.9827	0	0.1926
chr2	154000000	155000000	0.3531	-0.0988	0.0499	0	0.0591	0	1086	29.65	-0.09591	0.001077	1076	857	0.7965	0.06	1.198	960	31.83	-0.06191	0.02234	953	701	0.7356	0.06	1.107	1222	27.46	-0.1443	0.02585	1206	755	0.626	0.06522	0.9418	0	0.1993
chr2	155000000	156000000	0.3443	-0.0712	0.0357	0	0.0625	0	1131	30.39	-0.06013	0.01146	1118	769	0.6878	0.0625	0.9954	1041	31.72	-0.06728	-0.01356	1028	642	0.6245	0.0625	0.9038	1172	28.59	-0.08627	0.07033	1166	862	0.7393	0.06	1.07	0	0.1725
chr2	156000000	157000000	0.3723	-0.0048	0.014	0	0.0605	0	1167	31.03	-0.03035	-0.02002	1157	546	0.4719	0.0625	0.7787	1252	33.11	-0.004993	-0.002646	1246	794	0.6372	0.06522	1.052	977	30.59	0.01158	0.05197	974	421	0.4322	0.07143	0.7133	-0.02385	0.1031
chr2	157000000	158000000	0.3821	-0.0047	0.0173	0	0.0617	0	728	31.53	-0.007382	0.009513	718	330	0.4596	0.05719	0.8355	709	32.82	-0.01789	-0.01282	703	324	0.4609	0.06386	0.8378	697	30.54	0.008947	0.01848	685	395	0.5766	0.06	1.048	-0.04307	0.09311
chr2	158000000	159000000	0.4001	0.0028	0.0206	0	0.06	0	1494	31.88	0.008655	0.01085	1494	833	0.5576	0.06	0.9587	1419	32.67	-0.02451	-0.02622	1417	865	0.6104	0.05882	1.05	1431	30.19	-0.007496	-0.01797	1428	474	0.3319	0.06049	0.5707	0	0.111
chr2	159000000	160000000	0.3892	0.0407	0.0201	0	0.0588	0	1652	32.16	0.02131	-0.008848	1643	961	0.5849	0.06098	0.9702	1527	34.32	0.04663	0.005924	1518	969	0.6383	0.05556	1.059	1561	32.15	0.08299	0.05124	1551	891	0.5745	0.06	0.9528	-0.06228	0.0902
chr2	160000000	161000000	0.3917	0.0319	0.0101	0	0.06	0	1526	31.28	-0.01862	-0.03801	1523	859	0.564	0.06	0.83	1635	34.04	0.03473	0.01086	1628	1114	0.6843	0.06	1.007	1644	31.2	0.04014	0.01907	1636	1203	0.7353	0.05882	1.082	-0.06511	0.1375
chr2	161000000	162000000	0.3661	0.0381	0.0214	0	0.0662	0	879	31.52	-0.00745	-0.04368	872	312	0.3578	0.06594	0.8084	885	34.01	0.03356	-0.01119	878	332	0.3781	0.07143	0.8543	883	30.89	0.02574	0.03812	871	485	0.5568	0.06	1.258	-0.02237	0.111
chr2	162000000	163000000	0.3613	-0.0675	0.0217	0	0.0594	0	720	29.79	-0.08886	-0.01533	720	301	0.4181	0.06	0.6366	926	31.58	-0.07331	-0.01402	924	593	0.6418	0.06	0.9773	605	28.39	-0.09617	0.02668	602	278	0.4618	0.05556	0.7032	-0.02752	0.1392
chr2	163000000	164000000	0.3601	-0.0919	0.037	0	0.0626	0	601	29.8	-0.08841	0.008972	600	286	0.4767	0.07143	0.7577	676	31.77	-0.06463	0.02478	676	280	0.4142	0.06	0.6584	607	27.36	-0.1496	0	601	384	0.6389	0.06522	1.016	0.02047	0.2224
chr2	164000000	165000000	0.365	-0.0763	0.0239	0	0.0633	0	778	30.46	-0.0572	0.01969	776	304	0.3918	0.06049	0.5382	996	31.45	-0.07917	-0.007082	992	704	0.7097	0.05882	0.975	1200	27.96	-0.1182	0.006129	1194	944	0.7906	0.06	1.086	0.02203	0.152
chr2	165000000	166000000	0.3655	-0.0872	0.0132	0	0.06	0	1081	30.34	-0.06271	0.02344	1071	666	0.6218	0.05941	1.043	991	31.94	-0.05696	0.02603	986	538	0.5456	0.06098	0.9149	1275	28.46	-0.0928	0.04739	1263	639	0.5059	0.0641	0.8483	0	0.1926
chr2	166000000	167000000	0.3555	-0.0919	0.0314	0	0.0625	0	1334	29.44	-0.1061	-0.01882	1325	602	0.4543	0.06522	0.9349	1308	31.3	-0.08633	-0.001248	1297	558	0.4302	0.06174	0.8852	1544	27.34	-0.1506	0.01074	1532	780	0.5091	0.06522	1.048	0	0.2115
chr2	167000000	168000000	0.3731	-0.0436	0.0217	0	0.0587	0	945	29.78	-0.08956	-0.03712	940	536	0.5702	0.06	1.052	955	32.09	-0.05037	-0.008266	950	614	0.6463	0.05882	1.192	781	29.25	-0.05341	0.02239	779	336	0.4313	0.07143	0.7958	-0.02385	0.09954
chr2	168000000	169000000	0.3952	0.015	0.0199	0	0.0583	0	1523	30.98	-0.03258	-0.04107	1511	935	0.6188	0.06	1.036	1305	33.61	0.0163	0.002327	1297	623	0.4803	0.05882	0.8042	1594	31.39	0.04847	0.03658	1584	930	0.5871	0.06098	0.983	-0.07039	0.1125
chr2	169000000	170000000	0.393	0.0047	0.0189	0	0.0594	0	1261	31.23	-0.02096	-0.01042	1230	601	0.4886	0.06	0.7649	1702	33.62	0.01697	0.0121	1675	1121	0.6693	0.05882	1.048	1695	30.95	0.02814	0.01464	1675	1357	0.8101	0.0625	1.268	-0.02385	0.09954
chr2	170000000	171000000	0.4076	0.0447	0.0208	0	0.0597	0	1942	32.18	0.02213	-0.0249	1940	1289	0.6644	0.0641	1.14	1729	34.08	0.03631	-0.007362	1726	1204	0.6976	0.05882	1.197	1837	31.99	0.07593	0.02862	1832	1116	0.6092	0.06	1.045	-0.05585	0.0902
chr2	171000000	172000000	0.3953	0.0642	0.025	0	0.0597	0	888	32.73	0.04674	-0.009022	880	462	0.525	0.05848	0.891	1205	34.72	0.06317	-0.0006687	1205	850	0.7054	0.0625	1.197	976	32.91	0.1167	0.04947	974	600	0.616	0.05941	1.046	-0.02557	0.08017
chr2	172000000	173000000	0.4183	0.0353	0.0157	0	0.06	0	1229	32.72	0.04616	0.007583	1217	561	0.461	0.0625	0.8324	1366	34.01	0.0336	0.003331	1348	679	0.5037	0.0625	0.9096	1403	31.26	0.04253	0.001608	1389	871	0.6271	0.0625	1.132	-0.0217	0.09311
chr2	173000000	174000000	0.4066	0.03	0.009	0	0.0617	0	1257	32.31	0.02827	-0.00675	1252	744	0.5942	0.0625	0.9261	1201	34.27	0.04469	0.01593	1190	610	0.5126	0.05848	0.7988	1390	31.56	0.05659	0.02411	1383	869	0.6283	0.05882	0.9792	-0.03255	0.09954
chr2	174000000	175000000	0.4014	0.0468	0.0228	0	0.0588	0	1366	32.85	0.05201	0.008595	1361	930	0.6833	0.06049	1.073	1317	34.22	0.04244	-0.006021	1314	899	0.6842	0.06	1.074	1418	31.98	0.07561	0.0198	1414	1037	0.7334	0.06098	1.151	-0.02385	0.09311
chr2	175000000	176000000	0.387	-0.0282	0.0172	0	0.0597	0	1103	30.38	-0.06061	-0.0334	1092	573	0.5247	0.0625	0.8176	1100	31.77	-0.0648	-0.03693	1088	556	0.511	0.06386	0.7962	971	28.85	-0.07292	-0.0252	965	424	0.4394	0.0625	0.6846	0	0.1186
chr2	176000000	177000000	0.404	0.021	0.0216	0	0.0594	0	1160	31.67	-0.0009189	-0.01659	1156	720	0.6228	0.0625	0.9986	1083	33.21	-0.0007461	-0.02032	1079	677	0.6274	0.06	1.006	1311	30.48	0.006327	-0.02669	1308	926	0.708	0.0625	1.135	0	0.1293
chr2	177000000	178000000	0.3935	0.0341	0.0246	0	0.06	0	1325	32.3	0.02768	-0.001548	1314	429	0.3265	0.05556	0.8947	1277	33.87	0.02749	-0.006583	1272	226	0.1777	0.05941	0.4869	1191	31.71	0.06348	0.03794	1183	330	0.279	0.06712	0.7645	-0.04439	0.074
chr2	178000000	179000000	0.3847	0.0198	0.0307	0	0.061	0	912	31.62	-0.002943	-0.0157	909	518	0.5699	0.06049	0.9513	762	32.88	-0.01515	-0.03901	761	349	0.4586	0.0625	0.7656	863	30.84	0.02311	0.03399	859	524	0.61	0.07143	1.018	0	0.0902
chr2	179000000	180000000	0.373	-0.0193	0.0199	0	0.0606	0	1250	30.72	-0.04458	-0.01644	1241	666	0.5367	0.0641	0.9116	1323	32.23	-0.04392	-0.02535	1320	712	0.5394	0.05882	0.9162	1057	29.77	-0.02798	0.02394	1052	346	0.3289	0.07143	0.5587	-0.02138	0.09622
chr2	180000000	181000000	0.363	-0.0171	0.0347	0	0.0625	0	1237	30.97	-0.03312	-0.01682	1235	658	0.5328	0.06522	1.019	1136	32.36	-0.03808	-0.02886	1130	501	0.4434	0.0625	0.8481	1209	29.59	-0.03636	0.03957	1201	550	0.458	0.0625	0.876	0.02425	0.1313
chr2	181000000	182000000	0.3674	0.0514	0.0189	0	0.0585	0	1036	31.81	0.005464	-0.03875	1030	528	0.5126	0.06667	0.8256	990	34.36	0.04843	-0.005594	982	556	0.5662	0.0625	0.9119	1047	32.4	0.09441	0.08542	1039	527	0.5072	0.06	0.8169	-0.07946	0.08746
chr2	182000000	183000000	0.3688	-0.0205	0.0326	0	0.0614	0	1355	30.09	-0.07455	-0.05322	1349	933	0.6916	0.0625	1.078	1454	32.87	-0.01565	-0.004289	1449	1006	0.6943	0.06098	1.082	1345	29.31	-0.05023	0.006031	1338	861	0.6435	0.0625	1.003	-0.04439	0.1293
chr2	183000000	184000000	0.3705	-0.0395	0.0136	0	0.0625	0	1432	30.94	-0.03432	0.00981	1432	468	0.3268	0.06712	0.5283	1572	32.56	-0.02957	0.003971	1570	877	0.5586	0.06	0.903	1629	29.09	-0.06084	0.01013	1625	1059	0.6517	0.06522	1.053	-0.01937	0.1575
chr2	184000000	185000000	0.3412	-0.0834	0.0245	0	0.06	0	1401	29.95	-0.08115	0.002181	1398	968	0.6924	0.06	1.175	1461	31.97	-0.05561	0.008697	1459	1133	0.7766	0.05882	1.317	1106	27.52	-0.1409	0.03558	1103	450	0.408	0.06	0.6921	-0.00943	0.2224
chr2	185000000	186000000	0.3452	-0.0643	0.0304	0	0.0652	0	1320	30.15	-0.07196	-0.008613	1311	842	0.6423	0.06522	0.9837	1168	31.86	-0.06075	-0.009084	1156	542	0.4689	0.06174	0.7181	1447	28.1	-0.1108	0.03886	1433	1132	0.79	0.06667	1.21	0	0.1751
chr2	186000000	187000000	0.3674	-0.0446	0.0145	0	0.0613	0	1156	30.92	-0.03517	0.01661	1151	395	0.3432	0.06	0.7195	1469	32.55	-0.02967	0.0123	1462	1106	0.7565	0.06	1.586	1439	30.03	-0.01515	0.07186	1435	1153	0.8035	0.0625	1.684	-0.02857	0.1333
chr2	187000000	188000000	0.3543	-0.0742	0.0211	0	0.0588	0	1151	30.25	-0.06679	0.00365	1147	630	0.5493	0.06049	1.144	1095	32.05	-0.05198	0.008805	1094	410	0.3748	0.05882	0.7803	1186	28.3	-0.1006	0.04674	1184	725	0.6123	0.06757	1.275	-0.02076	0.1751
chr2	188000000	189000000	0.3548	-0.0762	0.0252	0	0.0625	0	1153	30.24	-0.06752	0.004059	1149	369	0.3211	0.06	0.618	1441	32.35	-0.03888	0.0294	1438	806	0.5605	0.06049	1.079	1141	27.5	-0.142	6.698e-06	1139	359	0.3152	0.06522	0.6065	0	0.237
chr2	189000000	190000000	0.3674	-0.0004	0.0076	0	0.0588	0	1087	30.84	-0.03905	-0.03146	1084	397	0.3662	0.06	0.7234	962	33.31	0.003492	0.001265	962	100	0.104	0.06832	0.2053	1056	30.1	-0.01165	0.03116	1054	501	0.4753	0.06522	0.9388	-0.04064	0.142
chr2	190000000	191000000	0.3896	0.0532	0.0285	0	0.0588	0	1318	32.49	0.03628	-0.01158	1313	759	0.5781	0.0625	0.9386	1307	34.25	0.04359	-0.009579	1302	860	0.6605	0.05556	1.072	1271	32.16	0.08377	0.04038	1266	793	0.6264	0.05814	1.017	-0.03847	0.09622
chr2	191000000	192000000	0.3913	0.0333	0.0161	0	0.06	0	1285	31.65	-0.001687	-0.02456	1281	663	0.5176	0.06	1.043	1274	34.04	0.03486	0.006682	1258	702	0.558	0.05882	1.125	1197	31.59	0.05803	0.02669	1189	467	0.3928	0.0625	0.7917	-0.06413	0.1155
chr2	192000000	193000000	0.3505	-0.0611	0.0402	0	0.0599	0	1078	30.26	-0.06665	-0.01038	1073	333	0.3103	0.06522	0.7407	1429	31.72	-0.06724	-0.01501	1418	785	0.5536	0.0625	1.321	1429	27.68	-0.1328	0.01263	1416	829	0.5855	0.06667	1.397	0	0.1993
chr2	193000000	194000000	0.3382	-0.0924	0.0268	0	0.0625	0	854	29.57	-0.09965	-0.00825	848	347	0.4092	0.06	0.9128	1107	31.7	-0.068	0.003103	1100	486	0.4418	0.05172	0.9855	653	26.76	-0.1815	0.003631	644	221	0.3432	0.06522	0.7655	0	0.241
chr2	194000000	195000000	0.3422	-0.0765	0.0243	0	0.0591	0	1370	29.57	-0.09978	-0.0224	1352	414	0.3062	0.06667	1.28	1324	31.99	-0.05483	0.003209	1303	349	0.2678	0.0625	1.119	1232	28.03	-0.1145	0.05471	1211	178	0.147	0.06594	0.6142	-0.02425	0.1993
chr2	195000000	196000000	0.3728	-0.0015	0.012	0	0.0625	0	996	31.03	-0.03014	-0.01957	988	435	0.4403	0.0614	0.942	1273	32.73	-0.0218	-0.01924	1268	858	0.6767	0.05556	1.448	1408	30.28	-0.003352	0.02851	1403	902	0.6429	0.0625	1.375	-0.04307	0.1203
chr2	196000000	197000000	0.3849	0.0518	0.0192	0	0.0556	0	1321	32.09	0.01811	-0.02735	1312	901	0.6867	0.05882	1.282	1202	34.86	0.0693	0.0135	1193	621	0.5205	0.05556	0.9717	1049	32.19	0.08515	0.06319	1045	667	0.6383	0.0625	1.191	-0.07157	0.09954
chr2	197000000	198000000	0.4018	0.0403	0.017	0	0.0588	0	737	31.93	0.01093	-0.02286	736	500	0.6793	0.05556	1.011	1096	34.29	0.04522	0.005275	1085	887	0.8175	0.05556	1.217	1044	32.44	0.09614	0.05036	1038	687	0.6618	0.05556	0.9852	-0.06054	0.1155
chr2	198000000	199000000	0.3648	-0.0357	0.0205	0	0.0617	0	1180	30.49	-0.05561	-0.01742	1177	606	0.5149	0.0625	1.016	1378	32.63	-0.02623	0.003474	1373	899	0.6548	0.0625	1.292	1175	28.74	-0.07839	-0.0007979	1166	443	0.3799	0.06522	0.7498	-0.02308	0.1993
chr2	199000000	200000000	0.3881	-0.0404	0.0212	0	0.0625	0	885	30.34	-0.06253	-0.01036	883	115	0.1302	0.05882	0.3037	1080	32.3	-0.04108	-0.004044	1078	513	0.4759	0.0641	1.11	1014	28.91	-0.06981	-0.01313	1005	359	0.3572	0.0625	0.8331	0	0.142
chr2	200000000	201000000	0.4049	0.0397	0.0119	0	0.0613	0	930	32.39	0.03162	-0.001519	924	501	0.5422	0.06098	0.9088	996	34.33	0.04714	0.01147	989	617	0.6239	0.05556	1.046	1012	31.01	0.03119	-0.01721	1009	610	0.6046	0.06	1.013	-0.01886	0.1238
chr2	201000000	202000000	0.4103	0.0549	0.0167	0	0.0585	0	1058	32.27	0.0264	-0.03269	1054	469	0.445	0.0625	0.9224	1181	34.47	0.05294	0	1177	816	0.6933	0.05882	1.437	1075	32.65	0.1054	0.03662	1072	576	0.5373	0.06522	1.114	-0.05324	0.076
chr2	202000000	203000000	0.4157	0.0351	0.0356	0	0.0572	0	553	32.43	0.03329	-0.007141	547	226	0.4132	0.0625	0.5863	498	33.58	0.01501	-0.01296	495	105	0.2121	0.0625	0.301	723	32.13	0.08236	0.04854	719	499	0.694	0.05882	0.9848	-0.02308	0.0902
chr2	203000000	204000000	0.4026	0.0322	0.009	0	0.0607	0	1125	32.46	0.03468	0.01186	1118	765	0.6843	0.0625	1.49	1128	33.93	0.02995	0.001048	1125	659	0.5858	0.06098	1.276	1086	31.72	0.06375	0.02946	1080	722	0.6685	0.06	1.456	-0.03242	0.09311
chr2	204000000	205000000	0.3872	-0.036	0.0281	0	0.06	0	961	30.51	-0.05462	-0.01547	950	497	0.5232	0.06098	0.9744	1016	32.7	-0.0233	0.009138	1012	445	0.4397	0.05556	0.819	997	29.21	-0.05497	-0.002706	987	574	0.5816	0.06	1.083	-0.02273	0.1699
chr2	205000000	206000000	0.404	-0.0273	0.0192	0	0.0588	0	1658	31.46	-0.01028	0.02235	1654	1074	0.6493	0.06522	1.085	1583	32.57	-0.02872	0	1574	976	0.6201	0.06	1.036	1488	28.91	-0.07018	-0.0549	1481	841	0.5679	0.07143	0.949	0.02203	0.1864
chr2	206000000	207000000	0.401	-0.0017	0.01	0	0.0588	0	1054	31.67	-0.0006794	0.00147	1044	761	0.7289	0.0625	0.9324	1051	33.12	-0.004728	-0.003349	1046	826	0.7897	0.05556	1.01	1097	30.78	0.02059	0.005325	1092	936	0.8571	0.06667	1.096	-0.02138	0.08246
chr2	207000000	208000000	0.4142	0.0283	0.0189	0	0.0588	0	1210	32.08	0.0176	-0.006535	1191	829	0.6961	0.05882	1.022	1119	34.4	0.04988	0.02791	1116	764	0.6846	0.05814	1.005	1287	31.81	0.06804	0.04381	1278	871	0.6815	0.06	1	-0.04182	0.1031
chr2	208000000	209000000	0.3865	-0.0062	0.0103	0	0.0597	0	1595	31.46	-0.01033	-0.004323	1588	749	0.4717	0.0625	0.9058	1817	32.29	-0.04154	-0.03187	1807	798	0.4416	0.0625	0.8481	1877	29.74	-0.02938	-0.00156	1862	1196	0.6423	0.06522	1.234	0	0.122
chr2	209000000	210000000	0.3661	-0.062	0.0169	0	0.0617	0	1304	30.2	-0.06914	-0.005275	1297	826	0.6369	0.06522	0.9477	1386	32.33	-0.03977	0.01558	1379	886	0.6425	0.05882	0.9561	1108	27.92	-0.1202	-0.007732	1103	678	0.6147	0.07143	0.9147	0	0.1876
chr2	210000000	211000000	0.368	-0.0645	0.0259	0	0.0609	0	1166	29.74	-0.09155	-0.01986	1163	661	0.5684	0.06522	1.049	1217	31.63	-0.07106	-0.01283	1214	647	0.5329	0.05882	0.984	1114	28.18	-0.1069	-0.008857	1112	544	0.4892	0.07143	0.9033	-0.02273	0.1725
chr2	211000000	212000000	0.3536	-0.0812	0.0277	0	0.0625	0	1374	29.42	-0.1073	-0.02669	1363	705	0.5172	0.06	0.8486	1539	31.47	-0.07831	-0.01264	1532	815	0.532	0.0625	0.8728	1651	27.27	-0.1544	-0.003775	1637	1135	0.6933	0.06667	1.138	0	0.1926
chr2	212000000	213000000	0.3554	-0.0191	0.0286	0	0.0607	0	1431	30.34	-0.06289	-0.04985	1425	1023	0.7179	0.0625	1.175	1567	32.76	-0.02066	-0.008592	1562	1146	0.7337	0.0641	1.201	1133	29.48	-0.04194	0.05055	1129	641	0.5678	0.06757	0.9291	-0.04977	0.1375
chr2	213000000	214000000	0.3589	0.0149	0.015	0	0.0562	0	1429	30.92	-0.03541	-0.0461	1423	780	0.5481	0.06098	1.068	1488	33.28	0.002336	-0.01798	1478	1095	0.7409	0.06	1.443	1489	30.42	0.003468	0.05403	1482	708	0.4777	0.0625	0.9307	-0.04439	0.111
chr2	214000000	215000000	0.3679	-0.0343	0.021	0	0.0607	0	1624	30.74	-0.04363	-0.002148	1597	796	0.4984	0.05556	1.019	1729	33.05	-0.007629	0.01856	1721	1318	0.7658	0.05556	1.566	1820	28.54	-0.08866	-0.01845	1793	918	0.512	0.06667	1.047	0	0.2313
chr2	215000000	216000000	0.3956	0.0069	0.0157	0	0.0594	0	1411	31.9	0.00955	0.01564	1398	566	0.4049	0.0625	0.7833	1601	34.13	0.03842	0.03255	1586	951	0.5996	0.06098	1.16	1717	30.65	0.01427	0.0002204	1708	879	0.5146	0.05556	0.9956	0	0.1468
chr2	216000000	217000000	0.4416	0.0473	0.0159	0	0.0588	0	1136	32.6	0.04091	-0.01435	1129	625	0.5536	0.0641	0.7985	1027	34.2	0.04172	0.003783	1026	362	0.3528	0.06757	0.5089	1190	31.85	0.06963	0.002439	1180	866	0.7339	0.06098	1.059	-0.0199	0.1155
chr2	217000000	218000000	0.4397	0.0268	0.0179	0	0.0625	0	1457	32.16	0.02149	-0.01836	1449	936	0.646	0.06757	1.028	1463	33.85	0.02684	0.006097	1461	1021	0.6988	0.06098	1.112	1207	29.79	-0.0269	-0.07199	1186	586	0.4941	0.06	0.786	0.02137	0.1844
chr2	218000000	219000000	0.4705	0.0822	0.0324	0	0.0568	0	1132	34.19	0.1096	-0.005385	1131	916	0.8099	0.05882	1.428	1087	35.23	0.08415	0.01077	1081	535	0.4949	0.05556	0.8724	874	33.52	0.1436	0.01355	873	367	0.4204	0.05172	0.741	0	0.06711
chr2	219000000	220000000	0.4809	0.0629	0.0176	0	0.0592	0	1499	33	0.05853	-0.02765	1489	859	0.5769	0.05814	1.108	1493	34.52	0.05492	0.003758	1483	895	0.6035	0.0625	1.159	1330	32.18	0.08452	-0.02252	1321	556	0.4209	0.06667	0.808	0.01815	0.08746
chr2	220000000	221000000	0.3902	-0.0617	0.0255	0	0.0625	0	1564	30.77	-0.0425	0.0192	1553	1125	0.7244	0.0625	1.302	1689	31.6	-0.0723	-0.004459	1679	1172	0.698	0.06	1.255	1358	28.05	-0.1138	-0.03406	1340	841	0.6276	0.06522	1.128	0.05063	0.176
chr2	221000000	222000000	0.3876	-0.0488	0.0204	0	0.06	0	1199	31	-0.03155	0.02453	1180	832	0.7051	0.0625	1.124	1447	32.04	-0.05251	-0.00727	1417	1106	0.7805	0.0625	1.245	1338	28.41	-0.09513	-0.03006	1307	831	0.6358	0.0625	1.014	0.02467	0.1575
chr2	222000000	223000000	0.4036	0.0177	0.0294	0	0.0603	0	1295	31.42	-0.01204	-0.02262	1278	735	0.5751	0.05882	0.9695	1229	33.27	0.001565	-0.009005	1204	481	0.3995	0.0625	0.6735	1325	30.98	0.02972	0.01008	1311	921	0.7025	0.06667	1.184	-0.02647	0.1444
chr2	223000000	224000000	0.4012	0.0145	0.0107	0	0.0614	0	1566	31.44	-0.01112	-0.02534	1560	712	0.4564	0.06	0.9196	1553	33.61	0.01648	0.0008522	1549	740	0.4777	0.06522	0.9626	1453	30.96	0.02895	-0.0007023	1446	553	0.3824	0.06522	0.7706	-0.03395	0.1203
chr2	224000000	225000000	0.4059	0.014	0.0129	0	0.0612	0	1285	31.84	0.006978	-0.009626	1283	1051	0.8192	0.06	1.187	1112	33.5	0.01171	7.108e-05	1111	875	0.7876	0.05882	1.141	1461	30.9	0.02577	0.007121	1455	690	0.4742	0.0625	0.6873	-0.06321	0.1313
chr2	225000000	226000000	0.371	-0.0352	0.014	0	0.0599	0	1213	30.84	-0.03891	0.0009731	1194	770	0.6449	0.0625	0.9759	1215	32.28	-0.042	-0.01276	1203	686	0.5702	0.0625	0.863	1049	29.67	-0.03267	0.03436	1039	625	0.6015	0.0625	0.9103	-0.04307	0.1013
chr2	226000000	227000000	0.3863	-0.0412	0.0237	0	0.06	0	929	30.74	-0.04382	-0.001353	919	423	0.4603	0.06667	0.6593	1158	31.9	-0.05905	-0.01428	1148	870	0.7578	0.0625	1.086	1246	28.9	-0.07062	-0.01259	1234	913	0.7399	0.0625	1.06	0.02018	0.122
chr2	227000000	228000000	0.4076	0.0208	0.0217	0	0.0594	0	1956	32.56	0.03931	0.01619	1939	1244	0.6416	0.06667	1.054	2037	34.32	0.04642	0.02665	2023	1246	0.6159	0.06	1.012	1702	31.18	0.03919	0.01579	1686	918	0.5445	0.0641	0.8948	-0.0199	0.1575
chr2	228000000	229000000	0.3764	-0.0384	0.0207	0	0.0597	0	1568	30.33	-0.06303	-0.00922	1552	1086	0.6997	0.06	0.9881	1139	32.74	-0.02139	0.01143	1125	597	0.5307	0.0625	0.7493	1153	27.67	-0.1332	-0.06033	1142	619	0.542	0.06757	0.7654	0	0.2775
chr2	229000000	230000000	0.4031	-0.0111	0.0298	0	0.0599	0	1537	31.07	-0.02839	-0.01042	1525	898	0.5889	0.06667	1.059	1571	32.36	-0.03812	-0.02372	1566	1060	0.6769	0.06098	1.218	1414	29.85	-0.02385	-0.0147	1404	722	0.5142	0.06667	0.9251	0.02018	0.1155
chr2	230000000	231000000	0.4309	0.0839	0.0217	0	0.0556	0	1353	33.03	0.05982	-0.03234	1347	648	0.4811	0.05556	0.6681	1495	35.14	0.08064	0.001235	1490	1123	0.7537	0.05556	1.047	1380	34.15	0.1702	0.05627	1380	889	0.6442	0.06098	0.8946	-0.06817	0.05247
chr2	231000000	232000000	0.4656	0.0751	0.0483	0	0.0625	0	1261	33.15	0.06504	-0.03259	1125	838	0.7449	0.06522	1.021	1106	33.97	0.03161	-0.03617	968	712	0.7355	0.06098	1.008	1476	34.51	0.1852	0.06814	1374	1114	0.8108	0.06522	1.111	-0.03317	0
chr2	232000000	233000000	0.4605	0.0949	0.0143	0	0.06	0	1020	33.92	0.09825	-0.01461	999	486	0.4865	0.06	0.7717	1390	34.74	0.06424	-0.019	1366	988	0.7233	0.05556	1.147	1169	32.92	0.1173	-0.02328	1141	696	0.61	0.05882	0.9676	0.02203	0.05063
chr2	233000000	234000000	0.4502	0.0785	0.0197	0	0.0556	0	1306	33.89	0.09699	0.0007934	1290	1058	0.8202	0.06049	1.19	1100	34.82	0.06745	-0.009128	1082	943	0.8715	0.05556	1.265	1203	33.61	0.1475	0.041	1178	724	0.6146	0.05882	0.8919	0	0.04009
chr2	234000000	235000000	0.4398	0.0036	0.0205	0	0.0594	0	1852	32.39	0.0318	0.01376	1819	1152	0.6333	0.05882	0.9002	2023	33.48	0.01098	0.01344	2001	1331	0.6652	0.0625	0.9455	1711	29.8	-0.02637	-0.04826	1701	1137	0.6684	0.0641	0.9501	0.05247	0.1375
chr2	235000000	236000000	0.4621	-0.0033	0.0246	0	0.0602	0	1836	32.48	0.03547	0.01911	1827	1475	0.8073	0.06	1.216	1553	33.28	0.002009	0.01677	1545	1155	0.7476	0.05814	1.126	1593	30.02	-0.01574	-0.05354	1589	1268	0.798	0.0625	1.202	0.03495	0.1501
chr2	236000000	237000000	0.458	0.0425	0.0108	0	0.0594	0	668	32.92	0.05521	-0.0002122	664	483	0.7274	0.05882	0.9451	959	33.92	0.02948	-0.005781	959	782	0.8154	0.05882	1.059	1075	31.76	0.06552	-0.01667	1065	897	0.8423	0.06	1.094	-0.01911	0.1013
chr2	237000000	238000000	0.4578	0.0771	0.017	0	0.0572	0	1064	34.39	0.1181	0.02474	1047	797	0.7612	0.05556	0.9514	1697	35.17	0.08177	0.01163	1663	1428	0.8587	0.05792	1.073	1211	32.52	0.09965	-0.01918	1201	1067	0.8884	0.0625	1.11	0	0.08489
chr2	238000000	239000000	0.4794	0.0837	0.0184	0	0.0572	0	1836	34.2	0.1101	0.002648	1784	1170	0.6558	0.06	0.9461	1773	34.52	0.05507	-0.01222	1742	1214	0.6969	0.05882	1.005	1450	32.77	0.1109	-0.01875	1407	961	0.683	0.0625	0.9853	0.02272	0.1025
chr2	239000000	240000000	0.5032	0.0852	0.0289	0	0.0625	0	1548	34.89	0.139	0.01614	1522	991	0.6511	0.06	1.01	1587	34.61	0.05868	-0.01434	1565	907	0.5796	0.0641	0.8991	1522	32.32	0.09065	-0.05629	1484	1132	0.7628	0.0625	1.183	0.06319	0.08883
chr2	240000000	241000000	0.5291	0.1018	0.0363	0	0.0588	0	1848	35.44	0.1614	0.004374	1737	1235	0.711	0.05882	1.035	1905	35.5	0.09528	0.007311	1782	920	0.5163	0.06098	0.7513	1521	33.55	0.1447	-0.02887	1432	1109	0.7744	0.05882	1.127	0.02057	0.07595
chr2	241000000	242000000	0.5068	0.1012	0.0383	0	0.0628	0	1744	35.47	0.1627	0.02316	1645	1094	0.665	0.0641	0.9435	1838	35.34	0.08902	0.005756	1715	1111	0.6478	0.06098	0.919	1580	34.65	0.1914	0.03131	1481	1029	0.6948	0.0641	0.9857	0	0.03953
chr2	242000000	242193529	0.4459	-0.3476	0.1946	1	0.0776	0	364	24.17	-0.3905	NA	252	141	0.5595	0.06552	1.029	292	24.93	-0.4148	NA	201	33	0.1642	0.09091	0.3019	343	27.46	-0.1443	NA	228	138	0.6053	0.08199	1.113	-0.02647	0.04307
chr3	0	1000000	0.3704	-0.0461	0.0306	0	0.06	0	1972	30.07	-0.07547	-0.02666	1943	1044	0.5373	0.06	0.9715	1893	32.36	-0.03829	0.002158	1853	1048	0.5656	0.05848	1.023	1849	30.49	0.006623	0.08419	1815	1098	0.605	0.06098	1.094	-0.06413	0.08746
chr3	1000000	2000000	0.3654	-0.0995	0.0213	0	0.065	0	2342	29.6	-0.09845	0	2336	1547	0.6622	0.06	0.9723	2231	31.07	-0.09706	-0.001772	2217	1601	0.7221	0.0625	1.06	2569	26.9	-0.1741	-0.02552	2530	1696	0.6704	0.06594	0.9842	0.01069	0.2065
chr3	2000000	3000000	0.3776	-0.0591	0.0227	0	0.0617	0	2079	31.02	-0.03091	0.04118	2070	1460	0.7053	0.05556	1.153	1862	31.66	-0.06995	-0.01088	1855	1066	0.5747	0.0625	0.9393	2067	28.09	-0.1113	-0.02668	2051	1356	0.6611	0.06522	1.081	0.05063	0.1806
chr3	3000000	4000000	0.3943	-0.0239	0.0074	0	0.0617	0	2398	31.03	-0.03007	-0.0001836	2367	1439	0.6079	0.06667	1.152	2880	32.71	-0.02254	0.003882	2846	1947	0.6841	0.0625	1.296	2391	29.23	-0.05392	-0.01932	2373	1103	0.4648	0.06	0.8805	0	0.1699
chr3	4000000	5000000	0.4106	0.054	0.0112	0	0.0588	0	1919	32.53	0.03792	-0.01898	1903	1170	0.6148	0.05882	0.9727	1817	34.15	0.03957	-0.01224	1805	1237	0.6853	0.05882	1.084	1781	31.86	0.07033	0.005995	1774	921	0.5192	0.0625	0.8213	-0.02237	0.1312
chr3	5000000	6000000	0.4055	0.0094	0.0117	0	0.06	0	2083	31.81	0.005585	0	2078	1246	0.5996	0.06098	0.9841	2110	33.56	0.01412	0.008219	2100	1330	0.6333	0.05882	1.039	1966	30.2	-0.00686	-0.02124	1958	1107	0.5654	0.06	0.9279	0.02107	0.1375
chr3	6000000	7000000	0.3731	-0.0602	0.0319	0	0.0613	0	1546	30.2	-0.06926	-0.0002258	1538	1058	0.6879	0.0625	0.9854	1615	32.53	-0.03084	0.02786	1608	1120	0.6965	0.06	0.9977	1631	27.82	-0.1257	-0.03334	1621	1018	0.628	0.06174	0.8996	0	0.2451
chr3	7000000	8000000	0.3817	-0.0745	0.0172	0	0.0613	0	1824	29.87	-0.08517	0.00387	1820	1034	0.5681	0.0625	0.9242	2056	32.02	-0.05365	0.01941	2052	1193	0.5814	0.0625	0.9458	1714	28.07	-0.1126	-0.03973	1707	1187	0.6954	0.06757	1.131	-0.026	0.2005
chr3	8000000	9000000	0.4211	-0.0034	0.01	0	0.0614	0	1878	31.75	0.002712	0.003771	1859	1230	0.6616	0.05848	1.193	1552	32.19	-0.04579	-0.03862	1532	760	0.4961	0.06098	0.8948	1837	29.52	-0.03985	-0.06053	1804	764	0.4235	0.06667	0.7639	0.04009	0.1293
chr3	9000000	10000000	0.4592	0.0652	0.0222	0	0.0594	0	1164	33.2	0.06749	-0.01392	1159	928	0.8007	0.06	1.258	1121	34.08	0.03667	-0.01651	1111	838	0.7543	0.0625	1.185	1159	32.47	0.09733	-0.007282	1151	852	0.7402	0.06	1.163	0.02018	0.07215
chr3	10000000	11000000	0.4799	0.0776	0.0306	0	0.0587	0	1455	33.87	0.09625	-0.004224	1449	1016	0.7012	0.05556	1.055	1012	34.65	0.06039	-0.0008003	997	375	0.3761	0.05556	0.5659	1478	33.26	0.1324	0.01045	1470	1036	0.7048	0.0641	1.06	-0.01843	0.1238
chr3	11000000	12000000	0.4451	0.0336	0.0199	0	0.0567	0	1541	32.81	0.05019	0.01451	1512	1110	0.7341	0.05556	1.142	1625	32.82	-0.01772	-0.03252	1604	814	0.5075	0.05882	0.7892	895	31.64	0.06	0.001233	886	369	0.4165	0.0625	0.6477	0.02137	0.04731
chr3	12000000	13000000	0.4464	0.0528	0.0329	0	0.06	0	827	33.16	0.06569	0.009181	823	349	0.4241	0.05556	0.6853	1080	33.69	0.01966	-0.02256	1065	595	0.5587	0.05556	0.9029	886	31.62	0.05941	-0.01978	874	328	0.3753	0.0599	0.6065	0.01911	0.1255
chr3	13000000	14000000	0.5044	0.1331	0.0304	0	0.0556	0	1361	35.46	0.1624	-0.009062	1355	1066	0.7867	0.05556	1.164	1151	36.21	0.1239	0.004928	1149	842	0.7328	0.05882	1.084	1266	34.67	0.192	-0.002878	1258	729	0.5795	0.05263	0.8575	0	0.04439
chr3	14000000	15000000	0.47	0.0994	0.0255	0	0.0568	0	1494	34.13	0.1072	-0.01954	1493	1047	0.7013	0.05556	1.008	1511	35.53	0.09642	0.006014	1504	1129	0.7507	0.05556	1.079	1363	33.16	0.1276	-0.01964	1362	923	0.6777	0.06098	0.974	-0.01838	0.122
chr3	15000000	16000000	0.4199	0.0637	0.0153	0	0.0597	0	999	32.57	0.03962	-0.02736	996	539	0.5412	0.0625	0.9039	893	34.36	0.04818	-0.01073	887	405	0.4566	0.05172	0.7626	761	32.41	0.09489	0.02641	753	625	0.83	0.05814	1.386	-0.04731	0.05658
chr3	16000000	17000000	0.4142	0.0619	0.0299	0	0.0588	0	1784	32.63	0.04234	-0.01539	1773	1193	0.6729	0.05882	1.096	1936	34.47	0.05285	-0.00272	1917	1453	0.758	0.06	1.234	1295	32.45	0.09668	0.03886	1284	523	0.4073	0.05882	0.6634	-0.05346	0.074
chr3	17000000	18000000	0.3827	0.0403	0.0215	0	0.06	0	671	32.31	0.0281	-0.004815	669	225	0.3363	0.0625	0.6387	596	34.06	0.03557	-0.002342	595	236	0.3966	0.05263	0.7532	655	31.41	0.04948	0.02357	651	256	0.3932	0.0633	0.7468	-0.02237	0.122
chr3	18000000	19000000	0.3734	-0.0284	0.0087	0	0.0597	0	1260	30.18	-0.07017	-0.03414	1249	977	0.7822	0.06098	1.012	923	32.76	-0.02058	0.007092	917	701	0.7644	0.0625	0.9893	1127	28.49	-0.09114	-0.03094	1114	929	0.8339	0.05882	1.079	-0.01911	0.2149
chr3	19000000	20000000	0.3742	-0.0633	0.0084	0	0.06	0	629	30.63	-0.04916	0.02177	629	520	0.8267	0.0625	1.064	820	31.89	-0.05933	0.001652	819	667	0.8144	0.05556	1.048	813	29.03	-0.06413	0.03938	807	695	0.8612	0.06522	1.108	0	0.122
chr3	20000000	21000000	0.3774	-0.066	0.0073	0	0.0612	0	1712	30.34	-0.06287	0.01956	1699	941	0.5539	0.06667	0.7979	1635	31.66	-0.06986	-0.0039	1622	1202	0.7411	0.0625	1.068	1600	28.48	-0.09165	0	1592	1242	0.7802	0.0641	1.124	0.02915	0.152
chr3	21000000	22000000	0.3656	-0.0834	0.0232	0	0.06	0	1975	29.62	-0.09722	-0.01429	1970	930	0.4721	0.0625	0.7063	1911	31.22	-0.09003	-0.01263	1903	1022	0.537	0.05556	0.8035	2163	27.22	-0.1572	-0.02079	2157	1456	0.675	0.0641	1.01	0.01862	0.2035
chr3	22000000	23000000	0.3689	-0.0333	0.0264	0	0.0647	0	1808	30.11	-0.07357	-0.03855	1799	1072	0.5959	0.0625	0.9807	1498	31.81	-0.06317	-0.03613	1490	1018	0.6832	0.0625	1.124	1963	29.27	-0.05216	0.01417	1958	1255	0.641	0.06	1.055	0	0.1255
chr3	23000000	24000000	0.3997	0.0433	0.0064	0	0.0591	0	775	32.57	0.03956	0.003268	771	353	0.4578	0.05882	0.636	877	34.04	0.03486	-0.008895	874	498	0.5698	0.05556	0.7915	1426	32.39	0.09384	0.04504	1416	1049	0.7408	0.05882	1.029	-0.05247	0.07595
chr3	24000000	25000000	0.3836	-0.0134	0.025	0	0.0591	0	1293	31.24	-0.02046	-0.004627	1288	998	0.7748	0.0625	1.108	1440	32.92	-0.01328	-0.002773	1436	1100	0.766	0.05848	1.095	1369	30.19	-0.007446	0.03104	1362	880	0.6461	0.06522	0.9235	-0.02273	0.1375
chr3	25000000	26000000	0.3882	-0.0287	0.0099	0	0.0568	0	1579	30.88	-0.03727	0.003208	1569	868	0.5532	0.06125	0.9515	1527	32.61	-0.02696	-0.0009972	1524	813	0.5335	0.0641	0.9176	1505	28.84	-0.07368	-0.02938	1495	802	0.5365	0.06667	0.9227	0	0.1751
chr3	26000000	27000000	0.3808	-0.0799	0.0218	0	0.0605	0	1519	29.59	-0.0986	-0.01447	1485	985	0.6633	0.0625	0.9824	1290	31.32	-0.08535	-0.01199	1268	888	0.7003	0.0625	1.037	1329	27.73	-0.1302	-0.03428	1311	810	0.6178	0.05882	0.9151	0	0.2016
chr3	27000000	28000000	0.3936	-0.0532	0.0165	0	0.0606	0	1492	30.65	-0.04802	0.008715	1488	1073	0.7211	0.0625	0.9869	1469	32.63	-0.02607	0.02717	1466	1103	0.7524	0.0625	1.03	975	28.5	-0.09061	-0.02642	972	546	0.5617	0.06757	0.7688	0	0.2141
chr3	28000000	29000000	0.3738	-0.067	0.0278	0	0.0625	0	1246	30.44	-0.05773	0.01833	1233	928	0.7526	0.06667	1.015	1080	32.92	-0.01343	0.05043	1057	570	0.5393	0.05556	0.7271	1130	28.85	-0.07328	0.02728	1122	730	0.6506	0.06757	0.8772	-0.05667	0.1846
chr3	29000000	30000000	0.3643	-0.0599	0.0185	0	0.06	0	1627	30.66	-0.04732	0.02122	1620	1227	0.7574	0.0625	1.072	1455	32.41	-0.03591	0.01542	1445	1196	0.8277	0.06049	1.171	1658	28.37	-0.09748	0.01151	1646	983	0.5972	0.06522	0.8451	0	0.1926
chr3	30000000	31000000	0.3808	-0.06	0.0184	0	0.0625	0	1687	30.79	-0.04143	0.02279	1680	1366	0.8131	0.06757	1.16	1166	32.7	-0.02303	0.03042	1166	710	0.6089	0.06	0.869	1567	28.93	-0.06889	0.007104	1562	1093	0.6997	0.0625	0.9986	0.01963	0.2035
chr3	31000000	32000000	0.4029	0.0121	0.0096	0	0.0602	0	800	31.66	-0.001394	-0.008163	798	535	0.6704	0.06667	0.977	949	33.43	0.008805	0	947	454	0.4794	0.06174	0.6986	894	29.87	-0.0231	-0.03595	891	619	0.6947	0.0625	1.012	-0.0199	0.1605
chr3	32000000	33000000	0.4333	0.0235	0.0119	0	0.06	0	1368	32.29	0.02718	-0.006142	1343	702	0.5227	0.0641	0.8549	1540	33.61	0.01641	0.0003713	1521	1123	0.7383	0.05882	1.208	1383	32.09	0.08063	0.03624	1372	786	0.5729	0.07143	0.937	0	0.08746
chr3	33000000	34000000	0.4007	0.0105	0.0106	0	0.06	0	1184	32.12	0.01937	0.009359	1180	933	0.7907	0.06	1.097	1225	33.44	0.009219	-0.001603	1223	970	0.7931	0.06	1.1	625	31.77	0.06621	0.04055	621	462	0.744	0.05941	1.032	-0.04439	0.08246
chr3	34000000	35000000	0.3814	-0.0469	0.0154	0	0.0588	0	1314	30.43	-0.05837	0.002508	1295	750	0.5792	0.06466	0.9314	1412	32.26	-0.04252	0.002046	1400	811	0.5793	0.05556	0.9316	1455	29.3	-0.05082	0.004122	1434	1028	0.7169	0.06522	1.153	-0.009189	0.1333
chr3	35000000	36000000	0.3611	-0.0907	0.0296	0	0.0617	0	1096	29.4	-0.1079	-0.01099	1078	745	0.6911	0.06522	1.001	1216	31.41	-0.08106	0.003216	1204	988	0.8206	0.0641	1.188	1006	27.32	-0.1515	-0.003231	985	698	0.7086	0.06667	1.026	0	0.2224
chr3	36000000	37000000	0.3964	-0.032	0.0121	0	0.0613	0	1444	30.76	-0.04292	-0.002019	1416	1116	0.7881	0.06	1.093	1186	32.74	-0.02157	0.009001	1169	612	0.5235	0.0641	0.7262	1083	29.88	-0.02235	0.008739	1071	722	0.6741	0.06098	0.9351	-0.01886	0.1031
chr3	37000000	38000000	0.4257	0.0536	0.0179	0	0.0581	0	834	32.71	0.04572	-0.01593	833	638	0.7659	0.05556	0.9834	799	34.41	0.05027	0.002555	798	615	0.7707	0.05814	0.9896	938	32.03	0.0779	-0.0007004	934	588	0.6296	0.0625	0.8084	-0.02273	0.122
chr3	38000000	39000000	0.4445	0.065	0.0195	0	0.0605	0	1177	33.37	0.07482	0.005917	1174	801	0.6823	0.05882	1.229	1223	34.07	0.03603	-0.01018	1217	785	0.645	0.06098	1.162	1118	32.22	0.08622	-0.00394	1114	690	0.6194	0.06	1.116	0	0.07595
chr3	39000000	40000000	0.415	0.0502	0.0171	0	0.0605	0	1663	32.61	0.04155	-0.006996	1658	950	0.573	0.05882	0.8901	1430	34.15	0.03955	-0.004366	1422	835	0.5872	0.06	0.9122	1599	32.11	0.08161	0.03572	1584	1036	0.654	0.06	1.016	-0.009683	0.1203
chr3	40000000	41000000	0.4155	-0.0114	0.0096	0	0.0588	0	742	31.4	-0.01306	-0.007712	731	239	0.3269	0.0625	0.6336	777	33.22	-0.0004666	0.01726	774	322	0.416	0.06	0.8062	693	30.18	-0.00791	0.004776	685	247	0.3606	0.06522	0.6988	-0.02647	0.1274
chr3	41000000	42000000	0.4018	-0.0106	0.0069	0	0.0591	0	1186	31.31	-0.01711	0	1176	479	0.4073	0.0625	0.7002	1699	33.23	4.366e-05	0.011	1691	1285	0.7599	0.05814	1.306	1368	29.95	-0.01922	-0.0141	1359	646	0.4753	0.06522	0.8172	-0.02048	0.1125
chr3	42000000	43000000	0.4474	0.0374	0.0093	0	0.0588	0	1117	32.94	0.05584	0.0129	1113	587	0.5274	0.05556	0.8476	1534	34.22	0.04244	0.01501	1531	1083	0.7074	0.06	1.137	1053	31.86	0.07018	0.01251	1050	662	0.6305	0.06	1.013	0	0.09311
chr3	43000000	44000000	0.4235	0.0141	0.0157	0	0.0594	0	1158	31.75	0.002807	-0.01517	1156	762	0.6592	0.06	1.154	906	33.52	0.01258	0.003766	905	318	0.3514	0.06254	0.6151	1100	30.74	0.01869	-0.02874	1096	461	0.4206	0.07143	0.7363	-0.03953	0.08746
chr3	44000000	45000000	0.4266	0.0277	0.0185	0	0.0578	0	817	32.26	0.02589	-0.009231	810	329	0.4062	0.06667	0.5351	879	33.51	0.01216	-0.009666	865	357	0.4127	0.05814	0.5438	766	31.15	0.03742	-0.02011	760	156	0.2053	0.07143	0.2704	-0.02308	0.1043
chr3	45000000	46000000	0.445	0.0765	0.0188	0	0.0556	0	1581	33.5	0.08021	0.001433	1574	1055	0.6703	0.05882	1.168	1568	34.65	0.06057	0.002867	1568	940	0.5995	0.05882	1.045	1428	33.58	0.1462	0.04326	1424	781	0.5485	0.05556	0.9557	0	0.04439
chr3	46000000	47000000	0.4557	0.1076	0.0213	0	0.0588	0	1328	34.23	0.1113	-0.01171	1317	727	0.552	0.0625	1.016	1117	35.18	0.0822	-0.01845	1112	498	0.4478	0.05263	0.8241	1340	33.62	0.1478	0.0007218	1328	911	0.686	0.0625	1.262	0.03847	0.04439
chr3	47000000	48000000	0.4482	0.0657	0.0267	0	0.06	0	623	33.81	0.09359	0.01389	619	93	0.1502	0.06667	0.3694	597	34.79	0.06627	0.007811	587	18	0.03066	0.06846	0.0754	666	33.94	0.1614	0.07297	661	222	0.3359	0.05172	0.8258	-0.01963	0.03953
chr3	48000000	49000000	0.4801	0.0774	0.0162	0	0.062	0	541	34.23	0.1115	0.01127	532	135	0.2538	0.05263	0.7772	527	35	0.07478	0.01378	519	221	0.4258	0.06757	1.304	543	33.41	0.1388	0.01706	530	132	0.2491	0.07143	0.7628	-0.02308	0.04731
chr3	49000000	50000000	0.4947	0.091	0.0417	0	0.0566	0	918	34.65	0.1288	0.001312	896	513	0.5725	0.05556	1.195	891	34.73	0.06353	-0.01633	879	482	0.5484	0.05882	1.144	723	33.82	0.1562	0.009843	700	251	0.3586	0.05556	0.7481	0.02237	0
chr3	50000000	51000000	0.4903	0.091	0.0379	0	0.0556	0	675	34.25	0.1123	-0.008491	666	314	0.4715	0.0633	1.258	577	34.9	0.07098	-0.003601	570	195	0.3421	0.05172	0.9125	661	32.68	0.1068	-0.04007	654	223	0.341	0.05556	0.9095	0.02107	0.08132
chr3	51000000	52000000	0.4419	0.0485	0.0193	0	0.0607	0	713	32.23	0.02455	-0.03765	712	190	0.2669	0.05882	1.13	697	33.45	0.0095	-0.03046	688	147	0.2137	0.06	0.905	676	31.19	0.03934	-0.03059	675	129	0.1911	0.07143	0.8094	-0.04182	0.08246
chr3	52000000	53000000	0.4933	0.1492	0.0252	0	0.0556	0	508	35.74	0.1737	-0.00702	504	168	0.3333	0.05685	0.51	965	36.15	0.1213	-0.01143	964	753	0.7811	0.05556	1.195	803	34.99	0.2053	0.001998	799	504	0.6308	0.05556	0.9651	-0.01887	0.04064
chr3	53000000	54000000	0.4494	0.0982	0.0276	0	0.0562	0	950	34.66	0.1295	0.01352	946	488	0.5159	0.06	0.9709	1077	35.55	0.0976	0.004661	1073	546	0.5089	0.05556	0.9578	965	34.04	0.1655	0.04456	959	654	0.682	0.05882	1.284	0	0.08489
chr3	54000000	55000000	0.4254	-0.0049	0.0187	0	0.0617	0	1126	31.8	0.005223	0.003089	1118	568	0.5081	0.0641	0.7249	1273	32.57	-0.02908	-0.0183	1264	822	0.6503	0.06667	0.9278	1302	29.44	-0.04396	-0.06477	1292	919	0.7113	0.06522	1.015	0.04182	0.122
chr3	55000000	56000000	0.4137	-0.035	0.0235	0	0.0613	0	1301	31.21	-0.02176	0.01312	1246	726	0.5827	0.06522	0.9483	1300	32.08	-0.05091	-0.01118	1262	775	0.6141	0.05814	0.9995	1222	29.34	-0.04898	-0.01553	1210	769	0.6355	0.0641	1.034	0.02309	0.1255
chr3	56000000	57000000	0.4065	0.0162	0.0143	0	0.061	0	1305	32.53	0.03794	0.0178	1275	767	0.6016	0.06	0.9588	1495	34.07	0.03616	0.02169	1489	1003	0.6736	0.06098	1.074	1273	30.34	-0.0005204	-0.02232	1253	772	0.6161	0.06098	0.982	0.02425	0.1605
chr3	57000000	58000000	0.4133	0.0231	0.0157	0	0.0594	0	1228	32.48	0.03565	0.007794	1224	659	0.5384	0.05882	0.7485	1329	33.75	0.02253	0.00486	1325	948	0.7155	0.05556	0.9947	1200	31.54	0.05546	0.02818	1196	902	0.7542	0.06	1.048	-0.02239	0.08489
chr3	58000000	59000000	0.44	0.0732	0.0234	0	0.0591	0	1213	34.24	0.1116	0.02473	1210	770	0.6364	0.05882	0.9211	963	35.07	0.07768	0.01005	960	307	0.3198	0.04762	0.4629	1099	33.21	0.1298	0.03833	1096	779	0.7108	0.05556	1.029	0.01815	0.05247
chr3	59000000	60000000	0.4002	-0.0176	0.0172	0	0.0601	0	1369	30.78	-0.04177	-0.02043	1365	968	0.7092	0.06098	1.107	1172	33.19	-0.001501	0.01719	1165	602	0.5167	0.06098	0.8063	1451	29.97	-0.01831	-0.01213	1434	927	0.6464	0.06522	1.009	-0.04244	0.1561
chr3	60000000	61000000	0.3854	-0.0616	0.0205	0	0.0625	0	1898	29.87	-0.08505	-0.01387	1887	1187	0.629	0.06522	1.017	1832	31.98	-0.05524	0.00644	1816	986	0.543	0.05882	0.8776	2028	28.72	-0.07972	0.007645	2010	1328	0.6607	0.06522	1.068	0	0.1806
chr3	61000000	62000000	0.4013	-0.0275	0.0244	0	0.0605	0	1357	30.48	-0.05621	-0.02359	1355	724	0.5343	0.05941	0.9219	1238	33.05	-0.007987	0.01838	1236	499	0.4037	0.0625	0.6966	1244	30.09	-0.01235	-0.001194	1239	676	0.5456	0.06049	0.9413	-0.0458	0.1568
chr3	62000000	63000000	0.4014	-0.0531	0.0129	0	0.0625	0	1346	30.54	-0.05338	0.003107	1343	789	0.5875	0.06	1.035	1377	32.07	-0.05144	0	1372	761	0.5547	0.0625	0.977	1441	28.6	-0.08554	-0.04145	1435	938	0.6537	0.06522	1.151	0	0.1864
chr3	63000000	64000000	0.3931	-0.0692	0.0276	0	0.0617	0	1445	30.76	-0.04261	0.04079	1421	895	0.6298	0.06	0.9673	1495	31.67	-0.06923	0	1475	944	0.64	0.06098	0.983	1406	28.19	-0.1062	-0.04583	1381	966	0.6995	0.06522	1.074	0.04891	0.1769
chr3	64000000	65000000	0.4072	-0.0487	0.0258	0	0.06	0	1268	31.9	0.009803	0.05513	1264	767	0.6068	0.0625	1.033	1265	33.3	0.003147	0.05264	1261	802	0.636	0.06	1.082	1321	27.98	-0.1174	-0.07499	1319	715	0.5421	0.06522	0.9225	0.04977	0.241
chr3	65000000	66000000	0.3996	-0.0729	0.0225	0	0.0613	0	1192	30.63	-0.04875	0.03116	1188	391	0.3291	0.05556	0.5227	1335	31.91	-0.05861	0.01208	1334	516	0.3868	0.06174	0.6143	1300	27.6	-0.1371	-0.07192	1294	905	0.6994	0.06522	1.111	0.05734	0.196
chr3	66000000	67000000	0.4135	-0.0177	0.0246	0	0.0594	0	1597	31.66	-0.00103	0.01772	1592	888	0.5578	0.06	0.8812	1444	32.44	-0.03483	-0.0117	1433	931	0.6497	0.06	1.026	1509	30.39	0.001895	0.0174	1505	745	0.495	0.06	0.782	0	0.0902
chr3	67000000	68000000	0.3866	-0.0378	0.0251	0	0.0613	0	1985	30.3	-0.06442	-0.02692	1971	1326	0.6728	0.06	1.233	1488	32.45	-0.0342	0.004586	1479	743	0.5024	0.05882	0.9208	1946	29.65	-0.03359	0.02318	1938	1101	0.5681	0.0641	1.041	-0.04064	0.1293
chr3	68000000	69000000	0.3876	-0.0502	0.0173	0	0.0615	0	1074	30.35	-0.06197	-0.004492	1069	681	0.637	0.07143	0.9915	1407	32.53	-0.03062	0.01602	1402	904	0.6448	0.0641	1.004	1271	28.68	-0.08149	-0.01502	1263	783	0.62	0.0625	0.9649	0.02391	0.1926
chr3	69000000	70000000	0.4004	-0.0315	0.0165	0	0.0605	0	1458	31.9	0.009858	0.04177	1458	810	0.5556	0.05685	0.9866	1363	33.41	0.007999	0.04023	1359	580	0.4268	0.05814	0.7579	1874	29.63	-0.03435	-0.01428	1865	1057	0.5668	0.0641	1.006	0.0199	0.1806
chr3	70000000	71000000	0.3768	-0.0637	0.0264	0	0.0617	0	1051	30.19	-0.06988	0.009348	1045	585	0.5598	0.05882	0.8654	1212	31.37	-0.08302	-0.0232	1209	778	0.6435	0.06174	0.9948	1162	27.78	-0.1276	-0.03377	1155	828	0.7169	0.06522	1.108	0	0.1864
chr3	71000000	72000000	0.4179	0.0256	0.0213	0	0.0625	0	1266	32.34	0.02929	0.0005419	1255	798	0.6359	0.06	1.002	1210	33.77	0.02335	0.006163	1203	910	0.7564	0.05556	1.191	1192	31.52	0.05451	0.02459	1184	710	0.5997	0.0625	0.9445	-0.04064	0.1255
chr3	72000000	73000000	0.4415	0.0463	0.0304	0	0.0572	0	1376	33.3	0.0717	0.01744	1363	853	0.6258	0.06	0.9934	1228	35.09	0.07881	0.04187	1211	774	0.6391	0.05556	1.015	1291	31.77	0.06619	0.001427	1285	712	0.5541	0.06757	0.8795	-0.02046	0.1333
chr3	73000000	74000000	0.4058	-0.0011	0.0098	0	0.06	0	1689	31.88	0.008982	0.01143	1687	929	0.5507	0.05882	0.8812	1825	33.37	0.006175	0.009635	1820	1326	0.7286	0.05848	1.166	1621	29.26	-0.05278	-0.05667	1616	802	0.4963	0.06522	0.7942	0	0.1605
chr3	74000000	75000000	0.3704	-0.0882	0.0165	0	0.0617	0	1573	29.88	-0.08453	0.006385	1572	977	0.6215	0.0641	1.058	1525	31.39	-0.08224	0.0003107	1525	776	0.5089	0.06	0.8666	1285	27.16	-0.1604	-0.04069	1283	701	0.5464	0.06667	0.9305	0.02915	0.2095
chr3	75000000	76000000	0.4078	0.3579	0.2334	1	0.0958	1	3329	46.1	0.5409	NA	2962	1303	0.4399	NA	0.5378	4359	39.85	0.2623	NA	3915	3313	0.8462	NA	1.035	4267	35.03	0.2069	NA	3846	3312	0.8612	NA	1.053	0.04244	0.1864
chr3	76000000	77000000	0.3569	-0.1071	0.0338	0	0.0625	0	1478	30.32	-0.06368	0.04048	1468	849	0.5783	0.06667	0.9866	1329	30.77	-0.1111	-0.01336	1317	772	0.5862	0.05882	1	1619	26.61	-0.1899	-0.01113	1600	840	0.525	0.06757	0.8956	0.0661	0.2431
chr3	77000000	78000000	0.3599	-0.1123	0.0399	0	0.0625	0	1073	30.09	-0.0746	0.04318	1061	403	0.3798	0.0625	0.666	1141	30.85	-0.1073	-0.001091	1129	595	0.527	0.06522	0.9241	1157	26.93	-0.1726	-0.0001558	1145	610	0.5328	0.06667	0.9342	0.05445	0.2224
chr3	78000000	79000000	0.3628	-0.0903	0.0448	0	0.0623	0	1349	30.02	-0.07809	0.01134	1338	711	0.5314	0.0625	1.016	1136	32.33	-0.03945	0.04142	1125	356	0.3164	0.05941	0.6052	1180	27.07	-0.1649	-0.01655	1163	482	0.4144	0.06594	0.7926	0	0.263
chr3	79000000	80000000	0.3501	-0.0995	0.0332	0	0.0615	0	1256	29.42	-0.1069	-0.01226	1252	632	0.5048	0.07143	0.9611	1405	31.76	-0.06533	0.02842	1398	509	0.3641	0.06	0.6932	1357	27.35	-0.1502	0.03393	1353	999	0.7384	0.07143	1.406	0	0.2295
chr3	80000000	81000000	0.3479	-0.1053	0.0228	0	0.0647	0	1073	29.59	-0.09897	0.002182	1070	737	0.6888	0.06522	0.9913	1401	30.82	-0.1087	-0.007832	1400	1094	0.7814	0.0625	1.125	1123	26.99	-0.169	0.02325	1120	790	0.7054	0.06667	1.015	0.026	0.2118
chr3	81000000	82000000	0.3605	-0.0561	0.0232	0	0.0636	0	1130	30.34	-0.0627	-0.001896	1123	649	0.5779	0.05882	0.8873	1117	32.46	-0.03396	0.02051	1109	759	0.6844	0.06667	1.051	1217	28.47	-0.09235	0.01851	1210	776	0.6413	0.07143	0.9847	0	0.2141
chr3	82000000	83000000	0.3521	-0.0838	0.0206	0	0.0652	0	1284	30.11	-0.07364	0.007187	1261	794	0.6297	0.0641	1.112	1088	31.66	-0.0699	0.00475	1064	658	0.6184	0.0625	1.093	1065	27.05	-0.166	-0.01249	1045	403	0.3856	0.06667	0.6814	0.0581	0.2224
chr3	83000000	84000000	0.339	-0.1143	0.0304	0	0.0625	0	1031	29.17	-0.1194	-0.004864	1025	222	0.2166	0.0625	0.411	1186	30.89	-0.1054	-0.01279	1181	890	0.7536	0.0625	1.43	1160	26.37	-0.2025	0.005247	1153	559	0.4848	0.0625	0.92	0.02346	0.2345
chr3	84000000	85000000	0.3481	-0.1155	0.0284	0	0.0652	0	1221	29.68	-0.09449	0.01592	1208	335	0.2773	0.06522	0.4229	1462	30.53	-0.1221	-0.01582	1456	924	0.6346	0.05848	0.9677	1581	25.52	-0.2497	-0.04644	1570	762	0.4854	0.07143	0.7401	0.07662	0.241
chr3	85000000	86000000	0.3392	-0.1248	0.036	0	0.0633	0	1465	28.88	-0.1338	-0.01004	1452	512	0.3526	0.06594	0.7279	1511	31.21	-0.09057	0.01294	1505	511	0.3395	0.0625	0.7009	1225	26.19	-0.2126	0.004952	1217	263	0.2161	0.07143	0.4461	0	0.237
chr3	86000000	87000000	0.3544	-0.1094	0.0321	0	0.0625	0	1217	29.17	-0.1193	-0.01087	1216	566	0.4655	0.0625	0.7833	1523	31.28	-0.08717	0.01214	1509	1200	0.7952	0.0625	1.338	1229	26.4	-0.2011	-0.01854	1215	430	0.3539	0.0625	0.5956	0.009554	0.2313
chr3	87000000	88000000	0.3611	-0.071	0.0232	0	0.06	0	1588	29.85	-0.086	-0.008826	1581	918	0.5806	0.0633	0.9705	1574	32.21	-0.04488	0.01969	1571	1042	0.6633	0.05882	1.109	1397	28.35	-0.09818	0.03039	1391	215	0.1546	0.06	0.2583	-0.02237	0.1844
chr3	88000000	89000000	0.359	-0.0694	0.018	0	0.0613	0	1905	29.98	-0.08002	-0.003689	1901	1104	0.5807	0.0625	0.9953	1798	32	-0.05454	0.01247	1788	1117	0.6247	0.06522	1.071	1879	28.39	-0.09606	0.03532	1871	1149	0.6141	0.06667	1.052	-0.03395	0.1751
chr3	89000000	90000000	0.3535	-0.1023	0.0158	0	0.0652	0	904	29.48	-0.1043	-0.002784	895	546	0.6101	0.05882	1.117	679	30.97	-0.1018	-0.015	670	454	0.6776	0.06522	1.24	885	26.43	-0.1995	-0.02831	880	319	0.3625	0.06522	0.6634	0.04891	0.2526
chr3	90000000	91000000	0.3664	-1.069	0.0939	0	0.0848	0	1859	16.01	-0.9852	0.08698	802	555	0.692	0.07746	1.277	1705	15.73	-1.079	-0.01318	692	338	0.4884	0.08824	0.901	1992	15.5	-0.9697	0.1495	885	640	0.7232	0.08477	1.334	-0.2224	0.3219
chr3	91000000	92000000	0.3784	-1.657	0.1146	1	0.1042	1	1903	10.63	-1.576	NA	565	352	0.623	NA	1.164	1916	9.662	-1.782	NA	524	232	0.4427	NA	0.8273	2060	10.32	-1.556	NA	653	422	0.6462	NA	1.207	-0.2722	0.415
chr3	92000000	93000000	0.3831	-2.406	0.1036	1	0.1184	1	433	5.785	-2.453	NA	36	18	0.5	NA	1.695	413	7.06	-2.235	NA	47	20	0.4255	NA	1.442	362	5.94	-2.353	NA	32	16	0.5	NA	1.695	-0.3785	0.737
chr3	93000000	94000000	0.3842	-1.315	0.1762	1	0.0833	0	660	13.93	-1.186	NA	274	190	0.6934	0.08281	1.092	670	11.87	-1.485	NA	235	82	0.3489	0.1	0.5496	575	14.44	-1.071	NA	250	163	0.652	0.07895	1.027	0	0.3219
chr3	94000000	95000000	0.3631	-0.0904	0.0277	0	0.0615	0	1426	29.5	-0.1034	-0.0138	1424	569	0.3996	0.06667	0.8094	1328	31.32	-0.08521	-0.002695	1328	420	0.3163	0.06712	0.6406	1558	27.11	-0.1628	-0.01408	1551	892	0.5751	0.06522	1.165	0.02425	0.2095
chr3	95000000	96000000	0.3439	-0.0981	0.0283	0	0.0633	0	825	29.08	-0.1238	-0.02421	823	80	0.09721	0.06466	0.1447	1886	31.42	-0.08095	0.003459	1885	1192	0.6324	0.0641	0.9413	1286	26.93	-0.1725	0.01173	1280	544	0.425	0.06466	0.6326	0	0.237
chr3	96000000	97000000	0.3513	-0.101	0.0272	0	0.0613	0	914	29.78	-0.08972	0.005701	904	89	0.09845	0.07143	0.2337	1110	31.03	-0.09892	-0.004141	1096	409	0.3732	0.05882	0.886	1059	26.86	-0.176	-0.001666	1046	390	0.3728	0.06667	0.8852	0.02697	0.2295
chr3	97000000	98000000	0.3598	-0.0455	0.0187	0	0.0602	0	455	30.48	-0.0562	-0.005219	452	335	0.7412	0.05556	1.032	337	32.71	-0.02275	0.02026	337	189	0.5608	0.05172	0.7808	395	30.24	-0.005129	0.1005	394	285	0.7234	0.0625	1.007	-0.05622	0.07193
chr3	98000000	99000000	0.3773	0.0055	0.0148	0	0.0617	0	2281	31.08	-0.02778	-0.0173	2264	1478	0.6528	0.05556	0.9012	2294	34.24	0.04339	0.03735	2268	1957	0.8629	0.05882	1.191	1436	30.58	0.01098	0.03561	1424	1064	0.7472	0.0625	1.031	-0.04891	0.1635
chr3	99000000	100000000	0.3784	-0.0185	0.0106	0	0.0588	0	1698	30.85	-0.0388	-0.01297	1687	793	0.4701	0.05882	1.085	1422	32.88	-0.01532	0.001823	1419	720	0.5074	0.0625	1.171	1613	29.91	-0.02097	0.01979	1607	439	0.2732	0.0625	0.6306	-0.02347	0.1313
chr3	100000000	101000000	0.3867	0.008	0.0094	0	0.0594	0	1082	31.6	-0.00417	-0.01225	1081	752	0.6957	0.0625	1.258	1181	33.76	0.02293	0.01438	1179	605	0.5131	0.05882	0.9279	773	30.31	-0.001832	0.006438	772	407	0.5272	0.06098	0.9533	-0.02647	0.152
chr3	101000000	102000000	0.3928	0.0263	0.0181	0	0.0591	0	1569	32.02	0.01514	0.005708	1549	1244	0.8031	0.0625	1.456	1476	34.17	0.04035	0.01388	1452	526	0.3623	0.06757	0.657	1659	31.4	0.0493	0.01242	1646	1278	0.7764	0.05882	1.408	-0.03953	0.1096
chr3	102000000	103000000	0.3667	0.0028	0.0218	0	0.061	0	1096	30.99	-0.03211	-0.03146	1086	812	0.7477	0.06466	1.233	1067	33.31	0.00366	-0.003083	1059	791	0.7469	0.0641	1.232	1232	29.71	-0.03043	0.01279	1223	854	0.6983	0.05882	1.152	-0.04731	0.152
chr3	103000000	104000000	0.3459	-0.0947	0.0192	0	0.0633	0	1401	29.81	-0.08804	-0.0008197	1382	991	0.7171	0.06667	1.058	2010	30.99	-0.1008	-0.01969	1994	1773	0.8892	0.06	1.312	1367	27.71	-0.1312	0.04972	1352	984	0.7278	0.06667	1.074	0	0.1255
chr3	104000000	105000000	0.3519	-0.0554	0.0057	0	0.0613	0	1560	30.39	-0.06019	-0.007765	1553	375	0.2415	0.0625	0.4217	1712	32.14	-0.04803	-0.001728	1711	669	0.391	0.05814	0.6828	2060	28.57	-0.08725	0.03884	2054	1283	0.6246	0.06522	1.091	0	0.1806
chr3	105000000	106000000	0.3595	-0.0161	0.0173	0	0.0594	0	1558	30.42	-0.05897	-0.0359	1549	1008	0.6507	0.0625	1.079	1408	33.09	-0.006062	0.009279	1401	487	0.3476	0.06098	0.5766	1504	29.45	-0.04328	0.03052	1498	869	0.5801	0.05882	0.9622	-0.02857	0.1635
chr3	106000000	107000000	0.3667	-0.0159	0.0193	0	0.0613	0	1621	30.68	-0.04657	-0.02722	1602	802	0.5006	0.0633	1.093	1635	33.1	-0.005801	0.006156	1618	870	0.5377	0.05882	1.174	1817	29.71	-0.03051	0.03141	1798	1012	0.5628	0.06522	1.229	-0.04731	0.152
chr3	107000000	108000000	0.3839	0.0002	0.0166	0	0.0609	0	1052	31.4	-0.01296	-0.007781	1049	584	0.5567	0.0625	0.9379	1011	33.23	-7.873e-05	-0.003863	1010	535	0.5297	0.06	0.8924	997	29.78	-0.02737	-0.00467	990	558	0.5636	0.0625	0.9495	-0.02021	0.152
chr3	108000000	109000000	0.3829	0.0129	0.0185	0	0.0585	0	1675	31.84	0.006857	-0.001441	1670	1074	0.6431	0.06	1.071	1606	33.74	0.02186	0.007943	1596	944	0.5915	0.0625	0.9853	1506	30.8	0.02136	0.02594	1497	879	0.5872	0.06	0.9781	0	0.1125
chr3	109000000	110000000	0.3846	-0.0638	0.028	0	0.06	0	1275	30.2	-0.06927	0.001569	1259	383	0.3042	0.05556	0.5437	1416	31.71	-0.06754	-0.007743	1405	805	0.573	0.0641	1.024	1532	27.5	-0.1423	-0.05093	1515	876	0.5782	0.06522	1.033	0.03906	0.2224
chr3	110000000	111000000	0.3607	-0.0728	0.0181	0	0.0625	0	1848	29.91	-0.08339	-0.005087	1842	1039	0.5641	0.0625	1.146	1708	31.61	-0.07206	-0.004775	1698	804	0.4735	0.06	0.962	1475	27.44	-0.1454	-0.0172	1462	402	0.275	0.07143	0.5586	0.02346	0.1926
chr3	111000000	112000000	0.3809	0.0012	0.0192	0	0.0594	0	1595	31.17	-0.0239	-0.02063	1580	901	0.5703	0.05882	1.01	1481	33.06	-0.007429	-0.01462	1467	526	0.3586	0.0625	0.6352	1617	30.02	-0.01546	-0.002946	1595	905	0.5674	0.06	1.005	-0.02385	0.1444
chr3	112000000	113000000	0.3867	0.0593	0.0297	0	0.0588	0	1888	31.91	0.01005	-0.04934	1878	954	0.508	0.06098	0.7968	1955	34.79	0.06627	0.006413	1946	1013	0.5206	0.05556	0.8166	1604	32.24	0.08704	0.04401	1600	412	0.2575	0.05814	0.4039	-0.05063	0.09311
chr3	113000000	114000000	0.4035	0.0578	0.0303	0	0.0587	0	1088	32.14	0.02045	-0.03022	1083	784	0.7239	0.06174	1.07	1059	33.67	0.01883	-0.03568	1051	748	0.7117	0.06049	1.052	1032	31.73	0.06441	0.004669	1026	699	0.6813	0.06098	1.007	0	0.07909
chr3	114000000	115000000	0.3776	0.022	0.0333	0	0.0594	0	842	31.8	0.00534	-0.003675	837	543	0.6487	0.0641	1.193	848	33.77	0.0234	0.00137	841	450	0.5351	0.06	0.984	781	30.07	-0.01337	-0.009814	779	492	0.6316	0.06757	1.161	-0.01937	0.1926
chr3	115000000	116000000	0.3762	-0.0405	0.0046	0	0.0617	0	700	30.35	-0.06196	-0.01554	696	361	0.5187	0.05882	0.8116	686	32.43	-0.03514	-0.008978	678	321	0.4735	0.0625	0.7408	747	28.82	-0.07467	0.006699	746	464	0.622	0.07143	0.9732	0	0.1895
chr3	116000000	117000000	0.3706	-0.0749	0.013	0	0.0625	0	1201	30.22	-0.06816	0.01138	1196	302	0.2525	0.05685	0.5391	1301	32.17	-0.04684	0.0221	1298	452	0.3482	0.0625	0.7434	1533	27.38	-0.1487	-0.0422	1525	780	0.5115	0.07143	1.092	0.02801	0.2224
chr3	117000000	118000000	0.37	-0.074	0.0214	0	0.0625	0	1273	30.07	-0.07572	-0.0008868	1271	711	0.5594	0.06522	0.98	1392	31.65	-0.07038	-0.001743	1389	896	0.6451	0.06522	1.13	1415	28.08	-0.1121	-0.004635	1412	875	0.6197	0.06522	1.086	-0.00943	0.1854
chr3	118000000	119000000	0.3748	-0.0094	0.0152	0	0.0625	0	1385	30.77	-0.04213	-0.02389	1378	973	0.7061	0.06522	0.9859	1187	32.36	-0.03809	-0.03181	1185	834	0.7038	0.05882	0.9827	1574	28.79	-0.07617	-0.02944	1566	1088	0.6948	0.06712	0.9701	0.02107	0.1575
chr3	119000000	120000000	0.4045	0.0629	0.0143	0	0.0556	0	1250	32.98	0.05759	0.0003388	1247	859	0.6889	0.06522	0.9828	1116	34.76	0.06497	0.007302	1115	656	0.5883	0.06049	0.8394	1019	32.98	0.12	0.04455	1015	720	0.7094	0.05848	1.012	-0.06059	0.06711
chr3	120000000	121000000	0.3999	0.0341	0.0213	0	0.06	0	985	32.09	0.01823	-0.01065	977	554	0.567	0.06667	0.8696	903	33.98	0.0323	-0.0002396	898	608	0.6771	0.06174	1.038	1080	31.11	0.0356	0.00221	1068	604	0.5655	0.06667	0.8673	0	0.09622
chr3	121000000	122000000	0.3813	0.0411	0.03	0	0.0588	0	976	32.04	0.0158	-0.01383	970	320	0.3299	0.05556	0.5857	1098	33.97	0.03161	-0.01327	1094	467	0.4269	0.05556	0.7578	1295	32.01	0.07693	0.04257	1288	767	0.5955	0.0641	1.057	-0.0458	0.08246
chr3	122000000	123000000	0.4117	0.0789	0.0292	0	0.0588	0	996	32.8	0.04971	-0.03209	988	372	0.3765	0.06049	0.5433	1199	34.98	0.07416	0	1195	544	0.4552	0.05556	0.6569	1306	33.35	0.1363	0.04267	1302	933	0.7166	0.06	1.034	-0.05733	0.05445
chr3	123000000	124000000	0.4483	0.0748	0.0128	0	0.0588	0	1274	33.21	0.06786	-0.02137	1270	785	0.6181	0.0625	1.061	1216	34.41	0.05019	-0.01737	1213	856	0.7057	0.05882	1.211	1290	32.01	0.07669	-0.02498	1287	923	0.7172	0.05882	1.231	0.02076	0.08246
chr3	124000000	125000000	0.4343	0.0522	0.013	0	0.0591	0	1598	32.91	0.05475	-0.005533	1564	1156	0.7391	0.05882	1.176	1548	34.59	0.05805	0.01466	1527	856	0.5606	0.0625	0.8918	1428	31.79	0.06687	-0.005942	1410	783	0.5553	0.05556	0.8834	-0.02647	0.0902
chr3	125000000	126000000	0.4303	0.0908	0.0296	0	0.0588	0	1168	34.7	0.1311	0.03202	1104	328	0.2971	0.07143	0.4965	1580	34.78	0.06566	-0.02086	1550	813	0.5245	0.05814	0.8765	1426	33.46	0.141	0.02135	1406	646	0.4595	0.06667	0.7678	0	0.04009
chr3	126000000	127000000	0.4736	0.0852	0.0209	0	0.0588	0	970	34.99	0.1431	0.02471	965	606	0.628	0.06098	1.029	1271	35.3	0.08722	0.01773	1268	746	0.5883	0.05882	0.9637	1350	31.63	0.05972	-0.07343	1337	1003	0.7502	0.06098	1.229	0.0581	0.1338
chr3	127000000	128000000	0.4806	0.1106	0.0153	0	0.0568	0	1366	34.45	0.1206	-0.01369	1360	818	0.6015	0.05814	0.9541	1090	35.3	0.08708	-0.01178	1086	645	0.5939	0.05556	0.9421	1456	33.26	0.1322	-0.02272	1452	997	0.6866	0.0625	1.089	0.01911	0.1083
chr3	128000000	129000000	0.4787	0.0994	0.0147	0	0.0588	0	758	35.49	0.1637	0.03859	746	218	0.2922	0.05051	0.4442	874	35.6	0.09954	0.01734	866	427	0.4931	0.05	0.7496	888	34.17	0.1711	0.02212	882	399	0.4524	0.06667	0.6877	0.0177	0.04307
chr3	129000000	130000000	0.4701	0.0894	0.0264	0	0.0585	0	732	34.1	0.1059	-0.01248	729	183	0.251	0.06	0.6958	783	35.13	0.08041	0	780	172	0.2205	0.06667	0.6112	776	33.77	0.1542	0.01698	773	236	0.3053	0.05556	0.8462	0.02137	0.04307
chr3	130000000	131000000	0.4025	0.0235	0.0332	0	0.0625	0	1585	31.29	-0.01822	-0.03359	1482	409	0.276	0.05814	0.4634	1960	33.67	0.01909	-0.001115	1892	1158	0.6121	0.06	1.028	1695	31.49	0.05313	0.02888	1633	798	0.4887	0.06757	0.8205	-0.09088	0.08448
chr3	131000000	132000000	0.3898	-0.0214	0.0125	0	0.0594	0	1289	30.79	-0.0412	-0.01414	1281	777	0.6066	0.0625	0.9373	1354	32.73	-0.02179	0	1337	1077	0.8055	0.0625	1.245	1131	29.19	-0.05606	-0.03072	1115	625	0.5605	0.0625	0.8662	-0.02385	0.1468
chr3	132000000	133000000	0.3875	-0.0078	0.0074	0	0.06	0	1521	30.96	-0.03371	-0.01863	1503	883	0.5875	0.06	0.8543	1275	33.06	-0.007243	-0.00392	1248	889	0.7123	0.05882	1.036	1490	29.41	-0.04506	-0.01722	1471	863	0.5867	0.06	0.8531	0	0.1699
chr3	133000000	134000000	0.4265	0.0621	0.0283	0	0.0588	0	1001	33.61	0.08518	0.01488	998	537	0.5381	0.06757	0.84	1139	34.69	0.06215	0.005934	1132	766	0.6767	0.06098	1.056	1207	33.12	0.1263	0.03917	1203	765	0.6359	0.06	0.9927	-0.03318	0.03847
chr3	134000000	135000000	0.438	0.0457	0.0167	0	0.0585	0	1366	32.41	0.03265	-0.01863	1364	527	0.3864	0.05556	0.6395	1351	34.36	0.04844	0.007827	1344	649	0.4829	0.05556	0.7992	1358	31.53	0.05503	-0.02083	1349	367	0.2721	0.06667	0.4503	0	0.1432
chr3	135000000	136000000	0.4159	-0.0125	0.0163	0	0.0633	0	1171	31.87	0.008533	0.01997	1167	756	0.6478	0.0625	1.181	1127	33.41	0.007794	0.02843	1119	671	0.5996	0.05882	1.093	1043	29.64	-0.03416	-0.02515	1039	589	0.5669	0.06	1.034	0.01911	0.1993
chr3	136000000	137000000	0.4032	0.0074	0.0167	0	0.0625	0	1022	31.64	-0.001983	-0.002513	1010	643	0.6366	0.0641	0.7716	664	33.75	0.02244	0.01833	651	63	0.09677	0.04545	0.1173	1035	30.88	0.0251	0.01576	1022	655	0.6409	0.06522	0.7768	-0.02113	0.1083
chr3	137000000	138000000	0.3979	-0.0166	0.0135	0	0.0611	0	1413	31.53	-0.007157	0.01686	1397	713	0.5104	0.0625	0.931	1356	33.01	-0.009662	0.007744	1350	453	0.3356	0.06667	0.6121	1374	29.74	-0.0294	-0.02191	1364	834	0.6114	0.06522	1.115	0	0.1635
chr3	138000000	139000000	0.4295	0.0024	0.0104	0	0.0597	0	914	32.98	0.05771	0.04621	907	134	0.1477	0.05172	0.2738	967	33.98	0.03214	0.03423	955	177	0.1853	0.06522	0.3435	1052	31.14	0.03734	0.0005338	1044	556	0.5326	0.0625	0.987	0.01963	0.1171
chr3	139000000	140000000	0.4212	-0.0083	0.0152	0	0.0588	0	1228	32.23	0.02435	0.03038	1222	547	0.4476	0.06	0.7641	1419	33.1	-0.005583	0.006357	1418	773	0.5451	0.06	0.9306	1273	29.78	-0.02706	-0.04283	1267	829	0.6543	0.0625	1.117	0.03715	0.1575
chr3	140000000	141000000	0.4151	0.002	0.0155	0	0.0597	0	1156	31.16	-0.02399	-0.03091	1143	647	0.5661	0.0641	0.9455	1307	33.11	-0.005258	-0.0009729	1300	821	0.6315	0.06098	1.055	1233	30.28	-0.003019	-0.000946	1229	721	0.5867	0.05556	0.9799	-0.02748	0.1255
chr3	141000000	142000000	0.4264	0.0641	0.0239	0	0.06	0	1074	32.56	0.03903	-0.03327	1068	443	0.4148	0.05882	0.694	1014	34.68	0.06146	0.003245	1013	453	0.4472	0.06757	0.7482	1054	32.43	0.09567	0.007275	1041	639	0.6138	0.06098	1.027	-0.04307	0.1069
chr3	142000000	143000000	0.3891	0.0393	0.0165	0	0.06	0	1046	32.21	0.02356	-0.004439	1043	332	0.3183	0.06	0.3828	1105	34.16	0.03973	0.0004245	1102	936	0.8494	0.05882	1.021	1300	31.6	0.05826	0.02417	1293	1205	0.9319	0.0625	1.121	-0.02385	0.114
chr3	143000000	144000000	0.3957	0.0238	0.0184	0	0.0594	0	1654	32.03	0.01537	0.002486	1651	1295	0.7844	0.0625	1.23	1359	34.08	0.03661	0.01384	1352	786	0.5814	0.05848	0.9115	1485	31.31	0.04521	0.01426	1471	1048	0.7124	0.05848	1.117	-0.03269	0.09311
chr3	144000000	145000000	0.3588	-0.0412	0.014	0	0.0594	0	963	30.16	-0.07147	-0.02824	961	818	0.8512	0.05882	1.177	760	32.74	-0.02124	0.01409	755	403	0.5338	0.06	0.7379	984	27.93	-0.1198	-0.01167	981	745	0.7594	0.0625	1.05	-0.03103	0.237
chr3	145000000	146000000	0.3493	-0.0913	0.0218	0	0.0614	0	2243	29.69	-0.09389	-0.004828	2233	1545	0.6919	0.0625	1.02	1919	31.84	-0.06159	0.02501	1907	1217	0.6382	0.0625	0.941	1877	27.74	-0.1295	0.04345	1859	1437	0.773	0.0625	1.14	-0.02308	0.1926
chr3	146000000	147000000	0.3605	-0.0583	0.0226	0	0.0625	0	1845	30.06	-0.07619	-0.01318	1836	1142	0.622	0.06	0.9609	1701	32.18	-0.04619	0.01049	1692	1151	0.6803	0.0625	1.051	1564	28.45	-0.09302	0.02004	1558	1004	0.6444	0.06667	0.9955	-0.02237	0.1769
chr3	147000000	148000000	0.3624	-0.0904	0.0205	0	0.0617	0	1352	29.97	-0.08028	0.00795	1347	1093	0.8114	0.0625	1.07	1129	31.4	-0.08152	0.00193	1125	864	0.768	0.06	1.012	1196	27.51	-0.1416	0.006571	1191	628	0.5273	0.07143	0.695	0	0.2168
chr3	148000000	149000000	0.3641	-0.0575	0.0193	0	0.0625	0	1374	29.85	-0.0861	-0.01995	1328	895	0.6739	0.06	1.041	1422	31.95	-0.05665	-0.008618	1394	759	0.5445	0.05882	0.8411	1700	28.86	-0.0724	0.03745	1662	1074	0.6462	0.0625	0.9983	-0.0217	0.142
chr3	149000000	150000000	0.393	0.0088	0.0184	0	0.0591	0	1207	32.58	0.04026	0.04669	1196	800	0.6689	0.06	1.019	1020	34.67	0.06124	0.05227	1014	620	0.6114	0.05556	0.9314	1112	30.98	0.02975	0.01216	1106	667	0.6031	0.0641	0.9186	0	0.1561
chr3	150000000	151000000	0.4004	0.0262	0.0085	0	0.0588	0	941	31.71	0.001042	-0.02475	938	583	0.6215	0.05814	0.9763	1023	33.8	0.02464	-0.0008251	1019	803	0.788	0.05556	1.238	1133	31.21	0.0404	0.002766	1128	789	0.6995	0.05882	1.099	-0.0458	0.09622
chr3	151000000	152000000	0.3816	0.0176	0.0126	0	0.0591	0	1386	31.38	-0.0141	-0.01717	1383	1062	0.7679	0.06	1.108	1631	33.69	0.01994	0.000452	1626	1114	0.6851	0.05882	0.9886	963	30.55	0.009525	-0.004158	961	684	0.7118	0.06	1.027	-0.03653	0.1605
chr3	152000000	153000000	0.3664	0.0237	0.0139	0	0.0594	0	1436	31.27	-0.01909	-0.03934	1428	1255	0.8789	0.06522	1.152	1320	33.76	0.02292	-0.003292	1318	1039	0.7883	0.05882	1.033	1029	31	0.03043	0.05721	1018	861	0.8458	0.06	1.109	-0.02425	0.114
chr3	153000000	154000000	0.3805	-0.0379	0.0177	0	0.0605	0	1331	30.84	-0.03909	0.003223	1321	687	0.5201	0.0625	0.7232	1512	32.08	-0.05071	-0.01825	1508	1076	0.7135	0.06	0.9923	1371	28.91	-0.06998	0	1359	811	0.5968	0.06	0.8299	0	0.1211
chr3	154000000	155000000	0.3704	-0.0567	0.0129	0	0.06	0	825	30.27	-0.06606	-0.006642	821	468	0.57	0.05556	0.9389	944	32.17	-0.0467	0.004349	942	690	0.7325	0.06	1.207	959	28.07	-0.1124	-0.02427	956	375	0.3923	0.06863	0.6461	0	0.1846
chr3	155000000	156000000	0.3934	-0.0314	0.0102	0	0.06	0	995	31.23	-0.02113	0.01808	988	694	0.7024	0.0641	0.9955	1104	32.56	-0.02914	0.002093	1094	799	0.7303	0.06098	1.035	1266	30.04	-0.01488	0.01312	1242	1037	0.8349	0.0625	1.183	0	0.105
chr3	156000000	157000000	0.394	0.041	0.0177	0	0.0588	0	1188	32.42	0.03319	-0.002932	1185	716	0.6042	0.05882	0.8916	1192	34.22	0.04242	0.005807	1189	741	0.6232	0.06098	0.9196	1136	32.52	0.09987	0.06957	1134	656	0.5785	0.05556	0.8536	-0.05889	0.07215
chr3	157000000	158000000	0.3919	0.0145	0.0168	0	0.0597	0	1533	31.5	-0.008457	-0.00727	1531	1101	0.7191	0.0625	1.022	1373	33.8	0.02468	0.01417	1370	763	0.5569	0.06098	0.7914	954	30.61	0.01254	0.006907	952	822	0.8634	0.05882	1.227	-0.02108	0.111
chr3	158000000	159000000	0.3782	-0.0241	0.0132	0	0.0606	0	1679	31.05	-0.0295	0.0002615	1662	1437	0.8646	0.0625	1.194	1940	32.52	-0.03121	-0.00784	1929	1259	0.6527	0.06	0.901	1620	29.57	-0.03753	0.008831	1610	1474	0.9155	0.06667	1.264	-0.01937	0.152
chr3	159000000	160000000	0.3919	-0.0048	0.0239	0	0.06	0	967	31.16	-0.02411	-0.003618	954	681	0.7138	0.06	1.01	1059	33.02	-0.009092	-0.000295	1056	727	0.6884	0.05556	0.9739	939	30.02	-0.01563	-0.001965	924	677	0.7327	0.06522	1.036	0.01862	0.08489
chr3	160000000	161000000	0.3937	0.0196	0.0211	0	0.0611	0	962	31.49	-0.009166	-0.02523	956	807	0.8441	0.0641	1.297	665	33.12	-0.004843	-0.02461	663	435	0.6561	0.05882	1.008	895	31.14	0.03723	0.02889	885	555	0.6271	0.06	0.9635	0	0.122
chr3	161000000	162000000	0.3758	-0.0615	0.0226	0	0.0607	0	926	30.49	-0.05541	0.00963	924	774	0.8377	0.06522	1.049	1158	32.43	-0.03527	0.01972	1156	962	0.8322	0.05556	1.042	802	27.83	-0.125	-0.02311	792	648	0.8182	0.07143	1.024	0.03953	0.273
chr3	162000000	163000000	0.3495	-0.105	0.0345	0	0.0629	0	2035	29.69	-0.09393	0.008169	2026	1078	0.5321	0.06522	0.9314	2113	30.23	-0.1363	-0.03597	2098	1020	0.4862	0.0625	0.851	2041	26.49	-0.196	-0.006648	2028	1470	0.7249	0.07143	1.269	0.02697	0.2224
chr3	163000000	164000000	0.3442	-0.1221	0.0295	0	0.061	0	1894	29.23	-0.1162	0.007446	1881	1465	0.7788	0.06522	1.32	1666	30.98	-0.1013	0.003694	1649	729	0.4421	0.06667	0.7492	1281	26.28	-0.2075	2.014e-05	1273	291	0.2286	0.07143	0.3874	0.05658	0.2451
chr3	164000000	165000000	0.3487	-0.1033	0.0431	0	0.0613	0	840	30.24	-0.06761	0.0306	835	113	0.1353	0.05556	0.184	985	31.22	-0.0899	0.008733	976	538	0.5512	0.0633	0.7494	1718	26.44	-0.1992	-0.006494	1709	1591	0.931	0.06667	1.266	0.0458	0.2141
chr3	165000000	166000000	0.3467	-0.1143	0.0349	0	0.0605	0	747	29.43	-0.1068	0.0003102	742	169	0.2278	0.07576	0.3576	889	31.57	-0.07406	0.03081	883	534	0.6048	0.06	0.9494	832	26.23	-0.2105	-0.01237	819	396	0.4835	0.06522	0.7591	0.02554	0.263
chr3	166000000	167000000	0.3474	-0.0892	0.0244	0	0.06	0	700	29.45	-0.1058	-0.02298	696	67	0.09626	0.05882	0.1201	1393	31.33	-0.08503	-0.0004592	1388	1081	0.7788	0.05556	0.9715	1040	26.27	-0.2081	-0.03273	1024	817	0.7979	0.0625	0.9952	0.03847	0.2451
chr3	167000000	168000000	0.3642	-0.0698	0.0281	0	0.0639	0	842	29.9	-0.08378	-0.00533	836	368	0.4402	0.07143	0.5788	921	32.26	-0.04269	0.01765	915	795	0.8689	0.06	1.142	918	28.41	-0.09506	0.02382	916	697	0.7609	0.06522	1.001	-0.02385	0.1864
chr3	168000000	169000000	0.3648	-0.0328	0.0439	0	0.0647	0	653	30.54	-0.05297	-0.01768	644	456	0.7081	0.07895	1.076	746	32.58	-0.02865	-0.00184	726	628	0.865	0.05882	1.314	677	29.09	-0.06129	0.0134	667	449	0.6732	0.0641	1.023	-0.04064	0.111
chr3	169000000	170000000	0.3827	0.0103	0.026	0	0.0588	0	1225	31.22	-0.02146	-0.02438	1209	646	0.5343	0.05556	0.9252	1271	32.84	-0.01693	-0.02485	1264	1033	0.8172	0.0625	1.415	1229	30.2	-0.007179	-0.003092	1223	1017	0.8316	0.06757	1.44	-0.02385	0.1293
chr3	170000000	171000000	0.4083	0.0322	0.0226	0	0.0588	0	472	31.64	-0.002096	-0.02863	465	259	0.557	0.05172	0.8872	748	33.74	0.02201	-0.01184	747	511	0.6841	0.0625	1.09	751	32.32	0.09088	0.05608	747	544	0.7282	0.06667	1.16	-0.08489	0.107
chr3	171000000	172000000	0.3954	0.0543	0.0217	0	0.0588	0	1182	32.06	0.01704	-0.02836	1177	887	0.7536	0.0625	1.008	1331	34.91	0.07113	0.01786	1322	961	0.7269	0.05882	0.9726	1165	32.84	0.1138	0.05232	1163	866	0.7446	0.05882	0.9963	-0.09311	0.07308
chr3	172000000	173000000	0.3948	0.0524	0.0184	0	0.0602	0	1273	32.53	0.03798	-0.008442	1271	748	0.5885	0.0625	0.9529	1356	34.45	0.05204	0.001613	1354	890	0.6573	0.05556	1.064	1086	32.49	0.09856	0.05414	1086	488	0.4494	0.06	0.7276	-0.05238	0.114
chr3	173000000	174000000	0.359	-0.0275	0.0487	0	0.0585	0	826	30.32	-0.0634	-0.02897	823	548	0.6659	0.05882	1.036	735	31.88	-0.05981	-0.03469	735	277	0.3769	0.05556	0.5863	838	27.9	-0.1212	-0.03172	838	552	0.6587	0.05882	1.025	0.02203	0.1864
chr3	174000000	175000000	0.3571	-0.0913	0.028	0	0.0652	0	1005	29.95	-0.0814	0.006956	996	801	0.8042	0.06	1.208	798	31.55	-0.07481	0.009478	793	364	0.459	0.06049	0.6893	1348	26.6	-0.1904	-0.02742	1329	1027	0.7728	0.06863	1.16	0.0458	0.263
chr3	175000000	176000000	0.3534	-0.0833	0.0369	0	0.0625	0	1362	30.13	-0.07264	0.009789	1353	900	0.6652	0.06667	0.9989	1040	32.79	-0.01926	0.04851	1028	561	0.5457	0.05882	0.8195	1740	27.32	-0.1516	0	1728	1251	0.724	0.07143	1.087	0.0217	0.2831
chr3	176000000	177000000	0.3682	-0.0499	0.0209	0	0.0619	0	1300	30.21	-0.06866	-0.01639	1273	583	0.458	0.0625	0.8318	1700	32.5	-0.03179	0.01185	1692	1043	0.6164	0.0625	1.12	1155	29.28	-0.05191	0.03031	1135	404	0.3559	0.06	0.6465	-0.02237	0.1651
chr3	177000000	178000000	0.401	0.0095	0.022	0	0.0588	0	1365	31.39	-0.01349	-0.02254	1358	573	0.4219	0.0625	0.6367	1403	33.67	0.01892	0.0091	1397	894	0.6399	0.05848	0.9657	1304	31.07	0.0338	0.007331	1293	663	0.5128	0.06667	0.7737	-0.0458	0.08746
chr3	178000000	179000000	0.3727	-0.0112	0.0113	0	0.06	0	1037	30.96	-0.03356	-0.01485	1020	669	0.6559	0.05882	0.9551	1139	33.07	-0.007115	0.005151	1129	820	0.7263	0.05882	1.058	959	30.7	0.01664	0.0556	954	709	0.7432	0.06	1.082	0	0.1118
chr3	179000000	180000000	0.3983	0.0207	0.0109	0	0.0612	0	1154	32.13	0.01983	0	1149	673	0.5857	0.0625	0.8921	1256	34	0.03292	0.009099	1251	811	0.6483	0.05556	0.9873	928	31.27	0.04303	0.01741	918	718	0.7821	0.0625	1.191	-0.0217	0.111
chr3	180000000	181000000	0.375	-0.0404	0.0088	0	0.06	0	179	30.95	-0.03375	0.01258	179	100	0.5587	0.06066	0.7269	309	32.26	-0.04285	-0.004478	308	212	0.6883	0.05941	0.8955	492	29.34	-0.04868	0.03404	488	450	0.9221	0.06522	1.2	0.01212	0.076
chr3	181000000	182000000	0.3834	-0.0559	0.0106	0	0.0617	0	626	30.51	-0.05457	0.004915	622	454	0.7299	0.05556	1.112	686	32.34	-0.03892	0.01685	684	409	0.598	0.06522	0.9114	726	28.29	-0.1013	-0.02632	718	597	0.8315	0.06522	1.267	0.02137	0.2479
chr3	182000000	183000000	0.3821	0.0113	0.0182	0	0.0594	0	825	31.47	-0.009874	-0.008979	821	539	0.6565	0.05556	0.931	708	33.51	0.01232	0.001387	706	450	0.6374	0.0625	0.9038	704	30.96	0.02901	0.02254	703	455	0.6472	0.06	0.9178	-0.04731	0.142
chr3	183000000	184000000	0.4346	0.0405	0.0107	0	0.0607	0	1031	32.64	0.04282	-0.007084	1010	639	0.6327	0.05556	1.01	1401	34.3	0.04564	0.01301	1385	849	0.613	0.0641	0.9784	814	32.4	0.09447	0.03286	805	405	0.5031	0.06522	0.803	-0.0199	0.08489
chr3	184000000	185000000	0.4673	0.0414	0.026	0	0.0588	0	1302	33.47	0.07907	0.01338	1282	912	0.7114	0.05882	1.016	1351	33.82	0.02548	-0.00693	1309	904	0.6906	0.05556	0.986	1182	32.26	0.08829	0.002793	1172	870	0.7423	0.0625	1.06	0.02346	0.06711
chr3	185000000	186000000	0.4203	0.0292	0.0092	0	0.0617	0	1166	32.53	0.03776	0.005278	1153	739	0.6409	0.0625	1.021	851	33.82	0.02543	0.002969	833	542	0.6507	0.06098	1.037	1076	32.7	0.1075	0.07355	1062	479	0.451	0.0641	0.7188	-0.03002	0.08754
chr3	186000000	187000000	0.4364	0.0552	0.02	0	0.0594	0	1372	33.14	0.06462	-0.004427	1360	712	0.5235	0.05814	0.9233	1567	34.62	0.05914	0.007599	1558	940	0.6033	0.05556	1.064	1322	32.94	0.1184	0.03617	1309	707	0.5401	0.05882	0.9526	-0.03562	0.06158
chr3	187000000	188000000	0.4169	-0.0015	0.0145	0	0.0588	0	1500	31.74	0.002368	0.0007039	1478	1151	0.7788	0.0625	1.157	1201	32.78	-0.01966	-0.009597	1169	597	0.5107	0.05556	0.7589	1652	30.55	0.009581	0.006761	1629	1259	0.7729	0.06	1.149	-0.02425	0.09165
chr3	188000000	189000000	0.398	-0.0448	0.022	0	0.0613	0	1337	30.74	-0.04355	0.008685	1329	686	0.5162	0.06	0.9185	1303	32.02	-0.0534	-0.009159	1297	568	0.4379	0.05882	0.7792	1252	28.51	-0.09004	-0.05436	1238	701	0.5662	0.0641	1.008	0	0.1806
chr3	189000000	190000000	0.3801	0.0139	0.0196	0	0.0556	0	1652	31.59	-0.004521	-0.01401	1647	1156	0.7019	0.0625	1.16	1509	33.76	0.02299	0.005323	1507	1023	0.6788	0.06	1.122	1194	30.85	0.02344	0.03205	1188	516	0.4343	0.06594	0.7179	-0.02811	0.1501
chr3	190000000	191000000	0.3738	-0.0042	0.0178	0	0.06	0	1597	31.86	0.007733	0.021	1596	1060	0.6642	0.0625	1.039	1428	33.93	0.03006	0.03113	1424	746	0.5239	0.06	0.8196	1672	29.81	-0.02578	0.01198	1671	840	0.5027	0.0625	0.7864	0	0.1795
chr3	191000000	192000000	0.3685	0.0214	0.0261	0	0.0613	0	1905	31.41	-0.01281	-0.03181	1900	1135	0.5974	0.06	0.9933	1994	33.86	0.02698	-0.005064	1990	1370	0.6884	0.05556	1.145	1900	30.29	-0.002544	0.009608	1893	1082	0.5716	0.0625	0.9504	-0.02347	0.1468
chr3	192000000	193000000	0.3827	-0.0248	0.0084	0	0.0594	0	1874	30.96	-0.03352	-0.001338	1864	1487	0.7977	0.06522	1.176	1732	32.9	-0.01449	0.0127	1722	1133	0.658	0.05882	0.9702	1358	29.44	-0.04384	-0.004649	1356	845	0.6232	0.06757	0.9188	-0.02748	0.1635
chr3	193000000	194000000	0.4039	0.0075	0.0165	0	0.0599	0	1090	31.79	0.004782	0.002613	1087	548	0.5041	0.06466	0.8712	1072	33.74	0.02197	0.01971	1069	484	0.4528	0.05882	0.7824	916	31.04	0.03269	0.01507	912	467	0.5121	0.05882	0.8848	-0.01949	0.1155
chr3	194000000	195000000	0.4631	0.0551	0.0185	0	0.0585	0	1648	33.53	0.08154	0.006781	1636	1086	0.6638	0.06098	0.9491	1826	34.44	0.05174	0.007866	1804	1115	0.6181	0.05556	0.8837	1734	32.23	0.08668	-0.01041	1714	1204	0.7025	0.0625	1.004	0	0.0902
chr3	195000000	196000000	0.4716	0.2903	0.1559	1	0.0903	0	3215	37.84	0.2558	NA	2670	1790	0.6704	0.09259	0.9005	3134	41.57	0.3233	NA	2539	1635	0.644	0.09649	0.8649	3162	35.78	0.2375	NA	2595	1838	0.7083	0.07618	0.9514	-0.08314	0.2765
chr3	196000000	197000000	0.4521	0.0772	0.0272	0	0.0581	0	1687	33.38	0.07527	-0.01701	1653	896	0.542	0.06	0.8666	1730	34.97	0.07359	0.0006854	1701	946	0.5561	0.06098	0.8891	1531	33.37	0.1371	0.03334	1505	1119	0.7435	0.0625	1.189	-0.02385	0.08746
chr3	197000000	198000000	0.4339	0.0663	0.0481	0	0.0652	0	1396	33.58	0.08377	0.007225	1293	1100	0.8507	0.06522	1.263	1213	34.01	0.03355	-0.02492	1104	904	0.8188	0.0633	1.215	1722	32.35	0.09207	0.007652	1552	1027	0.6617	0.07143	0.9822	0.026	0.08017
chr3	198000000	198295559	0.4317	-0.2895	0.1521	1	0.0771	0	231	25.84	-0.2942	NA	170	160	0.9412	0.07692	1.123	47	20.28	-0.7127	NA	24	19	0.7917	0.1	0.9446	309	24.02	-0.3376	NA	215	98	0.4558	0.07143	0.5439	-0.1461	0.1896
chr4	0	1000000	0.4792	0.0947	0.0364	0	0.0658	0	959	36.74	0.2133	0.09576	864	690	0.7986	0.0625	1.065	1131	34.62	0.05897	-0.02002	1004	630	0.6275	0.07143	0.8364	1241	32.8	0.1122	-0.02683	1135	999	0.8802	0.06522	1.173	0.04373	0.1812
chr4	1000000	2000000	0.5464	0.1542	0.0404	0	0.0607	0	1772	37.53	0.2442	0.02343	1648	1047	0.6353	0.06	1.045	1735	36.41	0.1321	-0.00149	1626	1089	0.6697	0.0614	1.102	1667	35.78	0.2376	0.012	1565	596	0.3808	0.05556	0.6267	0.06635	0
chr4	2000000	3000000	0.4912	0.1368	0.0565	0	0.0568	0	1213	35.77	0.175	0.007197	1197	697	0.5823	0.05556	1.005	1239	36.12	0.1204	0	1227	715	0.5827	0.06	1.006	973	34.64	0.1908	-0.002118	960	394	0.4104	0.05556	0.7086	-0.01838	0.0458
chr4	3000000	4000000	0.5167	0.1508	0.0402	0	0.0591	0	1873	36.38	0.1994	-0.006649	1848	1222	0.6613	0.05814	0.9783	1634	35.68	0.1028	-0.03335	1591	1099	0.6908	0.06	1.022	1748	34.92	0.2026	-0.02156	1716	1010	0.5886	0.05814	0.8708	0.04182	0.04373
chr4	4000000	5000000	0.4575	0.0334	0.0243	0	0.0614	0	2529	33.33	0.07296	0.02685	2509	1723	0.6867	0.0625	1.018	2380	34.28	0.04489	0.01845	2355	1596	0.6777	0.05882	1.005	2198	31.99	0.07591	0.004671	2170	1558	0.718	0.0625	1.064	0.01937	0.1019
chr4	5000000	6000000	0.449	0.0119	0.0252	0	0.061	0	2033	33.06	0.06116	0.03442	2026	1521	0.7507	0.06	1.043	2131	33.41	0.007884	0.001249	2121	1628	0.7676	0.0625	1.067	1640	30.28	-0.003368	-0.04246	1627	1018	0.6257	0.06667	0.8695	0.06319	0.1699
chr4	6000000	7000000	0.4986	0.0799	0.0208	0	0.0602	0	1917	34.8	0.1354	0.01769	1889	1134	0.6003	0.05556	1.044	1777	35.15	0.08092	0.01148	1751	898	0.5128	0.05319	0.8916	2016	33.33	0.135	-0.003165	1993	1178	0.5911	0.0625	1.028	0.02076	0.06791
chr4	7000000	8000000	0.5163	0.0893	0.0321	0	0.0588	0	2624	35.03	0.1446	0	2575	1741	0.6761	0.06098	1.031	2415	35.37	0.09019	0.0148	2369	1212	0.5116	0.05882	0.7798	2442	32.81	0.1126	-0.04848	2400	1577	0.6571	0.06098	1.001	0.02139	0.1025
chr4	8000000	9000000	0.5284	0.1116	0.0327	0	0.0581	0	1731	36	0.184	0.01931	1705	916	0.5372	0.05556	0.9332	2086	35.58	0.09842	0.0006481	2065	1218	0.5898	0.05882	1.025	1660	33.43	0.1394	-0.04364	1632	810	0.4963	0.05882	0.8621	0.06012	0.08927
chr4	9000000	10000000	0.4548	-0.0298	0.0325	0	0.0594	0	3160	30.92	-0.0353	-0.02306	2904	1899	0.6539	0.0641	1.226	2923	32.35	-0.03851	-0.00174	2770	992	0.3581	0.05882	0.6716	2188	29.03	-0.06404	-0.0705	1990	782	0.393	0.06522	0.737	0.02346	0.1575
chr4	10000000	11000000	0.4268	0.0253	0.0145	0	0.0605	0	2368	32.68	0.04431	0.01178	2360	1562	0.6619	0.05882	1.077	1973	34.23	0.04283	0.0234	1971	1120	0.5682	0.05882	0.9244	2142	31.07	0.0338	-0.022	2132	1404	0.6585	0.0625	1.071	0	0.1605
chr4	11000000	12000000	0.3899	-0.0421	0.0239	0	0.0605	0	1957	30.73	-0.04439	0.001531	1948	1470	0.7546	0.06	1.006	1784	33.12	-0.004692	0.04044	1773	1092	0.6159	0.05556	0.8209	1937	28.49	-0.09093	-0.04425	1919	1298	0.6764	0.06522	0.9015	-0.02046	0.2157
chr4	12000000	13000000	0.3729	-0.0952	0.0321	0	0.0617	0	2001	29.68	-0.09438	0.009883	1985	1275	0.6423	0.06098	0.9493	1386	29.87	-0.1537	-0.05351	1342	1001	0.7459	0.07143	1.102	2206	27.11	-0.1628	-0.03582	2169	1736	0.8004	0.0625	1.183	0.05658	0.1069
chr4	13000000	14000000	0.3982	-0.0367	0.0107	0	0.0621	0	945	30.6	-0.05037	-0.0128	941	249	0.2646	0.06	0.4799	989	32.27	-0.04223	-0.00805	982	530	0.5397	0.0625	0.9788	986	28.96	-0.06749	-0.03991	981	279	0.2844	0.07143	0.5158	-0.02237	0.1699
chr4	14000000	15000000	0.3888	-0.0447	0.0178	0	0.06	0	2103	30.2	-0.06921	-0.01347	2075	1007	0.4853	0.06	0.9058	1902	32.46	-0.03399	0.007986	1884	933	0.4952	0.06522	0.9243	2050	28.28	-0.1019	-0.05053	2004	1056	0.5269	0.06667	0.9835	0	0.176
chr4	15000000	16000000	0.4024	0.0089	0.0101	0	0.06	0	1393	31.96	0.01252	0.013	1382	1019	0.7373	0.0641	1.096	1410	33.41	0.007939	0.00345	1394	810	0.5811	0.05882	0.864	1388	30.28	-0.003218	-0.01354	1377	889	0.6456	0.06522	0.96	-0.02273	0.152
chr4	16000000	17000000	0.406	-0.0179	0.0149	0	0.0588	0	1462	31.51	-0.008167	0.006917	1456	1048	0.7198	0.0625	1.015	1357	32.31	-0.04061	-0.02043	1339	852	0.6363	0.05882	0.8971	1404	29.95	-0.01927	-0.001701	1395	995	0.7133	0.06522	1.006	0.009308	0.1203
chr4	17000000	18000000	0.4077	-0.0144	0.0204	0	0.0607	0	1517	31.62	-0.002887	0.01101	1511	955	0.632	0.05556	1.029	1688	33.07	-0.007055	0.0079	1676	1138	0.679	0.06098	1.105	1790	29.42	-0.04463	-0.03434	1777	1354	0.762	0.0625	1.241	0	0.1575
chr4	18000000	19000000	0.3766	-0.0626	0.0181	0	0.0594	0	1251	29.98	-0.07988	-0.001753	1246	782	0.6276	0.06098	0.9729	1045	32.67	-0.0247	0.03402	1043	822	0.7881	0.05814	1.222	1230	28.37	-0.09711	-0.002034	1224	511	0.4175	0.06522	0.6472	-0.02748	0.2224
chr4	19000000	20000000	0.3639	-0.1108	0.025	0	0.0629	0	1004	29.48	-0.104	0.01565	990	499	0.504	0.06667	0.6615	1078	31	-0.09997	0.003074	1063	968	0.9106	0.0625	1.195	953	26.69	-0.1851	-0.02063	932	521	0.559	0.06	0.7336	0.02346	0.2141
chr4	20000000	21000000	0.3715	-0.1126	0.0279	0	0.0637	0	1310	30.13	-0.07288	0.04343	1303	983	0.7544	0.06	1.177	1147	31.06	-0.09762	0.01172	1143	653	0.5713	0.05882	0.891	1360	26.79	-0.18	-0.03367	1354	921	0.6802	0.07143	1.061	0.05774	0.2183
chr4	21000000	22000000	0.3761	-0.1062	0.0172	0	0.0652	0	2263	29.5	-0.1033	0.008576	2253	1464	0.6498	0.06594	0.9714	1848	30.95	-0.1023	-0.002916	1839	1226	0.6667	0.0633	0.9967	1972	26.68	-0.1856	-0.03851	1966	1296	0.6592	0.06667	0.9855	0.02272	0.2065
chr4	22000000	23000000	0.3854	-0.0853	0.0313	0	0.0613	0	1187	30.64	-0.04855	0.04633	1185	725	0.6118	0.05556	1.056	1084	31.43	-0.08019	0.005187	1082	541	0.5	0.0625	0.863	1101	27.51	-0.1415	-0.03044	1098	631	0.5747	0.07143	0.9919	0.0585	0.1806
chr4	23000000	24000000	0.3735	-0.0914	0.0205	0	0.0625	0	1468	29.78	-0.08954	0.01009	1450	1068	0.7366	0.0625	1.202	1101	31.35	-0.0838	0.00687	1087	671	0.6173	0.0625	1.007	1460	26.76	-0.1815	-0.05785	1429	903	0.6319	0.06667	1.031	0.03477	0.1926
chr4	24000000	25000000	0.4168	-0.0279	0.01	0	0.0625	0	1401	31.1	-0.02686	-0.002128	1390	881	0.6338	0.0625	1.066	1362	32.41	-0.03603	0.000232	1354	715	0.5281	0.0625	0.8881	1284	29.77	-0.02759	-0.00342	1277	609	0.4769	0.06667	0.8021	0	0.1031
chr4	25000000	26000000	0.4323	0.0386	0.0165	0	0.0594	0	1569	32.47	0.03535	-0.01307	1564	1166	0.7455	0.06	1.108	1429	34.05	0.03511	0.00438	1423	808	0.5678	0.05263	0.8442	1623	31.63	0.05953	-0.005383	1618	1202	0.7429	0.0641	1.105	0	0.1031
chr4	26000000	27000000	0.4025	0.0132	0.0252	0	0.06	0	1193	31.72	0.001303	-0.00377	1166	676	0.5798	0.0625	1.019	1146	33.17	-0.002379	-0.01228	1115	641	0.5749	0.05882	1.01	1236	30.91	0.02626	0.01231	1227	803	0.6544	0.06098	1.15	0	0.08746
chr4	27000000	28000000	0.3748	-0.051	0.0116	0	0.0594	0	1656	30.8	-0.04087	0.01897	1648	1138	0.6905	0.06174	1.213	1669	31.89	-0.05924	-0.01136	1657	1058	0.6385	0.05882	1.122	1870	28.1	-0.1109	-0.02254	1856	1335	0.7193	0.06667	1.264	0.02697	0.1806
chr4	28000000	29000000	0.3554	-0.1058	0.0244	0	0.0625	0	1941	29.87	-0.08525	0.01448	1936	1493	0.7712	0.06	1.047	1933	30.73	-0.113	-0.01425	1926	1644	0.8536	0.06667	1.159	1979	26.38	-0.2022	-0.02302	1976	1678	0.8492	0.06667	1.153	0.05658	0.2295
chr4	29000000	30000000	0.3432	-0.1055	0.023	0	0.0652	0	1494	29.47	-0.1045	-0.001223	1486	910	0.6124	0.0625	1.044	1310	30.97	-0.1017	-0.01468	1306	617	0.4724	0.0625	0.8055	1470	26.29	-0.207	-0.006754	1465	1006	0.6867	0.06594	1.171	0.03037	0.241
chr4	30000000	31000000	0.3543	-0.1145	0.0225	0	0.0614	0	912	29.9	-0.08393	0.02681	908	567	0.6244	0.0625	0.9915	1118	31.25	-0.08846	0.01263	1113	761	0.6837	0.0625	1.086	1095	26.34	-0.2046	-0.01687	1084	869	0.8017	0.07143	1.273	0.0458	0.2538
chr4	31000000	32000000	0.3509	-0.118	0.0416	0	0.0639	0	1012	30.22	-0.0686	0.04578	1009	259	0.2567	0.06667	0.4452	1032	31.06	-0.09718	0.01662	1032	106	0.1027	0.05941	0.1781	1253	26.18	-0.2133	-0.01363	1240	903	0.7282	0.06667	1.263	0.06319	0.237
chr4	32000000	33000000	0.3469	-0.1052	0.0365	0	0.06	0	1084	29.43	-0.1068	-0.008741	1080	605	0.5602	0.06667	0.9969	1534	31.35	-0.08392	0.01194	1533	1005	0.6556	0.06	1.167	901	26.4	-0.2012	-0.009799	898	451	0.5022	0.05882	0.8938	0.04891	0.2313
chr4	33000000	34000000	0.3487	-0.1053	0.0261	0	0.0639	0	652	29.46	-0.105	-0.004831	652	380	0.5828	0.0625	1.375	1047	31.37	-0.08304	0.01759	1046	671	0.6415	0.06098	1.513	449	26.15	-0.2147	-0.02007	446	173	0.3879	0.05882	0.9151	0.02697	0.263
chr4	34000000	35000000	0.3425	-0.1097	0.0364	0	0.0633	0	387	29.26	-0.1151	-0.005101	387	310	0.801	0.06667	0.9853	1365	30.97	-0.1015	-0.01025	1361	1315	0.9662	0.06522	1.188	973	26.13	-0.2157	-0.0133	967	808	0.8356	0.06667	1.028	0.04811	0.2191
chr4	35000000	36000000	0.3498	-0.017	0.0225	0	0.0594	0	2005	30.52	-0.05435	-0.04067	1987	1718	0.8646	0.06098	1.115	1931	32.77	-0.01994	-0.007603	1922	1770	0.9209	0.05882	1.187	1588	29.09	-0.06098	0.04068	1581	1290	0.8159	0.06	1.052	-0.02046	0.1699
chr4	36000000	37000000	0.3646	0.0206	0.0283	0	0.0578	0	1870	31.21	-0.02174	-0.03774	1863	803	0.431	0.05882	0.9279	1899	34.01	0.03357	0.006974	1895	840	0.4433	0.05556	0.9543	1595	30.6	0.01186	0.03395	1591	538	0.3382	0.06	0.728	-0.04977	0.152
chr4	37000000	38000000	0.4019	0.0286	0.0144	0	0.0594	0	1988	31.43	-0.01168	-0.0369	1987	849	0.4273	0.05556	0.6969	1963	33.68	0.01927	-0.008369	1955	1086	0.5555	0.05882	0.906	2202	31	0.03069	-0.003387	2186	1370	0.6267	0.0625	1.022	-0.04307	0.111
chr4	38000000	39000000	0.4207	0.0661	0.0114	0	0.0588	0	1505	33.1	0.06298	-0.006202	1505	1153	0.7661	0.0625	1.079	1687	34.64	0.0601	0.0007427	1682	1131	0.6724	0.0625	0.9469	1411	33.09	0.1249	0.04866	1408	1019	0.7237	0.05882	1.019	-0.02647	0.0614
chr4	39000000	40000000	0.409	0.0598	0.0151	0	0.0605	0	1339	33.18	0.06649	0.008035	1330	994	0.7474	0.06098	1.188	1315	34.92	0.07156	0.007074	1304	964	0.7393	0.05882	1.175	1538	33.58	0.146	0.079	1537	1090	0.7092	0.05814	1.127	-0.03953	0.04439
chr4	40000000	41000000	0.4311	0.0622	0.015	0	0.0588	0	1449	33.07	0.06179	-0.008672	1433	793	0.5534	0.0641	0.8489	1541	34.37	0.04882	-0.009884	1523	953	0.6257	0.06	0.9599	1522	33.68	0.1502	0.0589	1507	849	0.5634	0.0625	0.8642	-0.039	0
chr4	41000000	42000000	0.4076	0.0367	0.01	0	0.0556	0	980	32.62	0.04191	0.002878	974	705	0.7238	0.05556	0.9907	959	33.41	0.007937	-0.02773	958	812	0.8476	0.05291	1.16	912	31.43	0.05073	0.01142	909	675	0.7426	0.0641	1.016	0	0.1031
chr4	42000000	43000000	0.3921	0.0191	0.0278	0	0.0588	0	1407	31.83	0.006592	0.003179	1406	905	0.6437	0.06	1.021	1641	32.96	-0.01194	-0.02833	1636	1385	0.8466	0.0625	1.342	1300	31.51	0.05439	0.03669	1288	748	0.5807	0.05556	0.9209	-0.02385	0.04373
chr4	43000000	44000000	0.3585	-0.0635	0.0096	0	0.0625	0	1827	30.12	-0.07315	-0.007617	1812	872	0.4812	0.05882	1.105	1689	31.96	-0.05629	0.00135	1676	585	0.349	0.06	0.8013	1572	27.33	-0.1512	-0.01776	1547	540	0.3491	0.06712	0.8013	0	0.2224
chr4	44000000	45000000	0.3609	-0.0857	0.0238	0	0.0625	0	1670	30.01	-0.0783	0.01371	1668	795	0.4766	0.06098	0.9307	1583	31.79	-0.06384	0.01578	1579	762	0.4826	0.05882	0.9424	1781	27.37	-0.1491	-0.00569	1776	920	0.518	0.06667	1.012	0.02203	0.2224
chr4	45000000	46000000	0.3527	-0.0803	0.0307	0	0.0625	0	1352	30.03	-0.07732	0.001658	1345	774	0.5755	0.05172	1.077	1409	31.86	-0.06062	0.009593	1403	880	0.6272	0.0625	1.174	1634	27.01	-0.1679	-0.01811	1619	795	0.491	0.06522	0.9192	0.03037	0.2313
chr4	46000000	47000000	0.3577	-0.0848	0.021	0	0.0587	0	988	30.14	-0.07238	0.01696	977	532	0.5445	0.0625	0.7636	1161	31.48	-0.07779	0.001151	1155	1068	0.9247	0.05882	1.297	1076	27.23	-0.1565	-0.007706	1069	876	0.8195	0.06522	1.149	0.02272	0.2065
chr4	47000000	48000000	0.3738	0.0039	0.0146	0	0.0591	0	1440	31.2	-0.02227	-0.01711	1439	1058	0.7352	0.0633	1.064	1402	33.3	0.003196	-0.003844	1399	968	0.6919	0.05882	1.001	1432	30.49	0.006813	0.03647	1426	791	0.5547	0.0641	0.8025	0	0.1255
chr4	48000000	49000000	0.3928	0.0265	0.0153	0	0.0588	0	1238	31.9	0.009636	0	1220	653	0.5352	0.0625	0.9538	1249	33.91	0.02946	0.002796	1230	736	0.5984	0.05556	1.066	1489	32.18	0.0847	0.04762	1467	917	0.6251	0.06522	1.114	-0.06609	0.08746
chr4	49000000	50000000	0.4079	0.8046	0.0965	0	0.1325	1	4857	57.71	0.8649	0.06166	3286	2253	0.6856	NA	0.9202	5251	59.36	0.8369	0.03199	3771	2837	0.7523	NA	1.01	5339	57.11	0.9122	0.1013	3858	2904	0.7527	NA	1.01	0	-0.04891
chr4	50000000	51000000	0.3752	-2.356	0.122	1	0.1056	1	734	6.367	-2.315	NA	119	46	0.3866	NA	1.196	776	6.652	-2.321	NA	109	25	0.2294	NA	0.7096	766	6.711	-2.177	NA	123	33	0.2683	NA	0.8301	-0.1265	0
chr4	51000000	52000000	0.3821	-1.663	0.2992	1	0.0833	0	914	7.647	-2.051	NA	248	73	0.2944	0.08824	0.4745	938	8.388	-1.986	NA	268	70	0.2612	0.1172	0.4211	949	7.9	-1.942	NA	264	88	0.3333	0.1199	0.5374	-0.1155	0.08246
chr4	52000000	53000000	0.4088	-0.0365	0.0186	0	0.0633	0	1401	31.34	-0.01588	0.02197	1380	686	0.4971	0.06757	1.027	1090	32.79	-0.01937	0.01548	1076	348	0.3234	0.05	0.6679	1327	30.09	-0.01231	0.02243	1314	527	0.4011	0.07143	0.8283	0.02107	0.1354
chr4	53000000	54000000	0.3993	-0.027	0.0199	0	0.0605	0	1515	30.86	-0.03808	-0.007341	1488	948	0.6371	0.0625	1.111	1663	32.94	-0.01252	0.01142	1614	893	0.5533	0.05769	0.9649	1594	30.43	0.004084	0.02367	1584	1038	0.6553	0.06466	1.143	-0.03352	0.0902
chr4	54000000	55000000	0.4113	-0.0267	0.0102	0	0.0617	0	1547	31.23	-0.02084	0.004252	1542	1062	0.6887	0.06098	1.021	1373	32.66	-0.02506	0.004895	1366	752	0.5505	0.0625	0.8164	1300	29.58	-0.03676	-0.0264	1296	799	0.6165	0.0625	0.9143	0	0.152
chr4	55000000	56000000	0.3914	-0.0182	0.0215	0	0.06	0	1644	31.41	-0.01271	0.01681	1635	751	0.4593	0.05882	0.8546	1646	32.2	-0.04537	-0.02154	1635	862	0.5272	0.05685	0.9809	1557	30.07	-0.01346	0.01101	1545	618	0.4	0.0633	0.7442	0	0.1171
chr4	56000000	57000000	0.4181	-0.0149	0.0286	0	0.0605	0	1261	32.1	0.01865	0.03038	1260	926	0.7349	0.05848	0.9973	1425	33.24	0.0006126	0.02393	1422	1080	0.7595	0.06	1.031	1136	30.67	0.01543	0.02576	1127	716	0.6353	0.05882	0.8621	0	0.1255
chr4	57000000	58000000	0.3904	-0.0551	0.0117	0	0.0602	0	1767	30.93	-0.03469	0.02041	1750	1158	0.6617	0.0625	1.066	1796	32.11	-0.04928	0.01094	1783	1010	0.5665	0.06522	0.9122	1659	28.24	-0.104	-0.02918	1651	1137	0.6887	0.07143	1.109	0.03797	0.1864
chr4	58000000	59000000	0.3517	-0.1139	0.0254	0	0.0652	0	1462	29.51	-0.1026	0.003624	1437	655	0.4558	0.06522	0.7466	1858	30.5	-0.1234	-0.0184	1831	1359	0.7422	0.06522	1.216	1636	26.03	-0.2212	-0.03231	1607	1270	0.7903	0.07143	1.295	0.04891	0.2465
chr4	59000000	60000000	0.3478	-0.1092	0.0302	0	0.0636	0	1969	29.52	-0.102	0.0008344	1955	1317	0.6737	0.06667	0.9892	1934	30.69	-0.1149	-0.009848	1926	1501	0.7793	0.0641	1.144	2208	26.13	-0.2159	-0.0205	2198	1388	0.6315	0.06522	0.9273	0.04307	0.2095
chr4	60000000	61000000	0.3488	-0.1131	0.0297	0	0.0612	0	2755	29.74	-0.0916	0.01847	2736	1968	0.7193	0.06522	1.32	2190	30.62	-0.1181	-0.009446	2172	1126	0.5184	0.05882	0.9516	2492	26.18	-0.2132	-0.01541	2465	1204	0.4884	0.06522	0.8965	0.0458	0.2115
chr4	61000000	62000000	0.3566	-0.1	0.0215	0	0.0647	0	1439	29.87	-0.08511	0.01315	1432	947	0.6613	0.0625	1.244	1255	30.83	-0.1079	-0.01474	1245	613	0.4924	0.06757	0.9259	1272	25.87	-0.2305	-0.06111	1256	453	0.3607	0.07143	0.6782	0.05247	0.263
chr4	62000000	63000000	0.3514	-0.119	0.034	0	0.0609	0	1460	29.44	-0.1062	0.005037	1447	884	0.6109	0.0625	0.8954	1361	31.25	-0.08861	0.02339	1353	1087	0.8034	0.05882	1.177	1771	26.36	-0.2035	-0.007748	1758	1181	0.6718	0.06667	0.9846	0.02697	0.2479
chr4	63000000	64000000	0.3434	-0.1179	0.0417	0	0.06	0	2055	29.9	-0.08392	0.03234	2038	1011	0.4961	0.0625	0.9997	2289	31.16	-0.09279	0.007479	2268	1259	0.5551	0.06667	1.119	2231	25.87	-0.2301	-0.01875	2213	1572	0.7103	0.06522	1.432	0.074	0.2538
chr4	64000000	65000000	0.3466	-0.1035	0.0093	0	0.0644	0	1803	29.51	-0.1027	-0.006407	1796	1088	0.6058	0.06667	1.023	1890	30.95	-0.1024	-0.01033	1886	1221	0.6474	0.06667	1.094	1778	26.31	-0.2059	-0.01779	1764	891	0.5051	0.06522	0.8532	0.02346	0.2115
chr4	65000000	66000000	0.3449	-0.1117	0.0325	0	0.0641	0	1609	29.34	-0.1109	0	1607	814	0.5065	0.06522	0.8654	1633	31.02	-0.09919	-0.0053	1631	919	0.5635	0.0625	0.9627	1787	26.62	-0.1891	0.006845	1776	1039	0.585	0.06667	0.9995	0.03317	0.2224
chr4	66000000	67000000	0.351	-0.0776	0.0239	0	0.0625	0	1595	30.22	-0.06836	0.004419	1591	842	0.5292	0.0625	0.7852	1706	31.42	-0.0809	-0.0075	1705	1272	0.746	0.05882	1.107	1585	27.12	-0.1623	-0.009693	1582	1063	0.6719	0.06522	0.9969	0.05063	0.1926
chr4	67000000	68000000	0.3728	-0.0329	0.0127	0	0.0594	0	1708	30.85	-0.03844	0.003528	1700	1038	0.6106	0.05685	1.057	1471	32.16	-0.04735	-0.01338	1463	696	0.4757	0.05882	0.8235	1606	29.56	-0.03775	0.02551	1597	785	0.4915	0.0625	0.8509	-0.02308	0.1375
chr4	68000000	69000000	0.3671	-0.0688	0.0382	0	0.0607	0	1951	28.96	-0.1298	-0.05615	1905	730	0.3832	0.0625	0.7762	2161	32.32	-0.0402	0.02469	2119	1009	0.4762	0.06098	0.9645	2009	28.51	-0.09008	0.02223	1936	1263	0.6524	0.0625	1.321	-0.0217	0.1605
chr4	69000000	70000000	0.3544	-0.057	0.0478	0	0.0644	0	2389	30.56	-0.05223	0.003785	2336	1205	0.5158	0.06522	0.7319	2846	32.64	-0.02566	0.02126	2794	2260	0.8089	0.0641	1.148	2841	27.7	-0.132	-0.001774	2755	2067	0.7503	0.0625	1.065	0.04891	0.2829
chr4	70000000	71000000	0.3771	0.002	0.0108	0	0.06	0	1439	30.49	-0.05532	-0.04078	1420	480	0.338	0.0625	0.6113	1478	32.82	-0.01773	-0.02028	1467	526	0.3586	0.0625	0.6484	1585	30.11	-0.0113	0.01251	1561	845	0.5413	0.06667	0.9789	-0.04307	0.1255
chr4	71000000	72000000	0.3761	-0.0305	0.0236	0	0.0588	0	1466	30.9	-0.03617	0	1454	486	0.3343	0.05556	0.7085	1525	32.12	-0.04887	-0.02516	1516	741	0.4888	0.0641	1.036	1459	28.83	-0.07426	-0.002892	1446	621	0.4295	0.06522	0.9103	0	0.142
chr4	72000000	73000000	0.3699	-0.0498	0.019	0	0.0617	0	2173	30.49	-0.05571	-0.00556	2159	962	0.4456	0.05882	0.9464	2182	32.42	-0.03567	0.008758	2173	816	0.3755	0.05941	0.7976	1763	28.42	-0.09484	-0.01155	1739	661	0.3801	0.0625	0.8074	0	0.1844
chr4	73000000	74000000	0.3755	-0.0249	0.0146	0	0.061	0	1003	30.61	-0.04987	-0.02142	1000	431	0.431	0.06667	0.8977	1104	32.91	-0.01381	0.00842	1101	608	0.5522	0.05882	1.15	892	29.68	-0.03189	0.03565	886	225	0.254	0.06	0.529	-0.04182	0.1375
chr4	74000000	75000000	0.373	-0.0252	0.0351	0	0.0615	0	792	30.79	-0.04143	-0.007389	785	432	0.5503	0.05556	0.9359	1214	32.21	-0.04502	-0.02055	1201	967	0.8052	0.0625	1.369	1229	29.2	-0.05576	0.00205	1216	894	0.7352	0.05556	1.25	0	0.1203
chr4	75000000	76000000	0.4002	0.0009	0.013	0	0.061	0	1983	31.59	-0.004327	-0.001487	1975	1316	0.6663	0.06	1.111	1921	33.15	-0.003477	-0.003288	1917	1271	0.663	0.05814	1.105	1566	30.58	0.01107	-0.001258	1557	1135	0.729	0.0625	1.215	-0.01862	0.09165
chr4	76000000	77000000	0.4078	0.0111	0.0092	0	0.0568	0	1170	31.76	0.003164	-0.007714	1156	811	0.7016	0.06	1.183	778	32.89	-0.01485	-0.02492	765	232	0.3033	0.06667	0.5112	1365	30.62	0.01293	-0.003763	1354	963	0.7112	0.05882	1.199	-0.03058	0.07107
chr4	77000000	78000000	0.4046	0.014	0.0144	0	0.0572	0	898	31.61	-0.003283	-0.0098	898	567	0.6314	0.06522	0.7519	1667	32.91	-0.01392	-0.02268	1661	1367	0.823	0.06	0.9801	908	30.1	-0.01181	-0.04078	906	549	0.606	0.06098	0.7216	-0.02138	0.142
chr4	78000000	79000000	0.3904	0.0353	0.0105	0	0.0625	0	1491	31.75	0.002911	-0.03239	1473	775	0.5261	0.06667	0.9659	1551	33.94	0.03053	0.0003558	1547	816	0.5275	0.0625	0.9684	1706	31.81	0.06776	0.05222	1680	1012	0.6024	0.0625	1.106	-0.04244	0.0902
chr4	79000000	80000000	0.3601	-0.0219	0.0327	0	0.06	0	1395	30.81	-0.04043	-0.01305	1380	273	0.1978	0.05882	0.4194	1605	32.11	-0.04956	-0.03016	1583	761	0.4807	0.06	1.019	1680	29.41	-0.04537	0.03423	1660	901	0.5428	0.0625	1.151	-0.02466	0.1186
chr4	80000000	81000000	0.3641	-0.038	0.0277	0	0.06	0	521	30.6	-0.05032	-0.003676	518	94	0.1815	0.06049	0.4096	667	32.87	-0.01555	0.01298	660	301	0.4561	0.0641	1.029	628	28.17	-0.1074	-0.01699	624	236	0.3782	0.0625	0.8537	0	0.2065
chr4	81000000	82000000	0.3863	-0.0287	0.0245	0	0.0597	0	1705	30.62	-0.04938	-0.01941	1690	954	0.5645	0.0641	0.8521	1677	32.12	-0.04888	-0.01661	1669	1020	0.6111	0.06098	0.9225	1213	28.94	-0.06856	-0.02303	1211	429	0.3543	0.06667	0.5347	0	0.1575
chr4	82000000	83000000	0.4087	0.0347	0.0147	0	0.0599	0	1629	32.13	0.02021	-0.01303	1624	848	0.5222	0.05882	0.9643	1450	33.52	0.01265	-0.02486	1445	700	0.4844	0.05882	0.8946	1417	31.62	0.05935	0.02649	1406	718	0.5107	0.0625	0.9431	-0.02046	0.04731
chr4	83000000	84000000	0.4014	0.039	0.0139	0	0.0591	0	1729	32.69	0.04476	0.009142	1717	1091	0.6354	0.06	1.235	1749	33.86	0.02714	-0.01353	1731	945	0.5459	0.05882	1.061	1464	31.78	0.06638	0.01837	1448	518	0.3577	0.0633	0.6953	-0.01937	0.07497
chr4	84000000	85000000	0.3805	-0.0275	0.0427	0	0.0633	0	874	30.95	-0.03392	-0.002005	870	660	0.7586	0.06174	1.185	716	32.67	-0.02449	-0.002431	713	500	0.7013	0.0641	1.095	936	28.68	-0.08149	-0.02191	932	700	0.7511	0.0625	1.173	0.02137	0.1829
chr4	85000000	86000000	0.3708	-0.0097	0.0349	0	0.0594	0	1550	31.18	-0.02323	-0.003827	1545	420	0.2718	0.06	0.5044	1841	33.99	0.03255	0.03628	1822	1156	0.6345	0.06098	1.177	1661	29.84	-0.02439	0.01678	1652	550	0.3329	0.05882	0.6177	-0.04891	0.1926
chr4	86000000	87000000	0.3804	-0.0223	0.0258	0	0.0594	0	819	31.43	-0.01193	0.01479	815	547	0.6712	0.0625	1.023	540	33.8	0.02468	0.04154	537	296	0.5512	0.06594	0.8405	801	30.37	0.001039	0.05469	800	515	0.6438	0.07143	0.9816	-0.0217	0.1561
chr4	87000000	88000000	0.3933	0.0027	0.0193	0	0.061	0	1462	31.2	-0.02226	-0.01716	1454	739	0.5083	0.0641	0.8076	1448	32.75	-0.02093	-0.02505	1432	1141	0.7968	0.06098	1.266	1821	30.67	0.01533	0.003824	1810	1324	0.7315	0.0641	1.162	-0.04009	0.08246
chr4	88000000	89000000	0.3977	0.0008	0.0235	0	0.0594	0	955	31.36	-0.01482	-0.006434	950	409	0.4305	0.0625	0.6376	1131	33.15	-0.003367	-0.003027	1122	858	0.7647	0.05556	1.133	1219	30.71	0.01688	0.0149	1207	953	0.7896	0.0625	1.169	-0.03242	0.09622
chr4	89000000	90000000	0.3729	-0.0324	0.0172	0	0.0602	0	1246	30.89	-0.03679	0.004674	1237	582	0.4705	0.06	0.7362	1094	32.83	-0.01764	0.01973	1093	724	0.6624	0.05848	1.036	1546	29.82	-0.02533	0.03886	1543	1066	0.6909	0.06	1.081	0	0.152
chr4	90000000	91000000	0.3527	-0.0755	0.0278	0	0.0625	0	1184	30.08	-0.07487	-0.0006931	1180	607	0.5144	0.0625	0.7355	1170	31.64	-0.07052	-0.005111	1165	869	0.7459	0.05556	1.067	1402	27.59	-0.1377	0.007284	1397	877	0.6278	0.07143	0.8976	0.02346	0.2016
chr4	91000000	92000000	0.3525	-0.1157	0.0429	0	0.0625	0	1113	29.55	-0.1008	0.01309	1109	812	0.7322	0.05556	1.029	1204	31.56	-0.07438	0.03175	1201	642	0.5346	0.06667	0.751	1087	26.98	-0.1695	0.01583	1076	869	0.8076	0.06667	1.135	0	0.196
chr4	92000000	93000000	0.349	-0.1199	0.0313	0	0.0607	0	576	29.21	-0.1177	-0.0003916	574	361	0.6289	0.06522	0.789	512	30.88	-0.1056	0.01228	510	454	0.8902	0.06	1.117	436	27.17	-0.1597	0.04189	435	399	0.9172	0.06	1.151	0	0.1844
chr4	93000000	94000000	0.3559	-0.0856	0.0287	0	0.0594	0	1029	30.02	-0.07814	0.001391	1021	679	0.665	0.0625	0.9658	1130	31.97	-0.05578	0.02301	1124	968	0.8612	0.05556	1.251	1086	27.5	-0.1422	0.01889	1067	905	0.8482	0.07143	1.232	0	0.1926
chr4	94000000	95000000	0.3759	-0.0392	0.008	0	0.06	0	1240	30.62	-0.04955	-0.00576	1234	844	0.684	0.07143	1.036	1307	32.09	-0.05031	-0.01762	1305	967	0.741	0.06	1.123	1223	28.72	-0.07957	0	1220	767	0.6287	0.06667	0.9527	0.02346	0.1468
chr4	95000000	96000000	0.3683	-0.0851	0.0128	0	0.0617	0	1597	30.04	-0.07717	0.01033	1592	1003	0.63	0.0625	0.9563	1744	31.24	-0.08921	-0.01475	1738	1245	0.7163	0.05556	1.087	1738	27.05	-0.1658	-0.04908	1733	1195	0.6896	0.0625	1.047	0.05063	0.2283
chr4	96000000	97000000	0.3532	-0.1058	0.0255	0	0.0647	0	1087	29.4	-0.1079	-0.003828	1086	917	0.8444	0.06522	1.036	1503	31.22	-0.09006	0.0002066	1499	1183	0.7892	0.0625	0.9686	452	26.19	-0.2125	-0.03842	452	343	0.7588	0.07143	0.9313	0.04891	0.1769
chr4	97000000	98000000	0.3573	-0.0938	0.0281	0	0.06	0	460	28.83	-0.1361	-0.04045	460	72	0.1565	0.05556	0.1958	935	31.45	-0.07951	0.007081	933	785	0.8414	0.06	1.052	805	27.51	-0.1415	0.02227	801	473	0.5905	0.06	0.7385	-0.05063	0.2035
chr4	98000000	99000000	0.3888	-0.0362	0.0178	0	0.0633	0	608	31.71	0.001196	0.04843	608	455	0.7484	0.05556	0.8632	1743	32.48	-0.03284	0.000643	1738	1493	0.859	0.05882	0.9908	1553	28.99	-0.06588	-0.02303	1536	1429	0.9303	0.0625	1.073	0.02272	0.1635
chr4	99000000	100000000	0.3842	-0.0189	0.0177	0	0.0588	0	1210	31.1	-0.0272	-0.001096	1205	599	0.4971	0.0641	0.8836	1259	33.26	0.001349	0.01624	1254	628	0.5008	0.05556	0.8901	1219	29.83	-0.02474	0.01753	1217	873	0.7173	0.06757	1.275	-0.02554	0.1699
chr4	100000000	101000000	0.3707	-0.041	0.0179	0	0.0594	0	1450	30.48	-0.05622	-0.01053	1434	986	0.6876	0.06522	1.061	1354	32.37	-0.03775	-0.002399	1345	1003	0.7457	0.0625	1.151	1037	29.02	-0.06468	0.00794	1016	233	0.2293	0.0625	0.3539	-0.04307	0.1651
chr4	101000000	102000000	0.3631	-0.0163	0.012	0	0.0594	0	1110	30.37	-0.06141	-0.04591	1107	518	0.4679	0.06667	0.7978	1328	33.1	-0.005608	0.00281	1324	993	0.75	0.05882	1.279	1059	29.77	-0.02779	0.04681	1057	594	0.562	0.06667	0.9582	-0.05585	0.1605
chr4	102000000	103000000	0.3816	0.0359	0.0224	0	0.0588	0	1069	31.93	0.0111	-0.01026	1055	830	0.7867	0.05848	1.518	628	34.15	0.03958	0.001797	618	306	0.4951	0.05556	0.9553	1107	31.08	0.03443	0.002449	1087	732	0.6734	0.06	1.299	-0.05247	0.09954
chr4	103000000	104000000	0.366	-0.0323	0.0255	0	0.0617	0	678	29.95	-0.08128	-0.04877	671	211	0.3145	0.06667	0.4232	871	32.2	-0.04518	-0.01954	867	802	0.925	0.05941	1.245	749	28.58	-0.08656	-0.00624	742	221	0.2978	0.07143	0.4008	-0.03953	0.1561
chr4	104000000	105000000	0.3562	-0.0157	0.0122	0	0.0594	0	965	30.52	-0.0543	-0.0432	960	634	0.6604	0.06049	0.9731	974	33.12	-0.004697	0.004675	967	596	0.6163	0.0633	0.9081	792	30.02	-0.01584	0.07633	780	389	0.4987	0.06667	0.7348	-0.06054	0.1651
chr4	105000000	106000000	0.3703	0.016	0.0205	0	0.0617	0	1286	31.48	-0.009244	-0.02441	1282	910	0.7098	0.0625	1.174	1195	34.14	0.03899	0.01937	1193	433	0.363	0.06667	0.6005	807	31.57	0.057	0.07262	803	145	0.1806	0.075	0.2988	-0.07698	0.122
chr4	106000000	107000000	0.3635	-0.0507	0.0279	0	0.0625	0	870	30.25	-0.06709	-0.01414	850	606	0.7129	0.05882	1.056	714	31.58	-0.07327	-0.0308	701	396	0.5649	0.06	0.837	726	28.61	-0.08509	0.02418	719	493	0.6857	0.06	1.016	-0.02106	0.111
chr4	107000000	108000000	0.376	-0.0556	0.0123	0	0.0625	0	1243	30.51	-0.05454	0.005658	1234	661	0.5357	0.0625	0.831	1203	32.01	-0.05407	-0.009559	1183	643	0.5435	0.0625	0.8432	1394	28.49	-0.09113	0.005679	1388	1004	0.7233	0.06667	1.122	0.02018	0.1575
chr4	108000000	109000000	0.3977	-0.0302	0.0114	0	0.0605	0	1588	31.23	-0.02092	0.01846	1582	870	0.5499	0.06667	1.005	1578	32.65	-0.02552	0.005824	1568	650	0.4145	0.0625	0.7574	1504	29.42	-0.0448	-0.01578	1496	827	0.5528	0.0625	1.01	0	0.1468
chr4	109000000	110000000	0.3884	-0.0052	0.015	0	0.0597	0	1015	31.16	-0.02399	-0.007495	1006	654	0.6501	0.07143	0.9934	1095	32.88	-0.01525	-0.01326	1085	713	0.6571	0.06	1.004	1154	30.31	-0.001964	0.01685	1146	722	0.63	0.06049	0.9627	-0.02106	0.122
chr4	110000000	111000000	0.3876	-0.0243	0.0156	0	0.0605	0	1373	31.46	-0.01028	0.0213	1370	534	0.3898	0.06522	0.7434	1452	32.61	-0.02733	-0.006593	1447	879	0.6075	0.0625	1.159	1488	29.88	-0.02231	0.01826	1482	699	0.4717	0.06522	0.8996	0	0.1575
chr4	111000000	112000000	0.3573	-0.0357	0.0267	0	0.0625	0	1389	30.3	-0.06459	-0.027	1376	893	0.649	0.06667	1.076	1000	31.85	-0.06131	-0.03282	988	598	0.6053	0.05941	1.003	1405	28.69	-0.08128	0.02436	1385	889	0.6419	0.07143	1.064	0.02076	0.122
chr4	112000000	113000000	0.393	0.0514	0.0188	0	0.0588	0	904	32.98	0.05778	0.02161	897	592	0.66	0.06049	0.8574	840	34.2	0.0414	-0.01017	832	669	0.8041	0.0625	1.045	835	32.62	0.1044	0.04416	833	500	0.6002	0.05848	0.7798	-0.0177	0.07039
chr4	113000000	114000000	0.3665	0.0161	0.0131	0	0.0606	0	1420	31.2	-0.02252	-0.03517	1419	997	0.7026	0.0625	1.104	1237	33.64	0.0177	-0.001727	1237	710	0.574	0.06594	0.9022	1359	30.88	0.02506	0.05551	1356	849	0.6261	0.05882	0.9841	-0.02237	0.09954
chr4	114000000	115000000	0.3597	-0.031	0.023	0	0.0606	0	1479	30.56	-0.05212	-0.0142	1467	654	0.4458	0.06563	0.7107	1676	32.53	-0.03078	-0.002267	1659	1273	0.7673	0.06098	1.223	2090	29.41	-0.04539	0.04331	2078	1513	0.7281	0.06522	1.161	-0.02748	0.1323
chr4	115000000	116000000	0.3423	-0.0876	0.0198	0	0.0625	0	1899	30.01	-0.07854	0.009625	1898	411	0.2165	0.0625	0.3567	2079	32.01	-0.05405	0.01526	2074	1165	0.5617	0.06	0.9252	1755	27.64	-0.1351	0.04393	1750	1436	0.8206	0.06522	1.352	0.02018	0.2224
chr4	116000000	117000000	0.3433	-0.0906	0.0375	0	0.0613	0	1363	29.51	-0.1026	-0.01303	1359	799	0.5879	0.06522	0.9731	1303	31.84	-0.06142	0.01203	1303	555	0.4259	0.0625	0.705	1448	26.96	-0.1708	0.01326	1444	861	0.5963	0.06667	0.9869	0	0.241
chr4	117000000	118000000	0.3507	-0.1001	0.034	0	0.0613	0	1280	29.62	-0.0972	-0.001919	1269	996	0.7849	0.0641	1.115	1345	31.27	-0.08778	0.005316	1339	1002	0.7483	0.05882	1.063	1257	26.43	-0.1994	-0.015	1244	647	0.5201	0.06	0.7391	0.04307	0.241
chr4	118000000	119000000	0.3835	-0.0173	0.0201	0	0.0594	0	1476	31.43	-0.01195	0.01034	1463	1146	0.7833	0.06	1.213	1498	33.28	0.002302	0.01854	1490	920	0.6174	0.06098	0.9558	1340	29.43	-0.04449	-0.002197	1325	617	0.4657	0.05882	0.7208	0	0.1468
chr4	119000000	120000000	0.3762	-0.0436	0.0129	0	0.0605	0	1521	30.6	-0.05034	-0.0008162	1506	1068	0.7092	0.06	0.9998	1641	32.71	-0.02269	0.006571	1630	1158	0.7104	0.06098	1.002	1261	29.15	-0.05795	0.02652	1258	385	0.306	0.05882	0.4315	-0.02385	0.1635
chr4	120000000	121000000	0.367	-0.061	0.0353	0	0.0619	0	1592	30.25	-0.06705	-0.002432	1589	911	0.5733	0.06667	0.8701	1643	31.45	-0.0794	-0.02499	1635	1226	0.7498	0.05882	1.138	1659	27.95	-0.1189	-0.01331	1652	1068	0.6465	0.06522	0.9812	0.02509	0.1769
chr4	121000000	122000000	0.3813	-0.0062	0.0097	0	0.0611	0	1323	31.71	0.001257	0.01893	1318	887	0.673	0.05882	1.061	1573	33.24	0.0003419	0.002769	1570	913	0.5815	0.0641	0.9169	1397	30.46	0.005083	0.01803	1392	963	0.6918	0.0625	1.091	0	0.1186
chr4	122000000	123000000	0.3776	-0.0039	0.0203	0	0.0605	0	835	31.24	-0.02033	-0.003442	827	511	0.6179	0.05882	0.9555	780	33.52	0.01254	0.01641	776	300	0.3866	0.0641	0.5978	656	30.2	-0.006917	0.02254	649	395	0.6086	0.06667	0.9411	-0.03406	0.1456
chr4	123000000	124000000	0.3803	-0.009	0.0097	0	0.061	0	1520	31.13	-0.02561	-0.01229	1511	1060	0.7015	0.0625	1.065	1516	32.98	-0.0108	-0.00641	1511	1067	0.7062	0.0625	1.073	1480	30.35	0.0001499	0.03255	1473	498	0.3381	0.07143	0.5135	-0.02647	0.1155
chr4	124000000	125000000	0.3594	-0.0935	0.015	0	0.0621	0	1297	29.76	-0.09045	0.009814	1286	804	0.6252	0.0625	0.9906	1252	30.99	-0.1004	-0.009311	1243	906	0.7289	0.05882	1.155	1294	27.38	-0.1483	0.00294	1284	804	0.6262	0.06667	0.9922	0.04182	0.1864
chr4	125000000	126000000	0.3532	-0.1021	0.028	0	0.06	0	1505	29.23	-0.1163	-0.01598	1502	901	0.5999	0.06	1.028	1559	31.44	-0.07996	0.006611	1557	963	0.6185	0.06	1.06	1495	27.09	-0.1637	0.006691	1488	854	0.5739	0.06	0.9838	0	0.2224
chr4	126000000	127000000	0.352	-0.0928	0.0232	0	0.0625	0	1529	29.57	-0.09963	-0.009811	1521	1055	0.6936	0.06	1.087	1379	31.19	-0.09145	-0.007746	1376	811	0.5894	0.05556	0.9237	1825	26.76	-0.1818	-0.0193	1812	1124	0.6203	0.06667	0.9721	0.02076	0.2224
chr4	127000000	128000000	0.3755	-0.0273	0.0161	0	0.0644	0	871	30.4	-0.06001	-0.02917	861	610	0.7085	0.06757	0.8804	529	32.42	-0.0357	-0.01107	528	444	0.8409	0.06466	1.045	698	28.92	-0.06935	0.0005913	693	598	0.8629	0.06667	1.072	-0.03803	0.152
chr4	128000000	129000000	0.4021	-0.01	0.0156	0	0.0617	0	1018	31.4	-0.0131	0.003409	1013	544	0.537	0.05882	0.8314	908	33.18	-0.002238	0.01106	904	563	0.6228	0.06	0.9642	1123	30.33	-0.0009887	0.004454	1114	714	0.6409	0.06635	0.9923	-0.02308	0.1238
chr4	129000000	130000000	0.3637	-0.0607	0.0171	0	0.0605	0	1229	30.66	-0.04745	0.0219	1221	646	0.5291	0.06098	0.8308	1394	32.1	-0.04976	0.00237	1386	1029	0.7424	0.06098	1.166	1575	27.85	-0.124	-0.007966	1563	1198	0.7665	0.0633	1.204	0.02018	0.1864
chr4	130000000	131000000	0.3482	-0.1092	0.0298	0	0.06	0	1016	29.15	-0.1204	-0.01756	1008	714	0.7083	0.0633	0.9968	1311	30.48	-0.1244	-0.02422	1299	1062	0.8176	0.06	1.151	1333	26.91	-0.1735	0.02345	1323	949	0.7173	0.07143	1.009	0.02915	0.2157
chr4	131000000	132000000	0.3564	-0.0754	0.0533	0	0.0652	0	1499	31.67	-0.0008515	0.0716	1266	761	0.6011	0.06604	0.9395	1726	31.66	-0.06982	-0.0007506	1510	1059	0.7013	0.0641	1.096	1466	27.01	-0.1683	-0.02045	1328	994	0.7485	0.06574	1.17	0.1333	0.2515
chr4	132000000	133000000	0.3448	-0.123	0.0269	0	0.0639	0	1693	29.61	-0.09777	0.02443	1684	844	0.5012	0.0625	0.9048	1726	31.25	-0.08859	0.01725	1717	1133	0.6599	0.0641	1.191	1962	26.23	-0.2106	-0.002229	1956	870	0.4448	0.07143	0.803	0.0458	0.2479
chr4	133000000	134000000	0.3463	-0.1204	0.048	0	0.0625	0	1434	29.33	-0.1113	0.002437	1429	1003	0.7019	0.06	1.298	990	31.28	-0.087	0.01884	987	450	0.4559	0.06	0.8432	1378	26.35	-0.2038	0.002	1370	699	0.5102	0.06522	0.9436	0	0.2515
chr4	134000000	135000000	0.3448	-0.1193	0.0229	0	0.0603	0	736	29.34	-0.111	0.007456	729	136	0.1866	0.0625	0.2756	1306	30.86	-0.1067	-0.00452	1297	712	0.549	0.05882	0.8109	756	25.76	-0.2366	-0.03191	746	154	0.2064	0.05941	0.3049	0.03037	0.263
chr4	135000000	136000000	0.3424	-0.1025	0.0276	0	0.064	0	1650	29.39	-0.1085	-0.004455	1639	1245	0.7596	0.06667	1.294	1298	31.09	-0.09607	-0.01168	1289	547	0.4244	0.0625	0.7231	1843	26.36	-0.203	-0.008515	1831	1214	0.663	0.06522	1.13	0.026	0.237
chr4	136000000	137000000	0.3487	-0.1112	0.0318	0	0.0633	0	1142	29.17	-0.1194	-0.01326	1136	475	0.4181	0.06667	0.6637	1239	30.86	-0.1066	-3.156e-05	1229	688	0.5598	0.0641	0.8886	1561	26.27	-0.208	-0.007455	1551	930	0.5996	0.07143	0.9518	0.02272	0.239
chr4	137000000	138000000	0.3516	-0.0723	0.0304	0	0.0625	0	1812	30.46	-0.05699	0.007591	1799	1319	0.7332	0.06	1.084	2131	31.52	-0.07622	-0.01129	2114	1413	0.6684	0.05882	0.9879	1679	27.48	-0.1432	0.004315	1670	1093	0.6545	0.06522	0.9673	0.04731	0.2095
chr4	138000000	139000000	0.3875	-0.0097	0.0185	0	0.0619	0	1669	31.32	-0.01698	0	1666	949	0.5696	0.06522	0.9969	1465	33.47	0.01031	0.01554	1458	800	0.5487	0.0625	0.9603	1680	29.17	-0.05695	-0.0272	1674	946	0.5651	0.0625	0.989	-0.0199	0.1926
chr4	139000000	140000000	0.4161	0.0219	0.0182	0	0.0588	0	1240	32.78	0.04885	0.02344	1237	582	0.4705	0.0625	0.7024	1354	33.49	0.01123	-0.002498	1345	852	0.6335	0.05556	0.9457	1113	31.1	0.03552	0.01342	1104	598	0.5417	0.05848	0.8087	0	0.1186
chr4	140000000	141000000	0.3998	-0.0183	0.0177	0	0.0625	0	1111	31.75	0.002992	0.02751	1103	725	0.6573	0.06	0.9946	1062	33.14	-0.003693	0.01534	1050	415	0.3952	0.06522	0.598	825	30.2	-0.006869	0.01214	807	304	0.3767	0.07143	0.57	0	0.1313
chr4	141000000	142000000	0.3745	-0.0508	0.0187	0	0.0625	0	1336	31.04	-0.02988	0.02771	1333	888	0.6662	0.0625	1.026	1177	33.03	-0.008624	0.03946	1171	474	0.4048	0.06	0.6233	1343	28.88	-0.07167	0.01221	1338	899	0.6719	0.06667	1.035	0	0.1651
chr4	142000000	143000000	0.3662	-0.0639	0.0207	0	0.0621	0	972	30.07	-0.0758	-0.008279	971	93	0.09578	0.07692	0.2251	1296	32.93	-0.01319	0.04412	1293	583	0.4509	0.05263	1.06	1148	28.28	-0.1018	0.01254	1142	526	0.4606	0.06667	1.083	-0.02237	0.2224
chr4	143000000	144000000	0.3826	-0.0257	0.0116	0	0.0594	0	2051	30.87	-0.03749	0.0004079	2036	913	0.4484	0.06	0.6994	1965	33.08	-0.006428	0.02381	1953	728	0.3728	0.05848	0.5813	2052	29.71	-0.03053	0.003171	2034	1091	0.5364	0.0625	0.8365	-0.04064	0.1475
chr4	144000000	145000000	0.3729	-0.0446	0.0136	0	0.0625	0	1141	30.1	-0.07402	-0.02035	1139	731	0.6418	0.0625	1.163	956	32.69	-0.02376	0.02582	954	523	0.5482	0.06522	0.9937	1289	28.81	-0.07496	0.00143	1284	688	0.5358	0.0625	0.9712	-0.02308	0.1979
chr4	145000000	146000000	0.395	0.0144	0.0214	0	0.0585	0	1169	31.55	-0.006156	-0.01457	1162	635	0.5465	0.06	0.8195	1003	33.37	0.006094	-0.005788	983	703	0.7152	0.06	1.073	1148	31.87	0.07057	0.06289	1127	726	0.6442	0.05882	0.9661	-0.07276	0.0902
chr4	146000000	147000000	0.3823	0.0251	0.015	0	0.0594	0	952	32.22	0.02393	0.01102	947	758	0.8004	0.06098	1.011	630	33.85	0.02656	0.003342	615	250	0.4065	0.05556	0.5133	676	30.96	0.02859	0.0115	674	544	0.8071	0.06098	1.019	-0.03059	0.1083
chr4	147000000	148000000	0.392	0.0188	0.0098	0	0.0591	0	1341	31.76	0.003113	0	1331	546	0.4102	0.05556	0.8837	1351	33.44	0.009027	-0.006471	1341	508	0.3788	0.05814	0.8161	1274	31.07	0.03399	0.01712	1265	462	0.3652	0.0641	0.7868	-0.02347	0.1013
chr4	148000000	149000000	0.3828	-0.0274	0.0152	0	0.0605	0	1229	31.01	-0.03099	0.001016	1208	772	0.6391	0.0625	0.9956	1282	32.22	-0.04446	-0.01669	1259	903	0.7172	0.0625	1.117	1235	29.27	-0.05239	-0.007902	1223	796	0.6509	0.07143	1.014	0.02047	0.1313
chr4	149000000	150000000	0.3639	-0.0587	0.024	0	0.0621	0	939	29.67	-0.0951	-0.02757	938	664	0.7079	0.0625	0.9991	862	31.4	-0.08153	-0.03059	859	616	0.7171	0.0625	1.012	895	27.73	-0.13	-0.01764	893	284	0.318	0.06667	0.4489	-0.008339	0.1432
chr4	150000000	151000000	0.3719	-0.012	0.0179	0	0.0625	0	1343	30.79	-0.04151	-0.02483	1324	1073	0.8104	0.06667	1.475	1188	32.81	-0.01815	-0.009417	1168	924	0.7911	0.05556	1.44	1318	30.17	-0.008354	0.03182	1280	635	0.4961	0.0641	0.9031	-0.02385	0.1031
chr4	151000000	152000000	0.414	0.0367	0.0154	0	0.0588	0	775	32.05	0.01661	-0.02355	773	453	0.586	0.05882	1.103	1407	33.56	0.01438	-0.01689	1397	1241	0.8883	0.06	1.671	955	31.32	0.04536	0.009636	951	495	0.5205	0.07143	0.9793	-0.02385	0.08489
chr4	152000000	153000000	0.404	0.0667	0.0327	0	0.0589	0	1142	32.46	0.03487	-0.0265	1134	699	0.6164	0.06	1.004	1273	34.6	0.05849	-0.006791	1269	956	0.7533	0.05882	1.227	1062	32.82	0.113	0.03423	1053	646	0.6135	0.0625	0.9995	-0.05811	0.06791
chr4	153000000	154000000	0.4151	0.0511	0.0226	0	0.0575	0	1477	32.36	0.03011	-0.02591	1464	937	0.64	0.05556	0.9794	1777	34.23	0.04268	-0.002138	1758	1387	0.789	0.05556	1.207	1493	32.45	0.09667	0.04965	1477	943	0.6385	0.0625	0.977	-0.06609	0.08246
chr4	154000000	155000000	0.3841	-0.0057	0.0189	0	0.0613	0	1425	31.44	-0.01108	0.001718	1416	767	0.5417	0.0641	0.9758	1213	33.25	0.001009	0.002705	1206	844	0.6998	0.05556	1.261	1409	29.4	-0.04561	-0.01677	1405	592	0.4214	0.06522	0.7591	-0.02237	0.1699
chr4	155000000	156000000	0.3716	-0.037	0.0272	0	0.0625	0	1588	30.94	-0.03455	0.006166	1580	877	0.5551	0.06	0.9776	1347	33.26	0.001535	0.03527	1341	679	0.5063	0.06	0.8918	1625	28.82	-0.07431	-0.00356	1622	930	0.5734	0.06522	1.01	0	0.1844
chr4	156000000	157000000	0.3602	-0.0784	0.0337	0	0.0602	0	1549	30.08	-0.07516	0.007947	1544	932	0.6036	0.0641	0.8964	1737	32.11	-0.04924	0.02667	1736	1044	0.6014	0.06098	0.8931	1672	27.86	-0.1234	0.01036	1668	1148	0.6882	0.06522	1.022	0	0.2224
chr4	157000000	158000000	0.3549	-0.0637	0.0391	0	0.0607	0	1425	30.07	-0.07555	-0.01647	1413	568	0.402	0.06667	0.9499	1274	31.53	-0.0759	-0.02012	1267	448	0.3536	0.05556	0.8355	1573	27.74	-0.1295	0	1558	639	0.4101	0.0625	0.9691	0	0.1725
chr4	158000000	159000000	0.3847	-0.0062	0.0188	0	0.061	0	1514	30.57	-0.0518	-0.03856	1491	957	0.6419	0.0625	1.109	1348	33.08	-0.006426	-0.00429	1329	205	0.1543	0.06667	0.2666	1533	30.18	-0.008059	0.02883	1513	961	0.6352	0.0625	1.098	-0.05658	0.1468
chr4	159000000	160000000	0.3824	0.0185	0.0125	0	0.0594	0	1498	31.14	-0.02491	-0.03121	1483	532	0.3587	0.06594	0.9349	1588	33.31	0.003472	-0.01207	1576	792	0.5025	0.0625	1.31	1405	30.71	0.01729	0.006795	1382	337	0.2438	0.06	0.6355	-0.0458	0.09622
chr4	160000000	161000000	0.3512	-0.0838	0.0374	0	0.0633	0	1828	29.71	-0.09292	-0.01546	1813	1171	0.6459	0.06	0.9798	1539	31.33	-0.08497	-0.007384	1530	1126	0.7359	0.0625	1.116	1804	27.24	-0.156	0.001497	1782	1105	0.6201	0.07143	0.9407	0	0.1926
chr4	161000000	162000000	0.3436	-0.1007	0.0426	0	0.0613	0	2270	30.06	-0.07582	0.02393	2261	1282	0.567	0.06522	0.8647	2345	32.04	-0.05246	0.03013	2334	1337	0.5728	0.06	0.8736	2205	27.38	-0.1484	0.03997	2194	1436	0.6545	0.06522	0.9982	0.02272	0.2157
chr4	162000000	163000000	0.3519	-0.0767	0.0341	0	0.0629	0	1775	29.95	-0.08132	-0.007593	1760	958	0.5443	0.0625	1.085	1770	32.17	-0.04659	0.02102	1757	800	0.4553	0.0625	0.9079	1607	27.8	-0.1267	0.02071	1599	651	0.4071	0.06522	0.8118	0	0.2065
chr4	163000000	164000000	0.3684	-0.0242	0.0206	0	0.06	0	1349	30.53	-0.05347	-0.02689	1343	788	0.5867	0.06466	1.092	1463	32.55	-0.02992	-0.01752	1458	1061	0.7277	0.05882	1.354	1150	29.99	-0.01735	0.03778	1145	649	0.5668	0.06	1.055	-0.0217	0.1203
chr4	164000000	165000000	0.3742	-0.0556	0.0208	0	0.0612	0	1527	30.26	-0.0666	-0.00337	1512	854	0.5648	0.0641	0.9345	1745	31.98	-0.05511	-0.001824	1738	965	0.5552	0.05882	0.9187	1720	29.05	-0.06301	0.03281	1698	1002	0.5901	0.0625	0.9764	-0.04182	0.1375
chr4	165000000	166000000	0.3868	-0.033	0.0092	0	0.0597	0	1444	31.27	-0.01902	0.0139	1428	1024	0.7171	0.06174	1.026	1296	32.66	-0.02484	0.007605	1277	721	0.5646	0.05556	0.8075	1174	29.58	-0.03716	0.01481	1168	801	0.6858	0.06	0.9808	0.02203	0.1375
chr4	166000000	167000000	0.3509	-0.0928	0.0281	0	0.0613	0	1715	29.51	-0.1027	-0.01354	1689	717	0.4245	0.07143	0.8733	1652	31.61	-0.07212	0.01648	1634	776	0.4749	0.06098	0.977	1665	26.88	-0.1749	-0.0003724	1648	975	0.5916	0.06522	1.217	0	0.2451
chr4	167000000	168000000	0.355	-0.0804	0.0272	0	0.0644	0	1548	29.77	-0.09008	-0.01446	1527	828	0.5422	0.06522	0.985	1231	31.39	-0.08216	-0.01049	1211	497	0.4104	0.06	0.7455	1645	27.28	-0.1538	-0.007592	1621	937	0.578	0.06522	1.05	0.02697	0.1876
chr4	168000000	169000000	0.3836	-0.0052	0.0148	0	0.0613	0	953	31.84	0.00701	0.01464	940	630	0.6702	0.05882	0.9492	1284	32.83	-0.01765	-0.01535	1275	1106	0.8675	0.0633	1.229	1281	30.38	0.001559	0.03184	1275	897	0.7035	0.06667	0.9964	0	0.1323
chr4	169000000	170000000	0.3969	0.0412	0.0178	0	0.058	0	1274	32.56	0.03939	0.005606	1256	797	0.6346	0.05556	1.029	1235	34.23	0.04267	4.843e-05	1220	914	0.7492	0.05882	1.215	1255	31.94	0.07388	0.03486	1246	769	0.6172	0.0625	1.001	-0.02308	0.08746
chr4	170000000	171000000	0.3712	-0.0444	0.0161	0	0.06	0	1125	30.8	-0.04109	0.007993	1125	565	0.5022	0.06522	0.8274	1134	32.49	-0.03227	0.004319	1131	606	0.5358	0.06667	0.8827	1368	28.97	-0.06683	0.009609	1366	759	0.5556	0.06	0.9154	0	0.1864
chr4	171000000	172000000	0.3514	-0.0702	0.0189	0	0.0622	0	1496	30.04	-0.07689	-0.01441	1492	760	0.5094	0.0625	1.148	1211	31.77	-0.06477	-0.001577	1206	303	0.2512	0.06757	0.5662	1513	28.03	-0.1144	0.03253	1512	794	0.5251	0.06594	1.184	0	0.1993
chr4	172000000	173000000	0.3653	-0.0515	0.0163	0	0.0607	0	1477	31.01	-0.03093	0.0201	1475	897	0.6081	0.0625	1.287	1482	32.06	-0.05159	-0.004279	1478	683	0.4621	0.06098	0.978	1184	28.37	-0.09749	0.005043	1182	558	0.4721	0.06522	0.9991	0.04123	0.1864
chr4	173000000	174000000	0.3885	-0.0113	0.0202	0	0.0588	0	1374	30.75	-0.04344	-0.02037	1339	508	0.3794	0.06	0.6587	1318	33.08	-0.0064	0.001614	1290	409	0.3171	0.05882	0.5504	1479	30.13	-0.01028	0.01149	1461	905	0.6194	0.06757	1.075	-0.02554	0.1568
chr4	174000000	175000000	0.363	-0.0546	0.02	0	0.0625	0	1835	30.54	-0.05325	0.0005462	1828	1049	0.5739	0.0641	0.9697	1554	32.16	-0.04696	-0.0002457	1553	561	0.3612	0.05882	0.6104	1886	28.07	-0.1124	0.001065	1882	1080	0.5739	0.06522	0.9697	0	0.1986
chr4	175000000	176000000	0.3591	-0.0814	0.0328	0	0.0625	0	1185	30.14	-0.07244	0.01818	1181	329	0.2786	0.06	0.6336	1166	32.32	-0.04015	0.03628	1165	363	0.3116	0.0641	0.7086	1263	27.21	-0.1575	-0.01715	1261	562	0.4457	0.07143	1.014	0.02806	0.249
chr4	176000000	177000000	0.3674	-0.0555	0.024	0	0.0625	0	2096	30.86	-0.03833	0.02436	2088	1465	0.7016	0.0625	1.425	2077	33.12	-0.00456	0.04831	2069	1250	0.6042	0.06098	1.227	1873	29.15	-0.05788	0.04002	1866	955	0.5118	0.0625	1.039	0	0.1901
chr4	177000000	178000000	0.3719	-0.0737	0.0199	0	0.0625	0	1630	30.45	-0.05735	0.02104	1629	666	0.4088	0.0633	0.9134	1505	32.09	-0.05014	0.02029	1501	417	0.2778	0.0641	0.6207	1758	27.91	-0.121	-0.01914	1753	820	0.4678	0.06522	1.045	0.02018	0.1926
chr4	178000000	179000000	0.351	-0.1016	0.0353	0	0.0647	0	1622	29.69	-0.09386	0.002917	1616	1221	0.7556	0.0625	1.312	1537	31.49	-0.07767	0.01974	1527	811	0.5311	0.05882	0.9222	1546	26.5	-0.1957	-0.01917	1539	1021	0.6634	0.06667	1.152	0.02509	0.2666
chr4	179000000	180000000	0.3565	-0.0952	0.0411	0	0.0616	0	2217	30.06	-0.07593	0.01791	2209	1184	0.536	0.0625	0.9265	2176	32.2	-0.0455	0.04289	2159	1310	0.6068	0.05882	1.049	2197	26.62	-0.1891	-0.02531	2184	1072	0.4908	0.06667	0.8485	0.026	0.263
chr4	180000000	181000000	0.3626	-0.098	0.0474	0	0.0639	0	2093	29.78	-0.08967	0.007402	2076	977	0.4706	0.06522	0.963	2381	31.8	-0.06362	0.02494	2350	1361	0.5791	0.06098	1.185	1942	27.22	-0.1568	-0.0005296	1925	795	0.413	0.06667	0.8451	0.02203	0.237
chr4	181000000	182000000	0.3802	-0.1019	0.0372	0	0.0625	0	1879	30.53	-0.05359	0.05272	1853	938	0.5062	0.0625	0.864	2023	31.34	-0.08437	0.01375	2009	1373	0.6834	0.0625	1.166	1939	26.51	-0.1948	-0.06686	1907	986	0.517	0.06667	0.8825	0.07039	0.2451
chr4	182000000	183000000	0.4034	-0.0352	0.0324	0	0.0625	0	1622	30.81	-0.04053	0.001797	1605	897	0.5589	0.0641	0.9826	1570	32.54	-0.03031	0.009296	1551	886	0.5712	0.0625	1.004	1645	29.05	-0.06289	-0.02963	1628	905	0.5559	0.0625	0.9773	0	0.1605
chr4	183000000	184000000	0.4253	0.014	0.0219	0	0.0605	0	1906	31.95	0.0119	-0.009524	1873	1132	0.6044	0.0625	1.053	1780	32.96	-0.01179	-0.01991	1751	913	0.5214	0.05882	0.9084	1992	30.71	0.01725	-0.02105	1948	1104	0.5667	0.0625	0.9873	-0.02048	0.07497
chr4	184000000	185000000	0.4367	0.0866	0.0158	0	0.0587	0	2131	33.28	0.07094	-0.02684	2100	1343	0.6395	0.06	1.094	2147	35.35	0.08913	0.006191	2132	1429	0.6703	0.06	1.147	1898	33.66	0.1496	0.03611	1863	1014	0.5443	0.0625	0.9312	-0.05445	0.04182
chr4	185000000	186000000	0.4104	0.0407	0.0151	0	0.06	0	2034	32.69	0.04489	0	2020	1305	0.646	0.05882	1.047	1904	33.53	0.01318	-0.02556	1878	971	0.517	0.06	0.8381	1941	31.21	0.04037	-0.0128	1923	1398	0.727	0.06098	1.178	0	0.105
chr4	186000000	187000000	0.4187	-0.0814	0.028	0	0.0659	0	2379	30.72	-0.04464	0.03307	2179	1151	0.5282	0.0625	0.9488	2413	31.49	-0.07768	0.007923	2214	1285	0.5804	0.06	1.043	2299	27.5	-0.1419	-0.06777	2097	1138	0.5427	0.0625	0.9748	0.0614	0.1605
chr4	187000000	188000000	0.3898	-0.0846	0.0242	0	0.0641	0	1748	30.59	-0.05103	0.03923	1740	1010	0.5805	0.06667	1.102	1691	30.8	-0.1093	-0.02429	1672	823	0.4922	0.06757	0.9344	1263	26.82	-0.1785	-0.09	1247	373	0.2991	0.0625	0.5678	0.07943	0.1864
chr4	188000000	189000000	0.4006	-0.1066	0.013	0	0.0605	0	2766	30.43	-0.05853	0.05295	2695	1862	0.6909	0.06594	1.008	3038	30.72	-0.1133	-0.007	2971	1872	0.6301	0.05882	0.9192	2710	26.94	-0.1717	-0.07956	2632	1791	0.6805	0.06522	0.9927	0.06562	0.1926
chr4	189000000	190000000	0.4053	-0.1362	0.0323	0	0.0659	0	3271	29.54	-0.1012	0.04034	2953	1848	0.6258	0.06667	1.135	3170	30.23	-0.1365	0.003189	2862	1719	0.6006	0.0625	1.09	2905	26.76	-0.1813	-0.05242	2558	1123	0.439	0.06757	0.7965	0.03171	0.1864
chr4	190000000	190214555	0.4951	0.3402	0.1067	1	0.119	1	611	45.29	0.5154	NA	377	159	0.4218	NA	0.7515	591	47.88	0.5269	NA	358	132	0.3687	NA	0.657	594	37.81	0.3173	NA	381	203	0.5328	NA	0.9494	0.115	0.1027
chr5	0	1000000	0.518	0.0008	0.0606	0	0.0647	0	2369	34.97	0.1423	0.08618	2028	1487	0.7332	0.07895	1.109	2389	34.46	0.05264	0.0681	2049	1348	0.6579	0.06712	0.995	2502	32.71	0.108	0.0366	2125	1453	0.6838	0.07692	1.034	0.0581	0.04891
chr5	1000000	2000000	0.5365	0.1065	0.0502	0	0.0597	0	2363	35.29	0.1554	-0.004304	2169	1541	0.7105	0.06	1.112	2215	34.77	0.06548	-0.02512	2001	1216	0.6077	0.06	0.951	2161	33.41	0.1388	-0.03908	1990	1415	0.7111	0.0641	1.113	0.06319	0.04182
chr5	2000000	3000000	0.4515	0.0051	0.0299	0	0.06	0	2069	32.19	0.02269	0.002166	2037	1421	0.6976	0.05882	1.022	2197	32.36	-0.0382	-0.03969	2156	1674	0.7764	0.06	1.138	2034	29.71	-0.03069	-0.05467	1993	1316	0.6603	0.06125	0.9678	0.06871	0.1203
chr5	3000000	4000000	0.4405	-0.0434	0.0158	0	0.0625	0	2383	31.69	0.0002268	0.0328	2357	1340	0.5685	0.05882	1.015	2409	32.04	-0.05276	-0.001982	2376	1503	0.6326	0.06098	1.13	2499	27.9	-0.1211	-0.09754	2473	1268	0.5127	0.06466	0.9158	0.09558	0.2035
chr5	4000000	5000000	0.3999	-0.0659	0.0207	0	0.0625	0	1576	30.96	-0.03344	0.03769	1544	860	0.557	0.05882	1.105	1414	32.29	-0.04128	0.02617	1412	611	0.4327	0.05882	0.8586	1514	27.5	-0.1424	-0.0758	1488	753	0.506	0.07143	1.004	0.02272	0.2253
chr5	5000000	6000000	0.4195	-0.0173	0.0212	0	0.061	0	1907	32.41	0.0325	0.04509	1899	1066	0.5613	0.0625	0.9334	1918	33.51	0.01197	0.03481	1912	1088	0.569	0.06098	0.9462	2042	29.67	-0.03278	-0.01388	2021	1081	0.5349	0.0641	0.8894	0.02237	0.1699
chr5	6000000	7000000	0.4408	0.0161	0.0204	0	0.0588	0	1583	32.55	0.03868	0.01462	1564	869	0.5556	0.05882	0.9225	1703	33.46	0.01005	0.002486	1690	1046	0.6189	0.05814	1.028	1752	30.65	0.01442	-0.02147	1720	1163	0.6762	0.06	1.123	0.02509	0.1375
chr5	7000000	8000000	0.4057	-0.0473	0.0266	0	0.0625	0	1776	30.87	-0.03783	0.01082	1757	1247	0.7097	0.0625	1.119	1557	32.57	-0.02905	0.02129	1531	922	0.6022	0.0641	0.9499	1930	28.57	-0.08703	-0.04007	1904	1330	0.6985	0.06667	1.102	-0.01886	0.1829
chr5	8000000	9000000	0.3852	-0.0711	0.0245	0	0.0605	0	2297	31.14	-0.02495	0.0534	2296	1719	0.7487	0.06	1.209	2221	32.14	-0.04803	0.02286	2218	1716	0.7737	0.06	1.249	1859	28.25	-0.1031	-0.008668	1856	929	0.5005	0.06667	0.8082	0.04731	0.1926
chr5	9000000	10000000	0.4044	-0.0199	0.0189	0	0.0612	0	1562	31.51	-0.007849	0.0177	1554	923	0.594	0.05882	1.023	1750	33.09	-0.006158	0.01898	1740	1157	0.6649	0.0625	1.145	1566	29.74	-0.02919	-0.02184	1555	914	0.5878	0.0625	1.012	0	0.1605
chr5	10000000	11000000	0.4411	0.0593	0.0079	0	0.0588	0	1609	33.18	0.06629	0	1591	866	0.5443	0.06098	1.002	1463	34.66	0.06063	0.009537	1451	754	0.5196	0.05556	0.957	1660	32.59	0.103	0.02383	1645	1142	0.6942	0.05814	1.278	-0.02385	0.078
chr5	11000000	12000000	0.3903	-0.0288	0.034	0	0.06	0	1076	31.07	-0.02852	0.0001328	1073	520	0.4846	0.0625	0.9077	1203	32.35	-0.03856	-0.004021	1191	661	0.555	0.0625	1.04	1303	28.54	-0.08842	-0.04069	1289	846	0.6563	0.07143	1.229	0.02346	0.1993
chr5	12000000	13000000	0.3561	-0.0897	0.0125	0	0.0617	0	1270	29.65	-0.09574	-0.01067	1253	665	0.5307	0.06	0.9571	869	31.43	-0.0803	0.002373	859	126	0.1467	0.05556	0.2645	1368	26.52	-0.1946	-0.02946	1350	605	0.4481	0.06667	0.8082	0.04373	0.2553
chr5	13000000	14000000	0.381	-0.0304	0.0188	0	0.0588	0	1420	30.51	-0.05441	-0.01759	1412	740	0.5241	0.05882	0.8349	1385	32.46	-0.03375	-0.008785	1378	625	0.4536	0.05882	0.7226	1307	28.86	-0.07261	-0.03332	1301	721	0.5542	0.06	0.8829	0.01963	0.1699
chr5	14000000	15000000	0.432	0.0427	0.0204	0	0.0566	0	1117	33.24	0.06923	0.0167	1107	690	0.6233	0.05882	0.9853	1143	34.21	0.04183	0.006218	1128	719	0.6374	0.05556	1.008	1232	31.95	0.07414	0.00513	1225	877	0.7159	0.06667	1.132	0	0.09311
chr5	15000000	16000000	0.3924	-0.0408	0.0197	0	0.0615	0	1138	30.09	-0.07464	-0.01446	1122	784	0.6988	0.06667	1.028	1036	32.09	-0.05047	-0.007784	1022	362	0.3542	0.0695	0.5211	1061	27.76	-0.1287	-0.09123	1051	641	0.6099	0.0625	0.8973	0	0.2149
chr5	16000000	17000000	0.4197	-0.0399	0.0277	0	0.06	0	1530	31.57	-0.005143	0.03167	1522	1005	0.6603	0.06522	1.083	1326	31.91	-0.05858	-0.01267	1322	820	0.6203	0.0625	1.017	1586	28.55	-0.08789	-0.05065	1578	765	0.4848	0.06667	0.7949	0.05063	0.1575
chr5	17000000	18000000	0.4077	-0.0781	0.037	0	0.0625	0	1725	30.97	-0.03288	0.04473	1614	940	0.5824	0.06	1.151	1687	30.88	-0.1058	-0.02714	1580	912	0.5772	0.06	1.141	1596	27.64	-0.1349	-0.06092	1490	810	0.5436	0.06667	1.075	0.07155	0.1468
chr5	18000000	19000000	0.3564	-0.0752	0.0229	0	0.0594	0	1373	30.11	-0.07345	-0.001205	1365	761	0.5575	0.06	0.874	1971	31.72	-0.06712	0.001747	1964	1483	0.7551	0.0625	1.184	1493	27.48	-0.143	0.004613	1484	959	0.6462	0.06667	1.013	0	0.2016
chr5	19000000	20000000	0.3497	-0.1087	0.0245	0	0.0625	0	1660	29.45	-0.1057	0	1645	1118	0.6796	0.06667	1.161	1881	31.16	-0.09274	0.01021	1862	1358	0.7293	0.0625	1.246	1547	26.36	-0.2031	-0.009702	1531	732	0.4781	0.07143	0.817	0	0.2224
chr5	20000000	21000000	0.3515	-0.0887	0.0302	0	0.0637	0	1495	29.85	-0.08623	-0.005251	1487	572	0.3847	0.0641	0.7838	1803	31.17	-0.09247	-0.01077	1792	1257	0.7015	0.06	1.429	1536	27.12	-0.162	0.005658	1519	601	0.3957	0.07143	0.8061	0.04731	0.2224
chr5	21000000	22000000	0.3565	-0.0893	0.0255	0	0.0641	0	1074	29.93	-0.0822	0.005731	1059	226	0.2134	0.07143	0.5407	1208	31.57	-0.0737	0.008791	1194	416	0.3484	0.05685	0.8827	1341	26.92	-0.173	-0.01505	1320	701	0.5311	0.06522	1.345	0.03509	0.2494
chr5	22000000	23000000	0.354	-0.1097	0.0414	0	0.0633	0	1248	29.8	-0.08838	0.02217	1246	701	0.5626	0.07143	0.8811	1101	31.61	-0.07188	0.02599	1099	609	0.5541	0.05556	0.8679	1190	25.99	-0.2236	-0.04454	1187	700	0.5897	0.06667	0.9236	0.04977	0.273
chr5	23000000	24000000	0.3545	-0.0958	0.0503	0	0.06	0	1447	30.26	-0.06641	0.0284	1440	827	0.5743	0.0625	1.016	1855	31.81	-0.06295	0.02276	1851	1198	0.6472	0.0625	1.145	1557	26.59	-0.1909	-0.02677	1545	642	0.4155	0.0625	0.7353	0.03847	0.2313
chr5	24000000	25000000	0.351	-0.1133	0.0394	0	0.0633	0	1380	29.75	-0.09123	0.01725	1377	967	0.7023	0.0625	1.068	1585	30.65	-0.1165	-0.007366	1576	1091	0.6923	0.0625	1.053	1349	26.39	-0.2014	-0.0131	1342	964	0.7183	0.06522	1.093	0.0651	0.237
chr5	25000000	26000000	0.3491	-0.1021	0.0521	0	0.0625	0	1415	30.18	-0.07022	0.0293	1411	774	0.5485	0.06	0.8191	1730	31.37	-0.08285	0.01595	1726	1276	0.7393	0.0625	1.104	1535	26.33	-0.2048	-0.02098	1527	1031	0.6752	0.07143	1.008	0.04891	0.2313
chr5	26000000	27000000	0.3493	-0.1133	0.0359	0	0.0625	0	1233	30.21	-0.06883	0.04223	1225	595	0.4857	0.0625	0.8046	1542	31.15	-0.09331	0.01529	1534	987	0.6434	0.0641	1.066	1573	26.3	-0.2064	-0.01141	1560	950	0.609	0.06667	1.009	0.05063	0.2483
chr5	27000000	28000000	0.3449	-0.0931	0.0297	0	0.0607	0	1302	30.17	-0.07095	0.02135	1298	561	0.4322	0.06667	0.6422	1301	31.45	-0.07948	-0.00419	1292	855	0.6618	0.0625	0.9833	1482	26.3	-0.2065	-0.02918	1470	977	0.6646	0.06522	0.9876	0.04891	0.2666
chr5	28000000	29000000	0.3489	-0.0945	0.0275	0	0.0615	0	1304	29.81	-0.08809	0.002784	1298	387	0.2982	0.06667	0.6053	1446	31.16	-0.09275	-0.001991	1432	851	0.5943	0.0641	1.206	1522	26.35	-0.2037	-0.02494	1510	717	0.4748	0.06757	0.9639	0.04977	0.2538
chr5	29000000	30000000	0.3466	-0.1073	0.0202	0	0.0633	0	2100	29.23	-0.1165	-0.01641	2084	1434	0.6881	0.06667	1.14	2349	30.81	-0.109	-0.01312	2336	1910	0.8176	0.0625	1.354	2584	26.54	-0.1935	-0.001603	2566	1946	0.7584	0.06757	1.256	0.04891	0.2515
chr5	30000000	31000000	0.3563	-0.0916	0.0195	0	0.0652	0	1868	29.97	-0.08051	0.006493	1856	1239	0.6676	0.0625	1.184	1790	31.05	-0.09802	-0.01226	1772	1364	0.7698	0.0641	1.366	1537	26.88	-0.1753	-0.00725	1525	877	0.5751	0.06522	1.02	0.03747	0.2141
chr5	31000000	32000000	0.417	0.0045	0.0226	0	0.061	0	1558	31.92	0.01072	0.003063	1549	791	0.5107	0.06098	0.7768	1607	32.8	-0.01875	-0.01356	1603	861	0.5371	0.0625	0.817	1724	30.06	-0.01391	-0.02757	1718	938	0.546	0.0625	0.8305	0	0.1186
chr5	32000000	33000000	0.422	0.0269	0.0125	0	0.0594	0	1439	32.33	0.02917	0.001392	1423	698	0.4905	0.05882	0.7431	1541	33.71	0.02083	-0.003172	1528	1086	0.7107	0.06098	1.077	1385	31.81	0.0677	0.01369	1364	928	0.6804	0.0625	1.031	-0.03562	0.09311
chr5	33000000	34000000	0.3961	0	0.0084	0	0.0588	0	1207	31.54	-0.006859	0.003273	1200	195	0.1625	0.05814	0.3322	1319	33.55	0.01407	0.01265	1311	401	0.3059	0.05556	0.6253	1320	30.82	0.02241	0.01933	1317	481	0.3652	0.05556	0.7466	-0.03562	0.122
chr5	34000000	35000000	0.3989	-0.0016	0.0192	0	0.0605	0	1838	31.44	-0.01115	-0.008677	1807	625	0.3459	0.05814	0.6806	2122	34.38	0.04921	0.04785	2075	1342	0.6467	0.06049	1.273	2302	30.71	0.01709	0.0151	2271	1340	0.59	0.0625	1.161	-0.05658	0.1468
chr5	35000000	36000000	0.3924	-0.0057	0.0116	0	0.06	0	1174	30.65	-0.04779	-0.02271	1160	531	0.4578	0.06757	0.9102	1273	33.8	0.02457	0.03216	1262	607	0.481	0.06	0.9564	1399	29.61	-0.03553	-0.03317	1387	872	0.6287	0.0625	1.25	-0.04731	0.1651
chr5	36000000	37000000	0.3887	0.0077	0.0181	0	0.0588	0	1264	31.61	-0.003599	0.001311	1257	861	0.685	0.0641	1.114	1211	33.61	0.01624	0.005563	1208	653	0.5406	0.05814	0.879	1087	30.12	-0.0107	-0.01016	1085	626	0.577	0.06667	0.9381	0	0.1806
chr5	37000000	38000000	0.4008	0.0174	0.0142	0	0.0588	0	1158	31.92	0.01056	-0.004907	1144	892	0.7797	0.06098	1.092	1179	33.66	0.01853	0.0008144	1170	927	0.7923	0.0625	1.109	1036	31.23	0.04117	0.007978	1029	472	0.4587	0.05882	0.6422	-0.02308	0.152
chr5	38000000	39000000	0.4081	-0.0135	0.0087	0	0.0617	0	1245	31.39	-0.01372	0.001816	1238	798	0.6446	0.0641	1.012	1133	32.85	-0.01635	-0.00319	1131	633	0.5597	0.06	0.879	1247	29.47	-0.04217	-0.03544	1238	861	0.6955	0.0625	1.092	0	0.1481
chr5	39000000	40000000	0.3747	-0.0485	0.0167	0	0.0617	0	1435	30.85	-0.03882	0.01791	1416	858	0.6059	0.05882	1.039	1390	32.69	-0.02368	0.02128	1367	661	0.4835	0.0625	0.8288	1575	28.76	-0.07772	0.003395	1560	978	0.6269	0.07143	1.075	-0.02046	0.2224
chr5	40000000	41000000	0.3835	-0.0236	0.0207	0	0.0625	0	1850	31.02	-0.03074	-0.002145	1846	1134	0.6143	0.0625	1.01	1723	33.36	0.005644	0.02818	1718	806	0.4692	0.0625	0.7712	2014	30.01	-0.01637	0.03222	2007	1660	0.8271	0.06098	1.36	-0.04182	0.1541
chr5	41000000	42000000	0.3756	-0.0259	0.0288	0	0.0625	0	1217	30.37	-0.0614	-0.033	1212	941	0.7764	0.0641	1.096	1031	33.16	-0.002938	0.01984	1023	527	0.5152	0.05556	0.7271	861	28.79	-0.07618	-0.007637	857	620	0.7235	0.06667	1.021	-0.0458	0.1993
chr5	42000000	43000000	0.3836	0.0135	0.0281	0	0.0617	0	1168	31.33	-0.01612	-0.02719	1162	506	0.4355	0.05556	0.6243	1229	33.67	0.01906	0.002668	1225	838	0.6841	0.0641	0.9808	1169	29.91	-0.02103	-0.00945	1162	691	0.5947	0.06522	0.8526	-0.02385	0.1751
chr5	43000000	44000000	0.4028	0.027	0.0143	0	0.0616	0	886	31.85	0.007307	-0.01269	863	217	0.2514	0.06098	0.4414	837	34.22	0.04233	0.01811	826	188	0.2276	0.05172	0.3996	858	31.85	0.06954	0.04179	844	451	0.5344	0.0625	0.9381	-0.05515	0.1013
chr5	44000000	45000000	0.3641	-0.0526	0.0226	0	0.0617	0	1079	30.37	-0.06125	0	1075	768	0.7144	0.0625	1.045	1036	31.61	-0.07203	-0.02889	1036	932	0.8996	0.0625	1.316	1223	28.19	-0.1065	-0.001516	1213	1060	0.8739	0.0625	1.278	0	0.1575
chr5	45000000	46000000	0.3571	-0.1098	0.0553	0	0.0647	0	738	29.27	-0.1143	-0.007485	735	379	0.5156	0.05882	0.621	594	31.04	-0.09823	0.004555	588	241	0.4099	0.07143	0.4936	689	27.01	-0.1679	0.01358	687	632	0.9199	0.06522	1.108	0.04977	0.1926
chr5	46000000	47000000	0.3765	-0.7201	0.1143	1	0.0667	0	2012	18.14	-0.8046	NA	1111	185	0.1665	0.09091	0.2196	2056	19.17	-0.7935	NA	1137	213	0.1873	0.1	0.2471	2617	18.25	-0.734	NA	1585	1300	0.8202	0.07143	1.082	0.0458	0.3206
chr5	47000000	48000000	0.3893	-1.302	0.2465	1	0.118	1	776	10.27	-1.625	NA	218	78	0.3578	NA	0.6898	746	10.54	-1.657	NA	209	75	0.3589	NA	0.6918	1138	12.13	-1.323	NA	394	242	0.6142	NA	1.184	0.05247	0.1813
chr5	48000000	49000000	0.3921	NA	NA	1	NA	0	0	NA	NA	NA	0	0	NA	NA	NA	0	NA	NA	NA	0	0	NA	NA	NA	0	NA	NA	NA	0	0	NA	NA	NA	NA	NA
chr5	49000000	50000000	0.3927	-1.591	0.128	1	0.1238	1	2516	10.06	-1.655	NA	726	292	0.4022	NA	0.9382	2626	10.14	-1.712	NA	798	293	0.3672	NA	0.8565	2806	9.922	-1.613	NA	797	412	0.5169	NA	1.206	-0.04439	0.1926
chr5	50000000	51000000	0.3749	-0.1424	0.0153	0	0.0667	0	1553	27.92	-0.1824	-0.03157	1180	274	0.2322	0.06757	0.3242	1565	29.53	-0.1704	-0.0285	1169	262	0.2241	0.06981	0.3129	2258	27.73	-0.1303	0.05326	1796	1344	0.7483	0.06667	1.045	0	0.1186
chr5	51000000	52000000	0.3554	-0.0831	0.0239	0	0.0625	0	996	29.88	-0.08456	-0.007526	993	614	0.6183	0.0625	0.9488	1126	30.86	-0.1069	-0.03087	1123	672	0.5984	0.06	0.9182	1234	27.62	-0.1358	0.02073	1231	835	0.6783	0.07143	1.041	0.04123	0.1725
chr5	52000000	53000000	0.359	-0.077	0.0208	0	0.0611	0	1489	29.9	-0.08393	0	1484	834	0.562	0.0625	0.8678	1296	32.07	-0.05131	0.02331	1284	669	0.521	0.05556	0.8046	1447	28.54	-0.08882	0.05016	1437	583	0.4057	0.06667	0.6265	0.02272	0.1806
chr5	53000000	54000000	0.3865	-0.0414	0.0156	0	0.06	0	1538	30.82	-0.04	0.001204	1534	1209	0.7881	0.0625	1.116	1313	32.45	-0.03429	0.01058	1309	576	0.44	0.06	0.6233	1526	29.16	-0.05765	0.005367	1525	1175	0.7705	0.0625	1.091	0	0.1575
chr5	54000000	55000000	0.403	-0.016	0.0226	0	0.0605	0	2042	31.13	-0.02552	-0.004726	2038	1193	0.5854	0.06522	1.012	1938	32.51	-0.03144	-0.01103	1934	1067	0.5517	0.05882	0.9542	1971	29.32	-0.04975	-0.03569	1965	1103	0.5613	0.06	0.9708	0	0.1575
chr5	55000000	56000000	0.3971	0.0367	0.0177	0	0.0564	0	1339	32.34	0.02929	0.002718	1334	796	0.5967	0.0625	0.9736	1240	34.5	0.05409	0.01586	1236	177	0.1432	0.06522	0.2336	1200	31.77	0.06616	0.02995	1198	752	0.6277	0.05882	1.024	-0.04307	0.1186
chr5	56000000	57000000	0.4136	0.0438	0.0164	0	0.0599	0	1161	32.49	0.03633	-0.006417	1159	693	0.5979	0.0625	0.833	1162	34.43	0.05109	0.01272	1161	819	0.7054	0.05556	0.9828	1237	31.97	0.07488	0.03144	1234	711	0.5762	0.0625	0.8027	-0.02385	0.1031
chr5	57000000	58000000	0.3969	-0.0264	0.016	0	0.0621	0	1320	31	-0.03162	0.002198	1311	720	0.5492	0.05882	1.049	1246	32.53	-0.03071	-0.00573	1243	782	0.6291	0.05882	1.202	1401	29.41	-0.04523	-0.01666	1399	633	0.4525	0.07143	0.8646	-0.02046	0.1468
chr5	58000000	59000000	0.3827	-0.0478	0.0235	0	0.0614	0	1485	30.66	-0.04763	0.007545	1481	1039	0.7016	0.0625	1.019	1549	32.33	-0.03959	0.0106	1542	823	0.5337	0.05882	0.7755	1511	28.53	-0.08906	-0.02687	1502	1107	0.737	0.06	1.071	0.02272	0.1806
chr5	59000000	60000000	0.3731	-0.0499	0.0064	0	0.0625	0	930	30.56	-0.05211	0.006627	927	675	0.7282	0.06522	1.038	1089	32.24	-0.04341	0.004998	1084	887	0.8183	0.0625	1.166	965	29.26	-0.0529	0.0292	959	718	0.7487	0.07143	1.067	0	0.122
chr5	60000000	61000000	0.3816	-0.0006	0.0209	0	0.0588	0	779	30.44	-0.05785	-0.04271	774	278	0.3592	0.05719	0.5009	774	33.07	-0.006891	-0.008175	771	299	0.3878	0.06	0.5408	983	30.56	0.01012	0.01463	978	503	0.5143	0.05556	0.7172	-0.06511	0.09165
chr5	61000000	62000000	0.3992	-0.0005	0.0146	0	0.06	0	856	31.02	-0.03071	-0.02992	844	392	0.4645	0.05882	0.8807	915	32.79	-0.01909	-0.02171	899	455	0.5061	0.0625	0.9596	577	29.88	-0.02248	-0.02952	571	96	0.1681	0.06522	0.3188	-0.02385	0.122
chr5	62000000	63000000	0.3968	0.0117	0.0196	0	0.0621	0	1324	31.36	-0.01505	-0.01588	1317	939	0.713	0.06667	0.9907	1265	33.04	-0.008257	-0.02138	1250	892	0.7136	0.05882	0.9915	1332	31.12	0.03635	0.01499	1323	1052	0.7952	0.05882	1.105	-0.0217	0.08246
chr5	63000000	64000000	0.364	-0.0543	0.0273	0	0.0608	0	1431	30.02	-0.07775	-0.01462	1429	833	0.5829	0.06	0.8645	1362	31.95	-0.05658	-0.01086	1360	960	0.7059	0.06	1.047	1410	28.16	-0.1079	6.837e-05	1407	912	0.6482	0.06667	0.9613	-0.02554	0.2191
chr5	64000000	65000000	0.3724	-0.0163	0.0256	0	0.0625	0	640	30.56	-0.05237	-0.03053	623	299	0.4799	0.05882	0.6598	984	32.45	-0.03426	-0.01777	974	817	0.8388	0.0641	1.153	621	30.78	0.02039	0.06705	611	200	0.3273	0.05941	0.45	-0.06228	0.1069
chr5	65000000	66000000	0.383	0.0246	0.0201	0	0.06	0	1372	31.78	0.004416	-0.01609	1361	745	0.5474	0.06522	0.8668	1440	33.73	0.02165	-0.002585	1436	842	0.5864	0.06049	0.9285	1146	31.83	0.06897	0.06185	1144	654	0.5717	0.0625	0.9053	-0.04655	0.105
chr5	66000000	67000000	0.3928	0.0163	0.0272	0	0.0602	0	1107	31.12	-0.0261	-0.02553	1105	642	0.581	0.06098	0.8811	1190	33.48	0.01075	-0.005723	1184	770	0.6503	0.05882	0.9863	1090	30.88	0.0251	-0.001787	1088	812	0.7463	0.0625	1.132	-0.05811	0.1155
chr5	67000000	68000000	0.3858	-0.0198	0.0108	0	0.0588	0	1294	30.44	-0.05812	-0.0384	1290	872	0.676	0.0625	0.8848	1379	32.75	-0.02078	0.0006027	1374	1003	0.73	0.05556	0.9555	1241	29.99	-0.01729	0.02898	1237	984	0.7955	0.06174	1.041	-0.04064	0.1255
chr5	68000000	69000000	0.4024	0.0207	0.0156	0	0.0602	0	1322	31.34	-0.01599	-0.02731	1312	965	0.7355	0.05814	1.163	1278	33.45	0.009691	-0.006599	1267	784	0.6188	0.06098	0.9788	1178	31.03	0.03191	0.009782	1168	898	0.7688	0.06667	1.216	-0.06054	0.1274
chr5	69000000	70000000	0.4042	-0.0457	0.0708	0	0.0599	0	894	32.72	0.04626	0.09761	852	313	0.3674	0.05882	0.6887	1067	33.32	0.004133	0.05287	1017	677	0.6657	0.05556	1.248	867	30.46	0.005245	0.03892	782	192	0.2455	0.06522	0.4603	0	0.07508
chr5	70000000	71000000	0.3865	-1.167	0.2834	1	0.0923	1	545	19.99	-0.6645	NA	292	35	0.1199	NA	1.206	639	18.43	-0.8505	NA	326	56	0.1718	NA	1.728	731	16.72	-0.8597	NA	317	93	0.2934	NA	2.951	0.2603	0.3161
chr5	71000000	72000000	0.3973	-0.1064	0.0405	0	0.063	0	964	31.49	-0.009164	0.1069	891	535	0.6004	0.06667	1.088	975	30.95	-0.1024	0.002516	816	241	0.2953	0.07143	0.535	1080	29.28	-0.0515	0.05185	925	634	0.6854	0.0633	1.242	0	0.1031
chr5	72000000	73000000	0.404	0.0263	0.0138	0	0.0572	0	1059	32.08	0.01793	-0.003035	1059	827	0.7809	0.06757	1.089	927	34.17	0.04015	0.01528	927	730	0.7875	0.05556	1.098	986	31.37	0.04762	0.009296	985	643	0.6528	0.05556	0.9103	-0.02046	0.1293
chr5	73000000	74000000	0.4094	0.0077	0.0203	0	0.0588	0	1259	32.41	0.03242	0.02134	1258	956	0.7599	0.05882	1.022	1511	34.31	0.04626	0.03427	1510	1090	0.7219	0.0641	0.971	1299	30.18	-0.007931	-0.01741	1299	1134	0.873	0.06522	1.174	0	0.1575
chr5	74000000	75000000	0.408	-0.0115	0.0215	0	0.0572	0	1295	32.55	0.03898	0.05205	1293	954	0.7378	0.0625	1.076	1120	34.76	0.06493	0.0761	1119	676	0.6041	0.05172	0.8809	1226	30.16	-0.008894	-0.004593	1218	954	0.7833	0.0625	1.142	0	0.1979
chr5	75000000	76000000	0.3875	0.0027	0.012	0	0.0577	0	605	31.19	-0.02267	-0.01809	603	518	0.859	0.05848	1.031	253	34.4	0.0499	0.04273	251	120	0.4781	0.05941	0.5737	900	30.95	0.0285	0.04584	894	735	0.8221	0.05556	0.9865	-0.09834	0.09321
chr5	76000000	77000000	0.4182	0.0255	0.013	0	0.0588	0	1502	32.38	0.03128	0.002498	1483	715	0.4821	0.0625	0.7395	1550	34.39	0.04942	0.02895	1542	990	0.642	0.06	0.9847	1660	31.7	0.06295	0.03289	1653	948	0.5735	0.06174	0.8796	-0.02466	0.1069
chr5	77000000	78000000	0.4035	0.023	0.0151	0	0.06	0	1309	32.13	0.02008	0.004204	1299	730	0.562	0.0625	0.7262	1255	34.29	0.04554	0.02584	1249	929	0.7438	0.05882	0.9611	1272	30.31	-0.001932	-0.02688	1261	1006	0.7978	0.06667	1.031	0	0.1699
chr5	78000000	79000000	0.3983	0.0483	0.0101	0	0.0591	0	1729	32.42	0.03294	-0.01449	1719	1298	0.7551	0.06098	1.134	1550	34.33	0.04716	-0.004257	1537	844	0.5491	0.05685	0.8249	1341	32.67	0.1066	0.05334	1339	901	0.6729	0.06098	1.011	-0.04182	0.07215
chr5	79000000	80000000	0.404	0.0243	0.0155	0	0.0588	0	1173	31.98	0.01348	-0.005485	1141	798	0.6994	0.0625	0.9059	1140	33.26	0.001285	-0.02159	1126	921	0.8179	0.05882	1.06	990	31.08	0.03441	-0.001907	956	596	0.6234	0.06522	0.8076	0.02801	0.09321
chr5	80000000	81000000	0.4098	0.0067	0.0169	0	0.06	0	1221	32.53	0.03768	0.0282	1209	683	0.5649	0.0625	0.8258	917	33.69	0.02001	0.009335	911	194	0.213	0.06174	0.3113	1303	30.86	0.02416	0.01569	1293	789	0.6102	0.06	0.892	0.02076	0.1255
chr5	81000000	82000000	0.3921	0.018	0.0206	0	0.0612	0	1109	31.42	-0.012	-0.01432	1104	901	0.8161	0.0625	1.072	716	33.69	0.0198	0.004506	711	467	0.6568	0.0625	0.8624	1190	31.11	0.03586	0.01926	1182	907	0.7673	0.0625	1.008	-0.039	0.122
chr5	82000000	83000000	0.3853	-0.0175	0.0136	0	0.0615	0	1225	31.39	-0.01368	0.0134	1209	784	0.6485	0.06	1.001	1285	32.79	-0.01908	-0.001793	1277	968	0.758	0.06	1.171	1296	29.07	-0.06211	-0.02623	1283	837	0.6524	0.06522	1.008	0.02915	0.1806
chr5	83000000	84000000	0.3649	-0.0337	0.0225	0	0.0605	0	623	30.97	-0.03323	0.002648	622	353	0.5675	0.06	0.735	1039	33	-0.01005	0.01765	1039	834	0.8027	0.05882	1.04	912	29.59	-0.03662	0.04477	912	640	0.7018	0.0641	0.9089	-0.04064	0.1806
chr5	84000000	85000000	0.3515	-0.0971	0.028	0	0.0629	0	1113	29.75	-0.09076	-0.001379	1107	397	0.3586	0.0625	0.6002	1456	31.16	-0.09291	-0.00281	1453	935	0.6435	0.05882	1.077	1172	26.42	-0.1997	-0.02366	1163	388	0.3336	0.07143	0.5584	0.05479	0.2451
chr5	85000000	86000000	0.3427	-0.0956	0.0229	0	0.0633	0	2066	29.74	-0.09131	0.003336	2052	1511	0.7364	0.06667	1.022	1751	31	-0.1	-0.02321	1745	1624	0.9307	0.05882	1.292	2070	26.5	-0.1958	-0.006772	2047	1144	0.5589	0.06522	0.7758	0.05445	0.237
chr5	86000000	87000000	0.3544	-0.0492	0.0195	0	0.0625	0	1223	30.06	-0.07611	-0.0279	1212	923	0.7616	0.0625	1.254	1267	31.87	-0.06031	-0.0212	1263	870	0.6888	0.06594	1.134	1169	28.68	-0.08157	0.04081	1158	429	0.3705	0.0641	0.6098	0	0.1562
chr5	87000000	88000000	0.3652	-0.0066	0.0333	0	0.0617	0	928	30.61	-0.04974	-0.04255	921	754	0.8187	0.0625	1.402	764	33.22	-0.0006055	0.00184	761	537	0.7057	0.0625	1.209	947	30.26	-0.004278	0.05531	943	605	0.6416	0.05882	1.099	-0.04731	0.1255
chr5	88000000	89000000	0.3702	0.0014	0.0326	0	0.06	0	943	31.17	-0.02376	-0.02529	939	719	0.7657	0.0625	1.45	686	33.16	-0.003103	-0.007949	677	472	0.6972	0.06098	1.321	664	29.69	-0.03163	0.0004546	664	283	0.4262	0.06667	0.8074	-0.06609	0.1468
chr5	89000000	90000000	0.3586	0.0289	0.0191	0	0.0594	0	793	30.98	-0.03259	-0.05947	792	576	0.7273	0.06667	1.111	569	33.72	0.02116	-0.01404	568	412	0.7254	0.06	1.108	757	30.71	0.01699	0.05688	756	451	0.5966	0.06	0.9116	-0.08326	0.1238
chr5	90000000	91000000	0.3702	-0.0277	0.0203	0	0.0602	0	1037	30.87	-0.03775	-0.01019	1029	642	0.6239	0.06098	0.9522	1050	33.16	-0.003199	0.02105	1046	775	0.7409	0.06	1.131	849	29.41	-0.04526	0.01593	849	603	0.7102	0.05556	1.084	-0.02554	0.1864
chr5	91000000	92000000	0.3723	-0.0255	0.015	0	0.0597	0	1164	30.69	-0.04591	-0.01488	1160	923	0.7957	0.0625	1.436	1253	32.8	-0.01878	0.00427	1253	928	0.7406	0.05263	1.337	939	29.84	-0.02433	0.03676	937	552	0.5891	0.05882	1.063	-0.02748	0.142
chr5	92000000	93000000	0.349	-0.0901	0.0138	0	0.0619	0	799	30.13	-0.07274	0.01473	796	398	0.5	0.06594	0.7625	902	31.41	-0.08108	0.007039	892	541	0.6065	0.06	0.925	1006	27.17	-0.1596	0.01223	996	733	0.7359	0.06522	1.122	0.08246	0.2224
chr5	93000000	94000000	0.3728	-0.0548	0.0309	0	0.0615	0	324	30.19	-0.06963	-0.005765	324	119	0.3673	0.07143	0.9254	330	31.7	-0.0681	-0.01224	329	112	0.3404	0.06712	0.8577	354	28.67	-0.08216	0.003002	351	187	0.5328	0.07143	1.342	-0.02647	0.1468
chr5	94000000	95000000	0.3679	0.008	0.0103	0	0.0556	0	599	31.12	-0.02621	-0.02703	592	206	0.348	0.05556	0.5602	761	33.47	0.01063	-0.005485	761	575	0.7556	0.05882	1.216	605	29.82	-0.02555	0.002358	598	257	0.4298	0.05556	0.6918	-0.02046	0.152
chr5	95000000	96000000	0.3851	0.0374	0.0079	0	0.0603	0	876	31.4	-0.01315	-0.04351	851	466	0.5476	0.06522	0.8419	909	34.5	0.05418	0.01665	902	588	0.6519	0.06	1.002	754	31.95	0.07408	0.06244	732	283	0.3866	0.05172	0.5944	-0.09321	0.1186
chr5	96000000	97000000	0.3874	0.0554	0.0101	0	0.0594	0	1316	32.28	0.02663	-0.02561	1316	754	0.5729	0.05882	0.9696	1350	34.47	0.05275	-0.006635	1347	937	0.6956	0.05882	1.177	1242	32.34	0.09155	0.05727	1238	760	0.6139	0.0625	1.039	-0.05589	0.1255
chr5	97000000	98000000	0.3724	0.0309	0.015	0	0.0591	0	941	31.68	-0.0003277	-0.02569	939	542	0.5772	0.06049	0.9043	914	33.62	0.01703	-0.01368	909	525	0.5776	0.0625	0.9048	1146	31.32	0.04546	0.04492	1142	945	0.8275	0.06	1.296	-0.05515	0.07595
chr5	98000000	99000000	0.3724	-0.0272	0.0151	0	0.0588	0	1199	30.54	-0.05321	-0.02047	1196	376	0.3144	0.06522	0.5158	1622	32.23	-0.04418	-0.01679	1608	972	0.6045	0.06	0.9918	1456	29.91	-0.02084	0.03672	1449	823	0.568	0.0641	0.9319	-0.04182	0.1155
chr5	99000000	100000000	0.3601	-0.0502	0.0271	0	0.0625	0	1914	30.18	-0.07025	-0.01457	1886	771	0.4088	0.06667	0.7037	1977	32.15	-0.04771	0	1940	1211	0.6242	0.06098	1.075	2101	28.68	-0.08139	0.02651	2032	1739	0.8558	0.06667	1.473	-0.02046	0.1575
chr5	100000000	101000000	0.3581	-0.0437	0.0251	0	0.0621	0	1138	30.19	-0.06981	-0.01958	1121	912	0.8136	0.0625	1.288	875	33.12	-0.004581	0.03191	862	391	0.4536	0.05556	0.7181	1135	29.44	-0.04402	0.06859	1109	900	0.8115	0.06466	1.285	-0.05445	0.1069
chr5	101000000	102000000	0.3497	-0.0552	0.0262	0	0.0644	0	1834	29.75	-0.09102	-0.03884	1823	1394	0.7647	0.0625	1.048	1570	31.57	-0.07389	-0.02444	1565	1135	0.7252	0.0641	0.9938	1153	28.08	-0.1119	0.02797	1140	755	0.6623	0.06522	0.9075	-0.02466	0.1806
chr5	102000000	103000000	0.3635	-0.0457	0.0136	0	0.0594	0	1758	29.93	-0.08239	-0.03444	1727	1504	0.8709	0.06667	1.296	1907	32.37	-0.03782	-0.0003447	1878	1564	0.8328	0.05882	1.239	875	29.38	-0.04692	0.05735	865	564	0.652	0.06174	0.97	-0.04891	0.1751
chr5	103000000	104000000	0.3674	-0.0408	0.0152	0	0.0594	0	1197	30.94	-0.03434	0.01365	1194	1008	0.8442	0.0625	1.084	1053	32.33	-0.03943	-0.001255	1050	773	0.7362	0.0625	0.945	1129	28.85	-0.07312	0.01008	1119	907	0.8105	0.06667	1.04	0	0.142
chr5	104000000	105000000	0.349	-0.0904	0.0142	0	0.0659	0	1601	29.7	-0.0933	-0.005538	1594	1146	0.7189	0.05882	1.035	1172	31.69	-0.06841	0.02001	1165	476	0.4086	0.06	0.5881	1359	26.38	-0.2024	-0.0303	1345	808	0.6007	0.07143	0.8646	0.0651	0.2553
chr5	105000000	106000000	0.3412	-0.1084	0.0217	0	0.0641	0	877	29.29	-0.1136	-0.005219	864	477	0.5521	0.06667	0.916	1034	31.08	-0.09667	-0.00736	1028	619	0.6021	0.0625	0.9991	980	26.2	-0.2121	-0.01061	975	596	0.6113	0.0625	1.014	0.02274	0.263
chr5	106000000	107000000	0.3481	-0.0981	0.0448	0	0.061	0	1183	30.46	-0.05677	0.03624	1177	759	0.6449	0.06	1.014	1234	32.39	-0.03668	0.05223	1229	808	0.6574	0.05685	1.034	1300	27.48	-0.143	0.04289	1290	808	0.6264	0.06	0.9848	0.01963	0.2538
chr5	107000000	108000000	0.3759	-0.0304	0.0178	0	0.0621	0	1472	31.13	-0.02568	0.009315	1467	1001	0.6823	0.0625	0.9317	1469	33.92	0.02948	0.05336	1464	1259	0.86	0.05556	1.174	1516	29.85	-0.02391	0.04686	1509	1206	0.7992	0.0625	1.091	-0.05063	0.1901
chr5	108000000	109000000	0.3705	-0.0157	0.0268	0	0.0612	0	1201	31.36	-0.01512	0.005212	1196	963	0.8052	0.05882	1.06	976	33.89	0.02844	0.03818	969	526	0.5428	0.05263	0.7149	1206	30.27	-0.00382	0.04335	1201	967	0.8052	0.0625	1.06	-0.04439	0.1651
chr5	109000000	110000000	0.3804	-0.0391	0.0129	0	0.0625	0	1268	30.89	-0.03669	0.006819	1258	1114	0.8855	0.0633	1.202	878	32.61	-0.02723	0.006437	863	620	0.7184	0.05882	0.9749	1183	29.23	-0.0542	0.01626	1177	804	0.6831	0.0625	0.927	0	0.1494
chr5	110000000	111000000	0.3692	-0.0443	0.0099	0	0.0594	0	977	30.8	-0.04076	0.005257	974	624	0.6407	0.0625	0.9435	947	32.7	-0.02334	0.0147	942	675	0.7166	0.0641	1.055	658	28.85	-0.07286	0.004471	657	265	0.4033	0.05882	0.594	0	0.1993
chr5	111000000	112000000	0.379	0.0083	0.0167	0	0.0619	0	1369	31.38	-0.01414	-0.01762	1360	882	0.6485	0.06049	1.063	1465	33.79	0.02427	0.01371	1457	846	0.5806	0.0625	0.9514	1208	30.64	0.01389	0.0244	1197	801	0.6692	0.06098	1.096	-0.05445	0.1375
chr5	112000000	113000000	0.3956	0.043	0.0119	0	0.0591	0	1205	32.53	0.03794	0.00793	1204	698	0.5797	0.05556	0.8837	1189	34.03	0.03445	-0.007521	1187	553	0.4659	0.06098	0.7102	1075	31.12	0.03627	-0.01387	1074	690	0.6425	0.0625	0.9794	0	0.122
chr5	113000000	114000000	0.3979	0.0072	0.0078	0	0.0594	0	1917	31.38	-0.01397	-0.01376	1912	951	0.4974	0.0625	0.8473	1679	33.32	0.003772	-0.002623	1670	471	0.282	0.05556	0.4805	1633	30.4	0.002538	-0.01378	1626	579	0.3561	0.06	0.6066	-0.02308	0.1155
chr5	114000000	115000000	0.3793	-0.0532	0.0257	0	0.0621	0	1716	30.09	-0.07454	-0.01711	1708	1088	0.637	0.06522	0.9287	1531	31.94	-0.05703	-0.006836	1522	1104	0.7254	0.06522	1.058	1405	28.33	-0.09911	-0.01804	1392	839	0.6027	0.06522	0.8787	0.01937	0.1628
chr5	115000000	116000000	0.3889	0.0132	0.022	0	0.0609	0	1384	31.41	-0.0125	-0.01466	1380	985	0.7138	0.05556	1.052	1763	33.79	0.02404	0.009102	1761	1289	0.732	0.06	1.079	1494	30.67	0.01508	0.005823	1491	966	0.6479	0.0625	0.9552	-0.04307	0.1375
chr5	116000000	117000000	0.3901	0.0112	0.0172	0	0.0587	0	1285	31.4	-0.0132	-0.02311	1278	404	0.3161	0.06174	0.4662	1470	33.43	0.008485	0.002629	1460	535	0.3664	0.06522	0.5404	1479	30.2	-0.00689	-0.005903	1470	659	0.4483	0.05882	0.6611	-0.03847	0.1375
chr5	117000000	118000000	0.3598	-0.0654	0.0228	0	0.0613	0	1731	30.09	-0.07462	-0.003741	1718	1376	0.8009	0.06098	1.131	1126	31.89	-0.05932	0.003587	1123	689	0.6135	0.05882	0.8666	1724	28.06	-0.1133	0.01227	1717	1309	0.7624	0.0625	1.077	0	0.1605
chr5	118000000	119000000	0.3709	-0.0299	0.0393	0	0.0597	0	1469	30.26	-0.06629	-0.0317	1460	879	0.6021	0.06098	0.8812	1072	32.18	-0.04614	-0.02405	1064	550	0.5169	0.0625	0.7566	1494	29.33	-0.04947	0.01226	1482	744	0.502	0.05882	0.7348	0	0.142
chr5	119000000	120000000	0.3817	0.0288	0.0097	0	0.0585	0	1343	31.45	-0.01061	-0.02487	1334	1092	0.8186	0.0625	1.068	1222	33.88	0.02799	-0.002257	1213	933	0.7692	0.05882	1.003	1230	31.79	0.06684	0.03639	1213	1046	0.8623	0.05556	1.125	-0.08017	0.1125
chr5	120000000	121000000	0.3571	-0.0638	0.0229	0	0.0625	0	1398	30.4	-0.05964	0.001208	1397	1089	0.7795	0.06	1.126	1388	31.54	-0.07545	-0.01866	1385	1095	0.7906	0.06	1.142	1406	27.93	-0.1196	0.01585	1401	855	0.6103	0.06667	0.8814	0.04182	0.1993
chr5	121000000	122000000	0.3526	-0.0814	0.0361	0	0.0613	0	1337	29.68	-0.09452	-0.01493	1331	623	0.4681	0.05556	0.795	1773	31.83	-0.06227	0.009039	1767	1349	0.7634	0.0625	1.297	1232	27.42	-0.1462	0.004738	1228	542	0.4414	0.0625	0.7496	0	0.2224
chr5	122000000	123000000	0.3874	-0.0186	0.0224	0	0.0625	0	1194	30.83	-0.03961	-0.01785	1186	1020	0.86	0.06667	1.262	914	33.66	0.01866	0.03328	911	421	0.4621	0.05556	0.6783	1361	29.65	-0.03352	0.006196	1349	1188	0.8807	0.06522	1.293	-0.02308	0.1651
chr5	123000000	124000000	0.3795	-0.0044	0.0265	0	0.0591	0	1558	31.09	-0.02725	-0.02014	1546	1235	0.7988	0.05556	1.119	1189	33.52	0.0124	0.01333	1181	911	0.7714	0.0625	1.081	1406	30.47	0.005909	0.03818	1396	1013	0.7256	0.06098	1.017	-0.04731	0.122
chr5	124000000	125000000	0.3934	-0.0112	0.0207	0	0.0602	0	1227	32.06	0.01682	0.03582	1220	827	0.6779	0.0625	1.019	1319	33.67	0.01883	0.02987	1317	960	0.7289	0.05882	1.096	1238	29.8	-0.02651	-0.01871	1233	791	0.6415	0.05882	0.9643	0.02346	0.1751
chr5	125000000	126000000	0.3685	-0.0339	0.0184	0	0.0588	0	2018	30.6	-0.0502	-0.01391	2001	1231	0.6152	0.05882	1.037	1890	32.72	-0.0221	0.001155	1880	1212	0.6447	0.05882	1.087	1924	29.19	-0.05612	0.01133	1909	1207	0.6323	0.0641	1.066	-0.02046	0.1806
chr5	126000000	127000000	0.4055	0.0318	0.0139	0	0.0605	0	645	31.98	0.01314	-0.01485	635	455	0.7165	0.06667	1.039	1533	33.49	0.01122	-0.01709	1525	1362	0.8931	0.06098	1.295	1415	32.24	0.08736	0.05057	1408	1218	0.8651	0.0641	1.254	-0.06228	0.0458
chr5	127000000	128000000	0.3892	0.0323	0.0241	0	0.0588	0	1047	30.74	-0.04395	-0.0657	1037	838	0.8081	0.05882	1.102	1353	33.4	0.007441	-0.02486	1346	1203	0.8938	0.05556	1.219	1313	30.95	0.02836	0.005007	1307	1055	0.8072	0.06522	1.101	-0.07529	0.09466
chr5	128000000	129000000	0.3722	-0.0339	0.0215	0	0.0611	0	1142	30.79	-0.04135	-0.001382	1137	928	0.8162	0.0625	1.083	1269	32.1	-0.04989	-0.01941	1268	1009	0.7957	0.06	1.056	1147	28.72	-0.07963	-0.01198	1145	905	0.7904	0.05882	1.049	0.02509	0.1699
chr5	129000000	130000000	0.3608	-0.0811	0.0342	0	0.0617	0	1296	30.02	-0.07793	0.008671	1293	987	0.7633	0.0625	1.189	1131	31.18	-0.09164	-0.01583	1129	540	0.4783	0.05556	0.7452	1282	27.65	-0.1343	0.002152	1275	967	0.7584	0.0625	1.182	0.02509	0.1864
chr5	130000000	131000000	0.367	-0.0246	0.0359	0	0.0625	0	581	30.22	-0.06821	-0.04	574	387	0.6742	0.05882	1.099	422	32.7	-0.0233	-0.005287	419	171	0.4081	0.06	0.6653	583	29.05	-0.06287	0.006348	578	364	0.6298	0.0625	1.027	-0.02138	0.142
chr5	131000000	132000000	0.3924	0.0501	0.0344	0	0.06	0	540	31.84	0.007074	-0.02364	540	71	0.1315	0.05556	0.8483	539	33.18	-0.001935	-0.05015	536	68	0.1269	0.05556	0.8185	585	32.31	0.09039	0.03696	585	109	0.1863	0.06667	1.202	-0.06184	0
chr5	132000000	133000000	0.4454	0.1066	0.0189	0	0.0588	0	733	34	0.1017	-0.007031	728	364	0.5	0.05882	0.8511	651	35.93	0.1126	0.0219	647	281	0.4343	0.05814	0.7393	1085	34.42	0.1816	0.05096	1081	858	0.7937	0.06098	1.351	-0.04182	0.07909
chr5	133000000	134000000	0.4579	0.0831	0.0109	0	0.0556	0	1272	33.65	0.08652	-0.01278	1267	912	0.7198	0.05941	1.079	1192	34.91	0.07104	-0.005096	1186	785	0.6619	0.05556	0.9923	1222	32.85	0.1143	-0.0085	1215	770	0.6337	0.05882	0.9501	0	0.07308
chr5	134000000	135000000	0.4493	0.1056	0.0371	0	0.0577	0	547	34.69	0.1308	0.009058	536	218	0.4067	0.05941	0.8183	584	34.84	0.06821	-0.031	576	210	0.3646	0.05556	0.7336	535	34.09	0.1676	0.04139	528	239	0.4527	0.05556	0.9108	0.02952	0.04064
chr5	135000000	136000000	0.4572	0.065	0.0056	0	0.0556	0	1143	33.34	0.07352	-0.004396	1132	497	0.439	0.0641	0.8087	1225	34.71	0.06302	0.004186	1216	609	0.5008	0.05263	0.9225	1295	31.86	0.07001	-0.03441	1288	529	0.4107	0.05556	0.7565	0.01911	0.1293
chr5	136000000	137000000	0.4082	-0.0116	0.0239	0	0.06	0	1127	31.01	-0.0312	-0.01682	1125	652	0.5796	0.06522	0.9968	1130	32.94	-0.01263	-0.001695	1129	820	0.7263	0.05882	1.249	1009	29.33	-0.0491	-0.0401	1005	418	0.4159	0.0625	0.7154	0	0.1605
chr5	137000000	138000000	0.4193	0.0306	0.0157	0	0.0617	0	1205	32.19	0.02289	-0.01171	1198	785	0.6553	0.06	1.163	1167	33.83	0.0258	-0.0008067	1150	776	0.6748	0.06	1.198	1355	31.55	0.05608	0.02303	1340	813	0.6067	0.06	1.077	-0.04244	0.09311
chr5	138000000	139000000	0.4485	0.0476	0.0315	0	0.0625	0	940	32.88	0.05315	-0.008457	932	548	0.588	0.0625	1.067	948	34.12	0.03836	-0.002052	936	546	0.5833	0.05882	1.059	892	32.6	0.1035	0.02308	889	487	0.5478	0.06667	0.9944	0	0.09622
chr5	139000000	140000000	0.4741	0.1024	0.0232	0	0.0568	0	890	33.85	0.0952	-0.03904	885	782	0.8836	0.05814	1.318	564	34.75	0.06456	-0.02149	561	424	0.7558	0.05556	1.128	894	33.69	0.1505	0.002273	892	806	0.9036	0.05882	1.348	-0.0217	0.074
chr5	140000000	141000000	0.4226	0.0695	0.0173	0	0.0594	0	955	32.83	0.05101	-0.02453	954	585	0.6132	0.06	0.9557	904	34.28	0.04505	-0.02156	901	697	0.7736	0.06098	1.206	796	32.09	0.08032	-0.02195	794	503	0.6335	0.0625	0.9874	0	0.05247
chr5	141000000	142000000	0.4455	0.0816	0.0218	0	0.0594	0	1032	33.62	0.08527	0	1028	494	0.4805	0.06	0.6832	972	34.74	0.06414	-0.002809	967	429	0.4436	0.06	0.6307	964	32.22	0.08653	-0.02023	963	688	0.7144	0.06174	1.016	0	0.09622
chr5	142000000	143000000	0.4411	0.0398	0.0221	0	0.0625	0	1406	32.5	0.03661	-0.01018	1399	1082	0.7734	0.0625	1.138	1098	33.01	-0.009719	-0.04131	1083	742	0.6851	0.0625	1.008	1328	32.28	0.08912	0.02943	1322	921	0.6967	0.06	1.025	0	0.04891
chr5	143000000	144000000	0.397	0.0595	0.0292	0	0.0597	0	1144	32.48	0.03565	-0.01643	1138	683	0.6002	0.0641	0.8597	1133	35.26	0.08558	0.02455	1131	749	0.6622	0.05556	0.9486	1031	32.52	0.09972	0.04072	1025	590	0.5756	0.06174	0.8245	-0.05346	0.1155
chr5	144000000	145000000	0.373	-0.0501	0.0261	0	0.0621	0	1084	30.16	-0.0712	-0.01226	1070	684	0.6393	0.06742	0.8951	1293	31.65	-0.07042	-0.02105	1280	1009	0.7883	0.06667	1.104	1233	28.37	-0.09746	-0.01475	1219	934	0.7662	0.0625	1.073	0	0.2141
chr5	145000000	146000000	0.3832	-0.0645	0.0303	0	0.0621	0	730	30.56	-0.05227	0.01683	722	491	0.6801	0.06522	1.001	857	31.58	-0.07323	-0.008858	842	626	0.7435	0.0641	1.094	794	28.26	-0.103	-0.0208	789	540	0.6844	0.06667	1.008	0	0.1312
chr5	146000000	147000000	0.4024	-0.0123	0.0085	0	0.0625	0	1007	31.6	-0.003884	0.0178	1004	504	0.502	0.06049	0.9401	1018	33.03	-0.008627	0.008083	1014	500	0.4931	0.06049	0.9234	708	30.05	-0.01428	-0.003403	707	172	0.2433	0.06757	0.4556	0	0.152
chr5	147000000	148000000	0.3889	-0.0731	0.0091	0	0.0639	0	969	30.92	-0.03545	0.04868	961	680	0.7076	0.0625	0.9858	998	31.59	-0.07313	-0.001774	988	580	0.587	0.06522	0.8178	1126	27.78	-0.1277	-0.05062	1116	851	0.7625	0.06667	1.062	0.07097	0.1675
chr5	148000000	149000000	0.3844	-0.0537	0.0081	0	0.0617	0	1108	30.63	-0.04877	0.01197	1102	590	0.5354	0.07143	0.9552	1528	32.34	-0.03923	0.01034	1524	675	0.4429	0.05556	0.7902	1330	28.77	-0.07707	0.002388	1324	846	0.639	0.06	1.14	0	0.1635
chr5	149000000	150000000	0.4498	0.0523	0.0158	0	0.0585	0	1101	33.23	0.0684	-0.001916	1087	539	0.4959	0.05882	0.7329	1216	34.63	0.05941	0.008189	1206	853	0.7073	0.06098	1.045	1273	32.47	0.09752	0.01803	1266	820	0.6477	0.05556	0.9573	-0.0217	0.08017
chr5	150000000	151000000	0.4694	0.1319	0.0397	0	0.0588	0	642	35.87	0.179	0.02221	642	424	0.6604	0.05848	0.9655	699	36.21	0.1241	0.002212	697	461	0.6614	0.05882	0.967	1021	33.98	0.163	-0.01245	1016	869	0.8553	0.05556	1.25	0	0.06711
chr5	151000000	152000000	0.4449	0.0863	0.0214	0	0.0556	0	1426	33.57	0.08319	-0.006797	1420	1262	0.8887	0.06	1.164	1426	35.32	0.08804	0.01987	1425	1232	0.8646	0.05814	1.132	1104	34.4	0.1808	0.06874	1100	771	0.7009	0.06	0.9178	-0.04182	0.04585
chr5	152000000	153000000	0.3858	-0.0216	0.0258	0	0.0637	0	1772	30.52	-0.05436	-0.03285	1744	1222	0.7007	0.0625	0.9709	1294	32.24	-0.04352	-0.02034	1272	781	0.614	0.0641	0.8508	1840	28.79	-0.07587	-0.0278	1811	1580	0.8724	0.06522	1.209	0	0.1651
chr5	153000000	154000000	0.3984	-0.0341	0.0151	0	0.06	0	1454	30.97	-0.03295	0.001795	1444	907	0.6281	0.06	0.9674	1605	32.37	-0.03795	-0.006317	1596	1145	0.7174	0.05556	1.105	1183	29.5	-0.04107	-0.01056	1178	602	0.511	0.06667	0.7871	0.04307	0.1553
chr5	154000000	155000000	0.4426	0.0488	0.0268	0	0.0588	0	1344	33.23	0.06861	0.01482	1340	880	0.6567	0.06049	0.9806	1303	34.59	0.05801	0.01839	1297	862	0.6646	0.05814	0.9924	1229	31.93	0.07322	0.0006816	1221	718	0.588	0.05882	0.8781	0	0.09954
chr5	155000000	156000000	0.3966	-0.0199	0.0176	0	0.0617	0	1358	31.27	-0.0189	0.01192	1345	1027	0.7636	0.06	1.14	869	32.42	-0.03562	-0.0172	867	585	0.6747	0.06	1.007	1505	28.95	-0.06782	-0.05757	1497	1004	0.6707	0.0625	1.001	0.02425	0.1333
chr5	156000000	157000000	0.3885	-0.0206	0.0135	0	0.0612	0	1074	31.44	-0.01137	0.021	1052	575	0.5466	0.0625	0.8051	962	32.72	-0.02221	-0.004898	942	368	0.3907	0.05556	0.5754	1250	29.75	-0.02869	0.002377	1228	1100	0.8958	0.06	1.319	0	0.1444
chr5	157000000	158000000	0.4292	0.0556	0.0221	0	0.0588	0	1375	33	0.05864	-0.004837	1370	663	0.4839	0.05357	0.6881	1122	34.56	0.05681	0.006564	1119	711	0.6354	0.05556	0.9034	1396	32.43	0.09565	0.002066	1394	983	0.7052	0.0625	1.003	-0.026	0.08489
chr5	158000000	159000000	0.4039	0.0242	0.0163	0	0.0591	0	930	31.67	-0.0005923	-0.01946	927	464	0.5005	0.05882	0.6955	1020	33.59	0.01544	-0.003528	1015	575	0.5665	0.05882	0.7871	990	31.18	0.03917	0.004859	986	526	0.5335	0.06	0.7412	-0.01963	0.09311
chr5	159000000	160000000	0.4137	0.0312	0.0225	0	0.0607	0	1178	32.52	0.03756	0.006239	1175	895	0.7617	0.0625	1.008	1054	33.83	0.02577	-0.00069	1049	817	0.7788	0.05556	1.03	1302	31.33	0.04575	0.01301	1300	1080	0.8308	0.06466	1.099	-0.02308	0.09954
chr5	160000000	161000000	0.4242	0.0275	0.0116	0	0.0588	0	1528	32.12	0.01978	-0.01306	1524	930	0.6102	0.06098	1.089	1457	33.95	0.031	0.005016	1451	727	0.501	0.0641	0.8939	1342	31.66	0.06083	0.00762	1331	935	0.7025	0.06	1.253	-0.03847	0.08246
chr5	161000000	162000000	0.3625	-0.0472	0.0158	0	0.0584	0	916	30.45	-0.05723	-0.01646	914	220	0.2407	0.06466	0.4212	1109	32.31	-0.04025	-0.001263	1107	595	0.5375	0.05882	0.9405	1219	28.45	-0.09317	0.01274	1213	829	0.6834	0.0625	1.196	0	0.1806
chr5	162000000	163000000	0.3634	-0.0898	0.0164	0	0.0613	0	1670	29.67	-0.09509	-0.006093	1656	1126	0.68	0.06522	1.186	1490	31.44	-0.07976	0	1482	861	0.581	0.06	1.014	1350	27.22	-0.157	-0.008855	1327	751	0.5659	0.0625	0.9873	0	0.2118
chr5	163000000	164000000	0.3784	-0.0511	0.0116	0	0.0588	0	1771	30.74	-0.04366	0.01477	1766	893	0.5057	0.05882	0.808	1777	32.09	-0.05037	-0.000629	1774	901	0.5079	0.05882	0.8116	1625	28.99	-0.06597	0.007393	1621	594	0.3664	0.05882	0.5856	0	0.1699
chr5	164000000	165000000	0.3563	-0.0998	0.0258	0	0.0625	0	993	29.91	-0.08312	0.01209	976	554	0.5676	0.06098	0.8915	785	31.58	-0.07365	0.02031	770	302	0.3922	0.06466	0.616	1104	27.42	-0.1464	0.0299	1099	756	0.6879	0.06667	1.08	0.02697	0.1926
chr5	165000000	166000000	0.3609	-0.1189	0.0329	0	0.0649	0	1520	29.63	-0.0968	0.0284	1516	900	0.5937	0.06757	0.7477	1578	31.05	-0.09783	0.01499	1575	1281	0.8133	0.0625	1.024	1505	26.75	-0.1823	-0.005725	1501	1178	0.7848	0.07143	0.9884	0.026	0.1993
chr5	166000000	167000000	0.3783	-0.0984	0.0416	0	0.0625	0	1214	29.65	-0.09589	0.008172	1201	807	0.6719	0.06667	1.162	1245	30.94	-0.103	-0.006524	1231	836	0.6791	0.0625	1.174	1172	26.53	-0.1942	-0.07357	1155	695	0.6017	0.06667	1.041	0	0.2224
chr5	167000000	168000000	0.3882	-0.0814	0.0228	0	0.0625	0	829	30	-0.07883	0.01435	823	352	0.4277	0.0625	0.7511	1151	31.48	-0.07819	0.000471	1143	822	0.7192	0.06098	1.263	832	27.75	-0.1293	-0.03233	822	255	0.3102	0.06667	0.5448	0.02425	0.1895
chr5	168000000	169000000	0.4476	0.0091	0.0136	0	0.06	0	1189	31.99	0.01356	-0.001102	1181	972	0.823	0.0641	1.079	965	33.46	0.009962	0.01002	958	701	0.7317	0.05556	0.9596	1089	30.5	0.00709	-0.02064	1083	817	0.7544	0.06	0.9894	0.02346	0.1605
chr5	169000000	170000000	0.4213	0.0367	0.0153	0	0.0588	0	1025	32.21	0.02383	-0.01506	1021	771	0.7551	0.0625	0.9956	1015	33.93	0.0303	-0.00304	1013	788	0.7779	0.05556	1.026	1483	31.35	0.04681	-0.01351	1477	1102	0.7461	0.05556	0.9837	-0.04307	0.1013
chr5	170000000	171000000	0.4414	0.0406	0.0042	0	0.0594	0	1506	32.41	0.03257	-0.01599	1499	877	0.5851	0.06	0.973	1648	34.16	0.04005	0.008813	1640	954	0.5817	0.05882	0.9674	1717	31.69	0.0624	0.001914	1705	1055	0.6188	0.0625	1.029	0	0.1333
chr5	171000000	172000000	0.4309	0.0422	0.0147	0	0.061	0	1094	32.66	0.04355	-0.006908	1083	654	0.6039	0.05814	1.017	1218	32.98	-0.01106	-0.04876	1213	761	0.6274	0.06098	1.056	951	31.4	0.0492	-0.02299	950	359	0.3779	0.0625	0.6362	0.02425	0.0902
chr5	172000000	173000000	0.4784	0.0943	0.0193	0	0.061	0	1097	34.24	0.1119	-0.009425	1087	697	0.6412	0.05556	0.9562	964	35.36	0.08982	0.01273	958	502	0.524	0.0625	0.7814	1331	33.89	0.1595	0.01553	1330	957	0.7195	0.0625	1.073	-0.04307	0.06791
chr5	173000000	174000000	0.4499	0.0745	0.0255	0	0.0588	0	1592	33.68	0.08792	-0.004604	1580	1098	0.6949	0.05556	0.9976	1455	34.45	0.05225	-0.02064	1430	916	0.6406	0.05882	0.9196	1615	32.56	0.1017	0	1595	1076	0.6746	0.05882	0.9684	0.02561	0.08246
chr5	174000000	175000000	0.4381	-0.0045	0.0136	0	0.0594	0	1574	31.67	-0.0008547	-0.003052	1547	923	0.5966	0.06	1.003	1537	33.06	-0.007287	0.002303	1523	868	0.5699	0.05882	0.9577	1668	30.09	-0.01214	-0.03276	1635	1050	0.6422	0.06	1.079	0	0.1255
chr5	175000000	176000000	0.4431	0.0126	0.0268	0	0.0622	0	1358	32.32	0.02854	0.01185	1324	966	0.7296	0.05882	1.057	1521	32.96	-0.01152	-0.01494	1459	1055	0.7231	0.06667	1.048	1336	29.93	-0.02001	-0.05554	1275	877	0.6878	0.0625	0.9966	0.07308	0.1635
chr5	176000000	177000000	0.4814	0.0934	0.0342	0	0.0659	0	1469	34.68	0.1302	0.01348	1393	569	0.4085	0.07576	0.7626	1572	35.16	0.08166	3.69e-06	1498	675	0.4506	0.06579	0.8413	1599	32.54	0.1004	-0.03693	1506	916	0.6082	0.0625	1.136	0.05247	0.08017
chr5	177000000	178000000	0.4786	-0.0243	0.0482	0	0.0667	0	1481	32.41	0.03263	0.02989	1328	856	0.6446	0.06	1.195	1606	32.11	-0.04952	-0.007565	1426	907	0.636	0.06522	1.18	1081	32.27	0.08843	0.06311	970	340	0.3505	0.06386	0.6501	0.01911	0.0451
chr5	178000000	179000000	0.4803	0.0564	0.0102	0	0.0588	0	2157	33.19	0.06673	-0.01254	2107	1486	0.7053	0.06098	1.053	2403	33.54	0.01337	-0.02954	2335	1799	0.7704	0.06	1.151	2107	31.79	0.06702	-0.03535	2078	1200	0.5775	0.06049	0.8626	0.02915	0.06711
chr5	179000000	180000000	0.4944	0.0609	0.0195	0	0.0617	0	1742	34.6	0.1268	0.0314	1678	1086	0.6472	0.06	1.153	1739	34.4	0.05016	0.001374	1711	982	0.5739	0.0625	1.022	1482	32.35	0.09203	-0.02299	1456	776	0.533	0.0641	0.9494	0.05658	0.1069
chr5	180000000	181000000	0.4633	0.0599	0.0094	0	0.06	0	1421	34.26	0.1128	0.03272	1386	764	0.5512	0.06049	0.8606	1952	34.48	0.05347	0.00471	1906	1258	0.66	0.05882	1.03	1251	32.6	0.1032	0	1212	627	0.5173	0.05882	0.8077	0.02346	0.09311
chr5	181000000	181538259	0.4585	-0.0158	0.0922	0	0.0687	0	470	33.53	0.0815	0.08438	409	289	0.7066	0.0625	0.9573	437	33.35	0.005393	0.03191	369	294	0.7967	0.0641	1.079	550	31.2	0.03979	0.01591	474	326	0.6878	0.05685	0.9318	0.06207	0.1409
chr6	0	1000000	0.4304	0.1905	0.0516	0	0.0695	0	1776	37.22	0.2323	0.03399	1684	881	0.5232	0.07143	0.8392	1818	37.96	0.1921	0.006627	1717	858	0.4997	0.05556	0.8016	1627	36.35	0.2605	0.03997	1520	648	0.4263	0.07143	0.6839	0.008614	0.07215
chr6	1000000	2000000	0.4409	0.0497	0.0086	0	0.0617	0	1759	32.81	0.05037	-0.007289	1701	1008	0.5926	0.06	0.8941	2024	33.21	-0.0008807	-0.04204	1963	1404	0.7152	0.05882	1.079	1693	31.53	0.05511	-0.01305	1621	1126	0.6946	0.05882	1.048	0.02076	0.05658
chr6	2000000	3000000	0.4211	0.0626	0.0206	0	0.0596	0	1462	33.4	0.07591	0.01096	1458	873	0.5988	0.06757	1.003	1464	34.08	0.03636	-0.02247	1458	644	0.4417	0.05848	0.7397	1338	32.69	0.1073	0.02063	1330	793	0.5962	0.06	0.9986	0	0.08017
chr6	3000000	4000000	0.4577	0.0825	0.0143	0	0.0599	0	1675	33.98	0.1006	0.003533	1652	1101	0.6665	0.0625	1.04	1624	35.02	0.07554	0	1602	998	0.623	0.06	0.9717	1591	33.26	0.1323	0.01016	1578	1126	0.7136	0.05263	1.113	0	0.08017
chr6	4000000	5000000	0.4224	0.0097	0.0149	0	0.0605	0	1647	32.11	0.01906	0.004329	1636	1196	0.7311	0.05882	1.135	1690	33.4	0.007245	0.0003094	1680	1106	0.6583	0.05882	1.022	1684	31	0.03084	-0.01263	1673	1094	0.6539	0.06	1.015	-0.02203	0.114
chr6	5000000	6000000	0.4284	0.043	0.0178	0	0.0613	0	1767	32.26	0.02608	-0.02213	1732	880	0.5081	0.06	0.8215	1608	34.24	0.04328	0.005636	1593	905	0.5681	0.06098	0.9185	1769	31.78	0.06654	-0.01449	1736	933	0.5374	0.06	0.8689	-0.02647	0.1069
chr6	6000000	7000000	0.4282	0.0623	0.0161	0	0.0625	0	1761	33.05	0.06086	-0.009317	1743	1362	0.7814	0.0633	1.254	1703	34.74	0.06419	0.00617	1680	1019	0.6065	0.06	0.9733	1765	32.35	0.09213	-0.008153	1742	1093	0.6274	0.06667	1.007	-0.03395	0.122
chr6	7000000	8000000	0.4368	0.052	0.0244	0	0.0594	0	1612	33.11	0.06318	0.00406	1607	814	0.5065	0.05882	0.8915	1594	34.33	0.04697	-0.0008108	1585	891	0.5621	0.05882	0.9893	1608	32.1	0.08107	0.0006432	1600	1036	0.6475	0.06522	1.14	-0.01886	0.0902
chr6	8000000	9000000	0.3847	-0.0238	0.0143	0	0.0611	0	1799	30.8	-0.0409	-0.01006	1787	816	0.4566	0.0625	0.6665	1965	32.69	-0.02373	-0.003995	1954	1380	0.7062	0.05882	1.031	2075	29.61	-0.03543	0.01906	2061	1521	0.738	0.06522	1.077	-0.02347	0.1255
chr6	9000000	10000000	0.3736	-0.0386	0.0124	0	0.0617	0	1587	30.36	-0.06182	-0.01438	1581	1017	0.6433	0.06	1.001	1651	32.4	-0.03634	-0.0008523	1642	1058	0.6443	0.05556	1.003	1494	27.72	-0.1309	-0.0592	1488	904	0.6075	0.06522	0.9453	0	0.2224
chr6	10000000	11000000	0.4205	0.0209	0.0203	0	0.0594	0	1421	31.92	0.0107	-0.01329	1416	753	0.5318	0.06522	0.7869	1519	33.18	-0.002009	-0.0165	1510	862	0.5709	0.05882	0.8447	1273	31.36	0.04735	0.01634	1268	751	0.5923	0.05814	0.8764	-0.01711	0.09165
chr6	11000000	12000000	0.4127	0.0819	0.0184	0	0.0556	0	1628	33.02	0.05957	-0.02869	1623	1031	0.6352	0.05882	1.084	1688	34.89	0.07022	-0.007019	1679	971	0.5783	0.05556	0.9872	1493	32.8	0.1122	0.01563	1490	849	0.5698	0.05882	0.9727	-0.06054	0.09311
chr6	12000000	13000000	0.3975	0.0389	0.0222	0	0.0597	0	1185	31.84	0.006814	-0.02121	1183	797	0.6737	0.0625	1.006	1108	34.22	0.04223	0.002829	1102	696	0.6316	0.05882	0.9427	1187	31.76	0.06542	0.02347	1182	770	0.6514	0.0625	0.9723	-0.07276	0.1293
chr6	13000000	14000000	0.4214	0.0698	0.0062	0	0.0588	0	1631	33.22	0.0682	-0.0038	1628	1074	0.6597	0.05882	1.095	1226	34.83	0.06777	0.0009925	1224	531	0.4338	0.06	0.7204	1661	32.95	0.1189	0.02374	1660	1159	0.6982	0.05556	1.159	-0.0458	0.074
chr6	14000000	15000000	0.4352	0.0384	0.0177	0	0.0587	0	1502	32.62	0.04201	-0.00581	1500	959	0.6393	0.0625	1.042	1517	33.98	0.0322	-0.001725	1510	922	0.6106	0.05172	0.9954	1279	31.76	0.06546	0.0107	1273	748	0.5876	0.05556	0.9579	-0.02273	0.122
chr6	15000000	16000000	0.4318	0.0342	0.0084	0	0.0617	0	1386	32.84	0.05163	0.008064	1378	975	0.7075	0.0625	1.111	1284	34.23	0.04294	0.01364	1273	870	0.6834	0.06098	1.073	1164	32.04	0.07826	0.01334	1153	622	0.5395	0.0625	0.8473	-0.02138	0.1186
chr6	16000000	17000000	0.4196	0.0644	0.0208	0	0.0599	0	1029	32.74	0.04702	-0.02137	1026	716	0.6979	0.0633	1.003	1132	34.86	0.06932	0.01105	1131	735	0.6499	0.05814	0.9339	1194	32.94	0.1182	0.05477	1191	902	0.7573	0.0625	1.088	-0.06054	0.07039
chr6	17000000	18000000	0.4162	-0.0067	0.0155	0	0.0594	0	1168	31.66	-0.001373	0.001811	1165	659	0.5657	0.05556	0.8342	1360	32.74	-0.02133	-0.006466	1355	951	0.7018	0.05882	1.035	912	30.18	-0.007987	-0.001596	907	438	0.4829	0.06125	0.7122	0	0.1375
chr6	18000000	19000000	0.3966	-0.0478	0.012	0	0.0621	0	1922	30.81	-0.04027	0.01845	1911	1044	0.5463	0.0625	0.8857	1836	32.27	-0.0422	0.00413	1822	1073	0.5889	0.06	0.9548	1922	28.67	-0.0819	-0.04375	1896	1451	0.7653	0.06757	1.241	0	0.1643
chr6	19000000	20000000	0.3862	-0.0631	0.0172	0	0.061	0	1467	30.33	-0.06302	0	1451	1172	0.8077	0.0625	1.071	1535	31.87	-0.06012	0.003966	1521	1026	0.6746	0.06098	0.8942	1181	28.06	-0.1128	-0.03291	1167	887	0.7601	0.06522	1.008	0.026	0.1643
chr6	20000000	21000000	0.4016	-0.0072	0.0094	0	0.06	0	1435	30.97	-0.03318	-0.02011	1432	872	0.6089	0.0625	0.9504	1398	33.25	0.0007495	0.006128	1396	989	0.7085	0.05882	1.106	1458	30.34	-0.0005983	0.0005609	1454	1039	0.7146	0.05882	1.115	-0.04064	0.1375
chr6	21000000	22000000	0.4155	-0.0125	0.0196	0	0.0605	0	1214	32.09	0.01838	0.02483	1199	646	0.5388	0.05848	0.8211	1376	33.11	-0.005334	0.0135	1374	1024	0.7453	0.05882	1.136	1352	29.86	-0.02318	-0.009391	1343	881	0.656	0.06522	0.9997	0.02798	0.1605
chr6	22000000	23000000	0.377	-0.0677	0.0253	0	0.0625	0	1574	31.04	-0.0296	0.05453	1559	684	0.4387	0.0641	0.7682	1742	32.4	-0.03647	0.02916	1736	974	0.5611	0.06174	0.9824	1740	27.81	-0.1258	-0.03233	1724	919	0.5331	0.06522	0.9334	0.04731	0.2115
chr6	23000000	24000000	0.3705	-0.0725	0.0205	0	0.0613	0	1755	30.15	-0.07186	0.005274	1741	957	0.5497	0.06098	0.9295	2192	31.49	-0.07776	-0.01122	2176	1502	0.6903	0.05882	1.167	1720	27.66	-0.1338	-0.02985	1705	890	0.522	0.0625	0.8826	0.02137	0.1699
chr6	24000000	25000000	0.4075	0.0369	0.014	0	0.0592	0	1656	32.26	0.02607	-0.01379	1647	794	0.4821	0.06098	0.7999	1555	33.56	0.01432	-0.0225	1544	982	0.636	0.05882	1.055	1866	31.33	0.04603	0.003536	1851	1121	0.6056	0.05882	1.005	0	0.09622
chr6	25000000	26000000	0.3956	0.0341	0.0122	0	0.0588	0	1643	31.65	-0.001889	-0.023	1633	1244	0.7618	0.06	1.109	1769	33.26	0.001527	-0.03154	1766	1292	0.7316	0.05882	1.065	1349	31.75	0.06502	0.02377	1337	606	0.4533	0.06174	0.6596	-0.0458	0.08489
chr6	26000000	27000000	0.4127	-0.0064	0.0159	0	0.06	0	1009	31.25	-0.02008	-0.02004	969	778	0.8029	0.06757	1.05	1206	32.67	-0.02443	-0.01337	1153	526	0.4562	0.05556	0.5967	975	30.08	-0.01304	-0.0213	937	831	0.8869	0.05882	1.16	0	0.1255
chr6	27000000	28000000	0.4107	-0.0208	0.0186	0	0.0572	0	870	31.37	-0.0146	0.003302	864	434	0.5023	0.06	0.7135	797	33.59	0.01544	0.03905	788	610	0.7741	0.05556	1.1	873	29.57	-0.03769	-0.02881	856	427	0.4988	0.07143	0.7086	0	0.1829
chr6	28000000	29000000	0.4118	0.0074	0.0222	0	0.0588	0	853	32.4	0.03209	0.02168	847	756	0.8926	0.0625	1.238	841	33.66	0.01856	0.01407	838	746	0.8902	0.05556	1.235	436	31.46	0.05199	0.0299	435	313	0.7195	0.05882	0.9981	0.02137	0.0902
chr6	29000000	30000000	0.416	0.0692	0.0345	0	0.0588	0	3060	33.46	0.07873	0.007331	3047	2550	0.8369	0.05882	1.309	3043	34.11	0.03761	-0.02346	3010	387	0.1286	0.0641	0.2012	2967	32.23	0.08678	0.01727	2944	2483	0.8434	0.05814	1.32	0.03953	0.0902
chr6	30000000	31000000	0.4577	0.0834	0.0285	0	0.0575	0	1919	33.48	0.0794	-0.01856	1912	1362	0.7123	0.05556	0.9293	2367	34.91	0.07122	-0.005222	2353	1729	0.7348	0.06	0.9587	1990	33.39	0.1377	0.01462	1985	1222	0.6156	0.0625	0.8032	-0.0217	0.08489
chr6	31000000	32000000	0.4833	0.0774	0.0374	0	0.0591	0	5944	33.4	0.07614	-0.02294	5871	4242	0.7225	0.0625	1.079	4308	34.91	0.07101	0.00312	4261	2145	0.5034	0.0625	0.7517	6282	33.32	0.1346	0.01112	6183	4386	0.7094	0.06	1.059	-0.02425	0.07039
chr6	32000000	33000000	0.4367	-0.0365	0.1284	1	0.0625	0	10333	30.62	-0.04954	NA	9967	7233	0.7257	0.0625	1.091	7867	33.46	0.01018	NA	7519	3299	0.4388	0.05882	0.6598	10321	31.48	0.05277	NA	9964	7073	0.7099	0.06522	1.067	-0.04891	0
chr6	33000000	34000000	0.4969	0.1199	0.0283	0	0.06	0	1991	34.85	0.1372	-0.01953	1986	1521	0.7659	0.05882	1.034	2203	35.94	0.1133	0.004144	2197	1555	0.7078	0.05814	0.9554	2567	33.78	0.1545	-0.02252	2543	1793	0.7051	0.05882	0.9518	0	0.06871
chr6	34000000	35000000	0.4711	0.0962	0.0339	0	0.0588	0	849	33.74	0.09065	-0.0342	840	533	0.6345	0.0625	1.018	848	35.36	0.08986	0.003132	845	265	0.3136	0.07143	0.5029	1258	33.64	0.1484	0.001131	1254	988	0.7879	0.0625	1.263	-0.04064	0.07039
chr6	35000000	36000000	0.4612	0.0983	0.025	0	0.0588	0	965	33.98	0.1009	-0.01638	956	445	0.4655	0.06667	0.8997	983	35.01	0.07539	-0.01145	978	398	0.407	0.0633	0.7865	928	34.24	0.1741	0.03009	925	523	0.5654	0.05556	1.093	-0.02607	0.04307
chr6	36000000	37000000	0.4594	0.1257	0.023	0	0.0585	0	1096	34.96	0.1419	-0.001087	1092	725	0.6639	0.06098	0.9534	1131	35.75	0.1054	-0.008224	1125	823	0.7316	0.05882	1.05	971	34.31	0.177	0.01107	971	651	0.6704	0.05556	0.9627	0	0.06871
chr6	37000000	38000000	0.4589	0.1058	0.0354	0	0.0615	0	1428	34.12	0.1067	-0.01198	1417	895	0.6316	0.05882	0.9746	1152	35.85	0.1096	0.01578	1146	516	0.4503	0.05685	0.6947	1456	34.25	0.1744	0.02997	1446	992	0.686	0.06098	1.059	-0.05378	0.04244
chr6	38000000	39000000	0.4022	0.0517	0.0262	0	0.0597	0	1119	32.05	0.0164	-0.02663	1105	852	0.771	0.0625	1.124	1187	34.11	0.0376	-0.009689	1186	786	0.6627	0.05556	0.9665	1084	31.64	0.06005	0.006257	1073	748	0.6971	0.05941	1.017	-0.04064	0.0902
chr6	39000000	40000000	0.4409	0.0424	0.0213	0	0.06	0	1430	32.18	0.02241	-0.02794	1424	947	0.665	0.0625	1.017	1208	33.18	-0.002117	-0.03598	1197	701	0.5856	0.05882	0.8952	1440	31.72	0.06383	0.002971	1437	724	0.5038	0.06098	0.7701	0	0.07039
chr6	40000000	41000000	0.4525	0.0163	0.0146	0	0.0597	0	1384	32.37	0.03084	0	1369	728	0.5318	0.06	0.9725	1456	33.35	0.005093	-0.004252	1442	656	0.4549	0.06	0.832	1695	30.35	0.0003216	-0.04025	1682	1180	0.7015	0.0625	1.283	0.02509	0.1375
chr6	41000000	42000000	0.4708	0.0829	0.0214	0	0.0556	0	931	33.63	0.08578	-0.02707	923	545	0.5905	0.06098	0.9466	1267	34.57	0.05725	-0.01666	1255	936	0.7458	0.05814	1.196	1266	32.48	0.09801	-0.03075	1252	937	0.7484	0.05882	1.2	-0.02466	0.04182
chr6	42000000	43000000	0.4543	0.0805	0.0198	0	0.0597	0	1045	33.92	0.09806	-0.0001916	1039	702	0.6756	0.05882	1.025	1296	34.97	0.07353	0.0006847	1289	763	0.5919	0.0641	0.8978	924	33.42	0.1393	0.02722	916	627	0.6845	0.05556	1.038	-0.03653	0.08017
chr6	43000000	44000000	0.4917	0.1327	0.0294	0	0.0587	0	708	35.45	0.1617	-0.0003747	702	291	0.4145	0.05556	0.7499	777	36.76	0.1455	0.02748	771	402	0.5214	0.06	0.9432	730	34.81	0.1979	0.009343	724	326	0.4503	0.06098	0.8145	-0.02385	0.074
chr6	44000000	45000000	0.4521	0.071	0.0176	0	0.0587	0	1479	32.96	0.05691	-0.02918	1471	1035	0.7036	0.0625	1.232	1188	34.97	0.07375	0.007041	1183	649	0.5486	0.05556	0.9603	1465	31.89	0.07158	-0.02596	1458	759	0.5206	0.06098	0.9112	-0.0217	0.08746
chr6	45000000	46000000	0.395	-0.0178	0.0199	0	0.0594	0	1414	30.95	-0.03397	-0.01019	1407	1162	0.8259	0.05848	1.184	859	32.79	-0.01923	0.001088	858	348	0.4056	0.06174	0.5816	1536	28.96	-0.06745	-0.04292	1531	1044	0.6819	0.06049	0.9778	0	0.1651
chr6	46000000	47000000	0.3934	-0.0135	0.0088	0	0.0588	0	1205	31	-0.03142	-0.01012	1195	1008	0.8435	0.06	1.292	1116	33.48	0.011	0.02434	1107	694	0.6269	0.05882	0.9605	1077	29.79	-0.02687	-0.01677	1072	633	0.5905	0.06	0.9047	-0.02106	0.1468
chr6	47000000	48000000	0.3889	0.0068	0.0282	0	0.0617	0	1304	31.57	-0.005439	-0.001202	1303	577	0.4428	0.06522	0.766	1643	33.22	-0.000184	-0.008724	1638	1184	0.7228	0.06049	1.25	1595	30.95	0.02822	0.02537	1590	978	0.6151	0.06049	1.064	-0.0217	0.09311
chr6	48000000	49000000	0.3566	-0.0792	0.0261	0	0.06	0	1501	29.87	-0.08513	-0.007674	1498	826	0.5514	0.0625	0.8188	1444	31.58	-0.07336	-0.0009702	1439	980	0.681	0.06522	1.011	1373	27.26	-0.1547	-0.00605	1366	520	0.3807	0.06594	0.5653	0.01009	0.2329
chr6	49000000	50000000	0.3625	-0.0791	0.023	0	0.0588	0	1317	29.8	-0.08838	-0.01571	1311	542	0.4134	0.05556	0.9608	1205	31.67	-0.06911	0.001783	1196	419	0.3503	0.05814	0.8142	1587	27.53	-0.1408	-0.00296	1579	941	0.5959	0.06	1.385	0.02346	0.2014
chr6	50000000	51000000	0.3661	-0.0853	0.0203	0	0.0625	0	870	30.03	-0.07745	0.009717	864	425	0.4919	0.07143	0.7046	1295	31.03	-0.09857	-0.01992	1295	943	0.7282	0.06522	1.043	1182	27.43	-0.1457	-0.00995	1175	809	0.6885	0.06667	0.9863	0.04891	0.1725
chr6	51000000	52000000	0.3761	-0.0358	0.0214	0	0.0625	0	1657	30.53	-0.05363	-0.01215	1641	1008	0.6143	0.0625	1.032	1720	32.26	-0.04263	-0.01363	1699	1339	0.7881	0.06	1.324	1597	29.04	-0.06338	0.01329	1576	840	0.533	0.0625	0.8952	0	0.1333
chr6	52000000	53000000	0.4191	0.0635	0.017	0	0.0591	0	1656	33.24	0.06888	0.0006687	1647	1010	0.6132	0.06098	1.081	1661	34.34	0.0474	-0.0119	1650	871	0.5279	0.05932	0.9303	1506	32.38	0.09332	0.02716	1489	585	0.3929	0.05556	0.6924	-0.03953	0.09622
chr6	53000000	54000000	0.4061	0.0103	0.0108	0	0.0585	0	1391	31.65	-0.001774	-0.0151	1390	615	0.4424	0.05882	0.6993	1310	33.64	0.01778	0.00984	1309	830	0.6341	0.05556	1.002	1429	31.13	0.03682	0.02621	1426	1090	0.7644	0.05882	1.208	-0.03524	0.1255
chr6	54000000	55000000	0.3613	-0.0551	0.0174	0	0.0605	0	1918	29.74	-0.09133	-0.0302	1910	1465	0.767	0.06098	1.184	1612	31.71	-0.06767	-0.02078	1604	1266	0.7893	0.06	1.218	1837	28.11	-0.1104	0	1821	952	0.5228	0.06757	0.807	0	0.1769
chr6	55000000	56000000	0.3528	-0.0716	0.0215	0	0.0629	0	1793	29.84	-0.08662	-0.01679	1764	1168	0.6621	0.06522	1.102	1729	31.78	-0.06431	-0.003633	1715	1018	0.5936	0.06098	0.9875	1821	27.97	-0.1178	0.02699	1812	1229	0.6783	0.06667	1.128	0	0.2065
chr6	56000000	57000000	0.3769	-0.0197	0.0431	0	0.0583	0	1452	30.64	-0.04842	-0.01229	1434	1100	0.7671	0.0625	1.2	939	33.25	0.0008853	0.01671	933	337	0.3612	0.05172	0.5649	1294	30.57	0.01048	0.06031	1266	642	0.5071	0.07143	0.7931	-0.04307	0.1375
chr6	57000000	58000000	0.3812	-0.0108	0.026	0	0.0615	0	934	31.14	-0.02534	-0.004524	924	617	0.6677	0.06	1.248	946	33.01	-0.009368	-0.002692	940	749	0.7968	0.0641	1.489	580	30.3	-0.002211	0.01707	578	139	0.2405	0.05556	0.4494	-0.02308	0.1541
chr6	58000000	59000000	0.3858	-0.317	0.1552	1	0.0654	0	1415	25.76	-0.299	NA	994	751	0.7555	0.06522	1.618	1669	29.1	-0.1916	NA	1213	936	0.7716	0.07947	1.652	1081	22.18	-0.4525	NA	683	251	0.3675	0.07143	0.7869	-0.08092	0.04307
chr6	59000000	60000000	0.3992	-2.312	0.1385	1	0.0774	0	769	6.521	-2.281	NA	88	23	0.2614	0.1	1.032	763	6.098	-2.446	NA	74	24	0.3243	0.1154	1.281	796	6.598	-2.201	NA	110	22	0.2	0.09167	0.7899	-0.2925	-0.4797
chr6	60000000	61000000	0.3723	-0.0954	0.0158	0	0.0633	0	1287	29.8	-0.08866	0.01228	1259	1233	0.9793	0.06	1.223	1625	31.49	-0.07769	0.01526	1596	1326	0.8308	0.06098	1.038	1291	26.84	-0.1772	-0.04617	1258	1222	0.9714	0.07143	1.213	0.02425	0.2157
chr6	61000000	62000000	0.3625	-0.1241	0.0267	0	0.0639	0	2078	29.23	-0.1165	0.001193	2039	1683	0.8254	0.0625	1.092	2922	30.96	-0.1022	0.01369	2843	2133	0.7503	0.0641	0.9924	2025	26.57	-0.1919	-0.00911	1974	1574	0.7974	0.07143	1.055	0	0.237
chr6	62000000	63000000	0.3526	-0.093	0.0301	0	0.0647	0	1574	29.28	-0.1138	-0.02257	1568	1331	0.8489	0.0625	1.003	1102	31.66	-0.06992	0.01299	1101	619	0.5622	0.06522	0.6645	1195	27.12	-0.1624	0.0001585	1193	44	0.03688	0.07143	0.04359	0	0.2304
chr6	63000000	64000000	0.3808	-0.0196	0.0172	0	0.0625	0	1160	31.16	-0.02401	-0.0001857	1156	648	0.5606	0.06098	1.054	1067	32.37	-0.03801	-0.02495	1062	185	0.1742	0.07576	0.3274	1068	29.99	-0.01695	0.01865	1066	569	0.5338	0.0625	1.003	-0.009189	0.1293
chr6	64000000	65000000	0.3514	-0.0768	0.0178	0	0.06	0	1866	29.67	-0.09481	-0.02573	1840	992	0.5391	0.06	0.9627	2072	31.8	-0.06358	0.006218	2057	1321	0.6422	0.0625	1.147	1251	27.24	-0.1558	-0.002207	1242	715	0.5757	0.06667	1.028	-0.02647	0.1993
chr6	65000000	66000000	0.3432	-0.1061	0.0242	0	0.0621	0	1708	29.35	-0.1105	-0.006675	1703	1019	0.5984	0.0625	0.9218	1923	31.01	-0.09962	-0.01198	1920	1293	0.6734	0.05882	1.037	1815	26.56	-0.1924	0.00847	1804	978	0.5421	0.06522	0.8352	0.02272	0.241
chr6	66000000	67000000	0.3472	-0.1047	0.0275	0	0.0625	0	1852	29.57	-0.09961	-0.000622	1847	784	0.4245	0.0641	0.8207	1917	31.18	-0.09192	0.007151	1909	949	0.4971	0.06	0.9612	2469	26.46	-0.1976	-0.007897	2458	1401	0.57	0.06522	1.102	0.02697	0.241
chr6	67000000	68000000	0.3415	-0.1095	0.0302	0	0.0625	0	1765	29.56	-0.1005	0.008645	1748	1100	0.6293	0.0641	1.136	1178	30.68	-0.1151	-0.02534	1166	311	0.2667	0.05556	0.4814	1698	25.76	-0.2367	-0.03239	1683	910	0.5407	0.07143	0.9758	0.026	0.237
chr6	68000000	69000000	0.3505	-0.0793	0.0335	0	0.0625	0	1728	29.91	-0.08314	-0.008667	1717	1071	0.6238	0.0625	0.9601	1832	31.25	-0.08855	-0.01812	1805	1293	0.7163	0.06098	1.103	2042	26.68	-0.1861	-0.0225	2023	1468	0.7257	0.06757	1.117	0	0.241
chr6	69000000	70000000	0.3618	-0.0236	0.0221	0	0.0613	0	1574	30.28	-0.06566	-0.04523	1555	1021	0.6566	0.0625	0.9842	1323	31.82	-0.06257	-0.04861	1316	800	0.6079	0.0641	0.9113	1717	29.8	-0.02634	0.05598	1696	1185	0.6987	0.06	1.047	-0.02237	0.1375
chr6	70000000	71000000	0.3819	0.0102	0.0263	0	0.0605	0	887	31.3	-0.01763	-0.01502	886	565	0.6377	0.0641	0.8773	1288	32.9	-0.01417	-0.02469	1286	967	0.7519	0.0625	1.034	1029	30.82	0.02214	0.01341	1027	704	0.6855	0.0625	0.943	-0.02385	0.09954
chr6	71000000	72000000	0.3736	-0.0419	0.0136	0	0.0619	0	1523	30.62	-0.04953	0.001209	1515	942	0.6218	0.05941	1.12	1387	32.17	-0.04687	-0.008087	1384	794	0.5737	0.06	1.034	1724	28.88	-0.07177	0.003221	1713	1113	0.6497	0.0625	1.17	0.02203	0.1605
chr6	72000000	73000000	0.3638	-0.003	0.0202	0	0.06	0	1200	30.85	-0.03855	-0.02672	1189	831	0.6989	0.05556	1.044	1142	32.41	-0.03583	-0.04047	1127	737	0.6539	0.05556	0.9765	1012	30.22	-0.006245	0.05063	994	633	0.6368	0.05556	0.9509	-0.02203	0.08246
chr6	73000000	74000000	0.4116	0.0314	0.0096	0	0.0594	0	1396	32.68	0.04432	0.00868	1388	1015	0.7313	0.05882	1.179	1859	33.52	0.01266	-0.01549	1856	1355	0.7301	0.06	1.177	985	31.67	0.06135	0.01342	974	546	0.5606	0.05882	0.9034	-0.0163	0.04731
chr6	74000000	75000000	0.365	-0.0253	0.0194	0	0.0594	0	1088	30.25	-0.06684	-0.04095	1081	717	0.6633	0.05769	1.095	1118	31.67	-0.06921	-0.04813	1112	498	0.4478	0.05882	0.7396	1157	29.17	-0.05728	0.01604	1149	778	0.6771	0.0625	1.118	-0.02554	0.1155
chr6	75000000	76000000	0.3803	0.0006	0.016	0	0.0625	0	1112	31.45	-0.01066	-0.006939	1105	660	0.5973	0.0625	1.134	1065	33.33	0.00438	-0.0008286	1059	703	0.6638	0.0625	1.261	1078	30.83	0.02295	0.04575	1074	672	0.6257	0.0625	1.188	-0.02647	0.1069
chr6	76000000	77000000	0.3672	-0.0625	0.042	0	0.06	0	1696	29.62	-0.09732	-0.02999	1674	535	0.3196	0.05882	0.8699	1722	31.15	-0.09331	-0.03407	1700	479	0.2818	0.06667	0.7669	1868	28.11	-0.1105	-0.004489	1862	814	0.4372	0.0641	1.19	0	0.1333
chr6	77000000	78000000	0.3628	-0.0898	0.0226	0	0.0612	0	1596	29.79	-0.089	-6.049e-05	1574	426	0.2706	0.06	0.4411	1578	31.59	-0.07319	0.007175	1564	1049	0.6707	0.05882	1.093	2078	26.45	-0.1984	-0.05058	2048	1412	0.6895	0.06667	1.124	0.03171	0.2295
chr6	78000000	79000000	0.3674	-0.0856	0.0185	0	0.0625	0	1499	30.03	-0.07764	0.01514	1496	1169	0.7814	0.06	1.119	1394	32.13	-0.04858	0.03439	1392	740	0.5316	0.05556	0.7613	1223	26.97	-0.1705	-0.04246	1210	764	0.6314	0.06	0.9042	0.05445	0.2895
chr6	79000000	80000000	0.377	-0.0323	0.0227	0	0.0602	0	1291	31.18	-0.02335	0.02537	1283	776	0.6048	0.0625	0.9601	1225	33.03	-0.008795	0.02144	1217	801	0.6582	0.05882	1.045	1212	29.16	-0.05786	0.0002488	1208	790	0.654	0.06098	1.038	0	0.1864
chr6	80000000	81000000	0.3646	-0.0745	0.0095	0	0.0609	0	2115	30.04	-0.07699	0.002109	2108	1402	0.6651	0.06098	0.9718	1752	31.3	-0.08636	-0.01785	1732	1030	0.5947	0.06049	0.8689	2394	27.59	-0.1374	-0.02026	2374	1243	0.5236	0.06522	0.765	0.02346	0.1864
chr6	81000000	82000000	0.3619	-0.0925	0.0178	0	0.0617	0	1833	29.43	-0.1065	-0.01619	1823	1476	0.8097	0.0625	1.06	1371	31.91	-0.05833	0.02453	1361	1152	0.8464	0.0625	1.108	1953	27.22	-0.157	-0.005775	1945	1323	0.6802	0.06522	0.8904	-0.01937	0.1993
chr6	82000000	83000000	0.3809	-0.0468	0.0275	0	0.0625	0	1320	30.8	-0.04093	0.01035	1308	848	0.6483	0.0641	1.037	1512	32.68	-0.02406	0.01675	1501	1289	0.8588	0.06	1.374	1224	28.48	-0.09154	-0.03103	1209	649	0.5368	0.06757	0.8586	0	0.187
chr6	83000000	84000000	0.3753	-0.0495	0.0186	0	0.0614	0	798	30.88	-0.03706	0.01289	782	616	0.7877	0.0625	1.123	947	32.53	-0.03049	0.01589	934	673	0.7206	0.06098	1.027	790	28.35	-0.09825	-0.006425	774	596	0.77	0.0633	1.098	0.02018	0.1979
chr6	84000000	85000000	0.3821	-0.0609	0.0142	0	0.06	0	1085	30.06	-0.07619	-0.003095	1079	668	0.6191	0.06	0.9606	1120	32.13	-0.04835	0.01292	1119	700	0.6256	0.05556	0.9706	1215	28.43	-0.09437	-0.02864	1208	755	0.625	0.06	0.9697	-0.02308	0.1864
chr6	85000000	86000000	0.396	-0.0098	0.025	0	0.0602	0	1295	30.97	-0.03281	-0.01458	1294	499	0.3856	0.06098	0.562	1828	33.23	-6.401e-05	0.008311	1825	1556	0.8526	0.06	1.242	1431	29.95	-0.01906	-0.01234	1428	1010	0.7073	0.05882	1.031	-0.0458	0.142
chr6	86000000	87000000	0.3834	-0.0271	0.0166	0	0.0612	0	1566	30.84	-0.03901	-0.008325	1565	876	0.5597	0.0625	0.8361	1865	32.58	-0.02854	-0.001567	1857	1418	0.7636	0.06098	1.141	1576	29.13	-0.05905	-0.01292	1571	1053	0.6703	0.07143	1.001	0	0.1575
chr6	87000000	88000000	0.3968	0.0463	0.0158	0	0.0585	0	1481	32.16	0.02132	-0.01411	1476	935	0.6335	0.05882	0.8935	1108	34.58	0.05741	0.009683	1103	815	0.7389	0.05882	1.042	1706	32.25	0.08791	0.03195	1684	1153	0.6847	0.05882	0.9657	-0.07529	0.1274
chr6	88000000	89000000	0.386	0.0346	0.0252	0	0.0588	0	869	31.72	0.001547	-0.03043	862	530	0.6148	0.0625	1.019	866	33.7	0.02022	-0.0128	859	547	0.6368	0.0625	1.056	966	31.38	0.04804	0.0335	960	624	0.65	0.06	1.078	-0.0458	0.08489
chr6	89000000	90000000	0.4263	0.0404	0.0159	0	0.0612	0	1113	32.72	0.04631	-0.002599	1109	730	0.6583	0.0625	1.06	1056	34.43	0.05131	0.01679	1048	598	0.5706	0.05556	0.9192	1041	32	0.07624	0.01191	1037	569	0.5487	0.05882	0.8839	-0.01838	0.08017
chr6	90000000	91000000	0.3919	-0.0165	0.0158	0	0.0605	0	853	31.24	-0.02068	0.01151	853	571	0.6694	0.0641	0.9807	1254	32.3	-0.04081	-0.02031	1247	1139	0.9134	0.06	1.338	1176	29.71	-0.03061	-0.005249	1174	961	0.8186	0.0641	1.199	0	0.1186
chr6	91000000	92000000	0.3612	-0.0912	0.0268	0	0.0647	0	1069	29.21	-0.1173	-0.01977	1067	745	0.6982	0.06667	1.056	1332	31.37	-0.08301	0.001765	1328	946	0.7123	0.05882	1.077	953	27.71	-0.1312	0.01536	952	536	0.563	0.06466	0.8515	-0.02237	0.2141
chr6	92000000	93000000	0.3512	-0.0994	0.0338	0	0.0625	0	1520	30.03	-0.07771	0.01535	1519	968	0.6373	0.0625	1.024	1674	30.97	-0.1017	-0.00848	1669	1162	0.6962	0.0625	1.118	1499	26.6	-0.1904	-0.01731	1494	841	0.5629	0.06522	0.9041	0.03847	0.2224
chr6	93000000	94000000	0.3467	-0.1052	0.0262	0	0.061	0	1165	29.47	-0.1045	-0.006431	1157	878	0.7589	0.06522	1.016	1028	31.27	-0.08788	0.007889	1022	766	0.7495	0.06098	1.003	1327	26.68	-0.186	0.003046	1319	994	0.7536	0.06522	1.009	0.04731	0.2295
chr6	94000000	95000000	0.3445	-0.1197	0.0276	0	0.0625	0	1153	29.18	-0.1187	0	1147	710	0.619	0.06522	0.9827	1252	31.24	-0.08884	0.01547	1231	1029	0.8359	0.05882	1.327	948	25.94	-0.2266	-0.02106	932	706	0.7575	0.06667	1.203	0	0.241
chr6	95000000	96000000	0.3488	-0.1009	0.0202	0	0.0625	0	1286	29.35	-0.1106	-0.01272	1269	890	0.7013	0.06522	1.161	1421	31.09	-0.0962	0.0002927	1410	1078	0.7645	0.0625	1.265	1376	26.76	-0.1817	0.003829	1358	1011	0.7445	0.06522	1.232	0.02512	0.2224
chr6	96000000	97000000	0.3699	-0.0492	0.0214	0	0.0594	0	1521	30.61	-0.05003	-0.0004829	1508	797	0.5285	0.06	0.9643	1511	32.29	-0.04156	0.002271	1501	768	0.5117	0.06098	0.9335	1490	28.42	-0.09473	-0.01204	1477	708	0.4794	0.06522	0.8746	-0.01937	0.1926
chr6	97000000	98000000	0.3587	-0.054	0.0163	0	0.0617	0	781	30.32	-0.06383	-0.007799	777	406	0.5225	0.06	0.7426	933	32.06	-0.05173	-0.004023	928	527	0.5679	0.0625	0.8071	804	28.41	-0.09505	0.02677	800	603	0.7538	0.06667	1.071	-0.02554	0.1926
chr6	98000000	99000000	0.3687	-0.0701	0.0168	0	0.0625	0	944	30.61	-0.04975	0.02011	942	292	0.31	0.0625	0.5718	980	31.42	-0.08092	-0.02146	977	631	0.6459	0.05882	1.191	1093	28.02	-0.1152	-0.009384	1091	723	0.6627	0.06667	1.222	0.04977	0.1806
chr6	99000000	100000000	0.3934	-0.0093	0.0186	0	0.0625	0	1593	31.63	-0.002491	0.01461	1586	626	0.3947	0.06522	0.7635	1493	33.2	-0.001092	0.008039	1492	587	0.3934	0.05814	0.761	1723	29.8	-0.02606	-0.02017	1711	1235	0.7218	0.06	1.396	-0.02076	0.1375
chr6	100000000	101000000	0.3641	-0.0438	0.0193	0	0.0613	0	1007	30.8	-0.04119	0.01126	1003	296	0.2951	0.06049	0.4567	1237	32.69	-0.02358	0.01075	1223	800	0.6541	0.0625	1.012	948	28.9	-0.07072	0.02544	937	191	0.2038	0.07576	0.3154	0	0.1481
chr6	101000000	102000000	0.3512	-0.0903	0.0292	0	0.0612	0	1392	30.04	-0.0772	0.006762	1382	740	0.5355	0.06522	0.9662	1414	31.66	-0.06973	0.01435	1409	1027	0.7289	0.0625	1.315	1161	27.27	-0.1545	0.009524	1155	653	0.5654	0.06667	1.02	0.02272	0.2141
chr6	102000000	103000000	0.342	-0.1044	0.0255	0	0.0647	0	868	29.72	-0.09262	0.01076	868	657	0.7569	0.06757	1.017	1111	30.93	-0.1034	-0.01963	1105	908	0.8217	0.06522	1.104	948	26.86	-0.176	0.02114	943	326	0.3457	0.06712	0.4643	0	0.2224
chr6	103000000	104000000	0.3475	-0.1219	0.0272	0	0.0625	0	1731	28.81	-0.1372	-0.02044	1714	1333	0.7777	0.06667	1.147	890	30.99	-0.1004	0.01682	881	415	0.4711	0.06	0.6949	1714	25.94	-0.2264	-0.01833	1692	915	0.5408	0.0625	0.7977	0	0.239
chr6	104000000	105000000	0.3751	-0.068	0.029	0	0.0594	0	1190	29.7	-0.09334	-0.02489	1168	717	0.6139	0.06098	0.9348	1408	31.84	-0.06148	0.004289	1389	860	0.6192	0.06522	0.9428	860	27.68	-0.1327	-0.0226	849	426	0.5018	0.06667	0.7641	-0.02203	0.2358
chr6	105000000	106000000	0.4001	0.0187	0.0188	0	0.0617	0	944	31.72	0.001352	-0.01235	932	508	0.5451	0.06	0.9889	1212	33.51	0.01218	-0.005427	1199	775	0.6464	0.05882	1.173	897	31.07	0.03393	0.007563	885	492	0.5559	0.05882	1.009	-0.0251	0.09311
chr6	106000000	107000000	0.4097	0.0651	0.015	0	0.0588	0	1399	33.27	0.07023	0.001349	1395	885	0.6344	0.06	1.072	1512	34.76	0.06479	-0.004445	1509	1068	0.7078	0.05556	1.196	1390	32.75	0.11	0.04315	1383	877	0.6341	0.05882	1.071	-0.01838	0.08368
chr6	107000000	108000000	0.4219	0.0129	0.0136	0	0.0589	0	1303	32.62	0.04168	0.02654	1284	545	0.4245	0.05882	0.8269	1306	33.78	0.02375	0.01374	1292	534	0.4133	0.0633	0.8052	1482	31.44	0.05111	0.01187	1464	850	0.5806	0.0625	1.131	-0.0217	0.09954
chr6	108000000	109000000	0.4197	0.0411	0.0083	0	0.0592	0	710	32.31	0.02788	-0.0163	704	550	0.7812	0.05882	1.078	592	34.09	0.03689	0.001795	592	314	0.5304	0.06098	0.7319	658	31.28	0.04376	0	653	489	0.7489	0.06522	1.033	-0.04977	0.1313
chr6	109000000	110000000	0.4064	0.008	0.0062	0	0.0617	0	1253	31.94	0.01137	-0.001147	1248	1026	0.8221	0.06049	1.091	1247	33.48	0.01093	0.004171	1238	743	0.6002	0.06098	0.7966	801	30.62	0.01265	0	794	598	0.7531	0.0625	0.9997	0	0.1003
chr6	110000000	111000000	0.4088	0.0393	0.0112	0	0.0572	0	950	32.89	0.0539	0.01594	945	817	0.8646	0.0641	1.128	828	34.24	0.04327	0.002327	823	636	0.7728	0.05814	1.008	593	30.93	0.02753	-0.01354	589	449	0.7623	0.05882	0.9948	0.02272	0.1293
chr6	111000000	112000000	0.4097	0.0445	0.0164	0	0.0572	0	671	32.9	0.05413	0.005845	671	503	0.7496	0.05556	1.033	696	34.95	0.07283	0.0242	695	532	0.7655	0.05556	1.055	653	32.24	0.0872	0.04094	653	201	0.3078	0.06667	0.4243	-0.05733	0.09622
chr6	112000000	113000000	0.376	-0.0189	0.0232	0	0.0609	0	1133	30.57	-0.05157	-0.02808	1116	509	0.4561	0.06667	0.7849	1274	33.19	-0.001562	0.006246	1256	837	0.6664	0.05882	1.147	1253	28.91	-0.06999	-0.00988	1233	865	0.7015	0.06522	1.207	-0.02385	0.2224
chr6	113000000	114000000	0.3771	-0.0002	0.0166	0	0.0588	0	1567	31.34	-0.01573	0.001015	1549	1064	0.6869	0.0625	1.192	1554	33.35	0.00538	0.005039	1542	963	0.6245	0.06	1.084	1557	30.18	-0.007829	0.01818	1546	865	0.5595	0.06098	0.971	-0.02106	0.142
chr6	114000000	115000000	0.3668	-0.0354	0.0291	0	0.0594	0	1336	29.96	-0.08078	-0.04176	1325	718	0.5419	0.06594	0.9124	1376	32.6	-0.02745	0.004007	1369	815	0.5953	0.06	1.002	1336	28.27	-0.1022	-0.02851	1326	804	0.6063	0.0695	1.021	0	0.2095
chr6	115000000	116000000	0.3637	-0.0262	0.0321	0	0.0605	0	1639	30.23	-0.06783	-0.03299	1628	1298	0.7973	0.0625	1.062	1384	32.53	-0.03078	-0.01316	1377	1027	0.7458	0.0625	0.9938	1644	28.74	-0.07856	0.002979	1632	1221	0.7482	0.06522	0.9969	-0.02237	0.1203
chr6	116000000	117000000	0.3722	0.0294	0.0199	0	0.0628	0	989	31.88	0.00895	-0.01438	985	520	0.5279	0.05882	0.7574	909	34.22	0.04221	0.009391	907	269	0.2966	0.05882	0.4255	819	31.18	0.03894	0.04329	818	434	0.5306	0.06667	0.7612	-0.04655	0.1255
chr6	117000000	118000000	0.3848	-0.0201	0.0174	0	0.06	0	1281	31.04	-0.02968	-0.003235	1263	926	0.7332	0.0641	1.126	1136	32.96	-0.01172	0.00438	1133	455	0.4016	0.06	0.617	874	29.55	-0.03848	0.01231	865	253	0.2925	0.06667	0.4494	-0.02554	0.1422
chr6	118000000	119000000	0.3889	0.0025	0.0199	0	0.0612	0	1425	31.45	-0.01065	-0.002112	1422	805	0.5661	0.0641	0.9556	1500	33.35	0.005237	0.0009972	1493	920	0.6162	0.06	1.04	1313	30.69	0.01631	0.01776	1306	413	0.3162	0.07143	0.5338	0	0.1468
chr6	119000000	120000000	0.3757	-0.0171	0.026	0	0.0613	0	1314	30.7	-0.04576	-0.02512	1312	1079	0.8224	0.0625	1.267	1348	32.83	-0.01756	-0.005817	1346	958	0.7117	0.05882	1.097	1526	29.56	-0.03818	0.02157	1523	1070	0.7026	0.0641	1.082	-0.04731	0.1481
chr6	120000000	121000000	0.3506	-0.0916	0.0278	0	0.0625	0	1936	29.36	-0.1103	-0.02348	1919	1384	0.7212	0.06522	1.202	1640	31.8	-0.06352	0.02003	1636	676	0.4132	0.0641	0.6888	1651	27.73	-0.1301	0.04359	1646	1042	0.633	0.06667	1.055	0	0.1651
chr6	121000000	122000000	0.3699	-0.0973	0.0224	0	0.0588	0	869	29.79	-0.08889	0.008763	860	267	0.3105	0.05172	0.5677	1126	31.35	-0.08382	0.008111	1119	609	0.5442	0.05882	0.9951	1062	27.42	-0.1465	-0.01576	1052	567	0.539	0.06522	0.9855	0	0.2065
chr6	122000000	123000000	0.3703	-0.0744	0.0129	0	0.0625	0	1822	30.35	-0.0624	0.01283	1819	1092	0.6003	0.06522	0.967	1416	31.76	-0.06545	0.005322	1411	390	0.2764	0.06466	0.4452	1816	28.16	-0.1079	-0.001868	1812	1142	0.6302	0.06667	1.015	0	0.1751
chr6	123000000	124000000	0.3574	-0.1049	0.0193	0	0.0625	0	1478	29.7	-0.09362	0.01331	1472	1031	0.7004	0.07143	1.205	1423	30.53	-0.1221	-0.02308	1407	883	0.6276	0.0625	1.079	1467	27.08	-0.1642	0.01008	1463	950	0.6494	0.07143	1.117	0.03037	0.152
chr6	124000000	125000000	0.364	-0.0785	0.018	0	0.0625	0	1335	30.07	-0.07556	0.01177	1327	764	0.5757	0.06667	0.9852	1155	31.38	-0.08263	-0.0127	1147	573	0.4996	0.06	0.8548	1321	28.12	-0.1102	0.02191	1317	581	0.4412	0.06522	0.7549	0.02203	0.1575
chr6	125000000	126000000	0.3898	-0.0147	0.016	0	0.0572	0	1292	31.39	-0.01368	0.006677	1275	988	0.7749	0.05882	1.313	1151	32.82	-0.01804	-0.002947	1146	569	0.4965	0.0641	0.8415	1205	30.28	-0.003275	0.01537	1200	721	0.6008	0.05882	1.018	0.02076	0.1333
chr6	126000000	127000000	0.3644	-0.0285	0.022	0	0.0617	0	685	30.36	-0.06171	-0.02089	683	646	0.9458	0.06667	1.379	699	32.07	-0.05138	-0.02888	694	661	0.9524	0.06098	1.389	452	29.44	-0.04378	0.02741	449	368	0.8196	0.06	1.195	-0.02106	0.1096
chr6	127000000	128000000	0.3666	-0.0406	0.016	0	0.0621	0	962	30.4	-0.05991	-0.01586	957	607	0.6343	0.07143	1.001	1144	32.45	-0.03401	0.00298	1144	748	0.6538	0.05556	1.032	1051	29.59	-0.03645	0.05044	1048	536	0.5115	0.06522	0.8072	-0.02466	0.1501
chr6	128000000	129000000	0.3589	-0.03	0.0305	0	0.0613	0	617	30.57	-0.05157	-0.01736	616	366	0.5942	0.06	0.8679	1079	31.88	-0.05995	-0.03536	1077	930	0.8635	0.0625	1.261	780	28.44	-0.09368	0.001784	775	534	0.689	0.06667	1.006	0.0217	0.1333
chr6	129000000	130000000	0.3694	0.0084	0.0127	0	0.0602	0	1092	30.78	-0.04201	-0.04804	1062	454	0.4275	0.0625	0.6355	1193	33.26	0.001434	-0.01323	1177	747	0.6347	0.06757	0.9435	1180	30.23	-0.005552	0.01908	1158	722	0.6235	0.06522	0.9268	-0.04811	0.1561
chr6	130000000	131000000	0.3866	0.0051	0.0226	0	0.0599	0	1008	31.81	0.005682	0.000276	1006	708	0.7038	0.06	1.028	1084	33.26	0.001503	-0.002614	1082	731	0.6756	0.06	0.9866	1147	30.6	0.01176	0.02562	1138	954	0.8383	0.05882	1.224	-0.0217	0.1255
chr6	131000000	132000000	0.3894	-0.0392	0.0132	0	0.0609	0	1409	31.34	-0.01566	0.03333	1404	1184	0.8433	0.06667	1.089	736	31.96	-0.05632	-0.01708	722	564	0.7812	0.05941	1.009	1296	29.75	-0.02888	0.02148	1290	1134	0.8791	0.0625	1.135	0	0.09622
chr6	132000000	133000000	0.3782	-0.0006	0.012	0	0.0588	0	774	32.13	0.02008	0.02633	774	641	0.8282	0.06	1.006	996	33.27	0.001666	0.001536	995	917	0.9216	0.05882	1.12	988	30.75	0.01878	0.04164	984	802	0.815	0.05882	0.9901	0	0.1485
chr6	133000000	134000000	0.3767	-0.0261	0.0193	0	0.0588	0	1269	31.15	-0.02444	0.01707	1267	725	0.5722	0.0625	0.9247	1280	32.34	-0.03908	-0.01685	1277	622	0.4871	0.05556	0.7871	1126	28.96	-0.06747	-0.008896	1120	635	0.567	0.06667	0.9162	-0.00943	0.1494
chr6	134000000	135000000	0.4086	0.0314	0.0169	0	0.06	0	1175	32.18	0.02241	-0.006948	1172	841	0.7176	0.0625	0.9664	1031	34.3	0.04578	0.01041	1028	774	0.7529	0.0625	1.014	1077	30.91	0.0267	-0.00731	1067	789	0.7395	0.06522	0.9959	-0.02203	0.1501
chr6	135000000	136000000	0.3781	0.0487	0.0202	0	0.0588	0	470	31.66	-0.00108	-0.04412	468	246	0.5256	0.0625	0.642	833	34.09	0.03698	-0.01003	831	709	0.8532	0.05556	1.042	324	31.36	0.04742	0.02437	322	167	0.5186	0.06667	0.6334	-0.09788	0.09905
chr6	136000000	137000000	0.398	0.0506	0.0117	0	0.0581	0	654	32.29	0.0274	-0.01577	648	414	0.6389	0.0625	0.9584	752	34.58	0.05757	0.006406	749	545	0.7276	0.05814	1.092	797	32.53	0.1004	0.04064	795	602	0.7572	0.06522	1.136	-0.07276	0.09622
chr6	137000000	138000000	0.401	0.0728	0.0194	0	0.0581	0	1309	32.5	0.03675	-0.0356	1304	681	0.5222	0.0641	0.7996	1438	35.1	0.07905	0.005928	1436	935	0.6511	0.05556	0.997	1379	33.1	0.1252	0.03546	1376	914	0.6642	0.05941	1.017	-0.06928	0.0902
chr6	138000000	139000000	0.4084	0.0567	0.029	0	0.0578	0	856	32.4	0.03232	-0.02016	853	697	0.8171	0.05882	1.077	954	34.02	0.03412	-0.02539	950	698	0.7347	0.05882	0.9687	895	32.09	0.08032	0.02101	893	669	0.7492	0.06	0.9877	-0.01838	0.08746
chr6	139000000	140000000	0.3966	-0.0049	0.0194	0	0.0617	0	1330	31.36	-0.01503	0.000787	1322	912	0.6899	0.06	1.016	1228	33.48	0.01066	0.01409	1223	858	0.7016	0.06098	1.033	1399	30.7	0.01659	0.01184	1392	1118	0.8032	0.0641	1.183	-0.02046	0.09622
chr6	140000000	141000000	0.3542	-0.1001	0.0172	0	0.0606	0	787	29.55	-0.1009	-0.002618	780	620	0.7949	0.0641	1.254	635	31.38	-0.08246	0.005812	629	473	0.752	0.06	1.187	980	27.56	-0.139	0.02944	969	768	0.7926	0.06667	1.251	0.02509	0.1926
chr6	141000000	142000000	0.3541	-0.0712	0.0168	0	0.0625	0	1142	30.13	-0.07277	-0.001454	1141	765	0.6705	0.0625	0.9905	1064	31.8	-0.06328	-0.002169	1060	895	0.8443	0.0625	1.247	1189	27.98	-0.1174	0.02335	1177	802	0.6814	0.06667	1.007	0	0.1926
chr6	142000000	143000000	0.3783	0.0257	0.0148	0	0.0591	0	1002	31.32	-0.01662	-0.03666	994	856	0.8612	0.0625	1.444	720	33.32	0.003914	-0.02372	714	269	0.3768	0.05814	0.6319	809	31.66	0.06101	0.05757	807	458	0.5675	0.05556	0.9519	-0.07497	0.04373
chr6	143000000	144000000	0.3961	0.0487	0.0171	0	0.0585	0	1077	32.27	0.02619	-0.01237	1077	568	0.5274	0.05882	0.7968	938	34.07	0.03617	-0.01396	936	802	0.8568	0.05882	1.295	864	32.21	0.08588	0.0341	863	605	0.701	0.05556	1.059	-0.04064	0.08017
chr6	144000000	145000000	0.3894	0.0378	0.0287	0	0.0602	0	912	31.01	-0.03102	-0.05903	907	702	0.774	0.0625	0.946	837	33.47	0.01055	-0.02721	832	713	0.857	0.06667	1.047	1106	31.42	0.05015	0.02351	1103	883	0.8005	0.0625	0.9784	-0.05346	0.08017
chr6	145000000	146000000	0.375	-0.0249	0.0096	0	0.0625	0	1206	30.64	-0.04836	-0.01753	1202	929	0.7729	0.06522	1.122	886	32.73	-0.02178	0.00109	882	406	0.4603	0.0625	0.6682	1450	30.1	-0.01207	0.05516	1448	1334	0.9213	0.06522	1.337	-0.02048	0.08368
chr6	146000000	147000000	0.3713	-0.0526	0.0181	0	0.0594	0	576	30.19	-0.06964	-0.01241	575	415	0.7217	0.0625	0.958	766	32.17	-0.04695	-0.0003107	762	671	0.8806	0.05882	1.169	718	28.81	-0.07515	0.01035	717	557	0.7768	0.06522	1.031	-0.01118	0.2115
chr6	147000000	148000000	0.38	-0.0441	0.0149	0	0.06	0	985	30.64	-0.04833	0.0001857	983	451	0.4588	0.06522	0.7192	1104	31.67	-0.06953	-0.03087	1104	745	0.6748	0.06	1.058	1025	28.74	-0.07848	-0.008287	1023	850	0.8309	0.06667	1.303	0.02385	0.1013
chr6	148000000	149000000	0.4149	0.0214	0.0251	0	0.0591	0	1488	31.83	0.006502	-0.009138	1480	949	0.6412	0.05882	0.9823	1499	33.42	0.008242	-0.006851	1486	1151	0.7746	0.0641	1.187	1586	30.28	-0.003324	-0.0222	1574	889	0.5648	0.05882	0.8652	0.02137	0.142
chr6	149000000	150000000	0.4237	0.0855	0.0128	0	0.0594	0	751	33.36	0.0741	-0.01564	749	590	0.7877	0.05814	0.9486	776	34.95	0.07305	-0.009053	775	648	0.8361	0.0625	1.007	1411	32.74	0.1094	-0.008503	1409	1202	0.8531	0.06	1.027	-0.02566	0.1333
chr6	150000000	151000000	0.4366	0.0485	0.0196	0	0.0625	0	1514	32.7	0.04526	-0.01575	1504	978	0.6503	0.0625	0.9759	1755	33.52	0.01239	-0.03245	1751	1147	0.6551	0.05556	0.9831	1587	31.65	0.06072	-0.01536	1576	1038	0.6586	0.06522	0.9885	0	0.111
chr6	151000000	152000000	0.4156	-0.0113	0.0095	0	0.0599	0	1090	32.33	0.02893	0.03491	1085	858	0.7908	0.05556	1.144	1294	32.88	-0.01505	0.003508	1288	1037	0.8051	0.06	1.164	1227	30.66	0.01498	0.02618	1218	815	0.6691	0.06667	0.9678	0.01912	0.1031
chr6	152000000	153000000	0.3831	-0.0276	0.0183	0	0.0588	0	1416	31.49	-0.009071	0.02313	1413	498	0.3524	0.05882	0.4893	1561	32.47	-0.03327	-0.006928	1557	1231	0.7906	0.05882	1.098	1806	29.42	-0.04469	0.0005912	1803	1450	0.8042	0.06	1.117	0.0199	0.1333
chr6	153000000	154000000	0.3676	-0.0351	0.0181	0	0.0625	0	1479	30.71	-0.04529	-0.0008571	1467	863	0.5883	0.05882	0.8467	1906	32.52	-0.03116	5.127e-05	1900	1587	0.8353	0.0625	1.202	1507	29.34	-0.04878	0.02459	1499	1343	0.8959	0.0625	1.289	-0.0199	0.1751
chr6	154000000	155000000	0.4089	0.0158	0.0212	0	0.0611	0	1123	32.07	0.01752	0.003069	1113	711	0.6388	0.06757	0.9612	1249	33.8	0.0247	0.004925	1241	870	0.701	0.0625	1.055	1079	31.5	0.05371	0.03613	1067	782	0.7329	0.05882	1.103	-0.01838	0.07039
chr6	155000000	156000000	0.3939	0.009	0.0159	0	0.0602	0	1346	31.15	-0.02455	-0.02868	1327	974	0.734	0.0625	1.138	1099	33.15	-0.003583	-0.01249	1078	622	0.577	0.06	0.8943	1191	30.58	0.01087	0.01181	1182	541	0.4577	0.0641	0.7094	-0.02347	0.1186
chr6	156000000	157000000	0.4054	0.0295	0.0254	0	0.0607	0	1107	31.84	0.007052	-0.01789	1100	826	0.7509	0.06174	1.072	816	33.23	0.0001516	-0.02531	794	438	0.5516	0.0625	0.7875	1159	31.65	0.06059	0.02554	1128	647	0.5736	0.0641	0.8188	0	0.078
chr6	157000000	158000000	0.4417	0.0824	0.0222	0	0.06	0	1035	33.27	0.07029	-0.02657	998	817	0.8186	0.06098	1.2	837	35.31	0.08747	0.01402	819	683	0.8339	0.05882	1.222	1307	33.51	0.143	0.0399	1275	677	0.531	0.06667	0.7782	-0.03847	0.06413
chr6	158000000	159000000	0.447	0.0551	0.0071	0	0.06	0	1695	32.86	0.05255	-0.008095	1676	1075	0.6414	0.06667	0.923	1699	34.54	0.05593	0.01125	1685	1197	0.7104	0.05556	1.022	1987	33.09	0.1249	0.04954	1976	1582	0.8006	0.0625	1.152	-0.03242	0.0458
chr6	159000000	160000000	0.4318	0.057	0.0214	0	0.06	0	1850	32.87	0.05278	-0.01358	1825	1357	0.7436	0.06098	1.35	1361	34.27	0.04441	-0.007694	1349	612	0.4537	0.05882	0.8235	1895	32.07	0.07939	-0.008327	1852	988	0.5335	0.06098	0.9684	-0.02308	0.08489
chr6	160000000	161000000	0.4199	-0.0285	0.0165	0	0.0625	0	1405	31.23	-0.021	0.004218	1372	774	0.5641	0.06667	0.8919	1674	32.12	-0.04914	-0.01585	1635	1036	0.6336	0.05882	1.002	1425	29.36	-0.04792	-0.0242	1403	797	0.5681	0.0625	0.8981	0.02137	0.152
chr6	161000000	162000000	0.4192	-0.0491	0.0252	0	0.061	0	1395	31.59	-0.004352	0.04147	1388	1088	0.7839	0.05882	1.148	1735	32.07	-0.05135	0.002548	1727	1350	0.7817	0.0625	1.144	1532	29.02	-0.06458	-0.01815	1516	1117	0.7368	0.0625	1.079	0.02976	0.152
chr6	162000000	163000000	0.3873	-0.0809	0.0295	0	0.061	0	1849	30.4	-0.05992	0.02414	1833	1406	0.767	0.05685	1.221	1528	31.74	-0.06602	0.01128	1514	909	0.6004	0.06	0.9557	1771	27.65	-0.1345	-0.03466	1748	1353	0.774	0.0641	1.232	0.02554	0.1953
chr6	163000000	164000000	0.4176	-0.0026	0.0148	0	0.0617	0	1551	31.56	-0.005952	-0.004583	1541	941	0.6106	0.06522	0.9425	1400	33.37	0.006061	0.01707	1393	868	0.6231	0.06	0.9617	1541	30.41	0.003025	0.001056	1526	959	0.6284	0.0625	0.97	-0.02308	0.1186
chr6	164000000	165000000	0.3838	-0.0532	0.0186	0	0.0605	0	1932	30.63	-0.04877	0.007521	1921	1179	0.6137	0.0625	1.013	1824	32.51	-0.03173	0.01789	1820	1067	0.5863	0.06	0.9674	2090	27.64	-0.135	-0.05839	2067	1196	0.5786	0.06522	0.9548	0.02346	0.2224
chr6	165000000	166000000	0.4066	-0.0187	0.0275	0	0.0617	0	1305	31.75	0.00309	0.01677	1298	687	0.5293	0.05882	0.9023	1378	33.22	-0.0004586	0.01948	1370	815	0.5949	0.0625	1.014	1617	28.45	-0.09323	-0.07701	1597	1041	0.6518	0.06522	1.111	0.037	0.1926
chr6	166000000	167000000	0.4498	0.0788	0.0055	0	0.0599	0	1952	33.49	0.07973	-0.01709	1924	1357	0.7053	0.06	1.011	1961	35.57	0.09825	0.02053	1944	1286	0.6615	0.05814	0.9486	2082	32.51	0.09943	-0.006557	2051	1499	0.7309	0.05882	1.048	0	0.1255
chr6	167000000	168000000	0.4558	0.0552	0.0141	0	0.0617	0	2254	33.06	0.061	-0.009656	2147	1588	0.7396	0.0625	1.161	2099	33.91	0.02924	-0.01981	2011	1303	0.6479	0.06	1.017	2255	32.12	0.08192	-0.0127	2147	1441	0.6712	0.0625	1.053	0	0.04891
chr6	168000000	169000000	0.4748	-0.0361	0.0308	0	0.0631	0	3099	32.09	0.0183	0.03084	2876	1999	0.6951	0.06522	1.07	2979	31.7	-0.06813	-0.01353	2745	1780	0.6485	0.05882	0.9987	2749	29.3	-0.05078	-0.06356	2535	1585	0.6252	0.0625	0.963	0.06926	0.114
chr6	169000000	170000000	0.4468	-0.0187	0.0193	0	0.0625	0	1359	32.6	0.04098	0.05522	1296	634	0.4892	0.06522	0.9679	1473	32.76	-0.02049	0.008783	1406	631	0.4488	0.06667	0.888	1480	29.43	-0.04437	-0.04969	1414	706	0.4993	0.06174	0.9879	0.04439	0.1375
chr6	170000000	170805979	0.472	-0.084	0.064	0	0.0695	0	1729	30.96	-0.03327	0.02716	1404	725	0.5164	0.0641	0.9938	1661	31.24	-0.08898	0.005866	1337	538	0.4024	0.07143	0.7744	1399	29.71	-0.03044	0.00158	1187	707	0.5956	0.075	1.146	0.1069	0.1255
chr7	0	1000000	0.5487	0.1021	0.0461	0	0.0613	0	2304	35.4	0.16	-0.01446	2124	1666	0.7844	0.0641	1.131	2312	34.92	0.07163	-0.01046	2148	1709	0.7956	0.0625	1.147	2554	32.93	0.1179	-0.05966	2311	1662	0.7192	0.05882	1.037	0.06319	0.06871
chr7	1000000	2000000	0.5632	0.1549	0.0539	0	0.0581	0	2476	37.23	0.2326	-0.0007519	2334	1637	0.7014	0.05814	1.017	2228	36.22	0.1244	-0.01207	2079	1600	0.7696	0.05319	1.116	2020	35.52	0.2269	-0.006135	1879	1430	0.761	0.05882	1.103	0.03764	0
chr7	2000000	3000000	0.529	0.1574	0.0396	0	0.0588	0	1915	36.41	0.2006	-0.01001	1881	1420	0.7549	0.05263	1.084	1733	35.78	0.1065	-0.03702	1693	1158	0.684	0.06098	0.9819	1482	36.08	0.2494	0.02019	1455	862	0.5924	0.06	0.8505	0.03847	0.03171
chr7	3000000	4000000	0.4233	0.0194	0.0253	0	0.0594	0	1943	32.23	0.02473	-0.001404	1923	1503	0.7816	0.06	1.091	1933	33.43	0.008611	-0.005397	1923	1473	0.766	0.05882	1.069	2063	30.09	-0.01235	-0.06552	2047	1421	0.6942	0.0641	0.9691	0.04307	0.1375
chr7	4000000	5000000	0.4837	0.0376	0.0211	0	0.0588	0	1564	33.11	0.0635	0.005415	1508	1100	0.7294	0.05882	1.017	1640	33.14	-0.003821	-0.02968	1603	999	0.6232	0.06098	0.8689	1637	31.15	0.03784	-0.04574	1584	1123	0.709	0.0641	0.9885	0.04252	0.1432
chr7	5000000	6000000	0.4986	0.0601	0.0431	0	0.0622	0	2143	33.91	0.09779	-7.373e-05	2024	1168	0.5771	0.06098	0.995	2029	34.2	0.04148	-0.008159	1912	794	0.4153	0.06	0.716	1960	32.33	0.0913	-0.02709	1847	1218	0.6594	0.0641	1.137	0.03953	0.0458
chr7	6000000	7000000	0.4786	0.0587	0.0169	0	0.0605	0	1998	33.4	0.07614	-0.009597	1928	1469	0.7619	0.05882	1.017	2074	34.14	0.03886	-0.00218	2006	1515	0.7552	0.0625	1.008	1763	32.68	0.1068	-0.001529	1719	1383	0.8045	0.0625	1.074	0.02107	0.06899
chr7	7000000	8000000	0.3831	0.0456	0.0176	0	0.0605	0	2109	31.87	0.00834	-0.03266	2094	1435	0.6853	0.05882	1.024	1964	33.73	0.0216	-0.02526	1953	1168	0.5981	0.05882	0.8933	2060	31.4	0.04936	0.02144	2043	1453	0.7112	0.0641	1.062	-0.03953	0.09622
chr7	8000000	9000000	0.3751	0.0324	0.0096	0	0.061	0	1907	31.49	-0.009072	-0.04103	1901	1306	0.687	0.0625	1.058	1965	33.85	0.02659	-0.008036	1960	1387	0.7077	0.06098	1.089	1859	31.06	0.03357	0.04322	1853	1187	0.6406	0.06667	0.9861	-0.04123	0.1125
chr7	9000000	10000000	0.3487	-0.0637	0.0279	0	0.0617	0	2321	30.16	-0.07148	-0.01287	2315	1390	0.6004	0.0625	0.9728	2189	31.6	-0.07266	-0.01363	2180	1399	0.6417	0.0625	1.04	2574	27.25	-0.1552	-0.002137	2557	1418	0.5546	0.06594	0.8985	0.02697	0.2295
chr7	10000000	11000000	0.3656	-0.0696	0.0197	0	0.0619	0	2326	30.51	-0.05457	0.01456	2314	1798	0.777	0.0625	1.155	2271	31.6	-0.07252	-0.008913	2239	1602	0.7155	0.06	1.063	2098	27.51	-0.1417	-0.01909	2086	1545	0.7407	0.0625	1.101	0.0458	0.1926
chr7	11000000	12000000	0.3558	-0.0719	0.0303	0	0.06	0	1526	30.32	-0.06367	0.002884	1521	1061	0.6976	0.05814	0.9561	1486	32.44	-0.03455	0.03054	1479	1241	0.8391	0.06098	1.15	1877	28.04	-0.1142	0.03215	1864	1377	0.7387	0.06667	1.013	0	0.2224
chr7	12000000	13000000	0.3687	-0.0717	0.0177	0	0.06	0	2150	30.47	-0.05673	0.01474	2136	1817	0.8507	0.06098	1.16	2060	32.34	-0.03899	0.02206	2049	1697	0.8282	0.06098	1.129	2023	28.06	-0.1133	-0.005844	2008	1273	0.634	0.06	0.8644	0	0.2065
chr7	13000000	14000000	0.3575	-0.1068	0.0316	0	0.0625	0	1849	29.49	-0.1039	0.005712	1836	1439	0.7838	0.06	1.263	1321	30.82	-0.1085	-0.007541	1309	919	0.7021	0.05556	1.131	2043	26.78	-0.1804	-0.008914	2031	1324	0.6519	0.0625	1.05	0.05445	0.2295
chr7	14000000	15000000	0.3524	-0.1014	0.0263	0	0.0613	0	1630	30.03	-0.07755	0.02097	1619	1271	0.7851	0.05882	1.283	1279	31.34	-0.08441	0.00742	1272	936	0.7358	0.0625	1.202	1585	27.12	-0.1622	0.008826	1571	917	0.5837	0.06757	0.9538	0.04585	0.237
chr7	15000000	16000000	0.3555	-0.0961	0.0306	0	0.0625	0	1556	29.99	-0.07918	0.0123	1545	1073	0.6945	0.0625	1.055	1866	31.14	-0.09347	-0.004179	1853	1142	0.6163	0.0641	0.9365	1584	26.75	-0.1823	-0.01678	1575	1164	0.739	0.06522	1.123	0.02801	0.2035
chr7	16000000	17000000	0.3764	-0.0342	0.0145	0	0.0605	0	1777	30.62	-0.04961	0	1765	883	0.5003	0.05882	0.8615	1912	32.29	-0.04116	-0.01255	1901	1334	0.7017	0.05882	1.208	1810	28.69	-0.08108	-0.01237	1801	1045	0.5802	0.06522	0.9992	0.02203	0.1806
chr7	17000000	18000000	0.3709	-0.0163	0.015	0	0.0588	0	1562	30.78	-0.04167	-0.02069	1559	912	0.585	0.0625	0.9351	1549	33.05	-0.007591	0.0008991	1545	966	0.6252	0.05882	0.9994	1625	29.98	-0.01749	0.03064	1621	1232	0.76	0.0625	1.215	-0.02916	0.1375
chr7	18000000	19000000	0.3629	-0.0207	0.0165	0	0.0588	0	1148	30.2	-0.0694	-0.04951	1147	823	0.7175	0.0625	1.081	1066	32.57	-0.02882	-0.01756	1063	769	0.7234	0.06	1.09	1028	28.87	-0.07209	0.007173	1027	786	0.7653	0.06522	1.153	0	0.1806
chr7	19000000	20000000	0.3621	-0.0117	0.0375	0	0.0588	0	1359	30.16	-0.07117	-0.06123	1353	972	0.7184	0.06667	1.034	1330	32.46	-0.03385	-0.03069	1326	1012	0.7632	0.06466	1.098	1140	28.93	-0.06927	0	1134	629	0.5547	0.06667	0.798	-0.02273	0.1953
chr7	20000000	21000000	0.3764	0.0155	0.019	0	0.0594	0	1398	31.14	-0.02498	-0.02507	1385	1013	0.7314	0.0625	1.041	1406	32.9	-0.01455	-0.03563	1385	1098	0.7928	0.06098	1.128	1228	31.46	0.05169	0.0707	1208	520	0.4305	0.0641	0.6127	-0.04585	0.076
chr7	21000000	22000000	0.3908	0.002	0.0173	0	0.0594	0	1667	31.17	-0.02364	-0.02435	1666	789	0.4736	0.06	0.8274	1543	32.95	-0.01197	-0.007414	1542	793	0.5143	0.0625	0.8984	1676	29.73	-0.02976	-0.01559	1672	889	0.5317	0.06522	0.9289	0	0.152
chr7	22000000	23000000	0.4084	0.042	0.0269	0	0.06	0	1406	31.87	0.008407	-0.02937	1391	872	0.6269	0.0641	0.9667	1487	34.4	0.04986	0.005045	1468	987	0.6723	0.05882	1.037	1871	32.06	0.07915	0.03454	1861	1307	0.7023	0.06098	1.083	-0.04891	0.09311
chr7	23000000	24000000	0.4076	0.0264	0.0229	0	0.0588	0	1328	31.99	0.01362	-0.0151	1324	1000	0.7553	0.0625	1.144	1307	34.31	0.046	0.02063	1295	677	0.5228	0.05814	0.792	1296	31.24	0.04174	0.01273	1287	843	0.655	0.0641	0.9923	-0.0217	0.1294
chr7	24000000	25000000	0.4006	0.0193	0.0106	0	0.0629	0	1944	32	0.01419	-0.0002336	1938	1443	0.7446	0.0625	1.037	1644	33.69	0.01984	0.0002179	1639	1237	0.7547	0.0625	1.051	1399	31.12	0.03629	0.00254	1388	676	0.487	0.06522	0.6782	0.01964	0.1171
chr7	25000000	26000000	0.4107	0.0525	0.0238	0	0.0583	0	1151	32.37	0.03092	-0.02447	1147	853	0.7437	0.0625	1.002	1599	34.08	0.03661	-0.01308	1593	1321	0.8293	0.06	1.117	1007	31.78	0.06637	0.001943	1000	767	0.767	0.06667	1.034	-0.02385	0.07909
chr7	26000000	27000000	0.4094	0.0357	0.0076	0	0.0588	0	925	32.22	0.02398	-0.01509	914	531	0.581	0.06	0.8416	1192	33.86	0.02715	-0.01285	1183	917	0.7751	0.05882	1.123	1017	30.95	0.02814	-0.009337	1007	704	0.6991	0.05556	1.013	0	0.1575
chr7	27000000	28000000	0.4203	0.0143	0.0129	0	0.06	0	1096	32.65	0.04329	0.0257	1093	674	0.6167	0.06098	1.047	1327	33.08	-0.006423	-0.01398	1315	874	0.6646	0.0625	1.129	969	30.35	0	-0.01908	958	512	0.5344	0.0641	0.9077	0.06711	0.142
chr7	28000000	29000000	0.4073	-0.0066	0.0123	0	0.0588	0	1402	31.57	-0.005381	-0.002152	1401	871	0.6217	0.0641	1.036	1459	33.61	0.01639	0.02327	1456	885	0.6078	0.05882	1.013	1290	30.07	-0.0133	-0.01303	1283	766	0.597	0.06667	0.9946	0	0.1561
chr7	29000000	30000000	0.415	0.0144	0.0199	0	0.0605	0	1048	31.66	-0.001208	-0.01395	1043	455	0.4362	0.0625	0.7262	1393	33.23	-9.377e-05	-0.008209	1386	736	0.531	0.05556	0.884	1278	30.56	0.01009	0	1276	730	0.5721	0.0625	0.9524	0	0.09954
chr7	30000000	31000000	0.4422	0.0918	0.0223	0	0.0556	0	597	33.86	0.09573	-0.003546	596	333	0.5587	0.05882	0.9156	905	35.29	0.08662	0.003199	898	733	0.8163	0.05882	1.338	664	33.72	0.1518	0.03792	661	349	0.528	0.05882	0.8653	-0.02647	0.08246
chr7	31000000	32000000	0.4058	-0.0169	0.0146	0	0.0597	0	1572	30.93	-0.03502	-0.01677	1559	1037	0.6652	0.06667	1.06	1583	32.74	-0.02148	-0.002216	1575	892	0.5663	0.06098	0.9024	1600	29.57	-0.03723	-0.02532	1590	1123	0.7063	0.06522	1.125	0.01963	0.1468
chr7	32000000	33000000	0.4128	-0.0167	0.008	0	0.0617	0	2006	31.22	-0.02122	-0.01136	1997	993	0.4972	0.05882	0.9077	1806	33.04	-0.00809	0.01343	1790	1110	0.6201	0.0625	1.132	2248	30.03	-0.01515	-0.01294	2236	1305	0.5836	0.06	1.065	-0.02975	0.122
chr7	33000000	34000000	0.3945	-0.0171	0.0247	0	0.0622	0	1190	31.37	-0.01464	0.008443	1184	579	0.489	0.05882	0.9899	1091	32.58	-0.02866	-0.008106	1084	295	0.2721	0.0625	0.5509	1219	29.55	-0.03866	-0.01167	1216	565	0.4646	0.06667	0.9406	0	0.1333
chr7	34000000	35000000	0.3927	-0.0666	0.0205	0	0.0605	0	1134	29.5	-0.1033	-0.01863	1111	615	0.5536	0.06667	0.8198	977	31.17	-0.09212	-0.02383	960	658	0.6854	0.05556	1.015	1095	27.94	-0.1193	-0.06153	1075	586	0.5451	0.07143	0.8073	0	0.1313
chr7	35000000	36000000	0.4002	0.0504	0.0297	0	0.0594	0	1149	31.82	0.006272	-0.04039	1124	537	0.4778	0.06	0.715	1534	33.76	0.02274	-0.02657	1502	1072	0.7137	0.06098	1.068	1081	32.33	0.09111	0.02929	1058	686	0.6484	0.06098	0.9704	-0.04731	0.08746
chr7	36000000	37000000	0.4244	0.0423	0.0205	0	0.0597	0	1378	32.32	0.02855	-0.02079	1366	675	0.4941	0.05556	0.8189	1521	34.33	0.04696	0.007988	1514	911	0.6017	0.06098	0.9972	1601	31.94	0.07378	0.007547	1595	1080	0.6771	0.0625	1.122	-0.0458	0.0902
chr7	37000000	38000000	0.3998	0.0238	0.0218	0	0.0605	0	1432	32.22	0.02385	0.006268	1423	728	0.5116	0.06	0.9378	1356	34.12	0.03818	0.01512	1354	702	0.5185	0.05882	0.9504	1525	31.32	0.04548	0.02239	1512	841	0.5562	0.05882	1.02	-0.02076	0.1224
chr7	38000000	39000000	0.389	0.0134	0.0136	0	0.0605	0	1559	31.57	-0.005432	-0.007062	1545	1233	0.7981	0.05814	1.142	1917	33.92	0.02973	0.01475	1904	1476	0.7752	0.0625	1.11	1222	30.42	0.003585	-0.005234	1194	838	0.7018	0.0625	1.005	-0.02308	0.1751
chr7	39000000	40000000	0.4057	0.0195	0.0145	0	0.06	0	1329	31.8	0.005245	-0.01291	1322	1087	0.8222	0.0625	1.25	1250	33.57	0.01452	-0.001938	1243	1033	0.8311	0.05556	1.264	1134	31.23	0.0412	0.02135	1125	460	0.4089	0.06667	0.6218	-0.04182	0.09622
chr7	40000000	41000000	0.3895	-0.0465	0.0224	0	0.0625	0	987	30.57	-0.05185	0.004447	983	735	0.7477	0.0625	1.137	939	32.01	-0.05374	-0.007206	937	598	0.6382	0.06522	0.9701	545	28.55	-0.0881	-0.03178	540	89	0.1648	0.07143	0.2505	0	0.1456
chr7	41000000	42000000	0.3987	-0.0492	0.0218	0	0.0594	0	1153	31.01	-0.03121	0.01886	1148	622	0.5418	0.06	0.897	976	32.63	-0.02611	0.02057	971	517	0.5324	0.06	0.8815	1164	28.37	-0.09717	-0.05156	1153	596	0.5169	0.06787	0.8558	0.02697	0.1864
chr7	42000000	43000000	0.3991	-0.0145	0.0111	0	0.0602	0	1250	31.36	-0.01514	0	1247	687	0.5509	0.06667	1.006	1564	32.67	-0.02447	-0.01309	1562	1044	0.6684	0.06049	1.221	1306	29.55	-0.0384	-0.03132	1301	812	0.6241	0.0625	1.14	0	0.1651
chr7	43000000	44000000	0.4253	0.0615	0.0169	0	0.0613	0	888	32.52	0.03755	-0.03137	877	780	0.8894	0.0625	1.157	714	34.49	0.05356	-0.002062	707	466	0.6591	0.0641	0.8571	1325	32.44	0.09617	0.01037	1311	1007	0.7681	0.0625	0.9989	-0.0458	0.1255
chr7	44000000	45000000	0.4874	0.1161	0.0343	0	0.056	0	867	35.56	0.1664	0.0239	852	633	0.743	0.0625	1.014	805	35.78	0.1068	0.003833	790	600	0.7595	0.05556	1.037	1214	34.67	0.1921	0.02542	1203	879	0.7307	0.06	0.9975	0.01911	0.04439
chr7	45000000	46000000	0.4485	0.0718	0.0124	0	0.061	0	1131	33.65	0.08664	0.0008342	1126	689	0.6119	0.06098	0.9046	892	34.77	0.06541	0.0008018	884	333	0.3767	0.05172	0.5569	1317	32.18	0.08453	-0.02005	1305	909	0.6966	0.0625	1.03	0	0.078
chr7	46000000	47000000	0.388	-0.0282	0.0202	0	0.0621	0	1230	31.09	-0.02759	0.01191	1216	760	0.625	0.06	0.9691	1372	33.23	-4.366e-05	0.02368	1364	849	0.6224	0.05882	0.9652	1485	28.86	-0.0725	-0.02318	1473	1167	0.7923	0.06522	1.229	0	0.2313
chr7	47000000	48000000	0.4508	0.0174	0.0241	0	0.0617	0	1772	32.55	0.03872	0.005903	1768	1256	0.7104	0.05848	1.038	1408	34.05	0.03509	0.02097	1405	843	0.6	0.0625	0.8771	1674	31.33	0.04612	0.004444	1670	853	0.5108	0.06	0.7466	0	0.1293
chr7	48000000	49000000	0.3901	-0.0421	0.0137	0	0.0625	0	1662	30.27	-0.06611	-0.02272	1652	1295	0.7839	0.05882	1.181	1387	32.13	-0.04865	-0.001209	1374	886	0.6448	0.0625	0.9713	1738	28.67	-0.08224	-0.02795	1717	1334	0.7769	0.06522	1.17	0	0.1806
chr7	49000000	50000000	0.3719	-0.0305	0.0278	0	0.0605	0	2077	30.52	-0.05403	-0.01885	2064	998	0.4835	0.0625	0.8883	2083	32.57	-0.02898	-0.001746	2066	947	0.4584	0.05882	0.8421	1969	29.14	-0.05868	0	1954	1049	0.5368	0.06522	0.9863	-0.02106	0.152
chr7	50000000	51000000	0.4229	0.0633	0.0242	0	0.0585	0	1551	32.95	0.05637	-0.01165	1546	833	0.5388	0.06	0.9928	1471	34.15	0.03932	-0.0187	1468	722	0.4918	0.05556	0.9063	1581	32.28	0.08918	-0.002186	1576	441	0.2798	0.0641	0.5156	-0.02385	0.08746
chr7	51000000	52000000	0.4182	-0.0404	0.0394	0	0.0625	0	1559	31.18	-0.02305	0.01407	1553	872	0.5615	0.07143	1.008	1354	31.61	-0.0721	-0.02667	1353	591	0.4368	0.0625	0.7838	1406	28.32	-0.09967	-0.06384	1402	572	0.408	0.06522	0.7321	0.05247	0.1769
chr7	52000000	53000000	0.372	-0.0894	0.0242	0	0.0591	0	2551	30.07	-0.07563	0.01846	2547	1861	0.7307	0.05882	1.036	2255	31.01	-0.0996	-0.01295	2245	1282	0.571	0.0625	0.8099	2354	27.13	-0.1618	-0.03864	2344	1760	0.7509	0.06522	1.065	0.05063	0.2157
chr7	53000000	54000000	0.363	-0.0802	0.0221	0	0.0625	0	1122	30.25	-0.06713	0.01227	1119	676	0.6041	0.05556	0.9476	1427	31.5	-0.07723	-0.004914	1426	900	0.6311	0.05882	0.99	1322	26.63	-0.1883	-0.04927	1305	829	0.6352	0.06667	0.9965	0.05445	0.2553
chr7	54000000	55000000	0.3814	-0.055	0.0276	0	0.0625	0	1580	30.78	-0.04186	0.02712	1559	1150	0.7377	0.06522	1.138	1107	32.64	-0.02598	0.02668	1105	614	0.5557	0.06522	0.8574	2249	27.09	-0.1637	-0.1006	2177	1718	0.7892	0.0625	1.218	0.03239	0.2451
chr7	55000000	56000000	0.4435	0.0399	0.0169	0	0.06	0	1404	33.68	0.08801	0.04584	1374	700	0.5095	0.0625	0.7623	1483	34.29	0.04541	0.02104	1474	1111	0.7537	0.05882	1.128	1644	32.05	0.07892	0.0146	1627	1106	0.6798	0.05882	1.017	0.01911	0.08489
chr7	56000000	57000000	0.4481	-0.0675	0.0423	0	0.0656	0	1578	30.91	-0.0357	0.01831	1356	795	0.5863	0.0641	0.8212	1595	30.82	-0.1088	-0.03211	1329	1027	0.7728	0.06667	1.082	2252	27.96	-0.1182	-0.07472	1971	1344	0.6819	0.06667	0.9552	0.09788	0.111
chr7	57000000	58000000	0.4194	-0.1034	0.0268	0	0.0667	0	2238	30.62	-0.04963	0.05049	2051	1447	0.7055	0.06522	0.9951	1703	30.63	-0.1176	-0.009967	1543	1102	0.7142	0.06667	1.007	1950	27.02	-0.1677	-0.06406	1734	926	0.534	0.07576	0.7532	0.074	0.1635
chr7	58000000	59000000	0.3866	-0.3919	0.1864	1	0.1	1	1436	22.54	-0.4917	NA	641	586	0.9142	NA	1.03	1532	27.54	-0.2708	NA	795	561	0.7057	NA	0.7948	1496	23.39	-0.3757	NA	722	670	0.928	NA	1.045	-0.1229	0.2873
chr7	59000000	60000000	0.3895	-2.293	0.1278	1	0.1196	1	756	7.104	-2.157	NA	92	61	0.663	NA	1.315	795	6.675	-2.316	NA	77	34	0.4416	NA	0.8759	746	7.15	-2.086	NA	82	48	0.5854	NA	1.161	-0.0965	0
chr7	60000000	61000000	0.3862	-0.9221	0.2235	1	0.0933	1	1223	14.65	-1.113	NA	455	371	0.8154	NA	1.078	1368	19.1	-0.7985	NA	516	398	0.7713	NA	1.02	1207	15.81	-0.9409	NA	442	330	0.7466	NA	0.9871	0	0.3747
chr7	61000000	62000000	0.3683	-0.2412	0.1071	1	0.0893	0	2111	23.71	-0.4186	NA	1172	996	0.8498	0.08333	1.135	2818	28.19	-0.2374	NA	1831	1260	0.6881	0.08333	0.9194	2357	25.47	-0.2529	NA	1556	1233	0.7924	0.08824	1.059	-0.1452	0.3371
chr7	62000000	63000000	0.3679	0.1238	0.0584	0	0.0833	0	2872	34.63	0.1282	0.01157	2434	1916	0.7872	0.08	0.9917	3121	36.67	0.142	0.01009	2686	2194	0.8168	0.08065	1.029	2755	31.62	0.05918	-0.02872	2306	2153	0.9337	0.08621	1.176	0.01306	0.2168
chr7	63000000	64000000	0.4359	-0.1742	0.0585	0	0.0714	0	1808	29.11	-0.1223	0.04248	1372	456	0.3324	0.07143	0.5811	2043	29.65	-0.1645	0.01334	1517	1096	0.7225	0.08621	1.263	1950	25.89	-0.2294	-0.07628	1414	824	0.5827	0.06667	1.019	0.1468	0.05658
chr7	64000000	65000000	0.4103	-0.0252	0.0232	0	0.0614	0	1407	31.36	-0.01486	0.006153	1393	462	0.3317	0.05882	0.5561	1704	32.01	-0.05389	-0.02673	1694	1002	0.5915	0.0625	0.9918	1490	29.45	-0.04314	-0.03181	1475	629	0.4264	0.06	0.715	0.05889	0.1155
chr7	65000000	66000000	0.4163	0.2789	0.061	0	0.1102	1	1958	48	0.5991	0.3163	1872	1221	0.6522	NA	0.9844	1894	41.56	0.3227	0.05197	1764	1002	0.568	NA	0.8573	2223	37.38	0.3008	0.01976	2074	1742	0.8399	NA	1.268	0.263	0.08746
chr7	66000000	67000000	0.4543	0.0577	0.0349	0	0.0588	0	626	33.18	0.06635	-0.0091	619	63	0.1018	0.06522	0.4772	619	33.88	0.02796	-0.02209	612	59	0.09641	0.06098	0.452	661	33.08	0.1244	0.0351	652	93	0.1426	0.07143	0.6687	0	0.04064
chr7	67000000	68000000	0.4399	0.0012	0.0189	0	0.06	0	2347	31.86	0.007967	-0.01319	2322	1553	0.6688	0.06098	0.9274	1388	31.97	-0.05584	-0.05099	1375	352	0.256	0.05556	0.355	2625	30.73	0.01801	0	2607	1927	0.7392	0.0625	1.025	0.0199	0.09622
chr7	68000000	69000000	0.4327	-0.0587	0.023	0	0.0625	0	1805	31.14	-0.0251	0.02094	1794	1230	0.6856	0.05556	1.016	2241	31.8	-0.06359	0.002197	2231	1784	0.7996	0.0625	1.185	1607	28.42	-0.09467	-0.06137	1588	943	0.5938	0.0625	0.8801	0.05247	0.1392
chr7	69000000	70000000	0.4236	-0.036	0.0124	0	0.0617	0	1169	31.82	0.005827	0.04095	1166	611	0.524	0.05882	0.9624	1129	33.01	-0.00934	0.03194	1118	672	0.6011	0.0625	1.104	1098	30.11	-0.01141	-0.008738	1090	519	0.4761	0.06667	0.8745	0	0.111
chr7	70000000	71000000	0.4201	-0.028	0.0245	0	0.06	0	881	31.99	0.01368	0.03839	859	439	0.5111	0.0625	0.9412	1205	33.37	0.006251	0.04025	1188	764	0.6431	0.05556	1.184	857	29.76	-0.02827	-0.005058	841	326	0.3876	0.06386	0.7139	0.04015	0.162
chr7	71000000	72000000	0.4416	-0.0334	0.015	0	0.06	0	1770	32.03	0.01555	0.04099	1760	1145	0.6506	0.05882	1.142	1664	32.2	-0.04561	-0.002855	1646	933	0.5668	0.05882	0.9946	1809	29.27	-0.05226	-0.03874	1796	1149	0.6398	0.06667	1.123	0.05445	0.111
chr7	72000000	73000000	0.4373	0.0076	0.0175	0	0.061	0	845	32.01	0.01472	0.001008	815	392	0.481	0.05086	0.7983	959	33.19	-0.001824	-0.002569	945	318	0.3365	0.0625	0.5585	1018	30.63	0.01329	-0.02851	989	678	0.6855	0.05848	1.138	-0.02647	0.1333
chr7	73000000	74000000	0.4923	0.06	0.0431	0	0.0629	0	563	34.12	0.1065	0.01674	507	390	0.7692	0.0641	1.043	546	34.35	0.04789	0.004187	501	377	0.7525	0.05556	1.02	527	33.17	0.1284	0.01281	460	251	0.5457	0.06522	0.7399	0.026	0.06054
chr7	74000000	75000000	0.4991	0.0192	0.0602	0	0.0629	0	1185	31.9	0.009615	-0.04727	1074	434	0.4041	0.07143	0.9815	1159	32.24	-0.04349	-0.05251	1052	637	0.6055	0.06098	1.471	1121	32.46	0.09688	0.01997	1044	395	0.3784	0.05882	0.919	0	0
chr7	75000000	76000000	0.4868	0.0365	0.0539	0	0.0617	0	954	32.43	0.03338	-0.03029	825	515	0.6242	0.0625	0.9909	1182	33.03	-0.008753	-0.0324	1046	766	0.7323	0.06174	1.162	1101	32.17	0.08422	-0.002888	1013	618	0.6101	0.06522	0.9684	0.03519	0.05063
chr7	76000000	77000000	0.4515	-0.0417	0.0387	0	0.0656	0	1770	31.11	-0.02628	0	1586	1296	0.8172	0.06981	1.074	1983	32.38	-0.03756	0.00775	1871	847	0.4527	0.06667	0.5951	855	30.93	0.02739	0.0502	810	469	0.579	0.0625	0.7612	-0.0217	0.152
chr7	77000000	78000000	0.4012	0.0235	0.0197	0	0.0617	0	1549	32.02	0.01511	-0.008114	1499	1176	0.7845	0.0641	1.203	1135	33.99	0.03271	0.008082	1089	770	0.7071	0.06757	1.085	1647	31.81	0.06805	0.0294	1591	982	0.6172	0.0625	0.9468	-0.06713	0.122
chr7	78000000	79000000	0.375	-0.0088	0.0196	0	0.0607	0	2104	37.59	0.2465	0.2612	2072	1325	0.6395	0.1154	1.045	1964	39.45	0.2476	0.2544	1940	1226	0.632	0.1111	1.033	1856	29.1	-0.0607	-0.009572	1854	1215	0.6553	0.0625	1.071	0.1058	0.3785
chr7	79000000	80000000	0.3541	-0.094	0.0239	0	0.0625	0	1389	29.58	-0.09905	-0.004935	1378	754	0.5472	0.06	0.9873	1425	31.39	-0.08217	0.001743	1422	1077	0.7574	0.0625	1.367	1285	27.12	-0.1622	0.001343	1278	649	0.5078	0.0625	0.9163	0.02509	0.2224
chr7	80000000	81000000	0.3653	-0.0999	0.0196	0	0.061	0	946	29.94	-0.0818	0.01763	944	506	0.536	0.06466	0.8145	1051	32.13	-0.04867	0.04704	1048	737	0.7032	0.05882	1.069	1035	27.08	-0.1642	-0.01325	1029	580	0.5637	0.07143	0.8565	0.02801	0.241
chr7	81000000	82000000	0.3574	-0.0888	0.0145	0	0.0641	0	1059	30.09	-0.0744	0.01643	1057	650	0.6149	0.05556	1.044	1016	32.65	-0.0254	0.05754	1016	644	0.6339	0.06	1.076	1075	27.19	-0.1587	-0.0005293	1073	511	0.4762	0.06757	0.8084	0	0.2295
chr7	82000000	83000000	0.355	-0.0926	0.0365	0	0.0625	0	1239	30.43	-0.05822	0.02961	1238	842	0.6801	0.06667	1.028	1112	32.23	-0.04422	0.03965	1106	724	0.6546	0.0625	0.9899	1149	27.71	-0.1312	0.02722	1127	671	0.5954	0.07143	0.9003	0	0.2095
chr7	83000000	84000000	0.3504	-0.0916	0.0288	0	0.0617	0	1497	30.22	-0.06837	0.01841	1489	968	0.6501	0.06466	1.078	1156	31.86	-0.06069	0.02286	1151	320	0.278	0.06522	0.4608	1641	27.06	-0.1657	0.01023	1634	1094	0.6695	0.06466	1.11	0.03653	0.2313
chr7	84000000	85000000	0.3452	-0.1106	0.0404	0	0.0652	0	719	30.05	-0.0767	0.03294	717	338	0.4714	0.06667	0.84	944	32.05	-0.05232	0.04565	937	546	0.5827	0.06667	1.038	815	27.04	-0.1664	0.0296	812	648	0.798	0.06667	1.422	0	0.2224
chr7	85000000	86000000	0.3441	-0.0806	0.0108	0	0.0625	0	1352	29.8	-0.08849	-0.006293	1344	786	0.5848	0.0641	1.086	1457	31.19	-0.09127	-0.02783	1446	944	0.6528	0.06	1.212	1288	26.57	-0.1915	-0.02555	1280	462	0.3609	0.0625	0.6703	0.04244	0.2295
chr7	86000000	87000000	0.3582	-0.0651	0.042	0	0.0605	0	951	29.71	-0.09306	-0.02142	944	201	0.2129	0.07143	0.3614	1155	32.36	-0.03827	0.01962	1152	922	0.8003	0.05556	1.359	1354	27.85	-0.1241	0.009954	1347	699	0.5189	0.0641	0.8809	-0.02385	0.2295
chr7	87000000	88000000	0.3769	0.0044	0.0196	0	0.0588	0	758	31.22	-0.02145	-0.009419	739	602	0.8146	0.06522	1.393	676	34.11	0.03768	0.0294	665	491	0.7383	0.06	1.262	488	30.39	0.002202	0.02793	482	252	0.5228	0.0625	0.8939	-0.04182	0.1293
chr7	88000000	89000000	0.364	-0.0451	0.0139	0	0.0617	0	1107	30.32	-0.06353	-0.009598	1093	837	0.7658	0.06	0.9988	887	32.55	-0.0298	0.006724	881	671	0.7616	0.06757	0.9934	1153	28.75	-0.0781	0.02063	1135	888	0.7824	0.06667	1.02	0	0.152
chr7	89000000	90000000	0.3568	-0.0702	0.0222	0	0.0633	0	1768	29.45	-0.1054	-0.03934	1755	1270	0.7236	0.0641	1.027	1500	31.35	-0.08409	-0.02329	1497	1189	0.7943	0.05556	1.128	1712	27.64	-0.1349	0.007079	1707	961	0.563	0.06522	0.7992	0	0.1926
chr7	90000000	91000000	0.3776	-0.0094	0.018	0	0.0588	0	1560	31.38	-0.01397	0.008412	1556	1062	0.6825	0.0625	1.144	1704	32.97	-0.01109	-0.001726	1702	1182	0.6945	0.05882	1.164	1492	30.49	0.006934	0.04189	1483	1121	0.7559	0.0641	1.267	-0.02237	0.111
chr7	91000000	92000000	0.3886	-0.0202	0.0192	0	0.0625	0	1207	30.93	-0.03496	-0.002518	1179	1011	0.8575	0.06522	1.329	1261	31.8	-0.06328	-0.04629	1231	782	0.6353	0.06	0.9844	778	29.97	-0.01788	0.01213	776	401	0.5168	0.06667	0.8008	0	0.1103
chr7	92000000	93000000	0.3836	0.0165	0.0281	0	0.0625	0	652	32.11	0.01935	0.005286	648	623	0.9614	0.0625	1.143	571	34.14	0.03889	0.01949	564	519	0.9202	0.05556	1.094	555	31.53	0.05518	0.06377	549	255	0.4645	0.0625	0.5523	-0.02385	0.08746
chr7	93000000	94000000	0.3648	-0.0225	0.0222	0	0.0588	0	1018	30.65	-0.04798	-0.02299	1012	597	0.5899	0.06	0.9185	927	32.97	-0.01124	0.005265	920	492	0.5348	0.05556	0.8326	967	29.24	-0.05354	0.01085	965	543	0.5627	0.06098	0.8761	-0.02385	0.1751
chr7	94000000	95000000	0.3713	-0.0326	0.0168	0	0.0621	0	689	30.88	-0.03723	0	689	389	0.5646	0.06	1.025	693	32.88	-0.01524	0.0114	692	189	0.2731	0.05882	0.4959	632	29.14	-0.05838	0.007119	631	438	0.6941	0.06667	1.26	0	0.1125
chr7	95000000	96000000	0.379	-0.0459	0.021	0	0.0625	0	1049	30.77	-0.04242	0.008287	1046	668	0.6386	0.0633	0.9443	1101	32.61	-0.02708	0.01655	1100	628	0.5709	0.06174	0.8442	970	29.05	-0.06325	0.001456	969	644	0.6646	0.06667	0.9827	-0.02046	0.1643
chr7	96000000	97000000	0.3866	-0.0618	0.0203	0	0.0611	0	1029	30.64	-0.04863	0.01286	1025	375	0.3659	0.0625	0.6946	1147	31.35	-0.08399	-0.02121	1136	546	0.4806	0.06098	0.9125	1004	28.22	-0.1047	-0.02395	1000	285	0.285	0.05882	0.5411	0.04891	0.152
chr7	97000000	98000000	0.4013	-0.0345	0.0229	0	0.06	0	1468	31.4	-0.01311	0.0265	1448	1045	0.7217	0.06522	0.9312	1508	32.62	-0.02673	0.006643	1492	1069	0.7165	0.06522	0.9245	1273	28.78	-0.07666	-0.0585	1263	1035	0.8195	0.0641	1.057	0.02237	0.1444
chr7	98000000	99000000	0.4752	0.0206	0.0275	0	0.0594	0	1390	33.67	0.08769	0.04526	1381	927	0.6713	0.0625	1.229	1332	34.11	0.0379	0.03581	1318	825	0.6259	0.0625	1.146	1424	31.65	0.06073	-0.009488	1414	834	0.5898	0.06	1.08	0.03006	0.1069
chr7	99000000	100000000	0.454	0.0541	0.0306	0	0.0583	0	701	33.22	0.06821	-0.0004282	697	451	0.6471	0.05882	1.129	680	34.03	0.03433	-0.01279	674	301	0.4466	0.05556	0.7794	573	33.07	0.124	0.03889	568	223	0.3926	0.06818	0.6852	-0.03953	0.1077
chr7	100000000	101000000	0.5123	0.2401	0.0639	0	0.0605	0	982	39.21	0.3072	0.02082	939	670	0.7135	0.0625	0.9159	1140	38.24	0.2026	-0.02465	1104	871	0.7889	0.06579	1.013	967	38.04	0.326	0.02201	923	691	0.7486	0.05405	0.961	-0.01389	0.07338
chr7	101000000	102000000	0.5023	0.0613	0.0394	0	0.0588	0	1630	33.69	0.08831	-0.01151	1596	1212	0.7594	0.06049	1.105	1518	33.77	0.02314	-0.02406	1488	1007	0.6767	0.05556	0.9848	1430	32.19	0.08516	-0.03973	1387	809	0.5833	0.0625	0.8488	0.02203	0.05254
chr7	102000000	103000000	0.4728	0.0688	0.0496	0	0.0647	0	1565	33.36	0.07423	-0.01813	1362	732	0.5374	0.06667	1.001	1316	34.02	0.03405	-0.02482	1096	589	0.5374	0.06098	1.001	1406	34.15	0.1701	0.05321	1205	649	0.5386	0.06667	1.003	-0.01815	-0.04067
chr7	103000000	104000000	0.3855	0.0099	0.0137	0	0.0594	0	1075	31.62	-0.003252	-0.006769	1069	598	0.5594	0.05556	0.9462	1359	32.7	-0.02337	-0.03229	1353	903	0.6674	0.05556	1.129	1246	30.35	-2.878e-05	0.01766	1237	757	0.612	0.06	1.035	0	0.09311
chr7	104000000	105000000	0.397	0.0306	0.0271	0	0.0594	0	1511	31.53	-0.007346	-0.03053	1501	1115	0.7428	0.05882	1.101	1556	33.75	0.02223	-0.0099	1549	1268	0.8186	0.05882	1.214	1115	31.66	0.06122	0.03111	1113	614	0.5517	0.06	0.818	-0.04064	0.09622
chr7	105000000	106000000	0.4275	0.0528	0.0082	0	0.0592	0	1153	32.62	0.04196	-0.01605	1136	770	0.6778	0.05882	0.9968	1112	34.16	0.04006	-0.00923	1107	766	0.692	0.06	1.018	1243	32.7	0.1076	0.01948	1234	857	0.6945	0.0625	1.021	-0.04731	0.0902
chr7	106000000	107000000	0.4092	0.0508	0.0139	0	0.0588	0	1368	32.28	0.02664	-0.02435	1360	939	0.6904	0.06522	1.102	1384	34.81	0.06721	0.01172	1377	688	0.4996	0.05556	0.7971	1443	31.77	0.06602	0.008682	1437	1034	0.7196	0.06098	1.148	-0.06817	0.1481
chr7	107000000	108000000	0.3868	-0.0036	0.0072	0	0.06	0	1003	31.85	0.007218	0.01073	990	716	0.7232	0.05882	0.9504	916	33.83	0.02566	0.0287	914	678	0.7418	0.06098	0.9748	1156	30.52	0.008152	0.03072	1142	814	0.7128	0.06522	0.9366	-0.02425	0.152
chr7	108000000	109000000	0.3891	-0.021	0.0066	0	0.06	0	1159	31.42	-0.01225	0.02005	1152	83	0.07205	0.06	0.1368	1347	33.91	0.02936	0.05036	1338	730	0.5456	0.06	1.036	1368	29.8	-0.02622	0	1360	690	0.5074	0.06	0.9636	-0.02385	0.187
chr7	109000000	110000000	0.353	-0.1023	0.0199	0	0.0652	0	1746	29.43	-0.1067	-0.006231	1734	922	0.5317	0.06522	1.059	1526	31.16	-0.09273	-0.002263	1516	512	0.3377	0.06667	0.6728	1644	26.69	-0.1852	-0.009762	1630	765	0.4693	0.06522	0.9349	0.026	0.2313
chr7	110000000	111000000	0.363	-0.0758	0.0172	0	0.0625	0	1228	30.22	-0.0684	0.006593	1221	681	0.5577	0.0625	0.9603	1329	31.45	-0.07919	-0.01127	1322	685	0.5182	0.0625	0.8921	1400	27.74	-0.1294	0.005198	1378	819	0.5943	0.06667	1.023	0.02272	0.1699
chr7	111000000	112000000	0.3753	-0.0596	0.0099	0	0.0625	0	758	30.58	-0.05114	0.008907	753	402	0.5339	0.0625	0.8939	757	32.97	-0.01123	0.04525	752	400	0.5319	0.06254	0.8907	1067	28.7	-0.08054	0.02139	1053	815	0.774	0.06522	1.296	-0.0199	0.1806
chr7	112000000	113000000	0.3834	-0.0524	0.0261	0	0.0613	0	1072	30.85	-0.03864	0.01734	1063	714	0.6717	0.0625	1.012	1070	32.81	-0.01832	0.03396	1057	710	0.6717	0.0625	1.012	779	28.9	-0.07076	0.0006707	772	359	0.465	0.05882	0.7003	-0.02046	0.1864
chr7	113000000	114000000	0.3626	-0.0809	0.0259	0	0.06	0	1002	29.77	-0.09023	-0.01025	981	294	0.2997	0.0625	0.4286	1325	31.71	-0.06759	0.00387	1307	939	0.7184	0.06	1.028	1078	27.71	-0.131	0.008152	1058	507	0.4792	0.06522	0.6854	0	0.1979
chr7	114000000	115000000	0.3572	-0.0545	0.0205	0	0.0625	0	698	29.86	-0.08558	-0.03371	692	166	0.2399	0.06667	0.4991	686	32.36	-0.03827	0.008684	684	239	0.3494	0.0625	0.727	892	28.34	-0.09889	0.02556	887	491	0.5536	0.06522	1.152	-0.02308	0.1993
chr7	115000000	116000000	0.3526	-0.0306	0.0221	0	0.0588	0	792	30.87	-0.03789	-0.009098	789	322	0.4081	0.0625	0.6934	847	32.74	-0.02145	-0.0009403	843	355	0.4211	0.06	0.7155	974	28.66	-0.08238	0.01778	971	629	0.6478	0.06	1.101	0	0.1993
chr7	116000000	117000000	0.3831	0.0199	0.0249	0	0.0568	0	918	31.3	-0.01752	-0.03282	908	572	0.63	0.0625	0.9128	1158	33.58	0.01536	-0.005805	1155	871	0.7541	0.05882	1.093	747	30.99	0.03014	0.02792	742	557	0.7507	0.05556	1.088	-0.05445	0.1229
chr7	117000000	118000000	0.3807	-0.0176	0.0102	0	0.0591	0	875	31.32	-0.01671	0.005115	860	544	0.6326	0.06522	0.8564	838	33.43	0.008889	0.01995	831	662	0.7966	0.06522	1.079	767	30.36	0.0007712	0.0337	756	622	0.8228	0.06594	1.114	0	0.1103
chr7	118000000	119000000	0.3544	-0.0725	0.017	0	0.0602	0	1819	29.96	-0.08064	-0.009127	1818	1517	0.8344	0.0625	1.843	1186	31.53	-0.07568	-0.01327	1180	446	0.378	0.0625	0.8347	1608	28.23	-0.1043	0.04134	1603	1330	0.8297	0.0625	1.832	-0.02018	0.1643
chr7	119000000	120000000	0.3444	-0.0667	0.0247	0	0.0594	0	774	29.58	-0.09908	-0.03318	773	351	0.4541	0.06522	0.8376	641	32.24	-0.04364	0.005902	640	397	0.6203	0.06098	1.144	905	28.52	-0.08976	0.06233	905	691	0.7635	0.06	1.408	-0.05063	0.1651
chr7	120000000	121000000	0.3584	-0.0126	0.0215	0	0.0556	0	567	30.98	-0.03243	-0.0178	567	368	0.649	0.05882	0.8551	658	32.98	-0.01087	-0.004996	657	437	0.6651	0.0625	0.8763	459	30.47	0.005575	0.08807	458	385	0.8406	0.06667	1.108	-0.0458	0.08246
chr7	121000000	122000000	0.3686	-0.0088	0.022	0	0.0581	0	1026	31.02	-0.03071	-0.01954	1014	337	0.3323	0.06667	0.522	1323	33.3	0.0031	0.005638	1315	670	0.5095	0.05882	0.8002	1224	29.59	-0.03672	0.007843	1213	603	0.4971	0.07143	0.7808	-0.02385	0.1806
chr7	122000000	123000000	0.3695	-0.0802	0.0293	0	0.06	0	742	30.42	-0.059	0.02291	732	314	0.429	0.06757	0.6259	1129	31.49	-0.0774	-0.003164	1113	830	0.7457	0.06	1.088	859	26.79	-0.1798	-0.06606	849	480	0.5654	0.06	0.825	0.04731	0.237
chr7	123000000	124000000	0.3707	-0.0761	0.0256	0	0.06	0	1337	30.22	-0.06818	0.0126	1324	1065	0.8044	0.06	1.068	1292	32.44	-0.03487	0.03558	1278	781	0.6111	0.05556	0.8114	1071	27.93	-0.1197	-0.01199	1062	840	0.791	0.0625	1.05	0	0.2065
chr7	124000000	125000000	0.3637	-0.0813	0.0171	0	0.06	0	1710	29.97	-0.08038	0.009571	1703	344	0.202	0.06	0.3541	2074	32.15	-0.0477	0.02503	2063	1287	0.6238	0.05882	1.094	1828	27.55	-0.1396	-0.002966	1817	1039	0.5718	0.07143	1.002	0	0.2065
chr7	125000000	126000000	0.3522	-0.0788	0.018	0	0.0625	0	1489	30.04	-0.07699	-0.001165	1482	570	0.3846	0.07143	0.5943	1774	31.93	-0.05734	0.01231	1772	1148	0.6479	0.0625	1.001	1838	27.27	-0.1541	-0.005664	1835	1212	0.6605	0.0641	1.021	0.02346	0.2224
chr7	126000000	127000000	0.3593	-0.0553	0.0215	0	0.06	0	1594	30.09	-0.07451	-0.01224	1584	952	0.601	0.0633	0.8924	1848	32	-0.05454	-0.001732	1842	1453	0.7888	0.0625	1.171	1690	28.01	-0.1154	-0.002422	1667	1031	0.6185	0.0625	0.9183	0	0.1926
chr7	127000000	128000000	0.4019	0.0129	0.0288	0	0.0588	0	1096	31.53	-0.00728	-0.01679	1092	734	0.6722	0.06	0.9754	913	33.09	-0.006008	-0.01795	910	484	0.5319	0.05792	0.7718	977	30.19	-0.007339	-0.02572	973	666	0.6845	0.06	0.9933	0	0.1338
chr7	128000000	129000000	0.4742	0.1018	0.0399	0	0.0597	0	1532	34.28	0.1134	-0.02028	1530	1188	0.7765	0.05882	1.206	1175	34.8	0.0667	-0.01876	1172	371	0.3166	0.06	0.4917	1060	33.82	0.1563	0.006547	1055	597	0.5659	0.05556	0.879	0	0.04064
chr7	129000000	130000000	0.4367	0.0566	0.0169	0	0.0594	0	1366	32.94	0.05607	-0.01171	1366	701	0.5132	0.05556	0.9945	1300	34.75	0.06456	0.01162	1296	679	0.5239	0.05882	1.015	1338	32.53	0.1003	0.01678	1329	607	0.4567	0.05556	0.8851	-0.04947	0.08746
chr7	130000000	131000000	0.4219	0.0544	0.0101	0	0.0594	0	1136	32.64	0.04286	-0.01378	1128	807	0.7154	0.05882	1.202	1234	34.43	0.05138	-0.0001209	1227	762	0.621	0.0625	1.043	1128	32.29	0.08963	0.008887	1113	813	0.7305	0.06522	1.227	-0.01688	0.09954
chr7	131000000	132000000	0.4299	0.0436	0.0259	0	0.0556	0	1543	33.18	0.06658	0.01491	1534	807	0.5261	0.06	1.01	1499	34.05	0.03511	-0.005229	1490	714	0.4792	0.05556	0.9198	1535	31.82	0.06831	-0.009697	1520	806	0.5303	0.06098	1.018	0	0.08489
chr7	132000000	133000000	0.4453	0.0189	0.0263	0	0.0621	0	1111	32.63	0.04217	0.02099	1095	610	0.5571	0.06098	0.9181	1109	32.8	-0.01886	-0.0203	1095	639	0.5836	0.05882	0.9617	1253	30.25	-0.004438	-0.0485	1233	726	0.5888	0.06522	0.9703	0.05971	0.1096
chr7	133000000	134000000	0.388	-0.0332	0.0175	0	0.0619	0	1397	30.97	-0.03323	0.01127	1391	816	0.5866	0.06098	1.06	1249	32.18	-0.04648	-0.01775	1241	561	0.4521	0.06522	0.8167	1496	29.21	-0.05524	-0.0009172	1480	934	0.6311	0.06522	1.14	0.02272	0.1635
chr7	134000000	135000000	0.4107	0.033	0.0193	0	0.0591	0	1292	31.94	0.01134	-0.02456	1288	675	0.5241	0.05556	0.78	1640	33.49	0.01145	-0.01874	1635	1355	0.8287	0.05556	1.233	1116	31.29	0.04407	-0.0008529	1112	627	0.5638	0.06	0.8392	-0.02308	0.1375
chr7	135000000	136000000	0.4121	0.0618	0.0103	0	0.0594	0	1561	32.2	0.02311	-0.04171	1554	912	0.5869	0.0625	0.9718	1533	34.56	0.05685	-0.002378	1529	953	0.6233	0.05882	1.032	1608	32	0.07651	0.000217	1601	1086	0.6783	0.0625	1.123	-0.03847	0.1125
chr7	136000000	137000000	0.374	-0.0477	0.0234	0	0.061	0	1498	30.02	-0.07785	-0.02192	1479	696	0.4706	0.06125	0.9384	1633	31.96	-0.05608	-0.01069	1617	853	0.5275	0.05556	1.052	1494	28.48	-0.09183	-0.004305	1475	606	0.4108	0.06098	0.8192	0	0.152
chr7	137000000	138000000	0.388	-0.038	0.0208	0	0.0625	0	987	30.28	-0.06536	-0.01606	974	659	0.6766	0.06	1	890	32.65	-0.02554	0.007983	883	495	0.5606	0.0641	0.8289	979	27.76	-0.1284	-0.06928	970	452	0.466	0.07143	0.689	-0.0251	0.1787
chr7	138000000	139000000	0.4232	0.0178	0.0119	0	0.0621	0	1039	32.23	0.02454	0	1023	692	0.6764	0.06	0.9804	1379	33.52	0.01252	0	1360	1010	0.7426	0.06098	1.076	1384	31	0.0306	-0.01308	1365	1086	0.7956	0.0633	1.153	-0.02076	0.09622
chr7	139000000	140000000	0.4381	0.0554	0.0183	0	0.0588	0	724	33.06	0.06099	-0.001111	719	592	0.8234	0.05882	1.172	835	33.94	0.03054	-0.01977	826	522	0.632	0.05882	0.8997	563	33.47	0.1412	0.0607	560	442	0.7893	0.06049	1.124	-0.04307	0
chr7	140000000	141000000	0.4378	0.0226	0.0269	0	0.0617	0	930	33.75	0.0912	0.06186	923	753	0.8158	0.06	1.176	779	33.25	0.0008813	-0.01669	773	492	0.6365	0.06522	0.9178	1285	31.57	0.0568	0.004039	1267	938	0.7403	0.05882	1.068	0.07872	0.08023
chr7	141000000	142000000	0.417	0.0054	0.0059	0	0.0588	0	1006	32.27	0.0263	0.01775	993	726	0.7311	0.06667	1.564	819	33.24	0.0004423	0.004733	809	457	0.5649	0.05556	1.208	928	30.45	0.004653	-0.009904	913	776	0.8499	0.0625	1.818	0.04064	0.111
chr7	142000000	143000000	0.4189	-0.0092	0.014	0	0.0617	0	1517	31.63	-0.002637	0.002868	1499	961	0.6411	0.06667	1.166	1934	33.22	-0.0006086	0.01298	1901	1495	0.7864	0.05882	1.431	1359	30.2	-0.006969	-0.002338	1322	733	0.5545	0.06	1.009	0	0.1481
chr7	143000000	144000000	0.4121	-0.1374	0.0221	0	0.0617	0	694	29.84	-0.08677	0.04762	572	349	0.6101	0.06667	1.018	711	30.07	-0.1442	-0.004249	639	455	0.7121	0.0625	1.188	677	27.87	-0.1229	0	545	386	0.7083	0.07143	1.181	0.0211	0.076
chr7	144000000	145000000	0.3897	-0.0272	0.0295	0	0.0656	0	1309	31.12	-0.02619	0.006362	1153	814	0.706	0.06667	1.014	1389	32.69	-0.0235	0.003696	1238	604	0.4879	0.0641	0.7005	1287	29.99	-0.0169	0.01552	1161	888	0.7649	0.06667	1.098	-0.02385	0.1733
chr7	145000000	146000000	0.3613	-0.0838	0.0163	0	0.0605	0	1713	29.94	-0.08163	0.008201	1703	1298	0.7622	0.0625	1.138	1939	31.3	-0.08615	-0.01056	1931	1628	0.8431	0.05882	1.259	1131	27.35	-0.1498	-0.01066	1123	430	0.3829	0.06522	0.5717	0.02858	0.2005
chr7	146000000	147000000	0.3593	-0.122	0.0183	0	0.0625	0	1148	29.16	-0.12	0.008978	1136	523	0.4604	0.06522	0.9129	1354	30.85	-0.107	0.01251	1345	928	0.69	0.06	1.368	1037	26.22	-0.2107	-0.03098	1032	420	0.407	0.06667	0.807	0.02509	0.2224
chr7	147000000	148000000	0.3726	-0.0777	0.0218	0	0.0625	0	1747	30.1	-0.0743	0.01072	1730	935	0.5405	0.06	0.78	1793	31.34	-0.08462	-0.002452	1779	1245	0.6998	0.06667	1.01	2009	26.71	-0.1843	-0.07626	1984	1244	0.627	0.06522	0.9049	0.03171	0.241
chr7	148000000	149000000	0.4224	0.0163	0.0203	0	0.0625	0	1423	32.29	0.02736	0.006035	1396	703	0.5036	0.06098	0.82	1466	33.87	0.02743	0.0139	1456	933	0.6408	0.05556	1.043	1712	30.89	0.02544	-0.02463	1693	1272	0.7513	0.06667	1.223	-0.02308	0.09311
chr7	149000000	150000000	0.4706	0.04	0.0162	0	0.0587	0	1428	33.15	0.06499	-0.004472	1423	494	0.3472	0.05882	0.5912	1793	33.85	0.02669	-0.004492	1788	1230	0.6879	0.0625	1.172	1907	32.12	0.08208	-0.00587	1897	1278	0.6737	0.06098	1.147	0	0.08246
chr7	150000000	151000000	0.445	0.051	0.0179	0	0.0594	0	1570	32.06	0.0171	-0.03617	1521	352	0.2314	0.06757	0.3243	2263	34.49	0.0537	0.0215	2187	1698	0.7764	0.05882	1.088	1651	31.36	0.04733	-0.03007	1595	1156	0.7248	0.06	1.016	-0.02466	0.111
chr7	151000000	152000000	0.4977	0.0828	0.0299	0	0.0585	0	1566	34.49	0.1222	0.002899	1558	769	0.4936	0.06	0.7797	1508	35.38	0.09061	0.01855	1495	1147	0.7672	0.05556	1.212	1494	33.07	0.1237	-0.01791	1481	724	0.4889	0.06049	0.7723	-0.01707	0.122
chr7	152000000	153000000	0.4291	0.0202	0.027	0	0.064	0	1025	33.62	0.08528	0.0572	967	612	0.6329	0.06	1.015	1006	33.63	0.0174	0.001702	958	513	0.5355	0.06667	0.8586	686	31.6	0.05818	0	657	339	0.516	0.0625	0.8273	0.05971	0.1605
chr7	153000000	154000000	0.415	-0.0469	0.0066	0	0.0633	0	2016	30.87	-0.03786	0.0107	1998	1141	0.5711	0.06	0.979	2090	32.01	-0.05391	-0.0007258	2070	1194	0.5768	0.0625	0.9889	2036	27.89	-0.122	-0.07076	2001	1158	0.5787	0.06667	0.9921	0.02346	0.1979
chr7	154000000	155000000	0.4386	-0.0357	0.0111	0	0.0633	0	1640	31.59	-0.004581	0.02029	1603	902	0.5627	0.06981	0.9455	1684	32.41	-0.03592	0.00487	1636	807	0.4933	0.06	0.8289	1684	28.77	-0.07721	-0.0613	1627	961	0.5907	0.06667	0.9925	0.0458	0.1699
chr7	155000000	156000000	0.4809	0.0453	0.013	0	0.0588	0	2176	32.64	0.04286	-0.02572	2068	1113	0.5382	0.0625	1.037	2182	34.21	0.0419	0.008343	2093	1024	0.4892	0.0625	0.9429	2405	31.95	0.07443	-0.01501	2308	1469	0.6365	0.0641	1.227	-0.01838	0.1031
chr7	156000000	157000000	0.4383	0.0462	0.0132	0	0.0588	0	1734	33.17	0.06616	0.01319	1700	936	0.5506	0.05556	0.8929	1677	34.19	0.04111	-0.0009575	1649	998	0.6052	0.05556	0.9815	1658	31.59	0.05778	-0.009811	1611	943	0.5854	0.06	0.9493	0.02018	0.1186
chr7	157000000	158000000	0.5007	0.0359	0.0132	0	0.0633	0	1783	34.16	0.1083	0.03587	1714	1195	0.6972	0.06522	1.071	1982	33.97	0.03173	0.006003	1868	991	0.5305	0.06818	0.8153	1556	31.46	0.05207	-0.04556	1460	817	0.5596	0.0641	0.86	0.0614	0.1019
chr7	158000000	159000000	0.4826	-0.0786	0.0198	0	0.0664	0	2659	31.06	-0.02891	0.02641	2302	1187	0.5156	0.0641	0.9229	2627	30.99	-0.1008	-0.01049	2288	1347	0.5887	0.06522	1.054	2391	28.62	-0.08461	-0.05198	2077	1045	0.5031	0.06757	0.9005	0.05063	0.111
chr7	159000000	159345973	0.4541	-0.0864	0.0362	0	0.0734	0	853	30.59	-0.05061	0.02091	784	309	0.3941	0.07576	0.8602	843	31.76	-0.06545	0.02956	783	307	0.3921	0.07576	0.8557	866	29.31	-0.05014	0.00468	820	356	0.4341	0.07143	0.9475	0.01815	0.08246
chr8	0	1000000	0.4576	-0.1004	0.0376	0	0.0625	0	1763	30.73	-0.04406	0.04363	1568	1101	0.7022	0.06098	1.073	1610	31.91	-0.0584	0.04896	1456	977	0.671	0.0625	1.026	1712	27.48	-0.1435	-0.08247	1508	1175	0.7792	0.06522	1.191	0.06711	0.197
chr8	1000000	2000000	0.484	-0.0872	0.0227	0	0.0641	0	3170	31.23	-0.02096	0.04295	2844	1903	0.6691	0.0625	1.02	2967	31.18	-0.09182	0.007128	2702	1798	0.6654	0.06757	1.014	3051	27.78	-0.1277	-0.08643	2734	1677	0.6134	0.06667	0.9349	0.0651	0.1561
chr8	2000000	3000000	0.4214	-0.1339	0.0534	0	0.0639	0	2516	30.66	-0.04761	0.0841	2185	1172	0.5364	0.0641	0.8459	2606	32.96	-0.01177	0.1251	2385	1217	0.5103	0.06757	0.8047	2641	26.79	-0.1799	-0.07129	2299	1148	0.4993	0.06981	0.7875	0.03397	0.2653
chr8	3000000	4000000	0.3909	-0.0813	0.0291	0	0.0625	0	4370	31.04	-0.02979	0.05569	4341	2385	0.5494	0.06522	0.8176	4075	31.93	-0.0575	0.02954	4057	2363	0.5825	0.06	0.8667	4188	27	-0.1686	-0.0736	4147	2215	0.5341	0.06667	0.7948	0.074	0.2157
chr8	4000000	5000000	0.3787	-0.0904	0.0331	0	0.0625	0	3557	30.56	-0.05234	0.04345	3548	2159	0.6085	0.0625	1.058	3631	30.98	-0.101	-0.01288	3600	2131	0.5919	0.0625	1.029	3787	26.86	-0.1759	-0.0594	3761	1999	0.5315	0.06522	0.924	0.0902	0.1993
chr8	5000000	6000000	0.3777	-0.05	0.0159	0	0.061	0	3638	30.45	-0.05733	-0.001672	3611	1490	0.4126	0.06	0.7078	3672	31.47	-0.07853	-0.02856	3652	1710	0.4682	0.0641	0.8032	4097	27.74	-0.1294	-0.0555	4080	2810	0.6887	0.06522	1.181	0.026	0.2035
chr8	6000000	7000000	0.4307	0.0212	0.0059	0	0.0605	0	3208	32.34	0.02946	0.001816	3137	1769	0.5639	0.06098	0.9981	3315	33.7	0.02027	0.002627	3255	1844	0.5665	0.05556	1.003	3347	30.98	0.02954	-0.02165	3256	1836	0.5639	0.0625	0.998	-0.01963	0.1333
chr8	7000000	8000000	0.452	-0.1873	0.0617	0	0.0843	0	2534	26.66	-0.2492	-0.07735	1656	720	0.4348	0.08824	0.9208	2412	28.27	-0.2329	-0.04162	1610	658	0.4087	0.09091	0.8655	2259	27	-0.1684	-0.004186	1517	806	0.5313	0.09091	1.125	0.05123	0.1553
chr8	8000000	9000000	0.4371	-0.0017	0.0598	0	0.0625	0	2234	32.04	0.01593	0.0109	1882	1233	0.6552	0.06667	1.026	1851	32.18	-0.04641	-0.03876	1500	706	0.4707	0.0625	0.7373	2411	32.09	0.08072	0.05335	2094	1527	0.7292	0.0641	1.142	0.02915	0.1293
chr8	9000000	10000000	0.4186	0.0146	0.0116	0	0.0597	0	2013	32.12	0.0194	0.001104	2001	740	0.3698	0.06667	0.7797	2036	32.82	-0.01795	-0.02815	2029	724	0.3568	0.06049	0.7523	2176	30.37	0.0008097	-0.02102	2161	1241	0.5743	0.0625	1.211	0.02047	0.1013
chr8	10000000	11000000	0.4531	0.0317	0.0177	0	0.0594	0	2150	32.84	0.05165	0.004513	2136	911	0.4265	0.05882	0.7274	2271	33.71	0.02089	-0.004658	2254	1254	0.5563	0.05882	0.9489	2204	30.71	0.01688	-0.04446	2192	1601	0.7304	0.06	1.246	0	0.1255
chr8	11000000	12000000	0.4591	0.095	0.0142	0	0.0588	0	2334	33.96	0.0998	-0.0114	2329	1144	0.4912	0.05882	0.7646	2330	35.23	0.08428	0.001315	2325	1198	0.5153	0.05882	0.8021	2577	33.65	0.1488	0.01413	2565	1978	0.7712	0.05882	1.2	-0.026	0.06871
chr8	12000000	13000000	0.4288	0.1623	0.0617	0	0.0882	0	3316	33.96	0.09988	-0.07025	2616	1268	0.4847	0.09091	0.9545	2894	40.58	0.2882	0.1312	2310	1326	0.574	0.08736	1.13	3455	29.3	-0.05049	-0.2504	2692	1572	0.584	0.08065	1.15	0.09311	0.2955
chr8	13000000	14000000	0.3799	-0.065	0.0131	0	0.0625	0	2976	30.28	-0.06565	0.003573	2966	1023	0.3449	0.0641	0.6116	3124	31.85	-0.06124	-2.368e-05	3117	1542	0.4947	0.06098	0.8773	3053	27.33	-0.151	-0.05816	3046	1361	0.4468	0.07143	0.7924	0.03953	0.2295
chr8	14000000	15000000	0.3503	-0.1006	0.0264	0	0.0625	0	2956	29.67	-0.09481	0.0009639	2947	1614	0.5477	0.0625	0.8981	3022	30.94	-0.103	-0.008154	3008	1832	0.609	0.06098	0.9988	2973	26.37	-0.2029	-0.01801	2957	1773	0.5996	0.06667	0.9833	0.04307	0.2295
chr8	15000000	16000000	0.3719	-0.0989	0.0229	0	0.0652	0	2457	30.17	-0.07089	0.03269	2448	1669	0.6818	0.06667	1.13	2363	30.9	-0.1047	-0.009082	2356	1524	0.6469	0.05882	1.072	2446	26.34	-0.2043	-0.07721	2432	1424	0.5855	0.07143	0.9705	0.06711	0.2224
chr8	16000000	17000000	0.3633	-0.0919	0.0364	0	0.06	0	2289	30.18	-0.07038	0.0206	2273	1426	0.6274	0.0625	1.173	2342	31.04	-0.09816	-0.01415	2319	1424	0.6141	0.0625	1.148	2047	27.31	-0.1523	-0.002644	2032	911	0.4483	0.06667	0.838	0.04891	0.1699
chr8	17000000	18000000	0.3931	-0.034	0.0182	0	0.0617	0	2509	31.38	-0.01381	0.03439	2508	1277	0.5092	0.06667	0.9726	2149	32.64	-0.02599	0.008043	2137	980	0.4586	0.05941	0.876	2398	29.3	-0.05071	-0.02553	2386	869	0.3642	0.06667	0.6957	0.01911	0.1699
chr8	18000000	19000000	0.3952	-0.0437	0.0091	0	0.0605	0	2257	31.11	-0.02654	0.02367	2247	1170	0.5207	0.05556	0.8696	2490	32.31	-0.04029	0.004436	2486	1702	0.6846	0.05882	1.143	1939	28.94	-0.06842	-0.02162	1929	793	0.4111	0.07143	0.6865	0.02076	0.152
chr8	19000000	20000000	0.4138	-0.0414	0.0286	0	0.0594	0	2036	31.51	-0.008082	0.03075	2018	1236	0.6125	0.0633	0.9458	1836	32.18	-0.04622	-0.0001601	1823	706	0.3873	0.0641	0.598	1654	28.78	-0.07646	-0.03683	1635	925	0.5657	0.06757	0.8736	0.02554	0.152
chr8	20000000	21000000	0.4346	-0.0327	0.0285	0	0.06	0	937	31.75	0.002691	0.02599	934	614	0.6574	0.06	0.8733	1204	32.51	-0.03176	0.008804	1199	708	0.5905	0.0641	0.7844	1024	28.89	-0.07114	-0.05955	1022	759	0.7427	0.06667	0.9865	0.07155	0.1255
chr8	21000000	22000000	0.452	0.016	0.0141	0	0.058	0	1080	32.74	0.04707	0.01565	1069	808	0.7558	0.05556	1.054	1211	33.55	0.01381	0.001822	1203	876	0.7282	0.05556	1.015	1230	30.63	0.01321	-0.02586	1229	802	0.6526	0.06522	0.9097	-0.02106	0.1468
chr8	22000000	23000000	0.4907	0.1134	0.0344	0	0.0556	0	1346	35.04	0.1449	0.0008861	1336	999	0.7478	0.05556	1.089	1602	36.04	0.1173	0.02027	1597	1110	0.6951	0.05556	1.013	1472	34.08	0.1675	-0.002976	1464	1132	0.7732	0.05882	1.126	-0.01707	0.06711
chr8	23000000	24000000	0.4435	0.0497	0.02	0	0.0599	0	1605	32.6	0.04086	-0.01112	1593	1076	0.6755	0.05556	0.9741	1649	33.69	0.01984	-0.01434	1640	1135	0.6921	0.0625	0.9981	1758	31.5	0.05374	-0.02038	1749	1240	0.709	0.06522	1.022	0	0.1025
chr8	24000000	25000000	0.3781	-0.0577	0.0199	0	0.0602	0	1310	30.17	-0.07069	-0.007328	1305	678	0.5195	0.05882	1.12	1412	32.02	-0.05337	0.006026	1407	936	0.6652	0.06	1.434	1279	28.19	-0.1065	-0.02315	1271	665	0.5232	0.0625	1.128	0	0.1854
chr8	25000000	26000000	0.4116	-0.0501	0.0221	0	0.0625	0	1463	30.72	-0.04481	0.001053	1449	721	0.4976	0.06667	0.8646	1676	32.38	-0.03754	0.01582	1661	946	0.5695	0.0625	0.9896	1176	29.04	-0.06352	-0.02995	1160	674	0.581	0.075	1.01	-0.02018	0.1468
chr8	26000000	27000000	0.422	-0.0112	0.0121	0	0.0597	0	1317	31.54	-0.006478	0.003841	1296	531	0.4097	0.05882	0.638	1395	33.05	-0.007687	0.006409	1380	775	0.5616	0.05882	0.8745	1647	30.66	0.01495	-0.0009602	1617	1105	0.6834	0.0625	1.064	0	0.1293
chr8	27000000	28000000	0.4435	0.047	0.0072	0	0.0578	0	1297	33.08	0.06223	0.01295	1285	498	0.3875	0.0625	0.6383	1749	33.57	0.0146	-0.01688	1716	1328	0.7739	0.05882	1.275	1660	31.88	0.07106	-0.0003596	1643	1053	0.6409	0.06098	1.056	0	0.09954
chr8	28000000	29000000	0.4234	0.0621	0.0254	0	0.0585	0	993	33.26	0.07003	0.002599	990	592	0.598	0.05556	1.071	861	34.32	0.0464	-0.01183	860	362	0.4209	0.06466	0.7537	988	32.94	0.1181	0.03007	988	471	0.4767	0.06	0.8536	-0.0251	0.05063
chr8	29000000	30000000	0.4245	0.0623	0.0114	0	0.0588	0	1316	32.77	0.04853	-0.02168	1311	1020	0.778	0.05882	1.352	1140	34.29	0.0455	-0.01092	1132	666	0.5883	0.05882	1.023	1038	33.04	0.1224	0.03551	1034	583	0.5638	0.05556	0.9801	-0.03126	0.0458
chr8	30000000	31000000	0.4207	0.0236	0.0171	0	0.0585	0	980	32.26	0.0258	-0.000888	970	523	0.5392	0.05882	0.9057	1094	33.59	0.01576	-0.001093	1084	679	0.6264	0.05814	1.052	1151	31.38	0.04813	0.01442	1141	669	0.5863	0.05882	0.9849	0	0.078
chr8	31000000	32000000	0.3783	-0.0437	0.0122	0	0.0625	0	1250	30.65	-0.0479	0.001454	1250	342	0.2736	0.07143	0.4881	1481	32.29	-0.04115	0.0006116	1475	921	0.6244	0.05556	1.114	1546	28.21	-0.1055	-0.03949	1542	1027	0.666	0.06522	1.188	0	0.1926
chr8	32000000	33000000	0.3817	-0.0752	0.0188	0	0.0633	0	1394	30.52	-0.054	0.03573	1389	454	0.3269	0.0625	0.5921	1788	31.76	-0.06516	0.00859	1780	1115	0.6264	0.05556	1.135	1391	27.85	-0.1242	-0.05061	1379	476	0.3452	0.06522	0.6253	0.02467	0.1926
chr8	33000000	34000000	0.4094	-0.034	0.0095	0	0.0591	0	876	31.45	-0.0108	0.01982	859	555	0.6461	0.06098	0.8783	999	32.56	-0.02932	0.0003862	987	716	0.7254	0.06098	0.9862	913	29.68	-0.03224	-1.577e-05	908	798	0.8789	0.0625	1.195	0.03653	0.1069
chr8	34000000	35000000	0.3758	-0.0841	0.021	0	0.06	0	773	29.84	-0.08659	0.00105	771	299	0.3878	0.05556	0.7391	688	30.97	-0.1016	-0.02406	684	280	0.4094	0.06098	0.7802	676	27.74	-0.1298	-0.005359	673	309	0.4591	0.0625	0.875	0	0.1699
chr8	35000000	36000000	0.3829	-0.109	0.0384	0	0.0617	0	935	29.82	-0.08769	0.02591	926	528	0.5702	0.05882	0.8399	766	31.16	-0.09292	0.01507	759	514	0.6772	0.06667	0.9975	932	26.89	-0.1747	-0.0482	923	649	0.7031	0.0641	1.036	0.02915	0.2224
chr8	36000000	37000000	0.3835	-0.0843	0.0419	0	0.0625	0	192	29.54	-0.1011	-0.01177	190	5	0.02632	0.03846	0.0345	297	30.55	-0.1214	-0.03816	296	149	0.5034	0.06757	0.6599	474	27.98	-0.1173	-0.007973	469	397	0.8465	0.06667	1.11	0.04182	0.1699
chr8	37000000	38000000	0.4509	0.0197	0.0083	0	0.0591	0	878	33	0.05858	0.02435	877	380	0.4333	0.0633	0.9101	981	33.91	0.02912	0.01302	974	305	0.3131	0.06	0.6577	930	30.66	0.01455	-0.02942	918	422	0.4597	0.0641	0.9655	0.02509	0.1409
chr8	38000000	39000000	0.4449	0.0762	0.0276	0	0.0617	0	1041	33.36	0.07417	-0.005723	1037	645	0.622	0.05556	1.005	960	34.13	0.03845	-0.01962	945	570	0.6032	0.0625	0.9743	899	33.25	0.1317	0.02974	896	556	0.6205	0.0625	1.002	-0.02752	0.04244
chr8	39000000	40000000	0.3675	-0.0048	0.0255	0	0.0605	0	1161	31.42	-0.01199	0.001074	1159	641	0.5531	0.06098	0.9181	1198	32.83	-0.01735	-0.01644	1197	797	0.6658	0.06	1.105	1299	30.11	-0.0113	0.03591	1298	917	0.7065	0.06	1.173	-0.01838	0.122
chr8	40000000	41000000	0.406	-0.0433	0.0213	0	0.0617	0	2083	30.81	-0.04027	0.000212	2064	1438	0.6967	0.06522	1.117	1969	32	-0.05438	-0.008789	1950	1195	0.6128	0.05882	0.9821	1961	27.84	-0.1243	-0.08133	1944	1117	0.5746	0.0625	0.9208	0.02425	0.1993
chr8	41000000	42000000	0.4529	0.0557	0.0146	0	0.0605	0	1303	33.16	0.06543	-0.005352	1290	998	0.7736	0.05882	1.076	1367	33.84	0.0264	-0.02234	1351	1089	0.8061	0.05556	1.121	1184	31.65	0.06061	-0.01937	1170	697	0.5957	0.0625	0.8287	0	0.09311
chr8	42000000	43000000	0.4393	0.0512	0.031	0	0.0568	0	630	33.37	0.07457	0.01033	623	408	0.6549	0.06098	1.114	664	34.12	0.03796	-0.008154	656	278	0.4238	0.06174	0.721	577	32.71	0.1083	0.03884	569	298	0.5237	0.0625	0.891	0	0.03747
chr8	43000000	44000000	0.3987	-0.0367	0.0161	0	0.0628	0	877	31.08	-0.02809	0.009484	804	217	0.2699	0.07692	1.12	805	32.48	-0.03279	0.001388	772	113	0.1464	0.05556	0.6074	807	29.88	-0.02221	0.0109	754	178	0.2361	0.0625	0.9796	0	0.1293
chr8	44000000	45000000	0.3911	-2.242	0.197	1	0.1066	1	741	7.751	-2.032	NA	69	19	0.2754	NA	0.7592	471	6.908	-2.266	NA	67	36	0.5373	NA	1.481	720	7.921	-1.938	NA	82	29	0.3537	NA	0.9751	0	0.663
chr8	45000000	46000000	0.3902	-1.807	0.0894	0	0.0926	1	1126	10.48	-1.596	0.2109	226	122	0.5398	NA	1.275	791	8.505	-1.966	-0.1531	212	65	0.3066	NA	0.7241	1089	10.37	-1.549	0.2756	225	137	0.6089	NA	1.438	-0.1556	0.163
chr8	46000000	47000000	0.4425	-0.0028	0.0272	0	0.061	0	1431	32.68	0.04442	0.04222	1425	1044	0.7326	0.0641	1.842	1132	33.03	-0.008827	0.002512	1125	107	0.09511	0.07143	0.2392	1410	29.47	-0.04257	-0.0621	1402	1021	0.7282	0.06098	1.831	0.0651	0.172
chr8	47000000	48000000	0.4146	-0.0318	0.0182	0	0.0629	0	453	31.05	-0.02923	0.009769	445	380	0.8539	0.0625	2.482	460	33.01	-0.00935	0.02912	456	142	0.3114	0.06594	0.9052	522	29.72	-0.03003	0.006785	518	463	0.8938	0.06	2.598	0	0.1541
chr8	48000000	49000000	0.4288	0.0184	0.0217	0	0.0605	0	822	32.97	0.05708	0.03085	819	446	0.5446	0.05556	0.8773	531	33.79	0.02401	0.01096	530	97	0.183	0.06	0.2949	919	30.79	0.02103	-0.03502	917	606	0.6609	0.06174	1.065	0.04182	0.1333
chr8	49000000	50000000	0.3692	-0.0842	0.0289	0	0.0603	0	1712	30.23	-0.06774	0.01818	1707	186	0.109	0.06174	0.2158	1869	32.06	-0.05181	0.02613	1859	895	0.4814	0.0625	0.9535	1912	27.93	-0.12	-0.002725	1900	1010	0.5316	0.06522	1.053	0.02346	0.1926
chr8	50000000	51000000	0.3568	-0.0963	0.0278	0	0.0625	0	784	29.43	-0.1065	-0.01435	784	86	0.1097	0.07143	0.1694	1179	31.98	-0.05533	0.03157	1176	474	0.4031	0.06594	0.6224	1179	27.06	-0.1657	0.002364	1175	885	0.7532	0.06522	1.163	0	0.2313
chr8	51000000	52000000	0.3801	-0.0297	0.0195	0	0.0611	0	1654	31.26	-0.01959	0.01453	1646	1280	0.7776	0.06522	1.085	1479	32.96	-0.01195	0.01398	1465	870	0.5939	0.06	0.8289	1667	29.45	-0.04341	0.008791	1655	1272	0.7686	0.06	1.073	0	0.1629
chr8	52000000	53000000	0.3979	-0.0141	0.0119	0	0.0588	0	996	31.52	-0.007613	0.0139	994	609	0.6127	0.0641	0.9768	788	33.32	0.003876	0.01878	782	361	0.4616	0.07143	0.736	1308	30.08	-0.01292	-0.007936	1305	839	0.6429	0.06522	1.025	0	0.1926
chr8	53000000	54000000	0.402	-0.0078	0.013	0	0.0599	0	1691	32.2	0.02296	0.03414	1684	1382	0.8207	0.0625	1.319	1627	33.17	-0.002486	0.006989	1622	1299	0.8009	0.05882	1.287	1616	30.35	-0.0001349	0.003107	1608	799	0.4969	0.05882	0.7985	0.0217	0.1293
chr8	54000000	55000000	0.4037	0.0082	0.0202	0	0.058	0	1048	31.87	0.008452	0.007379	1045	444	0.4249	0.05826	0.6495	1341	33.2	-0.001483	-0.002552	1339	1056	0.7886	0.0625	1.206	1230	30.56	0.01014	0	1228	876	0.7134	0.06522	1.09	0.009074	0.09788
chr8	55000000	56000000	0.4069	0.0422	0.0142	0	0.0588	0	1175	32.2	0.02337	-0.02367	1165	501	0.43	0.05882	0.7324	1233	34.13	0.0388	-0.002922	1226	670	0.5465	0.05882	0.9307	1222	31.87	0.07068	0.02664	1217	714	0.5867	0.06	0.9991	-0.05445	0.09311
chr8	56000000	57000000	0.3972	0.0106	0.0295	0	0.06	0	1157	31.55	-0.006458	-0.007871	1155	600	0.5195	0.0641	0.8269	1054	32.56	-0.02928	-0.04147	1052	892	0.8479	0.05882	1.35	1108	30.24	-0.005285	-0.01706	1101	607	0.5513	0.0625	0.8776	0	0.1096
chr8	57000000	58000000	0.393	-0.0213	0.0302	0	0.0613	0	842	30.71	-0.04539	-0.00885	830	601	0.7241	0.06667	0.9562	702	32.48	-0.03296	-0.01183	683	441	0.6457	0.06098	0.8526	889	28.95	-0.06816	-0.05566	861	721	0.8374	0.0625	1.106	-0.02466	0.142
chr8	58000000	59000000	0.3879	-0.0029	0.0162	0	0.0605	0	1024	31.06	-0.02897	-0.0164	1015	653	0.6433	0.05882	0.8932	1308	32.99	-0.01026	-0.01184	1301	1014	0.7794	0.05556	1.082	1203	30.11	-0.01114	0.01016	1196	795	0.6647	0.0641	0.9228	-0.02237	0.1293
chr8	59000000	60000000	0.3645	-0.0109	0.021	0	0.0625	0	638	30.92	-0.03538	-0.01583	634	242	0.3817	0.07692	0.5444	1112	32.79	-0.01931	-0.0144	1107	736	0.6649	0.0625	0.9483	854	28.99	-0.06624	-0.01265	852	590	0.6925	0.0625	0.9877	0	0.1979
chr8	60000000	61000000	0.4039	0.0506	0.0238	0	0.0594	0	820	32.5	0.03656	-0.008714	814	604	0.742	0.05882	1.039	952	34.4	0.04983	0.004463	949	651	0.686	0.05882	0.9604	773	32.33	0.09112	0.03041	770	668	0.8675	0.06	1.215	-0.03032	0.08017
chr8	61000000	62000000	0.3927	0.0223	0.0181	0	0.0621	0	1174	31.53	-0.007235	-0.01145	1167	936	0.8021	0.06	1.267	1201	33.54	0.01323	-0.007377	1194	694	0.5812	0.0625	0.9184	1223	30.31	-0.001678	-0.03279	1211	933	0.7704	0.06667	1.217	-0.02385	0.1155
chr8	62000000	63000000	0.3732	-0.0456	0.0275	0	0.06	0	1483	30.14	-0.07214	-0.0183	1478	794	0.5372	0.0625	0.864	1105	32.86	-0.01633	0.02866	1101	667	0.6058	0.06	0.9743	1750	28.28	-0.1017	-0.02388	1740	1011	0.581	0.0625	0.9344	-0.02106	0.2157
chr8	63000000	64000000	0.3792	-0.0553	0.0274	0	0.0605	0	944	30.66	-0.04735	0.01215	925	625	0.6757	0.06098	0.9666	633	32.35	-0.03873	0.01357	628	537	0.8551	0.05556	1.223	865	27.54	-0.1403	-0.05714	843	342	0.4057	0.07143	0.5804	0.04307	0.2149
chr8	64000000	65000000	0.3714	-0.0029	0.0291	0	0.059	0	565	30.61	-0.04999	-0.04292	556	336	0.6043	0.06757	0.9445	592	32.51	-0.03139	-0.03414	584	397	0.6798	0.06098	1.063	992	30.35	3.776e-05	0.03583	982	799	0.8136	0.0625	1.272	-0.02385	0.1069
chr8	65000000	66000000	0.3936	0.044	0.0262	0	0.0588	0	959	32.04	0.01583	-0.02464	958	458	0.4781	0.0625	0.7342	1005	33.42	0.008315	-0.03565	1005	321	0.3194	0.05882	0.4905	1243	32.11	0.08122	0.0482	1242	896	0.7214	0.0641	1.108	-0.0451	0.04731
chr8	66000000	67000000	0.4093	0.0474	0.0328	0	0.0604	0	601	32.71	0.04605	-0.003296	596	331	0.5554	0.05882	0.7999	582	34.86	0.06912	0.01723	566	365	0.6449	0.05556	0.9288	574	32.77	0.1108	0.05755	565	386	0.6832	0.0641	0.984	-0.04373	0.06437
chr8	67000000	68000000	0.3938	-0.0355	0.0224	0	0.0613	0	941	30.81	-0.04037	-0.00134	933	346	0.3708	0.06667	0.5817	973	32.24	-0.04378	-0.00869	966	589	0.6097	0.05556	0.9564	1001	29.68	-0.03209	0.01439	994	794	0.7988	0.06981	1.253	-0.02308	0.1255
chr8	68000000	69000000	0.3694	-0.065	0.0278	0	0.0607	0	1283	29.98	-0.07998	-0.01261	1278	1031	0.8067	0.06522	1.212	1218	31.67	-0.06911	-0.01037	1215	852	0.7012	0.06	1.053	1350	28.06	-0.1133	-0.01523	1337	1064	0.7958	0.06	1.195	0	0.1854
chr8	69000000	70000000	0.3958	-0.0111	0.0161	0	0.0611	0	1573	30.76	-0.04269	-0.0186	1566	1113	0.7107	0.0625	0.9749	1391	33.29	0.002476	0.01461	1384	789	0.5701	0.05882	0.782	1492	29.06	-0.06245	-0.05443	1479	1131	0.7647	0.06522	1.049	0	0.162
chr8	70000000	71000000	0.3935	0.0048	0.014	0	0.0625	0	1133	31.41	-0.01254	-0.01247	1129	854	0.7564	0.06	1.015	1300	33.56	0.0143	0.009535	1298	494	0.3806	0.05882	0.5109	1123	31.01	0.03135	0.03511	1119	843	0.7534	0.0625	1.011	-0.04439	0.09311
chr8	71000000	72000000	0.3819	0.0005	0.0082	0	0.06	0	1266	31.16	-0.02398	-0.01167	1263	880	0.6968	0.06	1.023	1414	32.68	-0.02425	-0.02507	1410	897	0.6362	0.05882	0.9342	1223	30.18	-0.008233	-0.007264	1216	743	0.611	0.0641	0.8972	-0.02647	0.1203
chr8	72000000	73000000	0.3854	-0.0188	0.0103	0	0.0613	0	1502	31.01	-0.03125	-0.002874	1500	1046	0.6973	0.0625	1.033	1449	32.8	-0.01859	0.0002865	1449	1046	0.7219	0.0625	1.07	1691	29.83	-0.02487	0.01969	1674	1055	0.6302	0.0625	0.9338	-0.04244	0.1333
chr8	73000000	74000000	0.4048	0.0013	0.0225	0	0.061	0	1044	32.07	0.01741	0.0236	1040	706	0.6788	0.05263	0.9744	1068	33.14	-0.003936	-0.001742	1064	709	0.6664	0.0641	0.9564	1158	30.93	0.02718	0.01332	1155	646	0.5593	0.06667	0.8028	0.008437	0.1083
chr8	74000000	75000000	0.3856	-0.0187	0.0169	0	0.06	0	783	31.72	0.001304	0.02413	782	355	0.454	0.06	0.6197	1274	32.72	-0.02225	-0.001965	1269	1092	0.8605	0.0625	1.175	1239	29.67	-0.03262	0.01551	1232	909	0.7378	0.06	1.007	0	0.09622
chr8	75000000	76000000	0.355	-0.0684	0.0184	0	0.0625	0	1293	30.32	-0.06378	-0.0001496	1276	994	0.779	0.06	1.095	928	32.29	-0.04143	0.01824	923	354	0.3835	0.05882	0.5394	1584	28.43	-0.09432	0.03987	1571	1153	0.7339	0.06667	1.032	0.02203	0.1926
chr8	76000000	77000000	0.3547	-0.0886	0.0112	0	0.0617	0	1032	30.02	-0.07799	0.00962	1030	804	0.7806	0.06522	1.249	1202	32.6	-0.02771	0.05256	1200	481	0.4008	0.0625	0.6411	381	26.79	-0.1799	-0.02059	381	92	0.2415	0.09259	0.3862	0	0.3175
chr8	77000000	78000000	0.3462	-0.1106	0.0297	0	0.0652	0	1522	29.24	-0.1159	-0.01191	1514	1285	0.8487	0.0625	1.233	1513	31.81	-0.06318	0.03286	1508	1042	0.691	0.05882	1.003	1159	27.29	-0.1533	0.04267	1151	641	0.5569	0.0625	0.8088	0	0.237
chr8	78000000	79000000	0.3533	-0.0297	0.0237	0	0.061	0	1516	29.97	-0.08019	-0.05136	1514	1299	0.858	0.0625	1.061	754	32.55	-0.02986	-0.01569	753	595	0.7902	0.05882	0.9776	1795	28.81	-0.07492	0.02309	1790	1536	0.8581	0.06522	1.062	-0.02142	0.1375
chr8	79000000	80000000	0.381	0.0153	0.014	0	0.0556	0	1019	31.09	-0.02745	-0.03633	1017	925	0.9095	0.06522	1.249	736	33.75	0.02229	0.001555	734	628	0.8556	0.05556	1.175	929	31.46	0.05173	0.04532	928	754	0.8125	0.05882	1.116	-0.08746	0.09954
chr8	80000000	81000000	0.4128	0.0372	0.03	0	0.0615	0	1142	32.32	0.0287	-0.01534	1139	912	0.8007	0.05882	1.174	734	34.1	0.0373	0.004922	732	449	0.6134	0.05882	0.8997	1026	32.23	0.08674	0.03505	1024	502	0.4902	0.0625	0.719	-0.04439	0.074
chr8	81000000	82000000	0.3817	0.0087	0.024	0	0.0625	0	1209	30.98	-0.03251	-0.02668	1205	747	0.6199	0.0625	0.8782	1337	33.1	-0.005798	-0.01594	1334	1022	0.7661	0.0625	1.085	1005	31.17	0.03843	0.02809	1000	715	0.715	0.0625	1.013	-0.04182	0.09622
chr8	82000000	83000000	0.3451	-0.0805	0.0225	0	0.0625	0	641	29.9	-0.0838	-0.004258	637	442	0.6939	0.06174	0.8897	1366	31.49	-0.07743	-0.01056	1363	1108	0.8129	0.05556	1.042	736	27.24	-0.1559	0.008814	735	597	0.8122	0.0625	1.041	0	0.2149
chr8	83000000	84000000	0.3522	-0.0855	0.0125	0	0.0633	0	1853	29.94	-0.08199	0.0005308	1851	1089	0.5883	0.06	0.8583	2298	31.34	-0.08428	-0.007932	2284	1568	0.6865	0.0625	1.001	1837	26.95	-0.1712	-0.01608	1827	1396	0.7641	0.07143	1.115	0.02697	0.2224
chr8	84000000	85000000	0.3548	-0.0648	0.0206	0	0.0641	0	1024	29.85	-0.08612	-0.02595	1018	811	0.7967	0.0641	1.205	1290	31.59	-0.0729	-0.01602	1284	1035	0.8061	0.06	1.219	953	28.08	-0.1121	0.01845	941	711	0.7556	0.06522	1.143	0	0.1468
chr8	85000000	86000000	0.3948	0.034	0.0474	0	0.0639	0	1102	32.64	0.04271	0.01469	897	632	0.7046	0.05882	1.422	1096	33.45	0.00955	-0.02248	905	660	0.7293	0.06667	1.472	1133	30.85	0.02346	-0.002553	938	395	0.4211	0.06667	0.8499	0.05485	0.09311
chr8	86000000	87000000	0.3788	-0.0685	0.0197	0	0.06	0	1502	30.24	-0.06761	0.009349	1494	800	0.5355	0.06	0.8334	1555	31.92	-0.0581	0.008769	1546	1023	0.6617	0.0625	1.03	1504	28.39	-0.09637	-0.001782	1489	575	0.3862	0.0625	0.601	0.02203	0.1751
chr8	87000000	88000000	0.3579	-0.1032	0.0324	0	0.0625	0	1259	29.55	-0.1009	0.008854	1247	971	0.7787	0.0641	1.028	1353	30.96	-0.1019	-0.005811	1339	999	0.7461	0.06667	0.9845	1233	26.62	-0.1891	-0.01955	1227	642	0.5232	0.07143	0.6905	0.03104	0.204
chr8	88000000	89000000	0.3542	-0.0879	0.0519	0	0.0625	0	708	30.14	-0.07205	0.01408	706	228	0.3229	0.07143	0.5707	767	32.08	-0.05096	0.02511	766	257	0.3355	0.06757	0.5929	856	27.13	-0.1618	-0.0056	849	441	0.5194	0.07143	0.9179	0	0.263
chr8	89000000	90000000	0.3682	-0.0153	0.0362	0	0.0614	0	1197	30.74	-0.04364	-0.02597	1192	620	0.5201	0.05556	0.8652	1269	32.16	-0.04736	-0.03833	1263	755	0.5978	0.05882	0.9943	1479	29.66	-0.03308	0.01455	1466	869	0.5928	0.05814	0.986	0	0.1155
chr8	90000000	91000000	0.3758	0.0026	0.011	0	0.0588	0	1075	31.6	-0.004172	-0.003227	1074	923	0.8594	0.05882	1.198	837	34.15	0.03923	0.03011	835	715	0.8563	0.05814	1.194	1076	29.88	-0.02247	0.0153	1074	752	0.7002	0.06	0.9763	-0.03953	0.1651
chr8	91000000	92000000	0.3714	-0.0595	0.0269	0	0.0625	0	811	30.31	-0.06418	-0.0005122	808	419	0.5186	0.06	0.8529	794	31.74	-0.06631	-0.01246	786	374	0.4758	0.07143	0.7826	709	28.48	-0.09154	0.0008558	699	293	0.4192	0.06	0.6894	0	0.1725
chr8	92000000	93000000	0.3687	-0.0552	0.0219	0	0.0625	0	662	30.45	-0.05757	-0.002604	658	341	0.5182	0.0641	0.764	754	32.24	-0.0434	0.001159	751	433	0.5766	0.06522	0.85	593	27.6	-0.137	-0.04601	591	403	0.6819	0.06757	1.005	0.02757	0.2065
chr8	93000000	94000000	0.3965	-0.0245	0.0298	0	0.0607	0	1024	31.64	-0.00193	0.03347	1016	632	0.622	0.05556	0.968	946	32.95	-0.01206	0.01099	932	602	0.6459	0.05556	1.005	1091	29.41	-0.04512	-0.0279	1082	733	0.6774	0.0625	1.054	0.02137	0.172
chr8	94000000	95000000	0.4101	0.054	0.0199	0	0.0594	0	1090	32.97	0.05738	0	1088	141	0.1296	0.05172	0.2061	1452	34.43	0.05122	-0.002869	1444	880	0.6094	0.05882	0.969	1486	31.82	0.0685	0.007764	1479	916	0.6193	0.0625	0.9848	-0.02237	0.1255
chr8	95000000	96000000	0.4023	0.0415	0.0242	0	0.06	0	1812	31.95	0.01207	-0.01991	1802	1188	0.6593	0.06	0.9729	1676	33.94	0.03047	-0.007737	1665	1148	0.6895	0.0633	1.018	1412	31.72	0.06391	0.02166	1399	669	0.4782	0.05556	0.7057	-0.02647	0.07595
chr8	96000000	97000000	0.4031	-0.0017	0.0318	0	0.0588	0	1017	31.5	-0.00857	0	1013	758	0.7483	0.06667	1.15	885	32.32	-0.04018	-0.03519	885	635	0.7175	0.05556	1.102	1162	29.68	-0.03189	-0.03213	1160	696	0.6	0.06667	0.9218	0.02509	0.09954
chr8	97000000	98000000	0.4209	0.0355	0.022	0	0.0625	0	1139	32.69	0.04505	0.006469	1133	710	0.6267	0.0625	0.9324	1125	33.5	0.01187	-0.01807	1120	681	0.608	0.0641	0.9047	1220	32.17	0.08426	0.03227	1215	880	0.7243	0.0641	1.078	-0.01839	0.08489
chr8	98000000	99000000	0.4052	0.0394	0.0184	0	0.0614	0	623	32.21	0.02377	-0.009978	617	367	0.5948	0.05882	0.9055	737	34.2	0.04158	0.006761	733	544	0.7422	0.05556	1.13	892	32.32	0.09069	0.0427	882	664	0.7528	0.06	1.146	-0.06688	0.0458
chr8	99000000	100000000	0.3703	0.0229	0.029	0	0.0607	0	850	31.37	-0.01438	-0.03645	849	801	0.9435	0.06	1.156	823	33	-0.009896	-0.03642	819	757	0.9243	0.0641	1.132	796	30.83	0.02255	0.03127	793	707	0.8916	0.0625	1.092	-0.02466	0.08746
chr8	100000000	101000000	0.4169	0.0687	0.0151	0	0.0588	0	980	32.97	0.05732	-0.01455	973	742	0.7626	0.05556	1.052	1295	34.62	0.05901	-0.001131	1290	1012	0.7845	0.05882	1.083	851	33.17	0.1284	0.05534	847	581	0.686	0.05556	0.9465	-0.06054	0.0458
chr8	101000000	102000000	0.4212	0.047	0.0239	0	0.0588	0	1314	32.27	0.02641	-0.02287	1309	832	0.6356	0.05848	1.029	1493	34.24	0.04336	0	1490	847	0.5685	0.05882	0.9203	1287	31.87	0.07062	-0.0004563	1282	759	0.592	0.05556	0.9585	-0.02554	0.1125
chr8	102000000	103000000	0.4273	0.0673	0.0256	0	0.0594	0	1117	33.13	0.06404	-0.01068	1106	637	0.5759	0.06	0.7538	1171	34.88	0.07003	0.007012	1165	904	0.776	0.05556	1.016	1111	33	0.1207	0.01814	1107	797	0.72	0.06	0.9422	-0.0199	0.08489
chr8	103000000	104000000	0.3806	0.0364	0.0183	0	0.0607	0	730	32.12	0.01943	-0.01256	728	509	0.6992	0.06	0.8958	562	34.07	0.03609	-0.006295	558	125	0.224	0.0641	0.287	718	31.01	0.03098	0.01237	714	491	0.6877	0.0641	0.8811	-0.02106	0.152
chr8	104000000	105000000	0.381	-0.0319	0.0143	0	0.0588	0	1312	31.57	-0.005281	0.03304	1310	957	0.7305	0.05814	1.051	1360	34.08	0.03667	0.06313	1353	914	0.6755	0.0625	0.9719	889	29.87	-0.02295	0.01784	886	381	0.43	0.06	0.6186	-0.03953	0.1926
chr8	105000000	106000000	0.362	-0.0829	0.0265	0	0.0617	0	884	30.66	-0.04754	0.02893	880	560	0.6364	0.05685	0.9601	1073	31.81	-0.063	0.01102	1063	709	0.667	0.0625	1.006	994	27.99	-0.1164	0.02523	990	734	0.7414	0.06522	1.119	0	0.1605
chr8	106000000	107000000	0.3723	-0.0517	0.0237	0	0.0615	0	997	30.96	-0.03348	0.02375	991	562	0.5671	0.0633	0.7879	1070	32.69	-0.02367	0.02558	1067	728	0.6823	0.05882	0.9479	1257	28.79	-0.07614	0.01115	1253	942	0.7518	0.06667	1.044	0.0177	0.1844
chr8	107000000	108000000	0.3725	-0.0768	0.0171	0	0.0617	0	1385	30.12	-0.07338	0.01061	1374	847	0.6164	0.06667	1.024	1449	31.72	-0.06706	0.01421	1440	746	0.5181	0.05941	0.8607	1390	27.91	-0.121	-0.01385	1379	791	0.5736	0.06	0.953	0.03037	0.1699
chr8	108000000	109000000	0.3724	-0.0652	0.018	0	0.0621	0	1219	30.66	-0.04758	0.02316	1214	253	0.2084	0.0625	0.2876	1318	31.95	-0.0566	0.008793	1313	1230	0.9368	0.06049	1.293	1392	28.75	-0.07793	0.01763	1386	1279	0.9228	0.06522	1.274	0	0.152
chr8	109000000	110000000	0.3702	-0.0278	0.0162	0	0.0613	0	1224	30.85	-0.03865	-0.01099	1222	240	0.1964	0.0641	0.2309	1228	32.41	-0.03605	-0.01169	1225	1200	0.9796	0.05882	1.152	1440	29.86	-0.02351	0.03778	1436	585	0.4074	0.0625	0.479	0	0.1333
chr8	110000000	111000000	0.3445	-0.0954	0.0336	0	0.0594	0	889	29.41	-0.1075	-0.01307	884	584	0.6606	0.06522	0.9906	730	31.64	-0.07084	0.009173	724	596	0.8232	0.06	1.234	701	26.8	-0.1796	0.001638	699	367	0.525	0.06522	0.7873	-0.0199	0.2295
chr8	111000000	112000000	0.3458	-0.1089	0.0323	0	0.0635	0	1277	29.56	-0.1001	0.001279	1275	730	0.5725	0.06522	1.005	1218	31.54	-0.07528	0.01952	1217	727	0.5974	0.06098	1.049	1195	26.37	-0.203	-0.00867	1192	231	0.1938	0.06667	0.3402	0.039	0.263
chr8	112000000	113000000	0.3424	-0.0971	0.0308	0	0.0613	0	1095	29.85	-0.08597	0.01264	1094	905	0.8272	0.05882	1.019	1145	31.51	-0.07646	0.002523	1142	993	0.8695	0.0625	1.072	957	26.44	-0.1989	-0.009814	952	650	0.6828	0.06522	0.8414	0.02801	0.2553
chr8	113000000	114000000	0.3428	-0.1107	0.0184	0	0.0617	0	1434	29.55	-0.1008	0.008832	1425	867	0.6084	0.05882	0.9343	838	30.52	-0.1227	-0.03081	831	442	0.5319	0.05882	0.8168	1433	26.66	-0.187	0.01976	1420	435	0.3063	0.06667	0.4704	0.04731	0.2005
chr8	114000000	115000000	0.3454	-0.0922	0.0308	0	0.0621	0	1764	29.5	-0.1032	-0.01687	1750	1514	0.8651	0.06522	1.035	1631	31.59	-0.07278	0.006849	1627	1403	0.8623	0.06522	1.032	1330	26.9	-0.1742	0.003422	1324	530	0.4003	0.06522	0.479	0	0.237
chr8	115000000	116000000	0.3614	-0.0733	0.0141	0	0.06	0	1097	30.11	-0.07346	0.002938	1086	583	0.5368	0.05556	1.015	847	31.33	-0.0849	-0.0198	846	294	0.3475	0.0625	0.6569	917	28.05	-0.1135	0.01517	912	228	0.25	0.06522	0.4726	0.02425	0.1468
chr8	116000000	117000000	0.3882	-0.036	0.0149	0	0.0612	0	956	30.68	-0.04678	0.0009985	947	428	0.452	0.05556	0.7637	994	32.61	-0.02719	0.00607	981	570	0.581	0.06	0.9818	1011	29.62	-0.03523	0.01637	1002	394	0.3932	0.0625	0.6644	-0.02203	0.142
chr8	117000000	118000000	0.391	-0.0267	0.0121	0	0.0612	0	1094	31.13	-0.02555	0.007996	1089	845	0.7759	0.06667	1.062	1051	32.72	-0.02216	0.01206	1047	841	0.8032	0.05556	1.099	931	29.39	-0.04646	-0.006099	924	729	0.789	0.0625	1.08	-0.02046	0.1829
chr8	118000000	119000000	0.3928	-0.0315	0.0137	0	0.0607	0	1470	30.88	-0.03733	0.01104	1462	1073	0.7339	0.06	1.178	1219	32.41	-0.03623	-0.004894	1213	543	0.4477	0.06	0.7184	1412	29.66	-0.0329	-0.01198	1408	888	0.6307	0.06098	1.012	0	0.09622
chr8	119000000	120000000	0.3942	-0.0241	0.0166	0	0.0605	0	1661	31.24	-0.02046	0.009717	1651	1219	0.7383	0.0625	1.012	1468	32.71	-0.02293	0.00556	1456	817	0.5611	0.06	0.769	1383	29.52	-0.03987	-0.00523	1376	1073	0.7798	0.06	1.069	0	0.1468
chr8	120000000	121000000	0.3882	-0.0385	0.0147	0	0.0625	0	1214	31.12	-0.02608	0.02419	1194	654	0.5477	0.0625	0.9057	1112	32.3	-0.04074	-0.004979	1108	954	0.861	0.0625	1.424	1338	29.57	-0.03743	0.01666	1322	957	0.7239	0.06	1.197	0.02205	0.1274
chr8	121000000	122000000	0.3784	-0.0513	0.0251	0	0.0588	0	1221	30.75	-0.04328	0.01535	1211	715	0.5904	0.05556	0.8075	1296	31.75	-0.06584	-0.0159	1287	931	0.7234	0.06	0.9893	1377	28.05	-0.1138	-0.0402	1363	1040	0.763	0.0625	1.044	0.02346	0.1926
chr8	122000000	123000000	0.4067	-0.0033	0.0133	0	0.0612	0	1063	31.71	0.001218	-0.0003179	1061	799	0.7531	0.06	1.066	878	32.62	-0.02672	-0.02219	870	538	0.6184	0.06	0.8754	1024	29.93	-0.02017	-0.01794	1020	703	0.6892	0.0625	0.9757	0.01911	0.1293
chr8	123000000	124000000	0.4247	0.0234	0.0187	0	0.06	0	1254	32.38	0.03131	0	1240	880	0.7097	0.06	1.109	954	33.59	0.01561	-0.001911	947	452	0.4773	0.06757	0.746	1213	31.14	0.03709	-0.01143	1202	818	0.6805	0.06	1.064	0	0.1069
chr8	124000000	125000000	0.4261	0.0276	0.012	0	0.06	0	1698	32.76	0.04791	0.01019	1686	1098	0.6512	0.06098	1.006	1575	33.73	0.02173	6.979e-06	1569	1013	0.6456	0.05556	0.9971	1471	31.49	0.0533	0.002098	1463	563	0.3848	0.05556	0.5943	0	0.114
chr8	125000000	126000000	0.4182	0.0568	0.0193	0	0.0591	0	1083	32.65	0.04339	-0.01669	1080	757	0.7009	0.06667	1.047	1119	34.36	0.04839	-0.003384	1116	858	0.7688	0.05882	1.148	796	31.92	0.07268	0.01131	792	536	0.6768	0.0625	1.011	0	0.1155
chr8	126000000	127000000	0.3958	0.0289	0.0217	0	0.0625	0	1370	31.78	0.004392	-0.01151	1366	960	0.7028	0.0625	1.005	1733	33.11	-0.005037	-0.03291	1728	1345	0.7784	0.05882	1.113	1063	30.97	0.02942	-0.00256	1059	582	0.5496	0.06667	0.7861	0	0.09622
chr8	127000000	128000000	0.4223	0.0659	0.0208	0	0.0588	0	1486	33.11	0.06352	-0.004649	1480	924	0.6243	0.06	0.9504	1534	34.64	0.05999	-0.003018	1519	980	0.6452	0.05882	0.9821	1456	33.24	0.1315	0.0352	1446	964	0.6667	0.06098	1.015	-0.06228	0.04373
chr8	128000000	129000000	0.399	0.0377	0.0108	0	0.0588	0	1330	31.72	0.001591	-0.03547	1318	895	0.6791	0.05882	0.9823	1303	34.37	0.04866	0.007845	1295	762	0.5884	0.0625	0.8512	1139	31.78	0.06636	0.02098	1129	835	0.7396	0.0625	1.07	-0.04519	0.1037
chr8	129000000	130000000	0.3935	0.0027	0.0113	0	0.0594	0	1009	30.94	-0.03446	-0.03228	1001	220	0.2198	0.0633	0.3469	1146	33.17	-0.002379	-0.005048	1140	723	0.6342	0.06667	1.001	1261	30.21	-0.006646	-0.0007824	1251	688	0.55	0.0625	0.8681	-0.03436	0.1375
chr8	130000000	131000000	0.4219	0.0191	0.0154	0	0.0599	0	964	32.42	0.03303	0.01169	951	635	0.6677	0.05556	0.961	1138	33.59	0.01574	-0.0004681	1118	609	0.5447	0.05556	0.784	1337	31.1	0.03523	-0.01022	1329	1019	0.7667	0.06098	1.104	0	0.1032
chr8	131000000	132000000	0.3844	-0.053	0.015	0	0.0588	0	1724	30.5	-0.05503	0.005013	1720	1115	0.6483	0.0625	0.9731	1533	31.85	-0.06125	-0.01237	1525	1010	0.6623	0.05556	0.9941	1671	28.42	-0.09446	-0.0157	1657	1141	0.6886	0.06667	1.034	0.02425	0.1635
chr8	132000000	133000000	0.4201	-0.0218	0.0146	0	0.061	0	1417	31.31	-0.01709	0.00143	1410	920	0.6525	0.06	0.9832	1336	32.4	-0.03633	-0.008533	1327	937	0.7061	0.06098	1.064	1355	29.22	-0.05489	-0.03787	1352	788	0.5828	0.0625	0.8783	0	0.1806
chr8	133000000	134000000	0.4557	0.0117	0.0137	0	0.0572	0	1395	33.29	0.07101	0.04385	1383	966	0.6985	0.05556	1.01	1673	33.52	0.0125	0.007758	1668	1123	0.6733	0.0625	0.9739	1261	31.31	0.04479	-0.006379	1255	914	0.7283	0.06	1.054	0.03953	0.0902
chr8	134000000	135000000	0.423	0.0301	0.0164	0	0.0594	0	1157	31.87	0.008208	-0.02723	1136	594	0.5229	0.06466	0.775	1744	34.1	0.03717	0.01235	1738	1396	0.8032	0.06098	1.19	1124	32.18	0.08438	0.02621	1104	756	0.6848	0.06049	1.015	-0.05346	0.1031
chr8	135000000	136000000	0.416	-0.0226	0.0189	0	0.0602	0	1377	31.36	-0.01494	0.00546	1353	924	0.6829	0.06	1.06	1192	33.15	-0.003526	0.02721	1176	479	0.4073	0.05882	0.6325	1343	28.73	-0.07912	-0.05683	1333	709	0.5319	0.06	0.8259	0.02107	0.1751
chr8	136000000	137000000	0.3762	-0.0893	0.0215	0	0.0602	0	1538	31.06	-0.0288	0.06643	1528	693	0.4535	0.05882	0.8182	1404	33.66	0.01879	0.09375	1400	520	0.3714	0.05814	0.6701	1743	27.48	-0.143	-0.01284	1732	912	0.5266	0.06466	0.95	0.026	0.3103
chr8	137000000	138000000	0.3785	-0.0945	0.0325	0	0.0625	0	1609	30.58	-0.05139	0.04877	1596	888	0.5564	0.06098	0.8813	1803	32.13	-0.04848	0.0447	1800	1314	0.73	0.0625	1.156	1764	27.28	-0.1537	-0.0369	1750	697	0.3983	0.07143	0.6309	0.04307	0.2295
chr8	138000000	139000000	0.4361	-0.0448	0.0191	0	0.0609	0	2045	31.61	-0.003632	0.02943	2035	1258	0.6182	0.0625	1.056	1951	32.7	-0.02296	0.02578	1940	1111	0.5727	0.0625	0.9779	1658	28.32	-0.09957	-0.08007	1644	957	0.5821	0.06	0.9941	0.0458	0.1993
chr8	139000000	140000000	0.4605	0.0314	0.0153	0	0.0599	0	1647	32.77	0.04869	-0.0006724	1635	977	0.5976	0.0641	0.9328	1784	33.28	0.00232	-0.01742	1754	1128	0.6431	0.06098	1.004	1650	30.94	0.02793	-0.04916	1634	973	0.5955	0.06	0.9296	0.02385	0.09466
chr8	140000000	141000000	0.4437	0.0627	0.0236	0	0.0615	0	1187	33.04	0.06048	-0.006306	1175	445	0.3787	0.05263	0.646	1131	34.2	0.04162	-0.005148	1120	369	0.3295	0.0625	0.5619	1282	32.68	0.1069	0.01981	1269	780	0.6147	0.06098	1.048	-0.04182	0.04439
chr8	141000000	142000000	0.5373	0.1615	0.022	0	0.0576	0	1713	36.31	0.1965	-0.01803	1662	846	0.509	0.05882	0.8913	1920	36.98	0.1545	0.008869	1843	1050	0.5697	0.06098	0.9976	1918	35.36	0.2206	-0.01234	1846	1161	0.6289	0.05814	1.101	0.0177	0.04123
chr8	142000000	143000000	0.547	0.1515	0.0404	0	0.0591	0	2222	36.49	0.2036	-0.01619	2169	1388	0.6399	0.05556	1.034	1943	35.74	0.1052	-0.02566	1888	1043	0.5524	0.05882	0.8928	2034	34.23	0.1735	-0.05028	1979	929	0.4694	0.05556	0.7586	0.07595	0.074
chr8	143000000	144000000	0.5661	0.1478	0.0403	0	0.0568	0	2034	37.6	0.247	0.01998	1891	1189	0.6288	0.05814	1.165	1933	36.52	0.1361	0.009394	1794	949	0.529	0.05814	0.9801	1891	35.67	0.2333	0.006114	1753	1165	0.6646	0.05814	1.231	0.05514	0.03395
chr8	144000000	145000000	0.5378	0.1303	0.0422	0	0.0612	0	908	37.66	0.2491	0.06566	846	404	0.4775	0.05556	0.9873	916	35.21	0.08335	-0.02933	856	386	0.4509	0.0625	0.9323	957	35.32	0.2189	0.01714	897	474	0.5284	0.06098	1.092	0.09516	0.03477
chr8	145000000	145138636	0.4362	0.0362	0.0677	0	0.0652	0	94	33.95	0.09945	0.04941	93	9	0.09677	0.01282	0.3428	176	34.28	0.04504	0.01251	175	169	0.9657	0.06757	3.421	99	32.2	0.0853	0.02381	99	19	0.1919	0.06667	0.6798	0	0.1125
chr9	0	1000000	0.4245	0.0599	0.0317	0	0.0659	0	2760	33.38	0.07509	0.007286	2585	1726	0.6677	0.06667	1.118	2115	35.12	0.07993	0.02591	2001	768	0.3838	0.0641	0.6426	2744	32.16	0.0835	-0.0009864	2586	1479	0.5719	0.06522	0.9575	0	0.09954
chr9	1000000	2000000	0.3971	-0.0027	0.0071	0	0.0625	0	1900	31.69	0	0.01283	1895	1148	0.6058	0.06466	0.9527	1977	33.93	0.03008	0.03125	1971	1439	0.7301	0.0625	1.148	1902	29.91	-0.02087	-0.01767	1890	1119	0.5921	0.06522	0.9311	-0.02308	0.1651
chr9	2000000	3000000	0.4017	0.0198	0.0173	0	0.0591	0	1916	31.93	0.01113	-0.003446	1909	1136	0.5951	0.0625	0.9182	1991	34.47	0.05294	0.03215	1988	1203	0.6051	0.0625	0.9337	1959	30.57	0.01051	-0.01385	1956	1213	0.6201	0.05882	0.9569	-0.0217	0.1751
chr9	3000000	4000000	0.3774	0.016	0.0298	0	0.0594	0	1439	31.31	-0.01711	-0.01668	1435	678	0.4725	0.0641	0.8587	1602	32.9	-0.01422	-0.03026	1595	987	0.6188	0.0625	1.125	1424	30.57	0.01057	0.02022	1421	819	0.5764	0.06	1.048	-0.02308	0.111
chr9	4000000	5000000	0.4086	0.0537	0.0227	0	0.06	0	2124	32.32	0.02871	-0.02295	2119	1448	0.6833	0.0625	1.174	1849	34.2	0.04142	-0.01625	1846	1006	0.545	0.05556	0.9359	1902	32.4	0.09439	0.03808	1898	1020	0.5374	0.06098	0.9229	-0.0385	0.0614
chr9	5000000	6000000	0.3873	0.0672	0.0153	0	0.0588	0	1106	32.53	0.03776	-0.02628	1103	699	0.6337	0.05882	0.8967	1362	34.92	0.07168	0.000873	1355	1057	0.7801	0.05882	1.104	909	33.07	0.1238	0.07558	907	629	0.6935	0.05882	0.9813	-0.08489	0.1069
chr9	6000000	7000000	0.4117	0.0582	0.0187	0	0.0588	0	2071	33.03	0.05981	-0.001286	2051	1165	0.568	0.05882	0.9718	1592	34.03	0.03442	-0.01905	1579	471	0.2983	0.05556	0.5103	1898	32.79	0.1115	0.0386	1890	825	0.4365	0.06	0.7468	-0.02308	0.05155
chr9	7000000	8000000	0.3943	0.0101	0.0316	0	0.06	0	2187	31.51	-0.007991	-0.01211	2185	1667	0.7629	0.05882	1.115	2030	32.85	-0.01668	-0.02426	2024	1202	0.5939	0.05792	0.8681	2043	30.19	-0.007389	-0.006791	2039	1297	0.6361	0.0625	0.9298	-0.02203	0.09622
chr9	8000000	9000000	0.3742	-0.0842	0.0147	0	0.061	0	2261	30.06	-0.07605	0.01577	2255	1803	0.7996	0.06522	1.307	1856	31.04	-0.09843	-0.01654	1849	1027	0.5554	0.06	0.9077	1818	27.31	-0.1524	-0.02794	1809	1358	0.7507	0.06522	1.227	0.04064	0.1993
chr9	9000000	10000000	0.3509	-0.0893	0.0183	0	0.06	0	1497	30.12	-0.07326	0.01241	1494	746	0.4993	0.05882	0.7582	1777	31.18	-0.09205	-0.006943	1773	1205	0.6796	0.06098	1.032	1841	27.3	-0.1528	0.01817	1835	1205	0.6567	0.06757	0.9971	0.04891	0.1806
chr9	10000000	11000000	0.3515	-0.1022	0.0193	0	0.0625	0	1900	29.79	-0.08925	0.005229	1895	1129	0.5958	0.06522	0.9295	1922	30.93	-0.1033	-0.008096	1918	1208	0.6298	0.05882	0.9826	1966	26.97	-0.1704	0.01074	1965	1120	0.57	0.06522	0.8892	0.04655	0.1864
chr9	11000000	12000000	0.3491	-0.0951	0.017	0	0.0612	0	1640	29.88	-0.0847	0.007827	1639	717	0.4375	0.05882	0.6844	2053	31.23	-0.08935	0.002439	2050	1220	0.5951	0.05556	0.931	1695	26.65	-0.1873	-0.01052	1692	569	0.3363	0.07143	0.5261	0.04811	0.2141
chr9	12000000	13000000	0.355	-0.1128	0.0334	0	0.0625	0	2110	29.66	-0.09539	0.01264	2100	1194	0.5686	0.06	0.9885	1892	31.42	-0.08089	0.02318	1884	944	0.5011	0.05882	0.8711	2195	26.29	-0.2068	-0.02825	2180	889	0.4078	0.07143	0.709	0.0593	0.2722
chr9	13000000	14000000	0.3758	-0.0754	0.0223	0	0.0617	0	1691	30.62	-0.04942	0.02952	1689	965	0.5713	0.06667	0.9152	1882	31.59	-0.07317	-0.004289	1879	1147	0.6104	0.06	0.9778	1806	27.84	-0.1245	-0.008757	1798	1031	0.5734	0.06667	0.9185	0.04439	0.1926
chr9	14000000	15000000	0.3879	-0.0361	0.0176	0	0.0613	0	1697	30.48	-0.05617	-0.0104	1693	1121	0.6621	0.0625	0.9756	1607	33	-0.01007	0.02155	1599	1149	0.7186	0.05882	1.059	1743	29.31	-0.05001	0.004486	1738	1167	0.6715	0.0641	0.9893	0	0.1876
chr9	15000000	16000000	0.3874	-0.0035	0.0082	0	0.0599	0	2106	31.69	0.0002821	0.006939	2086	1248	0.5983	0.0625	0.9851	1943	33.23	5.838e-05	-0.0004281	1928	1325	0.6872	0.05882	1.132	2064	30.36	0.0004689	0.02509	2048	1264	0.6172	0.0625	1.016	0	0.1274
chr9	16000000	17000000	0.4128	-0.0269	0.0221	0	0.0594	0	1685	32.85	0.05182	0.07188	1678	1028	0.6126	0.05556	0.9876	1563	32.96	-0.01194	0.01978	1557	776	0.4984	0.05814	0.8035	1477	28.02	-0.1153	-0.1028	1473	739	0.5017	0.0625	0.8088	0.1031	0.2224
chr9	17000000	18000000	0.3806	-0.0694	0.0189	0	0.0615	0	2229	31.05	-0.02932	0.04449	2198	1503	0.6838	0.06098	1.055	1933	31.79	-0.06396	-0.0005522	1915	1207	0.6303	0.05882	0.9721	2148	27.74	-0.1297	-0.04248	2120	1441	0.6797	0.0641	1.048	0.04373	0.2026
chr9	18000000	19000000	0.3903	-0.0117	0.0162	0	0.0617	0	2039	30.97	-0.03314	-0.02158	2035	1383	0.6796	0.06	1.014	1904	33.26	0.001549	0.01899	1901	1289	0.6781	0.05882	1.012	2009	29.2	-0.05582	-0.0252	2003	1361	0.6795	0.06667	1.014	-0.02308	0.2065
chr9	19000000	20000000	0.4064	0.0137	0.007	0	0.0594	0	1621	31.79	0.004751	-0.01347	1611	1029	0.6387	0.05814	1.008	1329	33.58	0.01513	0.002666	1321	816	0.6177	0.05556	0.9748	1643	31.11	0.0356	0.01725	1640	1028	0.6268	0.06098	0.9892	-0.02647	0.1125
chr9	20000000	21000000	0.3798	0.0329	0.0184	0	0.06	0	1024	31.46	-0.01024	-0.03892	1014	769	0.7584	0.06522	1.133	997	34.03	0.03422	-0.002439	992	645	0.6502	0.05882	0.9715	1207	30.94	0.02802	0.0221	1196	737	0.6162	0.0625	0.9207	-0.07529	0.1293
chr9	21000000	22000000	0.3823	0.0204	0.0261	0	0.06	0	1072	31.51	-0.008034	-0.01624	1069	843	0.7886	0.06	1.02	1039	34.15	0.03952	0.021	1035	789	0.7623	0.0625	0.9858	1163	30.88	0.02512	0.01272	1161	587	0.5056	0.0625	0.6538	-0.04891	0.1468
chr9	22000000	23000000	0.3668	-0.0617	0.0237	0	0.0602	0	1617	30.28	-0.06532	0	1608	888	0.5522	0.06522	0.9167	1389	31.65	-0.07012	-0.01236	1384	872	0.6301	0.06174	1.046	1562	27.93	-0.1196	-0.01963	1553	957	0.6162	0.0641	1.023	0.026	0.1699
chr9	23000000	24000000	0.3718	-0.098	0.0292	0	0.0625	0	1092	30.37	-0.06122	0.04147	1085	653	0.6018	0.06	1.027	1374	31.35	-0.0841	0.01063	1370	810	0.5912	0.05882	1.009	1202	26.43	-0.1993	-0.06928	1196	810	0.6773	0.07143	1.155	0.05247	0.2224
chr9	24000000	25000000	0.3573	-0.1154	0.0227	0	0.0605	0	712	29.62	-0.09747	0.01983	710	437	0.6155	0.06667	0.8547	1116	30.5	-0.1237	-0.01552	1111	801	0.721	0.0641	1.001	810	26.14	-0.2156	-0.03024	804	503	0.6256	0.07143	0.8688	0.05445	0.237
chr9	25000000	26000000	0.3552	-0.0885	0.054	0	0.0613	0	1597	29.93	-0.08244	0.00144	1586	950	0.599	0.06522	0.9735	1532	31.82	-0.06229	0.01898	1521	990	0.6509	0.05882	1.058	1389	26.54	-0.1937	-0.03941	1384	750	0.5419	0.06667	0.8807	0.04731	0.263
chr9	26000000	27000000	0.3749	-0.048	0.014	0	0.0605	0	1231	30.33	-0.06326	-0.006792	1224	830	0.6781	0.05882	1.222	1150	32.19	-0.04597	0.001536	1141	790	0.6924	0.0625	1.247	1004	28.49	-0.0914	-0.002271	1000	463	0.463	0.05556	0.8341	0	0.1806
chr9	27000000	28000000	0.3954	-0.0062	0.0115	0	0.0607	0	1487	31.63	-0.002467	0.01263	1482	689	0.4649	0.05556	0.8067	1472	32.98	-0.01092	-0.003694	1464	718	0.4904	0.05882	0.851	1608	30.28	-0.003121	-0.00407	1608	792	0.4925	0.06757	0.8547	0	0.1069
chr9	28000000	29000000	0.3596	-0.095	0.0286	0	0.0625	0	1980	30.1	-0.07435	0.02724	1962	1237	0.6305	0.0641	1.158	1846	31.01	-0.09959	-0.005353	1825	814	0.446	0.06667	0.8195	1812	27.07	-0.165	-0.009851	1802	1034	0.5738	0.06522	1.054	0.05889	0.2035
chr9	29000000	30000000	0.3513	-0.0992	0.037	0	0.0617	0	1430	29.47	-0.1048	-0.01121	1424	615	0.4319	0.0625	0.6363	1248	31.74	-0.06627	0.02671	1243	881	0.7088	0.0625	1.044	1959	26.6	-0.19	-0.01746	1953	1337	0.6846	0.06522	1.009	0	0.2329
chr9	30000000	31000000	0.3455	-0.0946	0.0279	0	0.0659	0	1249	30.17	-0.07075	0.02064	1243	688	0.5535	0.0625	1.011	1351	31.78	-0.06436	0.01661	1343	898	0.6687	0.0625	1.222	1631	26.89	-0.1746	0.00425	1619	1151	0.7109	0.06522	1.299	0	0.2224
chr9	31000000	32000000	0.3582	-0.0651	0.035	0	0.0614	0	1959	29.88	-0.0849	-0.01327	1956	1093	0.5588	0.0625	0.8789	2080	32.03	-0.05297	0.004919	2071	1618	0.7813	0.06098	1.229	2045	28.02	-0.1153	0.01866	2041	1337	0.6551	0.06522	1.03	0	0.2065
chr9	32000000	33000000	0.3981	0.0084	0.0154	0	0.0609	0	2049	31	-0.03146	-0.03638	2030	651	0.3207	0.06667	0.7136	2131	32.72	-0.02231	-0.03313	2111	1269	0.6011	0.05556	1.338	2327	30.11	-0.01119	-0.0245	2313	1021	0.4414	0.0625	0.9822	-0.02385	0.08746
chr9	33000000	34000000	0.438	0.0619	0.0169	0	0.06	0	1365	32.67	0.0441	-0.02339	1356	954	0.7035	0.06098	0.9916	1650	34.61	0.05862	0.001806	1631	1253	0.7682	0.05556	1.083	1194	33.52	0.1434	0.05133	1187	799	0.6731	0.0641	0.9487	-0.04182	0.08489
chr9	34000000	35000000	0.4597	0.0511	0.0232	0	0.057	0	1399	33.34	0.07342	0.005502	1395	645	0.4624	0.0625	0.6946	1321	34.3	0.04592	0.007007	1312	894	0.6814	0.05556	1.024	1419	32.18	0.08468	-0.0103	1409	900	0.6388	0.06	0.9595	0	0.08531
chr9	35000000	36000000	0.4477	0.075	0.0277	0	0.0568	0	957	33.55	0.08256	0.0013	950	672	0.7074	0.06	1.116	952	34.57	0.05707	-0.01069	942	574	0.6093	0.05556	0.961	733	32.91	0.1171	0.01938	724	383	0.529	0.05556	0.8343	0.03653	0.04731
chr9	36000000	37000000	0.4478	0.088	0.0157	0	0.0591	0	1237	33.52	0.08129	-0.01537	1219	750	0.6153	0.06	1.11	1226	35.68	0.1027	0.02194	1218	748	0.6141	0.0625	1.108	1148	33.81	0.1557	0.0437	1133	610	0.5384	0.06466	0.9715	-0.05585	0.08489
chr9	37000000	38000000	0.4311	0.093	0.0268	0	0.0556	0	1186	33.79	0.09286	-0.008399	1185	910	0.7679	0.05556	1.208	1172	35.32	0.08796	-0.001548	1170	737	0.6299	0.05556	0.9911	1152	33.57	0.1456	0.02348	1150	462	0.4017	0.05882	0.6321	-0.02138	0.07909
chr9	38000000	39000000	0.4401	0.0121	0.0158	0	0.0647	0	1711	32.07	0.01756	-0.005364	1605	1043	0.6498	0.06522	1.046	1598	32.79	-0.0194	-0.02544	1478	863	0.5839	0.0641	0.9401	1535	30.8	0.02128	-0.01061	1440	932	0.6472	0.06522	1.042	0	0.1155
chr9	39000000	40000000	0.388	0.7469	0.1104	1	0.1114	1	2152	53.17	0.7467	NA	1461	1136	0.7775	NA	0.9923	2172	54.9	0.7242	NA	1550	1115	0.7194	NA	0.918	2190	40.56	0.4185	NA	1661	1355	0.8158	NA	1.041	0.0949	0.2875
chr9	40000000	41000000	0.3886	0.7075	0.1132	1	0.1418	1	2461	43.14	0.4452	NA	1663	1333	0.8016	NA	1.067	2239	56.64	0.7694	NA	1563	1183	0.7569	NA	1.007	2344	39.4	0.3764	NA	1617	1293	0.7996	NA	1.064	-0.1283	0.3857
chr9	41000000	42000000	0.3942	0.7267	0.0958	0	0.1079	1	4245	52.68	0.7335	0.01283	2934	2333	0.7952	NA	1.029	4187	54.89	0.7242	0.001871	2924	2247	0.7685	NA	0.9947	3713	47.78	0.6549	-0.06123	2738	2196	0.802	NA	1.038	0.009915	0.1567
chr9	42000000	43000000	0.3988	0.3361	0.0858	0	0.1029	1	3423	43	0.4404	0.1113	2906	2272	0.7818	NA	1.043	3169	46.47	0.4837	0.1449	2738	2091	0.7637	NA	1.019	3386	40.06	0.4005	0.06015	2793	1173	0.42	NA	0.5605	0.026	0.1543
chr9	43000000	44000000	0.3753	-0.6143	0.0703	0	0.0782	0	1407	20.23	-0.6472	-0.0325	606	435	0.7178	0.08929	0.9734	1409	20.8	-0.6759	-0.06473	616	453	0.7354	0.09701	0.9973	1344	19.85	-0.6126	0.04399	586	406	0.6928	0.09291	0.9396	-0.04103	0.1102
chr9	44000000	45000000	0.3746	-2.258	0.127	1	0.1226	1	1113	6.839	-2.212	NA	148	100	0.6757	NA	1.497	1150	6.242	-2.412	NA	115	69	0.6	NA	1.329	1201	6.796	-2.159	NA	169	89	0.5266	NA	1.167	-0.2224	-0.415
chr9	45000000	46000000	0.3751	-2.7	0.2	1	0.1329	1	427	4.591	-2.787	NA	30	20	0.6667	NA	1.333	440	5.178	-2.682	NA	42	26	0.619	NA	1.238	467	5.445	-2.479	NA	61	37	0.6066	NA	1.213	-0.1699	-0.3219
chr9	46000000	47000000	NA	NA	NA	1	NA	0	0	NA	NA	NA	0	0	NA	NA	NA	0	NA	NA	NA	0	0	NA	NA	NA	0	NA	NA	NA	0	0	NA	NA	NA	NA	NA
chr9	47000000	48000000	NA	NA	NA	1	NA	0	0	NA	NA	NA	0	0	NA	NA	NA	0	NA	NA	NA	0	0	NA	NA	NA	0	NA	NA	NA	0	0	NA	NA	NA	NA	NA
chr9	48000000	49000000	NA	NA	NA	1	NA	0	0	NA	NA	NA	0	0	NA	NA	NA	0	NA	NA	NA	0	0	NA	NA	NA	0	NA	NA	NA	0	0	NA	NA	NA	NA	NA
chr9	49000000	50000000	NA	NA	NA	1	NA	0	0	NA	NA	NA	0	0	NA	NA	NA	0	NA	NA	NA	0	0	NA	NA	NA	0	NA	NA	NA	0	0	NA	NA	NA	NA	NA
chr9	50000000	51000000	NA	NA	NA	1	NA	0	0	NA	NA	NA	0	0	NA	NA	NA	0	NA	NA	NA	0	0	NA	NA	NA	0	NA	NA	NA	0	0	NA	NA	NA	NA	NA
chr9	51000000	52000000	NA	NA	NA	1	NA	0	0	NA	NA	NA	0	0	NA	NA	NA	0	NA	NA	NA	0	0	NA	NA	NA	0	NA	NA	NA	0	0	NA	NA	NA	NA	NA
chr9	52000000	53000000	NA	NA	NA	1	NA	0	0	NA	NA	NA	0	0	NA	NA	NA	0	NA	NA	NA	0	0	NA	NA	NA	0	NA	NA	NA	0	0	NA	NA	NA	NA	NA
chr9	53000000	54000000	NA	NA	NA	1	NA	0	0	NA	NA	NA	0	0	NA	NA	NA	0	NA	NA	NA	0	0	NA	NA	NA	0	NA	NA	NA	0	0	NA	NA	NA	NA	NA
chr9	54000000	55000000	NA	NA	NA	1	NA	0	0	NA	NA	NA	0	0	NA	NA	NA	0	NA	NA	NA	0	0	NA	NA	NA	0	NA	NA	NA	0	0	NA	NA	NA	NA	NA
chr9	55000000	56000000	NA	NA	NA	1	NA	0	0	NA	NA	NA	0	0	NA	NA	NA	0	NA	NA	NA	0	0	NA	NA	NA	0	NA	NA	NA	0	0	NA	NA	NA	NA	NA
chr9	56000000	57000000	NA	NA	NA	1	NA	0	0	NA	NA	NA	0	0	NA	NA	NA	0	NA	NA	NA	0	0	NA	NA	NA	0	NA	NA	NA	0	0	NA	NA	NA	NA	NA
chr9	57000000	58000000	NA	NA	NA	1	NA	0	0	NA	NA	NA	0	0	NA	NA	NA	0	NA	NA	NA	0	0	NA	NA	NA	0	NA	NA	NA	0	0	NA	NA	NA	NA	NA
chr9	58000000	59000000	NA	NA	NA	1	NA	0	0	NA	NA	NA	0	0	NA	NA	NA	0	NA	NA	NA	0	0	NA	NA	NA	0	NA	NA	NA	0	0	NA	NA	NA	NA	NA
chr9	59000000	60000000	NA	NA	NA	1	NA	0	0	NA	NA	NA	0	0	NA	NA	NA	0	NA	NA	NA	0	0	NA	NA	NA	0	NA	NA	NA	0	0	NA	NA	NA	NA	NA
chr9	60000000	61000000	0.3905	-1.396	0.1675	1	0.1099	1	531	12.62	-1.328	NA	196	134	0.6837	NA	1.121	437	13.22	-1.33	NA	171	105	0.614	NA	1.007	406	11.52	-1.398	NA	133	46	0.3459	NA	0.567	-0.1074	-0.2362
chr9	61000000	62000000	0.4175	-0.5515	0.2232	1	0.082	0	961	17.5	-0.8565	NA	665	236	0.3549	0.07692	1.009	891	19.16	-0.7946	NA	644	235	0.3649	0.07143	1.038	423	13.94	-1.123	NA	214	49	0.229	0.05556	0.6512	0.04307	0.2157
chr9	62000000	63000000	0.3923	0.7763	0.1136	1	0.1461	1	1202	57.72	0.8653	NA	703	478	0.6799	NA	1.039	1215	55.74	0.7462	NA	738	469	0.6355	NA	0.9711	1181	56.08	0.8859	NA	725	460	0.6345	NA	0.9696	-0.02187	0.1396
chr9	63000000	64000000	0.3899	0.7317	0.0433	0	0.1048	1	2573	51.48	0.7001	-0.0278	1761	1280	0.7269	NA	1.018	2476	55.38	0.737	0.008354	1761	1211	0.6877	NA	0.9634	2466	49.42	0.7035	-0.02359	1743	1177	0.6753	NA	0.946	0.04783	0.1644
chr9	64000000	65000000	0.386	-0.0839	0.1637	1	0.0976	1	2090	30.87	-0.03764	NA	1435	982	0.6843	NA	1.132	1993	25.94	-0.357	NA	1308	683	0.5222	NA	0.8637	1938	32.65	0.1055	NA	1456	992	0.6813	NA	1.127	0.04064	-0.1769
chr9	65000000	66000000	0.4179	0.0323	0.1069	1	0.0976	1	1398	30.26	-0.06632	NA	970	579	0.5969	NA	1.236	1370	34.41	0.05043	NA	1008	528	0.5238	NA	1.084	1038	26.96	-0.171	NA	656	307	0.468	NA	0.9687	-0.09516	0.5015
chr9	66000000	67000000	0.3949	-0.366	0.1709	1	0.09	0	1585	23.39	-0.438	NA	1025	611	0.5961	0.08621	1.171	1282	26.24	-0.3405	NA	915	397	0.4339	0.07143	0.8526	1637	22.17	-0.4532	NA	1048	607	0.5792	0.08824	1.138	0.02018	0.273
chr9	67000000	68000000	0.4006	-0.4703	0.0747	0	0.0955	1	1472	21.77	-0.5413	-0.06612	844	342	0.4052	NA	1.128	1355	22.87	-0.5393	-0.06927	842	213	0.253	NA	0.7043	1381	21.48	-0.4985	-0.04268	846	339	0.4007	NA	1.116	-0.06413	0.152
chr9	68000000	69000000	0.4034	0.0138	0.0191	0	0.0633	0	1120	31.51	-0.008055	-0.01473	1007	578	0.574	0.06	1.013	1134	33.59	0.01537	0.005979	1021	655	0.6415	0.0641	1.133	1058	31.74	0.06457	0.04883	959	393	0.4098	0.0625	0.7235	-0.03081	0.078
chr9	69000000	70000000	0.4132	0.0127	0.0117	0	0.0594	0	1634	32.04	0.01616	-0.002098	1599	985	0.616	0.06	1.127	1316	33.17	-0.002697	-0.01034	1306	207	0.1585	0.06667	0.2899	1622	30.69	0.01625	-0.001249	1579	1124	0.7118	0.06522	1.302	0	0.1155
chr9	70000000	71000000	0.3988	-0.0329	0.022	0	0.06	0	1451	31.13	-0.02543	0.01448	1436	851	0.5926	0.06	0.9674	1227	33.28	0.002067	0.03223	1215	595	0.4897	0.05556	0.7994	1383	29.04	-0.0634	-0.03476	1364	531	0.3893	0.0625	0.6355	-0.02106	0.1926
chr9	71000000	72000000	0.3819	-0.0412	0.0123	0	0.0625	0	1588	30.82	-0.03993	0.01408	1583	1016	0.6418	0.0625	1.317	1456	32.17	-0.04671	-0.005837	1452	525	0.3616	0.0641	0.7418	1288	29.49	-0.0414	0.001267	1278	602	0.471	0.07143	0.9665	0.01963	0.1203
chr9	72000000	73000000	0.3984	-0.0251	0.0129	0	0.0617	0	1584	31.07	-0.02859	-0.002846	1570	948	0.6038	0.0625	0.8499	1259	32.53	-0.03063	-0.008004	1254	976	0.7783	0.05882	1.095	1378	29.55	-0.03859	-0.01708	1373	1145	0.8339	0.0641	1.174	0	0.1195
chr9	73000000	74000000	0.3522	-0.0626	0.0411	0	0.0613	0	1084	29.94	-0.08187	-0.02225	1079	386	0.3577	0.06757	0.9331	1117	32.39	-0.03695	0.01651	1112	384	0.3453	0.05556	0.9007	1025	28.15	-0.1087	0.02353	1021	429	0.4202	0.0625	1.096	0	0.1751
chr9	74000000	75000000	0.3761	-0.0695	0.0097	0	0.0625	0	1226	30.1	-0.07409	0.001077	1220	828	0.6787	0.06522	1.066	1283	32.1	-0.05	0.01271	1271	852	0.6703	0.0625	1.053	1415	28.01	-0.1158	-0.005389	1402	977	0.6969	0.0641	1.094	-0.01749	0.1806
chr9	75000000	76000000	0.3935	-0.0414	0.0115	0	0.0625	0	1348	31.07	-0.02823	0.01804	1343	953	0.7096	0.06098	1.028	1675	32.39	-0.03703	0.004399	1671	1111	0.6649	0.05882	0.9632	1438	28.99	-0.06596	-0.016	1431	988	0.6904	0.0625	1	0.02137	0.1605
chr9	76000000	77000000	0.4106	-0.0068	0.0148	0	0.0588	0	1611	32.03	0.01568	0.01958	1601	1093	0.6827	0.05882	0.9963	1617	33.19	-0.001902	0.00709	1606	1105	0.688	0.06	1.004	1575	31.44	0.051	0.04746	1569	883	0.5628	0.05882	0.8213	-0.01838	0.08746
chr9	77000000	78000000	0.3965	-0.0367	0.0221	0	0.0588	0	619	31.46	-0.01044	0.03716	615	356	0.5789	0.06	0.85	979	32.52	-0.03114	0.004107	974	655	0.6725	0.05882	0.9875	775	29.74	-0.02943	0	766	475	0.6201	0.06667	0.9106	0.0217	0.122
chr9	78000000	79000000	0.3967	-0.0485	0.0151	0	0.06	0	1058	31.27	-0.01916	0.04022	1053	733	0.6961	0.0625	1.012	893	32.33	-0.03959	0.007433	889	652	0.7334	0.05941	1.066	1196	29.18	-0.05665	-0.01836	1181	659	0.558	0.0625	0.8114	0.02203	0.152
chr9	79000000	80000000	0.3894	-0.0808	0.0163	0	0.0639	0	905	30.72	-0.04462	0.04598	903	602	0.6667	0.0625	0.8939	950	31.42	-0.0808	3.526e-05	946	777	0.8214	0.06098	1.101	888	28.34	-0.09882	-0.006864	881	624	0.7083	0.0633	0.9497	0.04439	0.1769
chr9	80000000	81000000	0.3671	-0.1095	0.0279	0	0.0607	0	2325	29.53	-0.1018	0.01251	2297	1710	0.7444	0.06098	1.093	1823	30.84	-0.1078	-0.002184	1804	873	0.4839	0.06667	0.7104	2097	26.24	-0.2098	-0.05675	2063	1335	0.6471	0.07143	0.95	0.04731	0.2224
chr9	81000000	82000000	0.4035	-0.1039	0.0231	0	0.0652	0	1153	30.19	-0.06972	0.04131	1143	918	0.8031	0.0625	1.138	1295	31.11	-0.09516	0.01204	1286	970	0.7543	0.0625	1.069	900	26.78	-0.1804	-0.07842	890	441	0.4955	0.06522	0.7019	0.07803	0.1993
chr9	82000000	83000000	0.3852	-0.0842	0.0372	0	0.0629	0	720	29.76	-0.09055	0.0009014	718	618	0.8607	0.0625	1.184	867	31.75	-0.06585	0.01815	866	753	0.8695	0.0641	1.196	555	27.1	-0.1632	-0.05563	551	439	0.7967	0.06757	1.096	-0.02076	0.2451
chr9	83000000	84000000	0.4028	-0.0231	0.0114	0	0.06	0	1493	31.36	-0.01506	0.01504	1480	1110	0.75	0.06	1.111	1545	32.68	-0.0242	0.00167	1539	997	0.6478	0.0625	0.9595	1371	29.75	-0.02868	-0.006331	1356	932	0.6873	0.0625	1.018	0	0.1444
chr9	84000000	85000000	0.4116	-0.0063	0.0208	0	0.0588	0	780	31.46	-0.01039	-0.008334	778	504	0.6478	0.06	0.9068	1081	33.3	0.002959	0.01251	1071	798	0.7451	0.05882	1.043	1147	30.62	0.01285	0.002615	1135	979	0.8626	0.0625	1.207	-0.03653	0.122
chr9	85000000	86000000	0.3998	-0.0048	0.0245	0	0.0621	0	1191	31.81	0.005524	0.01654	1188	947	0.7971	0.0625	1.119	1026	33.46	0.01003	0.01556	1018	504	0.4951	0.06	0.6948	975	30.14	-0.01001	-0.004499	974	686	0.7043	0.06667	0.9884	0	0.111
chr9	86000000	87000000	0.414	-0.0257	0.016	0	0.0613	0	1264	30.98	-0.03266	-0.01042	1252	1066	0.8514	0.06	1.068	1111	33.94	0.03067	0.06179	1093	901	0.8243	0.05556	1.034	1211	29.79	-0.02667	0	1192	940	0.7886	0.06522	0.9888	-0.008744	0.1699
chr9	87000000	88000000	0.4297	-0.0061	0.0225	0	0.0629	0	1605	31.72	0.001728	-0.0004346	1573	864	0.5493	0.0625	0.9956	1625	33.96	0.0313	0.04168	1599	667	0.4171	0.05882	0.7561	1673	31.04	0.03255	0.008659	1640	1051	0.6409	0.06667	1.162	-0.02748	0.1255
chr9	88000000	89000000	0.4349	0.0107	0.0288	0	0.0588	0	1295	32.39	0.03161	0.01414	1251	817	0.6531	0.06	1.131	1001	32.26	-0.04272	-0.04722	957	326	0.3406	0.05882	0.5902	1142	31.02	0.03181	0	1130	576	0.5097	0.05685	0.8831	0.05155	0.08618
chr9	89000000	90000000	0.4594	0.1146	0.0261	0	0.0588	0	1631	34.4	0.1186	-0.01331	1626	1193	0.7337	0.05882	1.075	1526	35.69	0.1029	0.0003931	1521	945	0.6213	0.06098	0.9105	1123	34.07	0.1671	0.0122	1117	785	0.7028	0.05882	1.03	-0.02108	0.08618
chr9	90000000	91000000	0.4147	0.0542	0.0201	0	0.0599	0	1561	32.27	0.02645	-0.02079	1550	928	0.5987	0.0633	0.9797	1554	34.22	0.0425	-0.005366	1543	919	0.5956	0.05556	0.9746	1577	32.12	0.08169	0.0318	1572	950	0.6043	0.06	0.9889	-0.05658	0.08746
chr9	91000000	92000000	0.431	0.0583	0.0078	0	0.0605	0	1098	32.66	0.0436	-0.01976	1091	993	0.9102	0.06522	1.163	918	34.32	0.0464	-0.007876	911	727	0.798	0.05882	1.019	955	31.74	0.06485	-0.02345	954	787	0.8249	0.05882	1.054	-0.04585	0.05254
chr9	92000000	93000000	0.4315	0.0655	0.0294	0	0.0556	0	851	33.25	0.06958	-0.005156	848	230	0.2712	0.05263	0.3153	985	34.78	0.06574	0.003795	982	852	0.8676	0.05882	1.009	949	32.74	0.1094	0.01759	946	371	0.3922	0.05556	0.4559	-0.02425	0.08746
chr9	93000000	94000000	0.4789	0.1007	0.0264	0	0.0585	0	1230	34.64	0.1284	0.004014	1223	746	0.61	0.05556	0.946	1322	35.3	0.08721	0.003716	1310	837	0.6389	0.06	0.9909	1233	32.94	0.1181	-0.03455	1225	614	0.5012	0.06	0.7773	0.0199	0.122
chr9	94000000	95000000	0.4272	0.0063	0.0166	0	0.0625	0	1446	32.23	0.02438	0.01066	1412	897	0.6353	0.06098	0.9887	1603	33.67	0.01914	0.01923	1566	1166	0.7446	0.05556	1.159	1304	30.73	0.01814	-0.02401	1286	610	0.4743	0.0625	0.7383	0	0.1501
chr9	95000000	96000000	0.4281	0.0404	0.0151	0	0.0556	0	928	32.51	0.03687	-0.008731	903	680	0.753	0.05172	1.054	1018	33.95	0.03086	-0.005253	1005	682	0.6786	0.06	0.9499	939	32.05	0.07877	0.0003925	928	663	0.7144	0.06522	1	0	0.05667
chr9	96000000	97000000	0.4367	0.0361	0.0256	0	0.0588	0	705	33.18	0.06662	0.01934	703	458	0.6515	0.0625	0.9342	875	33.98	0.03244	0	867	656	0.7566	0.05172	1.085	422	30.69	0.01592	-0.04706	421	75	0.1781	0.0814	0.2554	0.04679	0.1375
chr9	97000000	98000000	0.4278	0.0431	0.028	0	0.0578	0	1174	33	0.0584	0.007424	1159	789	0.6808	0.0625	0.9903	934	34.74	0.06401	0.02519	920	687	0.7467	0.05556	1.086	1209	32.12	0.08203	0.0008972	1180	545	0.4619	0.06	0.6719	0	0.111
chr9	98000000	99000000	0.4641	0.0857	0.015	0	0.0589	0	1475	33.64	0.08627	-0.01908	1455	1005	0.6907	0.05882	0.9904	1352	35.28	0.08658	0.007316	1345	846	0.629	0.06098	0.9019	1567	33.19	0.1291	0	1548	1024	0.6615	0.06667	0.9485	-0.02273	0.1056
chr9	99000000	100000000	0.4085	0.0481	0.0146	0	0.0572	0	841	32.71	0.04606	0	840	434	0.5167	0.06	1	851	34.92	0.07151	0.01873	849	449	0.5289	0.05556	1.024	808	32.25	0.08755	0.03769	806	425	0.5273	0.05556	1.021	-0.04373	0.078
chr9	100000000	101000000	0.3906	-0.0121	0.0102	0	0.0602	0	867	31.42	-0.0121	0	859	511	0.5949	0.06667	0.7957	1158	32.83	-0.01723	0.001016	1144	967	0.8453	0.0625	1.131	1127	29.74	-0.02906	0.002801	1120	789	0.7045	0.06	0.9423	0.008851	0.1069
chr9	101000000	102000000	0.3822	-0.0675	0.024	0	0.0607	0	1554	30.26	-0.06651	0.01318	1534	1153	0.7516	0.06667	1.211	1507	32.3	-0.04089	0.02698	1499	933	0.6224	0.0625	1.003	1507	28.4	-0.09589	-0.02197	1492	1044	0.6997	0.06667	1.127	0	0.1926
chr9	102000000	103000000	0.3511	-0.1125	0.0263	0	0.0625	0	1963	29.41	-0.1077	-0.001518	1960	1677	0.8556	0.0625	1.277	1507	30.96	-0.1022	0.004883	1502	1019	0.6784	0.05882	1.012	1823	27.01	-0.1684	0.01911	1816	1110	0.6112	0.06667	0.9122	0.02425	0.1864
chr9	103000000	104000000	0.3521	-0.1003	0.0288	0	0.0652	0	1298	29.75	-0.09081	0.006516	1275	658	0.5161	0.0633	0.765	1850	30.81	-0.1088	-0.01769	1817	1060	0.5834	0.06522	0.8648	1265	26.84	-0.1771	-0.007065	1256	805	0.6409	0.075	0.9501	0	0.1864
chr9	104000000	105000000	0.3847	-0.0393	0.0227	0	0.0588	0	1293	30.68	-0.04655	-0.0002047	1289	949	0.7362	0.0625	0.9922	1398	32.48	-0.03307	0.002169	1391	682	0.4903	0.05662	0.6608	1684	28.89	-0.07117	-0.001185	1668	1356	0.8129	0.06667	1.096	-0.0217	0.1806
chr9	105000000	106000000	0.3998	0.0046	0.0268	0	0.0597	0	494	32.58	0.04013	0.04174	491	309	0.6293	0.06757	0.9205	814	33.32	0.003868	0	807	533	0.6605	0.05882	0.966	806	30.61	0.01227	0.008377	804	655	0.8147	0.05882	1.192	0	0.1312
chr9	106000000	107000000	0.3882	-0.0292	0.0135	0	0.0607	0	638	30.57	-0.05188	-0.0109	637	391	0.6138	0.06	0.8003	673	33.57	0.01484	0.04131	673	428	0.636	0.05263	0.8292	823	29.01	-0.06526	-0.02046	822	614	0.747	0.06522	0.9739	-0.0451	0.2105
chr9	107000000	108000000	0.4324	-0.0121	0.0198	0	0.0591	0	1355	31.63	-0.002601	-0.000163	1347	891	0.6615	0.06522	0.9959	1210	34.1	0.03723	0.05539	1197	914	0.7636	0.0641	1.15	1330	30.38	0.001735	-0.01359	1324	878	0.6631	0.06049	0.9984	0	0.1699
chr9	108000000	109000000	0.408	-0.0069	0.0044	0	0.0588	0	1537	31.51	-0.008259	0.0002125	1536	1122	0.7305	0.06	0.9719	1587	33.09	-0.005907	0.000657	1580	1264	0.8	0.05882	1.064	1610	29.56	-0.03791	-0.03821	1604	1360	0.8479	0.06522	1.128	0	0.1635
chr9	109000000	110000000	0.4274	0.0523	0.0133	0	0.0592	0	1476	32.84	0.05151	-0.006701	1473	1042	0.7074	0.06	0.9916	1262	34.37	0.04879	0.0007674	1261	828	0.6566	0.05882	0.9204	1249	32.54	0.1008	0.01693	1246	889	0.7135	0.06	1	-0.02138	0.08746
chr9	110000000	111000000	0.3927	0.0163	0.0154	0	0.0605	0	1484	31.38	-0.01388	-0.0121	1461	541	0.3703	0.06	0.5479	1631	33.74	0.02212	0.00751	1605	1268	0.79	0.06049	1.169	1807	30.51	0.007438	-0.01767	1766	1215	0.688	0.06667	1.018	-0.03797	0.1468
chr9	111000000	112000000	0.4004	0.0353	0.0166	0	0.0613	0	1221	32.46	0.03489	0	1216	851	0.6998	0.06	1.009	1442	34.03	0.03421	-0.0003564	1439	918	0.6379	0.05814	0.9202	724	30.73	0.0179	-0.02883	721	523	0.7254	0.0625	1.046	-0.01937	0.1019
chr9	112000000	113000000	0.414	0.0522	0.0267	0	0.0591	0	1739	32.61	0.04128	-0.01438	1718	630	0.3667	0.06098	1.012	1697	34.38	0.04907	0.002298	1664	550	0.3305	0.0625	0.9126	1688	32.6	0.1035	0.05223	1666	569	0.3415	0.05882	0.943	-0.02466	0.078
chr9	113000000	114000000	0.452	0.0599	0.0219	0	0.0593	0	979	32.44	0.03388	-0.04144	954	734	0.7694	0.05882	1.132	1238	34.53	0.05533	-0.0005644	1204	969	0.8048	0.05556	1.184	1051	32.45	0.09682	0.01385	1008	718	0.7123	0.0633	1.048	-0.02425	0.06076
chr9	114000000	115000000	0.4647	0.0559	0.0206	0	0.06	0	1495	33.64	0.0861	0.01054	1491	1031	0.6915	0.05882	1.123	1545	34.82	0.0675	0.01831	1540	1086	0.7052	0.05882	1.146	1288	32.04	0.07832	-0.01867	1285	941	0.7323	0.0641	1.19	0	0.09954
chr9	115000000	116000000	0.3902	-0.0521	0.0145	0	0.0614	0	1610	30.21	-0.069	-0.0169	1604	1277	0.7961	0.0641	1.136	1764	31.93	-0.05744	0.0007981	1750	1394	0.7966	0.05882	1.137	1329	28.08	-0.112	-0.04187	1321	919	0.6957	0.06667	0.9928	0.02205	0.1926
chr9	116000000	117000000	0.4127	-0.0587	0.0197	0	0.0603	0	1171	30.74	-0.04365	0.008693	1167	660	0.5656	0.06522	1.012	1243	32.49	-0.03257	0.03078	1239	664	0.5359	0.0625	0.9587	1239	27.98	-0.1171	-0.07305	1226	638	0.5204	0.06522	0.9309	0	0.2157
chr9	117000000	118000000	0.4013	-0.0612	0.0134	0	0.0617	0	1720	31.05	-0.02909	0.03722	1714	1056	0.6161	0.06667	0.9365	1522	32.35	-0.03873	0.02134	1513	599	0.3959	0.0625	0.6018	1733	28.38	-0.09691	-0.05206	1726	1158	0.6709	0.0641	1.02	0.02107	0.1806
chr9	118000000	119000000	0.3718	-0.0855	0.0192	0	0.0617	0	1457	29.64	-0.09651	-0.00632	1452	964	0.6639	0.06522	1.1	1630	31.37	-0.08301	-0.0007778	1626	1157	0.7116	0.06	1.179	1303	27.52	-0.1413	-0.02374	1302	682	0.5238	0.06522	0.868	0	0.1864
chr9	119000000	120000000	0.402	-0.0408	0.0315	0	0.0625	0	1237	30.52	-0.05428	-0.01009	1229	486	0.3954	0.0641	0.6203	1358	31.64	-0.07049	-0.02802	1350	871	0.6452	0.05882	1.012	1360	28.34	-0.09855	-0.06231	1349	915	0.6783	0.06667	1.064	0.02272	0.1751
chr9	120000000	121000000	0.4329	0.0481	0.0176	0	0.0588	0	909	32.99	0.05834	0	903	351	0.3887	0.06522	0.6874	893	33.96	0.03142	-0.008824	884	328	0.371	0.05556	0.6561	1010	32.5	0.0989	0.02841	1002	531	0.5299	0.05556	0.9371	0	0.04731
chr9	121000000	122000000	0.456	0.0674	0.0155	0	0.0588	0	1339	33.16	0.06557	-0.01812	1333	982	0.7367	0.05882	1.014	1324	34.31	0.04609	-0.01516	1316	927	0.7044	0.05556	0.9697	1368	32.04	0.07811	-0.02871	1362	1004	0.7372	0.05882	1.015	-0.02554	0.1031
chr9	122000000	123000000	0.4233	0.0331	0.0123	0	0.0594	0	1041	32.11	0.01894	-0.0209	1037	573	0.5526	0.06	0.86	968	33.76	0.02284	-0.004866	965	667	0.6912	0.05556	1.076	877	31.27	0.04323	-0.02364	871	463	0.5316	0.06667	0.8274	0	0.09622
chr9	123000000	124000000	0.4287	0.1083	0.0307	0	0.057	0	564	33.97	0.1005	-0.0156	560	220	0.3929	0.0625	0.6435	705	35.86	0.1098	0.006809	700	320	0.4571	0.0625	0.7488	881	33.61	0.1475	0.001186	878	645	0.7346	0.06	1.203	-0.05515	0.0829
chr9	124000000	125000000	0.4683	0.1318	0.0249	0	0.0594	0	1064	34.56	0.1251	-0.03126	1059	727	0.6865	0.05882	1.047	1243	36.51	0.1359	0.01309	1239	829	0.6691	0.05882	1.021	861	35	0.2059	0.03001	853	497	0.5826	0.05556	0.8887	-0.04439	0.04064
chr9	125000000	126000000	0.4228	0.047	0.0233	0	0.0588	0	789	32.61	0.04155	-0.01079	771	125	0.1621	0.0625	0.2498	824	34.02	0.03394	-0.007776	809	465	0.5748	0.05882	0.8858	1000	32.81	0.1125	0.03168	987	673	0.6819	0.0641	1.051	-0.02203	0.05069
chr9	126000000	127000000	0.4748	0.0974	0.022	0	0.0588	0	1270	34.27	0.1132	-0.007721	1252	619	0.4944	0.06	0.7479	1446	35.34	0.08875	0.009854	1440	965	0.6701	0.05814	1.014	1374	33.02	0.1219	-0.02436	1365	784	0.5744	0.0625	0.8688	0	0.1096
chr9	127000000	128000000	0.4968	0.1366	0.0269	0	0.0588	0	1106	35.24	0.1534	-0.02008	1095	605	0.5525	0.06098	0.9591	865	36.41	0.1318	0.005224	854	505	0.5913	0.05172	1.026	1141	35.16	0.2124	0.01871	1133	850	0.7502	0.05556	1.302	-0.02046	0.04182
chr9	128000000	129000000	0.5092	0.0816	0.0367	0	0.0562	0	984	33.78	0.09216	-0.03568	978	331	0.3384	0.06667	0.9782	1065	34.27	0.0444	-0.02095	1046	398	0.3805	0.05263	1.1	862	33.93	0.1608	0.0216	842	116	0.1378	0.0625	0.3982	0.0177	0
chr9	129000000	130000000	0.5195	0.1236	0.0498	0	0.0588	0	1445	35.6	0.1678	-0.008807	1440	749	0.5201	0.05882	1.022	1512	35.76	0.106	-0.00346	1500	1074	0.716	0.05556	1.408	1364	34.51	0.1855	-0.008724	1363	480	0.3522	0.05882	0.6923	0.01963	0.04064
chr9	130000000	131000000	0.5051	0.1093	0.0369	0	0.0578	0	1391	34.74	0.1328	-0.015	1381	771	0.5583	0.06098	0.9579	1229	35.6	0.09924	0.008325	1216	690	0.5674	0.05556	0.9736	1560	33.28	0.1329	-0.0402	1535	898	0.585	0.05882	1.004	0.03397	0.08246
chr9	131000000	132000000	0.4896	0.1179	0.0258	0	0.0568	0	1350	35.1	0.1477	-0.001173	1339	441	0.3294	0.05556	0.6401	1512	36.06	0.1178	0.01544	1502	835	0.5559	0.05556	1.081	1388	34.31	0.177	0.005032	1378	675	0.4898	0.05882	0.9521	0	0.05445
chr9	132000000	133000000	0.4713	0.0841	0.0396	0	0.0597	0	1200	33.91	0.0977	-0.01116	1182	609	0.5152	0.05882	0.8291	1246	34.34	0.04731	-0.02777	1235	721	0.5838	0.0625	0.9395	1164	33.53	0.144	0.007659	1151	648	0.563	0.05556	0.906	0	0.04811
chr9	133000000	134000000	0.5439	0.1443	0.0334	0	0.0579	0	2240	36.6	0.2081	0	2181	1413	0.6479	0.05882	0.9932	2144	36.8	0.1474	0.02252	2092	1413	0.6754	0.05556	1.035	2177	34.47	0.1836	-0.03065	2120	1275	0.6014	0.06098	0.922	0.04123	0.1056
chr9	134000000	135000000	0.5479	0.1239	0.0535	0	0.0585	0	1969	36.16	0.1904	-0.003358	1892	1276	0.6744	0.05556	1.045	1925	36.53	0.1366	0.03335	1849	1196	0.6468	0.05814	1.002	1924	34.66	0.1918	-0.006099	1838	1224	0.6659	0.05882	1.032	0.02137	0.09311
chr9	135000000	136000000	0.5338	0.1213	0.0455	0	0.0591	0	1785	35.76	0.1745	0	1753	1137	0.6486	0.06	1.038	2015	35.6	0.09928	-0.007863	1967	1216	0.6182	0.0625	0.9891	1779	33.74	0.1529	-0.0417	1717	1002	0.5836	0.05882	0.9337	0.04182	0.04891
chr9	136000000	137000000	0.5856	0.2286	0.0506	0	0.0556	0	1849	39.87	0.3313	0.02226	1817	1010	0.5559	0.05102	0.9331	1758	39.22	0.2393	0.03686	1719	867	0.5044	0.05882	0.8467	1806	37.83	0.3178	0.008317	1750	1043	0.596	0.05556	1.001	0.05123	0.04064
chr9	137000000	138000000	0.551	0.1463	0.0563	0	0.06	0	1092	36.81	0.2162	-0.005612	993	632	0.6365	0.0625	0.9883	1019	37.02	0.156	0.0304	953	572	0.6002	0.06098	0.932	1101	35.26	0.2162	-0.006281	1021	669	0.6552	0.06098	1.017	0.04923	0.04064
chr9	138000000	138394717	0.4668	0.0984	0.1864	1	0.0641	0	763	44.98	0.5054	NA	664	614	0.9247	0.1282	1.247	740	45.86	0.4649	NA	628	540	0.8599	0.1413	1.159	208	32.82	0.1129	NA	178	137	0.7697	0.07143	1.038	0.1641	0.3437
chr10	0	1000000	0.4569	-0.025	0.0238	0	0.0685	0	1680	31.55	-0.006262	0.003568	1465	921	0.6287	0.06667	1.088	1694	32.68	-0.02423	0.006924	1490	932	0.6255	0.0625	1.082	1484	30.71	0.01729	0.002768	1322	634	0.4796	0.07143	0.8299	0	0.05445
chr10	1000000	2000000	0.4568	0.0046	0.0095	0	0.0625	0	2425	32.47	0.03504	0.01499	2235	1403	0.6277	0.05882	1.013	2299	33.36	0.005508	0.007058	2154	1316	0.611	0.0625	0.9862	2493	31.34	0.04633	0.008644	2303	1512	0.6565	0.06466	1.06	0.02137	0.07595
chr10	2000000	3000000	0.4049	-0.0184	0.0279	0	0.0594	0	2315	31.72	0.001703	0.02667	2272	1151	0.5066	0.0625	0.96	2302	33.14	-0.003797	0.01864	2268	1098	0.4841	0.0625	0.9174	2428	29.5	-0.04076	-0.03106	2397	1499	0.6254	0.06522	1.185	0	0.1699
chr10	3000000	4000000	0.4426	0.0521	0.0139	0	0.0588	0	2474	32.64	0.04282	-0.01428	2430	1610	0.6626	0.0625	1.202	2319	34.26	0.04389	0.0009653	2270	1307	0.5758	0.05882	1.044	2307	31.99	0.07584	0	2268	1247	0.5498	0.06098	0.9973	-0.0199	0.09954
chr10	4000000	5000000	0.3888	0.0025	0.0153	0	0.0602	0	1789	30.94	-0.03448	-0.02594	1777	1109	0.6241	0.0641	1.013	1880	33.21	-0.0007505	-0.00597	1861	1179	0.6335	0.06	1.028	1720	29.73	-0.02952	-0.02537	1703	893	0.5244	0.0625	0.8512	-0.02385	0.1468
chr10	5000000	6000000	0.4361	0.0524	0.0113	0	0.0585	0	2168	32.76	0.04797	-0.01617	2147	980	0.4565	0.06	0.762	2178	34.39	0.0495	0.001044	2153	1402	0.6512	0.05814	1.087	2333	32.1	0.08083	0.003136	2308	1368	0.5927	0.05882	0.9895	-0.03562	0.1069
chr10	6000000	7000000	0.4346	0.0493	0.0148	0	0.0633	0	2074	32.42	0.0332	-0.0255	2033	977	0.4806	0.06667	0.8749	2250	33.53	0.01321	-0.02822	2196	1193	0.5433	0.0625	0.989	2206	31.85	0.06991	-0.0005019	2179	1253	0.575	0.0641	1.047	-0.02385	0.074
chr10	7000000	8000000	0.4242	0.0375	0.0137	0	0.06	0	1486	32.61	0.04138	-0.00146	1476	978	0.6626	0.06098	1.028	1554	34.46	0.0524	0.01642	1534	1125	0.7334	0.06	1.138	1776	32.11	0.08161	0.0184	1751	1193	0.6813	0.05882	1.057	-0.04731	0.111
chr10	8000000	9000000	0.3992	-0.0384	0.0078	0	0.0625	0	2078	30.72	-0.04461	-0.00592	2061	1267	0.6148	0.06522	1.037	1792	32.37	-0.03788	-0.002597	1784	914	0.5123	0.0625	0.8641	1943	29.29	-0.05105	-0.0202	1927	1086	0.5636	0.06522	0.9505	0	0.1651
chr10	9000000	10000000	0.3622	-0.0669	0.0073	0	0.06	0	1550	30.12	-0.07294	-0.008201	1541	1247	0.8092	0.06	1.263	1320	31.75	-0.06575	-0.007044	1315	1017	0.7734	0.06	1.207	1482	27.64	-0.1349	-0.01264	1473	704	0.4779	0.07143	0.7461	0.02467	0.1993
chr10	10000000	11000000	0.3911	-0.027	0.0207	0	0.0625	0	1511	30.7	-0.04543	-0.008004	1494	845	0.5656	0.06522	0.8963	1521	32.75	-0.02089	0.01363	1507	1001	0.6642	0.05882	1.053	1650	28.74	-0.07868	-0.04086	1624	920	0.5665	0.06667	0.8978	0.01911	0.1806
chr10	11000000	12000000	0.4378	0.0863	0.0225	0	0.0588	0	1800	33.52	0.08131	-0.01172	1780	1158	0.6506	0.05848	1.211	1512	35.3	0.08716	0.005885	1490	908	0.6094	0.05556	1.135	1854	33.61	0.1474	0.03092	1815	955	0.5262	0.06098	0.9797	-0.04439	0.0614
chr10	12000000	13000000	0.4511	0.063	0.0228	0	0.0585	0	1961	33.19	0.06699	-0.01055	1936	1016	0.5248	0.0625	0.9738	1992	34.42	0.05079	-0.008929	1983	1144	0.5769	0.05556	1.071	2027	32.87	0.1151	0.02779	1999	1078	0.5393	0.05882	1.001	0	0.04307
chr10	13000000	14000000	0.4426	0.0451	0.0088	0	0.0591	0	1920	32.81	0.05009	0	1906	1033	0.542	0.0625	0.9582	2132	33.76	0.02294	-0.01298	2111	1277	0.6049	0.05882	1.07	1932	32.05	0.07867	0.009832	1922	982	0.5109	0.06098	0.9033	0	0.07039
chr10	14000000	15000000	0.4269	0.0528	0.0139	0	0.0605	0	1767	32.91	0.05458	-0.005645	1766	1121	0.6348	0.0641	1.006	1741	34.62	0.05924	0.01232	1738	1196	0.6881	0.0625	1.091	1662	32.43	0.09558	0.0112	1653	1016	0.6146	0.0625	0.9741	-0.01937	0.08746
chr10	15000000	16000000	0.4147	-0.0034	0.0161	0	0.061	0	1439	31.72	0.001519	0.01188	1421	739	0.5201	0.06	0.8633	1285	33.57	0.01486	0.02459	1278	676	0.529	0.06	0.8781	1415	30.45	0.004717	0.01243	1394	783	0.5617	0.06667	0.9324	-0.02385	0.152
chr10	16000000	17000000	0.4017	-0.0265	0.0092	0	0.0617	0	1612	31.4	-0.01318	0.01855	1609	1159	0.7203	0.06667	1.188	1454	31.86	-0.06079	-0.03528	1450	953	0.6572	0.06522	1.084	1245	29.33	-0.0494	-0.02746	1239	779	0.6287	0.0625	1.037	0.02385	0.1171
chr10	17000000	18000000	0.3994	-0.0113	0.0117	0	0.0625	0	1687	31.29	-0.01831	-0.0007945	1686	1390	0.8244	0.06	1.066	1506	33.04	-0.008244	4.718e-05	1502	1281	0.8529	0.06	1.103	1634	29.85	-0.02411	-0.02023	1627	996	0.6122	0.06667	0.7916	-0.009683	0.1375
chr10	18000000	19000000	0.3945	-0.0548	0.0118	0	0.0621	0	2029	30.68	-0.04639	0.01439	2019	1493	0.7395	0.06	1.026	1815	32.1	-0.04987	0.008381	1809	928	0.513	0.0625	0.7115	1452	28.92	-0.06933	-0.00464	1444	1109	0.768	0.06522	1.065	0	0.1468
chr10	19000000	20000000	0.3657	-0.0896	0.0246	0	0.0625	0	1647	30.1	-0.07426	0.01429	1634	923	0.5649	0.06757	0.9248	1516	31.37	-0.08295	0	1507	1002	0.6649	0.0625	1.089	2005	27.41	-0.1467	-0.004114	1977	1279	0.6469	0.06522	1.059	0.03037	0.1864
chr10	20000000	21000000	0.3795	-0.0664	0.0184	0	0.0625	0	1705	29.87	-0.08519	-0.01608	1672	1158	0.6926	0.06667	1.153	1530	31.49	-0.0775	-0.01457	1491	827	0.5547	0.0641	0.9235	1616	28.22	-0.1049	-0.01059	1581	1151	0.728	0.06522	1.212	0	0.1444
chr10	21000000	22000000	0.4099	-0.0214	0.0137	0	0.0625	0	658	31.32	-0.01677	0.0008503	655	474	0.7237	0.0625	1.175	753	32.71	-0.02258	-0.005161	751	507	0.6751	0.0625	1.096	493	30.02	-0.01552	0	491	269	0.5479	0.07143	0.8898	0.02076	0.1255
chr10	22000000	23000000	0.401	0.0211	0.0217	0	0.0588	0	327	33.01	0.0588	0.03815	325	88	0.2708	0.05218	0.3813	502	34.02	0.03407	0.01265	500	311	0.622	0.0625	0.8759	692	31.51	0.05429	0.01622	686	547	0.7974	0.06	1.123	-0.01914	0.06867
chr10	23000000	24000000	0.4038	-0.0065	0.0175	0	0.0588	0	570	32.63	0.04226	0.05563	566	421	0.7438	0.05882	0.9755	720	32.66	-0.02484	-0.01206	714	539	0.7549	0.05556	0.99	972	30.78	0.02058	0.02047	960	770	0.8021	0.06	1.052	0	0.08489
chr10	24000000	25000000	0.4124	-0.0207	0.011	0	0.0602	0	963	31.68	-0.0004468	0.01601	956	434	0.454	0.0625	0.6686	1195	32.7	-0.02328	-0.0003841	1190	794	0.6672	0.0625	0.9827	1047	30.26	-0.004164	0.001868	1043	475	0.4554	0.0625	0.6707	0	0.111
chr10	25000000	26000000	0.3849	-0.0321	0.0207	0	0.0594	0	1321	30.48	-0.05606	-0.01761	1312	814	0.6204	0.0641	0.9895	1359	31.93	-0.05775	-0.02965	1353	639	0.4723	0.05882	0.7532	1438	29.16	-0.05786	0.004075	1432	901	0.6292	0.0625	1.003	-0.02106	0.1255
chr10	26000000	27000000	0.4046	0.0433	0.0231	0	0.0588	0	1278	32.9	0.05408	0.01826	1269	1089	0.8582	0.0625	1.325	1399	34.46	0.05263	0.01457	1392	819	0.5884	0.05882	0.9081	1574	32.25	0.08762	0.02935	1565	1391	0.8888	0.05882	1.372	-0.0251	0.08746
chr10	27000000	28000000	0.3928	0.0066	0.0105	0	0.061	0	1456	31.27	-0.01921	-0.008945	1446	735	0.5083	0.0641	0.8169	1927	33.34	0.004715	-0.002053	1901	1310	0.6891	0.0625	1.108	1648	31	0.03061	0.01343	1638	1033	0.6306	0.0625	1.014	-0.03953	0.1293
chr10	28000000	29000000	0.4097	-0.0304	0.011	0	0.06	0	1458	31.23	-0.02098	0.005641	1453	828	0.5699	0.05882	0.8987	1656	32.78	-0.01978	0.006482	1647	1066	0.6472	0.05882	1.021	1528	29.28	-0.05159	-0.02295	1527	1082	0.7086	0.0625	1.117	0	0.1605
chr10	29000000	30000000	0.4307	0.0017	0.0159	0	0.0594	0	2152	31.71	0.001043	-0.007104	2131	1414	0.6635	0.06	1.012	2259	33.19	-0.001856	0	2249	1458	0.6483	0.06098	0.9891	1767	30.11	-0.01145	-0.04314	1754	884	0.504	0.06174	0.769	0	0.1293
chr10	30000000	31000000	0.4304	0.0736	0.022	0	0.06	0	1736	33.46	0.07866	-0.002764	1734	864	0.4983	0.05882	0.9306	1857	35.4	0.09115	0.02259	1847	808	0.4375	0.05437	0.8171	1638	33.14	0.1268	0.02316	1630	819	0.5025	0.05882	0.9385	-0.02385	0.08132
chr10	31000000	32000000	0.3989	0.0244	0.0085	0	0.06	0	954	31.98	0.01309	-0.01044	948	716	0.7553	0.06	1.146	743	33.85	0.02662	-0.0007463	733	398	0.543	0.06667	0.8237	929	31.25	0.04235	0.01436	921	650	0.7058	0.05556	1.071	-0.01886	0.1155
chr10	32000000	33000000	0.3927	0.0002	0.0164	0	0.0588	0	1461	31.38	-0.014	0.003885	1449	838	0.5783	0.0625	0.8708	1596	33.2	-0.001294	0.0001955	1586	1211	0.7636	0.05814	1.15	1801	30.72	0.01734	0.008327	1775	1262	0.711	0.06522	1.071	-0.02466	0.1155
chr10	33000000	34000000	0.4142	-0.0289	0.0064	0	0.0588	0	1494	31.72	0.001481	0.03455	1490	982	0.6591	0.0625	0.9161	1413	32.22	-0.04432	-0.009094	1402	1042	0.7432	0.06	1.033	1352	29.74	-0.02926	0.003715	1344	1014	0.7545	0.06	1.049	0.02076	0.1303
chr10	34000000	35000000	0.415	-0.0002	0.0299	0	0.0597	0	1145	32.72	0.04638	0.04823	1142	1047	0.9168	0.0625	1.251	885	33.08	-0.00653	-4.521e-05	884	760	0.8597	0.05882	1.173	1231	31.34	0.04644	0.05095	1228	663	0.5399	0.06098	0.7369	0.02047	0.07909
chr10	35000000	36000000	0.4203	0.0117	0.0095	0	0.061	0	955	32	0.01411	-0.0008728	948	720	0.7595	0.06098	1.145	618	33.8	0.02439	0.01943	612	307	0.5016	0.05556	0.7562	1250	31.18	0.03907	0.02259	1241	709	0.5713	0.0641	0.8612	-0.01937	0.1651
chr10	36000000	37000000	0.3848	-0.0715	0.0188	0	0.0625	0	1695	30.48	-0.05598	0.02186	1679	906	0.5396	0.0625	1.012	1391	31.11	-0.09501	-0.02751	1365	544	0.3985	0.06712	0.7476	1698	27.85	-0.1241	-0.0219	1667	735	0.4409	0.06757	0.8271	0.02425	0.1864
chr10	37000000	38000000	0.3964	-0.0834	0.0137	0	0.0639	0	776	29.3	-0.1128	-0.02045	749	303	0.4045	0.05556	0.8495	792	31.24	-0.08927	-0.007298	761	340	0.4468	0.06522	0.9382	880	28.19	-0.1064	-0.02388	867	639	0.737	0.06667	1.548	-0.008339	0.1982
chr10	38000000	39000000	0.3952	0.2728	0.0833	0	0.0926	1	1991	55.86	0.818	0.5517	1349	1120	0.8302	NA	1.012	2043	57.29	0.7859	0.5141	1495	1266	0.8468	NA	1.032	3757	35.59	0.2298	-0.0399	3242	3022	0.9321	NA	1.136	0.05247	0.2134
chr10	39000000	40000000	0.376	-0.2024	0.0472	0	0.0714	0	1892	27.63	-0.1976	0.009361	1637	684	0.4178	0.075	1.008	1412	29.78	-0.1582	0.03312	1235	142	0.115	0.07538	0.2775	2234	25.73	-0.2382	0.005424	1857	1022	0.5504	0.07576	1.328	-0.02237	0.1993
chr10	40000000	41000000	0.3839	-2.002	0.3239	1	0.1091	1	1437	8.365	-1.921	NA	171	94	0.5497	NA	1.474	1022	9.832	-1.757	NA	197	112	0.5685	NA	1.524	1448	8.274	-1.875	NA	167	101	0.6048	NA	1.621	-0.415	0.6172
chr10	41000000	42000000	0.3823	0.1987	0.1409	1	0.1371	1	3559	36.25	0.194	NA	1821	1134	0.6227	NA	0.8236	3187	43.22	0.3791	NA	1885	1246	0.661	NA	0.8742	3590	35.07	0.2084	NA	1893	1326	0.7005	NA	0.9264	0	0.1993
chr10	42000000	43000000	0.416	0.466	0.2477	1	0.088	0	2358	50.21	0.6642	NA	1900	1392	0.7326	0.09459	0.8649	2368	52.08	0.6483	NA	1938	1400	0.7224	0.09911	0.8528	2110	47.33	0.6411	NA	1674	1413	0.8441	0.08824	0.9964	0.02766	0.2099
chr10	43000000	44000000	0.4645	0.0675	0.0168	0	0.0572	0	1338	34.27	0.1131	0.02514	1332	830	0.6231	0.06174	1.093	1291	35.22	0.08381	0.02302	1287	789	0.6131	0.05556	1.075	1330	32.41	0.09504	-0.01511	1328	720	0.5422	0.05882	0.9507	0.02272	0.09311
chr10	44000000	45000000	0.4341	0.0269	0.025	0	0.0599	0	919	32.3	0.0275	-0.008804	908	578	0.6366	0.05882	0.8934	1088	33.45	0.009537	-0.007625	1083	798	0.7368	0.06098	1.034	1680	30.3	-0.002076	-0.0471	1661	1230	0.7405	0.0625	1.039	0.05247	0.1444
chr10	45000000	46000000	0.4095	-0.0054	0.0178	0	0.06	0	1075	31.38	-0.01383	-0.01061	1055	349	0.3308	0.05556	0.5145	1715	32.47	-0.03346	-0.03235	1639	1387	0.8462	0.0625	1.316	1651	30.9	0.02581	0.02943	1554	1086	0.6988	0.06667	1.087	-0.04439	0.1069
chr10	46000000	47000000	0.4326	0.082	0.1756	1	0.0744	0	2204	47.54	0.5854	NA	1782	1168	0.6554	0.125	1.017	1863	37.18	0.1621	NA	1642	532	0.324	0.05829	0.5027	2228	41.06	0.4362	NA	1737	1281	0.7375	0.125	1.144	0.263	-0.06413
chr10	47000000	48000000	0.4507	-0.0647	0.1138	1	0.0758	0	959	36.13	0.1892	NA	799	340	0.4255	0.08556	0.6852	1192	36.89	0.1509	NA	978	683	0.6984	0.08065	1.125	1188	32.01	0.07697	NA	954	685	0.718	0.09341	1.156	0.06802	0.2955
chr10	48000000	49000000	0.4376	0.0918	0.025	0	0.0625	0	1543	34.62	0.1278	0.02924	1487	828	0.5568	0.06522	0.9247	1489	35.53	0.09666	0.01083	1395	834	0.5978	0.05848	0.9928	1594	33.28	0.1331	0.01176	1508	788	0.5225	0.06757	0.8677	0	0.1255
chr10	49000000	50000000	0.4391	0.062	0.0226	0	0.0588	0	1482	33.38	0.07504	0	1477	884	0.5985	0.05882	0.9802	1418	34.16	0.03979	-0.01615	1405	638	0.4541	0.06	0.7437	1174	31.97	0.07512	-0.006328	1171	382	0.3262	0.06	0.5343	0	0.09311
chr10	50000000	51000000	0.3988	0.0134	0.0252	0	0.0599	0	1707	31.48	-0.009359	-0.01575	1680	880	0.5238	0.05662	1.196	1726	33.42	0.008257	-0.007884	1707	490	0.2871	0.06174	0.6555	2031	31.46	0.05169	0.03404	1978	1299	0.6567	0.0625	1.5	-0.04307	0.09954
chr10	51000000	52000000	0.365	-0.0538	0.02	0	0.0613	0	1174	29.58	-0.09916	-0.04476	1173	700	0.5968	0.06667	0.9625	1313	31.42	-0.08061	-0.03103	1307	719	0.5501	0.05556	0.8873	1283	28.68	-0.08165	0.02017	1272	960	0.7547	0.0625	1.217	-0.0217	0.152
chr10	52000000	53000000	0.3727	-0.064	0.0272	0	0.0633	0	1831	30.8	-0.041	0.0305	1812	1072	0.5916	0.0625	0.9973	1812	32.05	-0.05198	0.01309	1790	1027	0.5737	0.0641	0.9672	1980	27.89	-0.1219	-0.03011	1968	1179	0.5991	0.06522	1.01	0.02425	0.2224
chr10	53000000	54000000	0.3553	-0.099	0.0345	0	0.0625	0	2028	29.57	-0.09964	-0.005414	2025	1641	0.8104	0.06	1.232	2104	31.87	-0.06035	0.03122	2093	1263	0.6034	0.06	0.9175	1700	27.53	-0.1404	0.02923	1686	1062	0.6299	0.07143	0.9577	-0.04811	0.2224
chr10	54000000	55000000	0.3485	-0.1172	0.0306	0	0.0633	0	1809	29.87	-0.085	0.02587	1800	630	0.35	0.06522	0.661	2280	30.84	-0.1079	0.0003187	2267	1519	0.67	0.0625	1.265	1926	26.48	-0.1967	0.0114	1920	997	0.5193	0.06667	0.9807	0.05063	0.2224
chr10	55000000	56000000	0.3437	-0.1114	0.0305	0	0.061	0	1676	29.91	-0.08309	0.02867	1662	1139	0.6853	0.06	1.42	1855	31.55	-0.07469	0.01955	1849	1208	0.6533	0.05882	1.353	1383	26.63	-0.1885	0.01056	1374	507	0.369	0.05882	0.7644	0.04307	0.237
chr10	56000000	57000000	0.349	-0.0973	0.017	0	0.0625	0	1893	29.31	-0.1126	-0.01789	1885	488	0.2589	0.06757	0.5862	2063	31.72	-0.06699	0.02833	2060	1635	0.7937	0.0625	1.797	1762	27.47	-0.1439	0.03513	1756	760	0.4328	0.06522	0.9801	-0.04182	0.2149
chr10	57000000	58000000	0.355	-0.0944	0.0294	0	0.0625	0	1784	29.83	-0.08697	0.002652	1758	1110	0.6314	0.06667	0.9931	2119	31.16	-0.09263	-0.006961	2091	1576	0.7537	0.0641	1.185	2060	27.3	-0.1529	0.007279	2039	1156	0.5669	0.06667	0.8917	0.02425	0.1605
chr10	58000000	59000000	0.3854	-0.047	0.0217	0	0.0625	0	1127	30.76	-0.04273	0.01385	1123	419	0.3731	0.0641	0.9038	1499	32.24	-0.04346	0.003618	1495	980	0.6555	0.06667	1.588	1446	29.02	-0.06441	0.008351	1438	591	0.411	0.05882	0.9956	0	0.1468
chr10	59000000	60000000	0.389	-0.0383	0.015	0	0.0625	0	1261	30.93	-0.03494	0.01513	1248	671	0.5377	0.0625	1.022	1321	33.01	-0.009653	0.02707	1310	821	0.6267	0.06098	1.191	1497	29.49	-0.0413	0.001577	1489	976	0.6555	0.06522	1.246	-0.02273	0.1501
chr10	60000000	61000000	0.382	-0.0494	0.0192	0	0.0625	0	1469	30.56	-0.05205	0.009136	1465	979	0.6683	0.06667	0.983	1426	32.63	-0.02616	0.02405	1421	951	0.6692	0.0625	0.9845	1204	29.16	-0.0574	-0.004087	1202	285	0.2371	0.0625	0.3488	0	0.1561
chr10	61000000	62000000	0.3776	0.0115	0.0298	0	0.0602	0	1125	31.29	-0.0183	-0.01682	1123	763	0.6794	0.0625	1.114	1175	32.89	-0.01464	-0.02617	1174	835	0.7112	0.05882	1.167	1050	30.97	0.02925	0.04331	1047	549	0.5244	0.0625	0.86	-0.02647	0.08746
chr10	62000000	63000000	0.3996	0.0372	0.0146	0	0.0594	0	1410	32.3	0.02766	-0.002531	1390	728	0.5237	0.06098	0.9773	1505	34.25	0.04371	0.004297	1492	1105	0.7406	0.0625	1.382	950	32.13	0.0823	0.03743	939	220	0.2343	0.05719	0.4372	-0.0458	0.09311
chr10	63000000	64000000	0.3965	0.0351	0.0235	0	0.0588	0	1461	31.95	0.01177	-0.01243	1446	709	0.4903	0.05882	0.8468	1609	33.58	0.01529	-0.02126	1598	993	0.6214	0.05556	1.073	1671	31.92	0.073	0.03062	1657	911	0.5498	0.0625	0.9495	-0.02385	0.05445
chr10	64000000	65000000	0.3656	-0.0432	0.02	0	0.0621	0	1151	30.41	-0.05915	-0.01642	1147	199	0.1735	0.06	0.527	1138	32.23	-0.04426	-0.007057	1136	197	0.1734	0.0641	0.5268	1381	28.5	-0.09056	0.005629	1378	430	0.312	0.06757	0.9479	0	0.159
chr10	65000000	66000000	0.3528	-0.0819	0.0238	0	0.061	0	1526	29.97	-0.08013	0	1508	557	0.3694	0.0625	0.5869	1783	31.58	-0.07362	-0.002644	1771	1063	0.6002	0.0625	0.9536	1482	27.32	-0.1515	0.003616	1459	559	0.3831	0.0625	0.6087	0	0.2065
chr10	66000000	67000000	0.359	-0.0922	0.0319	0	0.0625	0	2580	29.61	-0.09768	0.001445	2575	1742	0.6765	0.06522	0.9919	2261	31.57	-0.07368	0.01614	2250	1107	0.492	0.0625	0.7214	2301	27.03	-0.1669	-0.01269	2298	1580	0.6876	0.06522	1.008	0.02203	0.2313
chr10	67000000	68000000	0.3776	-0.03	0.0155	0	0.0654	0	742	31.09	-0.02766	0.01533	741	291	0.3927	0.07143	0.987	698	32.61	-0.02726	0.002707	694	43	0.06196	0.05	0.1557	750	28.82	-0.07476	-0.01921	745	299	0.4013	0.07143	1.009	0	0.1635
chr10	68000000	69000000	0.4209	0.0299	0.0145	0	0.0633	0	1654	32.42	0.03316	0.0001742	1648	1233	0.7482	0.0625	1.31	1338	33.5	0.01171	-0.01263	1331	734	0.5515	0.06	0.9655	1144	31.99	0.07594	0.02955	1133	504	0.4448	0.06667	0.7788	-0.02875	0.04977
chr10	69000000	70000000	0.4734	0.1021	0.0325	0	0.0585	0	1792	34.57	0.1257	-0.00896	1789	1153	0.6445	0.0625	0.9582	1727	35.26	0.08576	-0.0008214	1719	1004	0.5841	0.05882	0.8684	1689	33.28	0.1331	-0.01693	1681	1186	0.7055	0.0625	1.049	0	0.0902
chr10	70000000	71000000	0.4758	0.0818	0.0241	0	0.0587	0	1758	34.5	0.1226	0.01892	1736	844	0.4862	0.05556	0.9387	1800	34.88	0.06982	0.006126	1774	841	0.4741	0.06	0.9154	1831	33.3	0.1337	0.003814	1815	1159	0.6386	0.0641	1.233	0.02018	0.04439
chr10	71000000	72000000	0.5061	0.1326	0.0359	0	0.0568	0	1587	35.12	0.1482	-0.02153	1562	1088	0.6965	0.0625	1.064	1737	35.63	0.1008	-0.01222	1727	1287	0.7452	0.05814	1.138	1334	34.87	0.2004	0.008932	1320	898	0.6803	0.05556	1.039	0.02018	0.04064
chr10	72000000	73000000	0.4286	0.0776	0.0317	0	0.0572	0	613	32.98	0.05752	-0.02529	613	123	0.2007	0.06098	0.5146	667	34.73	0.06386	-0.008384	665	635	0.9549	0.05556	2.449	749	32.97	0.1197	0.004111	748	180	0.2406	0.05685	0.6172	-0.039	0.08246
chr10	73000000	74000000	0.4317	0.0623	0.0568	0	0.0614	0	307	34.08	0.1051	0.03329	289	218	0.7543	0.0625	1.855	305	33.96	0.03123	-0.02658	299	75	0.2508	0.07895	0.6168	141	34.41	0.1813	0.09045	138	89	0.6449	0.04839	1.586	-0.06955	0.1521
chr10	74000000	75000000	0.3925	0.0494	0.0273	0	0.0607	0	653	32.2	0.02299	-0.007024	652	50	0.07669	0.06261	0.2239	890	34.14	0.03887	-0.008641	887	431	0.4859	0.05556	1.419	877	32.5	0.09887	0.04067	875	840	0.96	0.05882	2.803	-0.04182	0.1155
chr10	75000000	76000000	0.4377	0.0532	0.0095	0	0.0556	0	561	32.66	0.04359	-0.01635	556	371	0.6673	0.05882	0.8374	808	33.99	0.03274	-0.01543	804	700	0.8706	0.0625	1.093	750	31.84	0.06923	-0.01817	746	491	0.6582	0.05814	0.826	0	0.09321
chr10	76000000	77000000	0.3988	-0.0535	0.0236	0	0.0594	0	811	30.28	-0.06546	-0.004948	807	223	0.2763	0.06098	0.3984	1424	32.09	-0.05054	0.0002208	1416	1109	0.7832	0.06	1.129	1441	28.35	-0.09825	-0.049	1431	1122	0.7841	0.06667	1.13	0	0.1605
chr10	77000000	78000000	0.4529	0.0126	0.0399	0	0.0594	0	1168	33.04	0.06051	0.03283	1160	825	0.7112	0.05882	1.029	993	33.89	0.02824	0.0226	985	801	0.8132	0.06098	1.176	1167	30.82	0.0222	-0.01467	1160	850	0.7328	0.06	1.06	0.01963	0.1783
chr10	78000000	79000000	0.4711	0.0353	0.0246	0	0.0594	0	958	33.68	0.08788	0.02393	951	692	0.7277	0.06098	1.133	902	34.06	0.03543	0.009603	899	565	0.6285	0.05882	0.9785	1152	31.73	0.06409	-0.02228	1145	806	0.7039	0.0633	1.096	0.02309	0.07308
chr10	79000000	80000000	0.4719	0.0458	0.0305	0	0.0601	0	1083	33.97	0.1005	0.02992	1070	659	0.6159	0.05556	0.8965	1173	35.46	0.09373	0.05874	1162	765	0.6583	0.05814	0.9583	1793	32.34	0.09166	-0.006122	1738	1139	0.6554	0.06522	0.9539	-0.02385	0.06486
chr10	80000000	81000000	0.4363	0.0221	0.0211	0	0.06	0	1832	32.08	0.01779	-0.01682	1804	1507	0.8354	0.0625	1.199	1561	33.44	0.009066	-0.009093	1534	1217	0.7934	0.0625	1.138	1328	30.66	0.01482	-0.03328	1319	676	0.5125	0.06522	0.7354	-0.0217	0.09311
chr10	81000000	82000000	0.3641	-0.0779	0.019	0	0.0594	0	900	30.35	-0.0621	0.02445	896	735	0.8203	0.06522	1.219	1131	31.67	-0.06933	-0.0008966	1127	966	0.8571	0.05882	1.274	1083	27.59	-0.1375	-0.007216	1075	592	0.5507	0.0625	0.8186	0.02272	0.208
chr10	82000000	83000000	0.3739	-0.0877	0.014	0	0.0602	0	1002	30.04	-0.07701	0.01964	1001	541	0.5405	0.0625	0.8068	848	31.87	-0.06005	0.02451	844	313	0.3709	0.06098	0.5536	1254	26.74	-0.1824	-0.05237	1251	894	0.7146	0.06522	1.067	0.02137	0.2713
chr10	83000000	84000000	0.3781	-0.0703	0.0198	0	0.0617	0	1690	30.71	-0.04508	0.03088	1683	1065	0.6328	0.0625	0.7799	1502	32.77	-0.01991	0.05209	1496	1185	0.7921	0.0625	0.9762	1071	28.23	-0.1046	-0.00866	1068	495	0.4635	0.06522	0.5712	0	0.2224
chr10	84000000	85000000	0.4121	-0.0207	0.0188	0	0.0625	0	1242	31.23	-0.0208	-0.003118	1237	530	0.4285	0.0625	0.6837	1467	33.02	-0.009091	0.01419	1462	827	0.5657	0.06098	0.9026	1597	29.95	-0.01896	-0.01275	1586	1232	0.7768	0.0641	1.24	-0.026	0.162
chr10	85000000	86000000	0.397	-0.042	0.0136	0	0.0605	0	928	30.55	-0.05287	-0.003458	920	577	0.6272	0.06667	0.9464	1449	32.27	-0.04247	-0.002002	1439	1061	0.7373	0.0625	1.113	873	29.1	-0.06036	-0.01786	866	349	0.403	0.06522	0.6081	-0.00943	0.1211
chr10	86000000	87000000	0.4624	0.0968	0.0206	0	0.0593	0	1092	34.79	0.1346	0.01819	1087	702	0.6458	0.0625	0.9848	1319	35.57	0.09816	0.01254	1315	833	0.6335	0.05556	0.9659	1028	33.36	0.1364	-0.001075	1020	547	0.5363	0.0625	0.8177	0.03519	0.09311
chr10	87000000	88000000	0.3987	-0.0005	0.0453	0	0.0625	0	1052	33.21	0.06782	0.06919	984	567	0.5762	0.07576	1	1295	34.41	0.05051	0.04849	1198	884	0.7379	0.07143	1.281	965	32.9	0.1164	0.1133	928	415	0.4472	0.06	0.7764	-0.0458	0.078
chr10	88000000	89000000	0.3812	0.0663	0.0198	0	0.0588	0	1260	32.18	0.02222	-0.03407	1258	961	0.7639	0.0625	1.09	1112	35	0.07478	0.004358	1111	952	0.8569	0.05556	1.222	1169	33.1	0.1254	0.06757	1166	710	0.6089	0.0625	0.8686	-0.07464	0.09321
chr10	89000000	90000000	0.3922	0.0612	0.0199	0	0.0579	0	1047	32.49	0.03596	-0.006811	1044	895	0.8573	0.0625	1.128	956	34.57	0.0572	-0.001292	953	776	0.8143	0.05882	1.071	964	32.17	0.08414	0.01987	964	729	0.7562	0.0625	0.9948	-0.06054	0.09954
chr10	90000000	91000000	0.382	0.0201	0.0201	0	0.0588	0	871	30.8	-0.04081	-0.04912	870	545	0.6264	0.05882	0.9179	749	33.51	0.01233	-0.006957	748	501	0.6698	0.05263	0.9814	1107	30.6	0.01192	-0.004262	1106	636	0.575	0.0625	0.8426	-0.06097	0.1725
chr10	91000000	92000000	0.3964	0.0251	0.012	0	0.0614	0	955	31.4	-0.01298	-0.02917	954	426	0.4465	0.06522	0.6866	964	33.47	0.0106	-0.01593	962	517	0.5374	0.05882	0.8263	963	31.1	0.03531	0.009298	959	704	0.7341	0.0625	1.129	-0.04064	0.122
chr10	92000000	93000000	0.4095	0.0046	0.0122	0	0.0619	0	925	31.84	0.006777	0	915	618	0.6754	0.06	1.054	742	33.02	-0.009004	-0.0179	731	316	0.4323	0.06049	0.6748	915	31.72	0.06376	0.05738	899	724	0.8053	0.0625	1.257	-0.01886	0.05445
chr10	93000000	94000000	0.4256	0.015	0.0159	0	0.0588	0	1646	32.2	0.02319	0.0007707	1641	1059	0.6453	0.06522	1.199	1792	34.27	0.04448	0.03536	1787	962	0.5383	0.05556	1	1917	30.69	0.01611	-0.0246	1907	1454	0.7625	0.0625	1.417	-0.02308	0.1651
chr10	94000000	95000000	0.3959	0.0081	0.0102	0	0.0585	0	1024	31.58	-0.004893	-0.004093	1016	681	0.6703	0.06098	0.9958	784	33.26	0.001364	-0.008097	780	572	0.7333	0.05556	1.089	1011	29.67	-0.0325	-0.04368	1008	828	0.8214	0.06	1.22	-0.01886	0.1375
chr10	95000000	96000000	0.4143	0.0481	0.0375	0	0.0594	0	1556	32.24	0.02477	-0.01625	1549	802	0.5178	0.0625	0.7193	1373	34.5	0.05402	0.01225	1370	665	0.4854	0.05556	0.6744	1578	32.84	0.1141	0.07015	1572	1153	0.7335	0.0625	1.019	-0.04811	0.08489
chr10	96000000	97000000	0.4174	0.0791	0.0072	0	0.0562	0	1003	32.75	0.04745	-0.0347	998	601	0.6022	0.06522	1.065	970	34.9	0.07093	0	967	618	0.6391	0.05556	1.13	979	33.42	0.1392	0.05369	968	443	0.4576	0.05556	0.809	-0.06609	0.04307
chr10	97000000	98000000	0.4849	0.1065	0.034	0	0.0587	0	1127	34.36	0.1168	-0.01514	1121	647	0.5772	0.05556	1.055	964	35.57	0.09817	0.003414	954	184	0.1929	0.06049	0.3526	1094	34.02	0.1646	0.01125	1089	604	0.5546	0.05556	1.014	-0.02138	0.1025
chr10	98000000	99000000	0.4144	-0.0041	0.0194	0	0.0588	0	1351	31.47	-0.00986	0.001676	1344	690	0.5134	0.0641	1.024	1491	33.11	-0.005059	0.005371	1483	948	0.6392	0.05814	1.275	1289	29.3	-0.05081	-0.04169	1275	800	0.6275	0.06667	1.251	0	0.1635
chr10	99000000	100000000	0.417	0.0209	0.016	0	0.06	0	1673	32.36	0.0302	0.00615	1637	1171	0.7153	0.06098	1.571	1634	33.6	0.01587	0.004663	1610	519	0.3224	0.05882	0.7082	1531	30.69	0.01636	-0.0137	1504	1049	0.6975	0.0625	1.532	0	0.1333
chr10	100000000	101000000	0.456	0.0568	0.0381	0	0.06	0	1081	33.89	0.09713	0.02404	1065	769	0.7221	0.06	1.018	1033	34.68	0.0615	0.01085	1008	767	0.7609	0.06098	1.073	1298	33.13	0.1265	0.03029	1278	1077	0.8427	0.05882	1.188	0	0.08246
chr10	101000000	102000000	0.4605	0.0744	0.038	0	0.0588	0	676	33.83	0.09453	0.002163	662	373	0.5634	0.05556	1.01	952	34.62	0.05918	-0.003554	945	655	0.6931	0.0625	1.242	714	32.82	0.113	-0.00708	712	348	0.4888	0.06	0.8759	-0.02216	0.1007
chr10	102000000	103000000	0.4709	0.0826	0.0261	0	0.0567	0	896	33.74	0.09041	-0.02214	891	592	0.6644	0.06	0.926	950	34.98	0.07396	0.002174	936	575	0.6143	0.05172	0.8562	1073	33.63	0.1483	0.01776	1066	807	0.757	0.0625	1.055	0	0.08246
chr10	103000000	104000000	0.4642	0.0928	0.0341	0	0.0579	0	1217	33.81	0.09362	-0.02048	1211	829	0.6846	0.0625	1.053	1141	34.99	0.07466	-0.01116	1135	834	0.7348	0.05556	1.13	1159	33.48	0.1416	0.005466	1150	759	0.66	0.06	1.015	-0.02018	0.06791
chr10	104000000	105000000	0.4205	0.0184	0.0177	0	0.0617	0	1285	31.9	0.009678	-0.01181	1280	811	0.6336	0.0625	1.053	1270	33.1	-0.005401	-0.0174	1257	853	0.6786	0.06098	1.128	1199	30.59	0.01149	-0.01702	1190	597	0.5017	0.05882	0.834	0.01963	0.122
chr10	105000000	106000000	0.3858	-0.0721	0.0146	0	0.0594	0	1164	30.15	-0.07179	0.0002216	1154	694	0.6014	0.0625	0.9511	1123	31.64	-0.07063	0.003052	1115	535	0.4798	0.05769	0.7588	990	27.57	-0.1387	-0.04008	981	667	0.6799	0.06757	1.075	0.02806	0.1787
chr10	106000000	107000000	0.3843	-0.0594	0.0204	0	0.0611	0	1722	30.26	-0.0666	0	1715	1202	0.7009	0.06098	1.064	1548	31.81	-0.06308	-0.007686	1543	1015	0.6578	0.05882	0.999	1426	28.37	-0.09705	-0.01428	1423	787	0.5531	0.06	0.8399	0	0.1635
chr10	107000000	108000000	0.3751	-0.0536	0.0243	0	0.06	0	1603	30.12	-0.07324	-0.01919	1595	1046	0.6558	0.06522	0.9872	1582	32.67	-0.02455	0.02682	1579	1022	0.6472	0.0625	0.9743	1267	28.44	-0.09381	0.001841	1265	806	0.6372	0.05941	0.9591	-0.0451	0.1926
chr10	108000000	109000000	0.3718	-0.0748	0.0235	0	0.0625	0	1795	30.24	-0.0674	0.01208	1780	1417	0.7961	0.0625	1.088	1650	32.21	-0.04485	0.02669	1637	724	0.4423	0.06522	0.6047	1422	27.74	-0.1295	-0.02268	1411	1204	0.8533	0.0625	1.167	0.009554	0.241
chr10	109000000	110000000	0.3981	0.0085	0.0209	0	0.0587	0	1216	31.38	-0.01413	-0.01914	1210	641	0.5298	0.05882	0.7874	1305	33.32	0.003742	-0.007181	1298	967	0.745	0.0625	1.107	1288	30.63	0.01342	0	1280	939	0.7336	0.0625	1.09	-0.02647	0.1186
chr10	110000000	111000000	0.4215	0.1014	0.019	0	0.0587	0	1115	33.83	0.09421	-0.009462	1112	651	0.5854	0.06098	1.097	1080	35.54	0.097	-0.001384	1079	369	0.342	0.05263	0.6409	995	33.94	0.1612	0.03529	989	565	0.5713	0.05556	1.071	-0.04182	0.09311
chr10	111000000	112000000	0.4018	0.0106	0.0367	0	0.0605	0	1641	31	-0.03171	-0.0358	1625	827	0.5089	0.06	0.8673	1479	32.92	-0.01363	-0.02387	1465	838	0.572	0.0625	0.9748	1333	29.84	-0.02429	-0.04037	1323	106	0.08012	0.07143	0.1365	-0.02875	0.142
chr10	112000000	113000000	0.4184	-0.0052	0.0185	0	0.0588	0	821	32.11	0.01912	0.02104	814	593	0.7285	0.0625	1.094	857	32.55	-0.0299	-0.02031	853	545	0.6389	0.0625	0.9592	1014	29.98	-0.01752	-0.01955	1007	792	0.7865	0.0625	1.181	0.04182	0.122
chr10	113000000	114000000	0.4296	0.018	0.0135	0	0.0594	0	1069	32.1	0.01881	-0.008292	1063	664	0.6246	0.0625	1.022	1088	33.78	0.02358	0.009863	1081	690	0.6383	0.05882	1.045	1146	31.47	0.05241	0	1141	710	0.6223	0.05882	1.018	-0.03562	0.1155
chr10	114000000	115000000	0.4233	0.0173	0.0166	0	0.06	0	934	32.52	0.03735	0.01331	924	600	0.6494	0.05814	0.9046	1247	33.74	0.02188	0.009974	1237	832	0.6726	0.06098	0.937	1213	31.49	0.05321	0.002138	1206	876	0.7264	0.06174	1.012	0	0.1186
chr10	115000000	116000000	0.3639	-0.0702	0.0243	0	0.0625	0	1653	29.9	-0.08392	-0.004887	1641	1084	0.6606	0.06466	1.071	1641	31.89	-0.05942	0.003019	1635	1164	0.7119	0.06049	1.154	1681	27.6	-0.1371	-0.01329	1669	1085	0.6501	0.06757	1.054	-0.0217	0.1926
chr10	116000000	117000000	0.4223	-0.0387	0.0187	0	0.0594	0	1630	31.57	-0.005118	0.03131	1628	1178	0.7236	0.06049	1.532	1446	31.79	-0.06386	-0.02227	1442	603	0.4182	0.06364	0.8852	1531	28.78	-0.07653	-0.06825	1529	858	0.5612	0.06	1.188	0.074	0.1203
chr10	117000000	118000000	0.437	-0.0089	0.0066	0	0.0588	0	1465	31.64	-0.002163	0	1457	783	0.5374	0.06	0.9939	1477	32.76	-0.02052	-0.00659	1465	802	0.5474	0.05882	1.012	1272	30.06	-0.01394	-0.03412	1259	436	0.3463	0.0625	0.6405	0.02137	0.122
chr10	118000000	119000000	0.4155	0.0443	0.0125	0	0.0585	0	1293	32.81	0.0504	4.591e-05	1283	717	0.5588	0.0625	0.9813	1342	34.18	0.04059	0.002624	1338	686	0.5127	0.05941	0.9003	1189	31.3	0.04439	0.001377	1182	740	0.6261	0.06	1.099	0	0.08746
chr10	119000000	120000000	0.4594	0.0873	0.0435	0	0.0588	0	1369	34.13	0.1073	0.002669	1357	699	0.5151	0.0625	0.9161	1139	35.31	0.08767	0.01242	1130	217	0.192	0.05556	0.3415	1392	33.65	0.1492	0.02161	1383	767	0.5546	0.05882	0.9863	0	0.04307
chr10	120000000	121000000	0.4174	-0.002	0.0226	0	0.0594	0	2071	31.6	-0.003805	-0.004847	2056	1044	0.5078	0.06757	1.028	2122	32.6	-0.02742	-0.01725	2095	1042	0.4974	0.05882	1.007	2256	29.4	-0.0456	-0.05003	2229	1304	0.585	0.06	1.185	0.02801	0.142
chr10	121000000	122000000	0.4288	-0.0259	0.0205	0	0.0602	0	1742	31.76	0.003198	0.02127	1733	551	0.3179	0.05556	0.6254	1959	32.54	-0.03018	0.00107	1952	1136	0.582	0.0641	1.145	1815	29.6	-0.03626	-0.048	1810	1029	0.5685	0.06667	1.118	0.02237	0.1293
chr10	122000000	123000000	0.45	0.0149	0.0182	0	0.0602	0	1600	33.06	0.06136	0.02887	1581	636	0.4023	0.06	0.6365	1624	33.45	0.009636	-0.003346	1608	590	0.3669	0.0641	0.5806	1660	30.84	0.02335	-0.01874	1636	852	0.5208	0.06522	0.824	0.026	0.1293
chr10	123000000	124000000	0.4527	0.0449	0.0351	0	0.0588	0	1638	33.58	0.08364	0.02421	1629	1052	0.6458	0.0625	0.9972	1611	34.77	0.06537	0.02744	1602	1044	0.6517	0.05556	1.006	1524	31.81	0.06797	-0.001203	1504	525	0.3491	0.06098	0.539	0	0.1255
chr10	124000000	125000000	0.4885	0.1004	0.027	0	0.0568	0	1569	35.73	0.1731	0.04528	1550	881	0.5684	0.05882	0.9403	1455	35.51	0.09563	0.01141	1441	918	0.6371	0.06	1.054	1707	33.9	0.1598	0.005379	1684	893	0.5303	0.05556	0.8772	0.05514	0.08017
chr10	125000000	126000000	0.4395	0.0523	0.0188	0	0.0609	0	1679	32.74	0.04727	-0.02032	1651	1187	0.719	0.0625	1.108	1514	33.81	0.02481	-0.0224	1484	1014	0.6833	0.06	1.053	1636	31.9	0.07209	0.002978	1609	1248	0.7756	0.06	1.195	0	0.09165
chr10	126000000	127000000	0.4342	-0.0229	0.012	0	0.0625	0	1751	31.63	-0.002813	0.01332	1733	961	0.5545	0.06	0.9997	1882	32.07	-0.05127	-0.01695	1861	1253	0.6733	0.05882	1.214	1887	28.6	-0.08568	-0.08367	1869	1130	0.6046	0.0625	1.09	0.05063	0.1468
chr10	127000000	128000000	0.4378	-0.0142	0.0295	0	0.0588	0	2112	31.9	0.009594	0.01706	2108	1097	0.5204	0.06	1.025	2255	32.58	-0.02829	-0.009061	2244	1415	0.6306	0.0625	1.242	2036	29.67	-0.0326	-0.04855	2022	999	0.4941	0.06522	0.973	0.02107	0.1468
chr10	128000000	129000000	0.4504	0.0107	0.0167	0	0.06	0	1654	32.59	0.04075	0.01246	1643	993	0.6044	0.06	0.93	1415	33.2	-0.001256	-0.008672	1402	857	0.6113	0.0625	0.9406	1585	30.5	0.007124	-0.03077	1578	1099	0.6965	0.06	1.072	0.0458	0.09622
chr10	129000000	130000000	0.4493	0.0001	0.0201	0	0.0625	0	1447	32.1	0.01875	0.002543	1433	764	0.5331	0.0633	0.8465	1431	31.93	-0.05758	-0.0513	1423	649	0.4561	0.07143	0.7242	1664	29.65	-0.03377	-0.05451	1650	1158	0.7018	0.06098	1.114	0.05658	0.1031
chr10	130000000	131000000	0.465	-0.0133	0.0227	0	0.061	0	2111	32.57	0.03955	0.03321	2043	1456	0.7127	0.06098	1.08	1940	32.55	-0.02976	-0.009142	1898	1205	0.6349	0.06098	0.9619	2185	29.18	-0.05648	-0.08472	2140	1554	0.7262	0.0641	1.1	0.0614	0.1561
chr10	131000000	132000000	0.4865	0.0342	0.0299	0	0.0594	0	2068	33.68	0.08789	0.02681	2008	1538	0.7659	0.05882	1.1	1987	32.91	-0.0138	-0.03564	1935	1431	0.7395	0.05882	1.062	2161	30.89	0.02548	-0.05896	2097	1535	0.732	0.05882	1.051	0.08246	0.1203
chr10	132000000	133000000	0.5481	0.0984	0.0417	0	0.0615	0	1777	35.9	0.1801	0.008178	1680	1312	0.781	0.0625	1.122	1673	34.98	0.07417	-0.003918	1567	1197	0.7639	0.0625	1.097	1684	34.2	0.1724	-0.002256	1579	1088	0.689	0.06098	0.9899	0.0593	0.02945
chr10	133000000	133797422	0.5412	0.0763	0.0315	0	0.0714	0	1801	34.02	0.1023	-0.03329	1387	719	0.5184	0.07143	0.9891	1896	34.8	0.06655	0.01088	1504	780	0.5186	0.07692	0.9895	2097	32.78	0.1113	-0.03641	1676	1107	0.6605	0.06667	1.26	0.06111	0.1019
chr11	0	1000000	0.5481	0.1424	0.0364	0	0.0614	0	1709	35.62	0.1687	-0.04725	1517	537	0.354	0.06098	0.59	1767	36.52	0.1362	0.01409	1619	1065	0.6578	0.05556	1.096	1716	35.97	0.2452	0.02659	1563	725	0.4639	0.05882	0.7731	0.01862	0.03242
chr11	1000000	2000000	0.5683	0.1289	0.0394	0	0.0599	0	2082	36.6	0.2081	-0.001254	1933	1247	0.6451	0.05738	1.022	1806	35.63	0.1008	-0.006559	1662	993	0.5975	0.06	0.9463	1974	33.55	0.1447	-0.06508	1837	1137	0.6189	0.06667	0.9803	0.08496	0.09413
chr11	2000000	3000000	0.5332	0.1332	0.0376	0	0.0594	0	1675	36.62	0.2087	0.02238	1639	1019	0.6217	0.05263	1.089	1689	36.43	0.1327	0.01366	1651	982	0.5948	0.06	1.042	1668	33.61	0.1472	-0.06116	1641	713	0.4345	0.06	0.7613	0.05123	0.1125
chr11	3000000	4000000	0.4722	0.085	0.0167	0	0.0613	0	1806	34.58	0.1259	0.01751	1738	998	0.5742	0.0625	0.9145	1910	35.03	0.07598	0.001826	1829	1153	0.6304	0.06522	1.004	1629	33.28	0.133	-0.002216	1566	696	0.4444	0.05882	0.7078	0.02203	0.0614
chr11	4000000	5000000	0.4002	-0.0361	0.0375	0	0.0633	0	1713	30.44	-0.05813	-0.01829	1684	574	0.3409	0.05556	0.5886	2426	31.76	-0.06516	-0.02797	2254	1285	0.5701	0.0641	0.9845	1935	30	-0.01644	0.008233	1887	907	0.4807	0.0641	0.83	-0.04307	0.09622
chr11	5000000	6000000	0.383	-0.0196	0.0121	0	0.0594	0	3284	30.7	-0.04573	-0.02203	3264	2111	0.6468	0.06098	1.095	3212	32.86	-0.01626	0.003713	3195	1663	0.5205	0.05882	0.881	2751	29.69	-0.03155	0.005528	2741	1771	0.6461	0.0625	1.094	-0.02647	0.152
chr11	6000000	7000000	0.4207	0.0385	0.0098	0	0.061	0	1814	31.91	0.01034	-0.03125	1812	1176	0.649	0.06667	1.011	2030	34.04	0.03476	0.003	2024	1137	0.5618	0.06098	0.8749	2017	31.27	0.04328	-0.005327	2010	1399	0.696	0.0625	1.084	-0.03953	0.1468
chr11	7000000	8000000	0.4019	0.013	0.0152	0	0.0588	0	2383	31.43	-0.01156	-0.02117	2359	1669	0.7075	0.05882	1.132	2293	33.59	0.01579	0.003747	2266	1603	0.7074	0.0625	1.132	1943	30.72	0.01756	-0.0009222	1918	716	0.3733	0.06522	0.5972	-0.04064	0.1312
chr11	8000000	9000000	0.4457	0.0632	0.0185	0	0.0585	0	1759	33.31	0.07196	0.005092	1751	1100	0.6282	0.05556	1.041	1431	34.27	0.0444	-0.004144	1418	473	0.3336	0.05882	0.5525	1665	31.88	0.07108	-0.01728	1656	995	0.6008	0.0625	0.9953	0.01963	0.122
chr11	9000000	10000000	0.4236	0.0614	0.0155	0	0.0588	0	1677	33.29	0.07138	0.009095	1664	980	0.5889	0.0625	0.9604	1524	34.64	0.05993	0.003816	1518	860	0.5665	0.05848	0.9239	1717	32.8	0.1121	0.01741	1703	1217	0.7146	0.05556	1.165	-0.03562	0.0458
chr11	10000000	11000000	0.416	0.058	0.0192	0	0.0581	0	1438	32.76	0.04817	-0.01203	1432	1005	0.7018	0.06667	1.034	1445	34.16	0.03997	-0.009899	1438	998	0.694	0.06	1.022	1435	31.99	0.07615	0.01784	1425	1035	0.7263	0.0625	1.07	0	0.1069
chr11	11000000	12000000	0.4309	0.0284	0.0236	0	0.0597	0	1814	32.33	0.02917	-0.007497	1808	851	0.4707	0.06	0.7781	1970	34.38	0.04919	0.02528	1960	1337	0.6821	0.0625	1.128	2056	31.11	0.03574	-0.02266	2050	1309	0.6385	0.0625	1.056	0	0.1333
chr11	12000000	13000000	0.4351	0.0362	0.0077	0	0.0588	0	1492	31.91	0.01021	-0.03539	1487	694	0.4667	0.05882	0.829	1675	34.51	0.05467	0.02294	1667	912	0.5471	0.05814	0.9717	1626	31.23	0.04149	-0.01532	1620	811	0.5006	0.06	0.8892	-0.04307	0.1468
chr11	13000000	14000000	0.4083	0.0066	0.0086	0	0.0591	0	1877	31.65	-0.001741	-0.002677	1866	930	0.4984	0.05882	0.8224	2049	34	0.03302	0.02477	2044	1387	0.6786	0.06	1.12	1906	30.64	0.0138	0.004593	1898	983	0.5179	0.05556	0.8546	-0.04439	0.1651
chr11	14000000	15000000	0.3998	0.0036	0.0159	0	0.0594	0	1029	31.31	-0.01718	-0.01456	1010	725	0.7178	0.06	1.022	826	33.15	-0.003564	-0.006432	801	19	0.02372	0.04167	0.03378	660	30.58	0.01102	0.008121	658	574	0.8723	0.0625	1.242	0	0.1293
chr11	15000000	16000000	0.4149	-0.0244	0.0291	0	0.06	0	1484	31.35	-0.01553	0.01463	1480	949	0.6412	0.05882	1.04	1211	32.64	-0.02601	0.004699	1209	834	0.6898	0.05882	1.119	1265	28.99	-0.06615	-0.03923	1262	578	0.458	0.0625	0.7428	0	0.1864
chr11	16000000	17000000	0.3851	-0.01	0.0209	0	0.0617	0	1253	31.31	-0.01704	0	1245	837	0.6723	0.0625	1.079	1241	33.59	0.01572	0.02559	1233	843	0.6837	0.0625	1.097	1113	29.46	-0.04261	-0.006852	1105	595	0.5385	0.0625	0.8643	-0.02425	0.208
chr11	17000000	18000000	0.4517	0.0617	0.0224	0	0.0597	0	1195	33.4	0.07592	-0.002288	1188	647	0.5446	0.06	0.9053	1246	34.64	0.05978	0.003346	1239	706	0.5698	0.05882	0.9472	1078	32.31	0.09052	0.009931	1070	614	0.5738	0.06667	0.9538	0	0.1019
chr11	18000000	19000000	0.4237	0.0441	0.0275	0	0.061	0	1749	33.18	0.06634	0.01799	1740	936	0.5379	0.0625	0.8349	1892	34.49	0.05389	0.01319	1875	1379	0.7355	0.0625	1.141	1546	32.69	0.1071	0.03058	1533	558	0.364	0.07143	0.5649	-0.03318	0.114
chr11	19000000	20000000	0.4341	0.0267	0.0111	0	0.0617	0	1708	32.43	0.03331	-0.002794	1705	843	0.4944	0.0625	1.018	1626	34.07	0.03591	0.01895	1623	665	0.4097	0.05882	0.8436	1783	31.18	0.03902	-0.005801	1779	889	0.4997	0.06	1.029	0	0.1293
chr11	20000000	21000000	0.4087	-0.0275	0.0161	0	0.0625	0	2061	31.57	-0.00537	0.0236	2053	1077	0.5246	0.0625	1.015	1933	32.81	-0.01852	0.006171	1925	953	0.4951	0.05882	0.9583	1909	29.6	-0.03594	-0.006603	1900	949	0.4995	0.07143	0.9668	0.02137	0.1468
chr11	21000000	22000000	0.3708	-0.0744	0.0149	0	0.0625	0	1982	30.29	-0.06525	0.01886	1974	1045	0.5294	0.0641	0.9441	1776	31.57	-0.07409	-0.005656	1772	748	0.4221	0.0625	0.7528	2140	28.2	-0.1059	0	2137	1341	0.6275	0.06	1.119	0	0.1651
chr11	22000000	23000000	0.3646	-0.0462	0.0177	0	0.061	0	1371	30.59	-0.0508	0	1363	669	0.4908	0.06	0.999	1582	32.48	-0.03271	0.007494	1575	1049	0.666	0.05556	1.356	1323	28.65	-0.08306	0.005827	1318	395	0.2997	0.07143	0.61	-0.02046	0.1769
chr11	23000000	24000000	0.3593	-0.0801	0.0162	0	0.0652	0	2231	30.32	-0.06374	0.02333	2221	1335	0.6011	0.05882	1.181	1763	31.37	-0.08323	-0.005622	1761	486	0.276	0.06712	0.5422	2360	27.87	-0.1228	0.01502	2348	1400	0.5963	0.06594	1.171	0.02915	0.1575
chr11	24000000	25000000	0.3522	-0.1155	0.0235	0	0.0625	0	2017	29.46	-0.1049	0.007597	2004	1154	0.5758	0.0625	0.9451	1898	31	-0.1003	0.006049	1889	1226	0.649	0.06	1.065	2101	26.45	-0.1982	-0.01314	2078	1325	0.6376	0.06522	1.046	0.02801	0.2065
chr11	25000000	26000000	0.3525	-0.1163	0.0312	0	0.0646	0	2974	29.25	-0.1154	-0.0009451	2943	1267	0.4305	0.05882	0.91	3027	30.99	-0.1008	0.005962	2996	1224	0.4085	0.05882	0.8635	3182	27.07	-0.165	0.02085	3147	2013	0.6397	0.06667	1.352	0	0.2065
chr11	26000000	27000000	0.3648	-0.0866	0.0186	0	0.0625	0	2108	30.06	-0.07592	0.01317	2093	1369	0.6541	0.0625	1.036	2242	32.71	-0.02261	0.058	2231	1385	0.6208	0.05882	0.9837	2157	28.09	-0.1115	0.01703	2131	1475	0.6922	0.06522	1.097	-0.02385	0.2538
chr11	27000000	28000000	0.3959	-0.0663	0.021	0	0.0611	0	1130	30.31	-0.06403	0.01117	1098	577	0.5255	0.0625	0.8444	1130	33.31	0.003558	0.0685	1120	348	0.3107	0.06098	0.4993	1272	28.59	-0.08595	-0.02273	1259	798	0.6338	0.06522	1.019	-0.05247	0.2035
chr11	28000000	29000000	0.3658	-0.0814	0.0154	0	0.0594	0	1275	29.91	-0.08327	-0.002232	1263	519	0.4109	0.0625	0.8158	1317	32.02	-0.05335	0.02205	1308	675	0.5161	0.05882	1.025	1191	27.65	-0.1344	-0.004968	1180	437	0.3703	0.06	0.7352	0	0.1926
chr11	29000000	30000000	0.3656	-0.1057	0.0239	0	0.0613	0	768	29.01	-0.1275	-0.02228	759	422	0.556	0.06	0.7928	820	31.13	-0.09423	0.005471	813	557	0.6851	0.05882	0.9769	1037	27.07	-0.1651	-0.006368	1034	723	0.6992	0.06667	0.997	0.01038	0.2313
chr11	30000000	31000000	0.3844	-0.0649	0.0219	0	0.0613	0	1217	30.32	-0.06348	0.008463	1212	745	0.6147	0.06098	1.067	858	32.54	-0.03003	0.03074	857	57	0.06651	0.05556	0.1155	1054	28.06	-0.1131	-0.02244	1044	571	0.5469	0.06522	0.9497	0	0.2157
chr11	31000000	32000000	0.3765	-0.0425	0.0208	0	0.0556	0	742	30.87	-0.03789	0.02014	736	247	0.3356	0.0625	0.4943	948	33.31	0.003604	0.04075	942	707	0.7505	0.05814	1.105	936	29.25	-0.05331	0.02252	924	723	0.7825	0.06522	1.152	-0.02385	0.1993
chr11	32000000	33000000	0.4117	0.0236	0.0173	0	0.0594	0	1181	31.71	0.0009648	-0.02553	1175	924	0.7864	0.05882	1.126	1283	34.33	0.04711	0.02824	1281	1055	0.8236	0.05882	1.179	991	30.74	0.0184	-0.0199	981	612	0.6239	0.05882	0.8931	-0.05247	0.1293
chr11	33000000	34000000	0.4195	0.0646	0.0217	0	0.0588	0	1327	32.93	0.05573	-0.01359	1325	636	0.48	0.06	0.6661	1237	34.99	0.07435	0.01528	1236	415	0.3358	0.06098	0.4659	1167	33.07	0.1239	0.06091	1164	948	0.8144	0.06	1.13	-0.074	0.08746
chr11	34000000	35000000	0.4243	0.0774	0.0192	0	0.0588	0	2167	33.05	0.06066	-0.02466	2160	1601	0.7412	0.06098	1.226	1833	35.33	0.08854	0.01267	1830	1202	0.6568	0.05882	1.087	1909	32.99	0.1203	0.01807	1902	1357	0.7135	0.0625	1.18	-0.04123	0.1069
chr11	35000000	36000000	0.4183	0.0619	0.0131	0	0.0591	0	1317	32.72	0.0462	-0.01898	1311	1045	0.7971	0.05882	1.134	1139	35.05	0.07695	0.02008	1136	669	0.5889	0.05882	0.8381	1230	31.78	0.06647	-0.001056	1221	1059	0.8673	0.05882	1.234	-0.0199	0.1186
chr11	36000000	37000000	0.4139	0.0067	0.0249	0	0.0606	0	1509	32.01	0.01464	0.004474	1488	915	0.6149	0.06522	1.114	1391	33.79	0.02427	0.02239	1369	752	0.5493	0.0625	0.9955	1325	29.63	-0.03448	-0.04189	1315	657	0.4996	0.0625	0.9054	0.03653	0.1901
chr11	37000000	38000000	0.3552	-0.0785	0.0264	0	0.0639	0	1703	29.91	-0.0833	-0.009424	1687	1185	0.7024	0.0625	1.15	1662	31.43	-0.08027	-0.008998	1650	1231	0.7461	0.06522	1.222	1352	26.94	-0.1716	-0.02733	1347	795	0.5902	0.0625	0.9664	0.02509	0.2224
chr11	38000000	39000000	0.352	-0.0912	0.0286	0	0.063	0	1458	29.51	-0.1024	-0.01422	1456	58	0.03984	0.07359	0.1324	1632	31.54	-0.07537	0.006734	1630	404	0.2479	0.0625	0.8237	1511	26.56	-0.1924	-0.03152	1509	204	0.1352	0.06905	0.4493	0.02697	0.2451
chr11	39000000	40000000	0.3647	-0.1109	0.0256	0	0.0647	0	1811	29.85	-0.08597	0.02552	1805	607	0.3363	0.0625	0.6537	1803	30.86	-0.1067	-0.00178	1797	704	0.3918	0.0625	0.7616	2269	26.63	-0.1886	-0.0358	2252	1121	0.4978	0.06522	0.9677	0.0458	0.2141
chr11	40000000	41000000	0.3675	-0.095	0.0197	0	0.0652	0	1294	29.98	-0.0801	0.02316	1290	557	0.4318	0.06098	0.8029	1295	31.75	-0.06591	0.0252	1287	745	0.5789	0.0641	1.076	1607	27.42	-0.1462	-0.008772	1597	1067	0.6681	0.06522	1.242	0	0.2095
chr11	41000000	42000000	0.3681	-0.1002	0.0212	0	0.0664	0	1351	30.01	-0.07833	0.02906	1346	621	0.4614	0.05556	0.9825	1688	31.48	-0.07814	0.0158	1681	1053	0.6264	0.0625	1.334	1471	26.77	-0.1808	-0.04828	1460	854	0.5849	0.07143	1.246	0.02697	0.2224
chr11	42000000	43000000	0.3761	-0.0855	0.0107	0	0.061	0	1978	30.32	-0.06338	0.02779	1962	1030	0.525	0.06522	0.8626	2089	31.43	-0.08015	-0.001443	2077	1353	0.6514	0.06	1.07	1802	26.81	-0.1789	-0.05249	1784	994	0.5572	0.07143	0.9155	0.0458	0.2224
chr11	43000000	44000000	0.4058	0.0042	0.0044	0	0.0621	0	1393	32.17	0.02166	0.01881	1385	983	0.7097	0.0641	1.141	1510	33.15	-0.003628	-0.005468	1506	1095	0.7271	0.06	1.169	1093	30.55	0.009752	0.0005675	1090	688	0.6312	0.06174	1.015	0	0.1444
chr11	44000000	45000000	0.4779	0.0722	0.0229	0	0.0588	0	1595	33.91	0.09788	-0.002957	1585	700	0.4416	0.05882	0.9203	1535	34.19	0.04117	-0.01382	1528	724	0.4738	0.05556	0.9873	1708	32.12	0.08164	-0.04249	1696	971	0.5725	0.06098	1.193	0	0.08746
chr11	45000000	46000000	0.4742	0.0661	0.0254	0	0.0594	0	1102	33.12	0.06372	-0.03422	1098	520	0.4736	0.06522	1.003	1152	33.98	0.0321	-0.01765	1148	532	0.4634	0.05941	0.9816	1057	31.28	0.04364	-0.07041	1046	433	0.414	0.05556	0.8768	0.02076	0.111
chr11	46000000	47000000	0.4474	0.0818	0.0104	0	0.0625	0	434	33.44	0.07764	-0.009701	429	51	0.1189	0.0625	0.3864	576	35.22	0.08393	0.0121	571	312	0.5464	0.05882	1.776	477	32.4	0.09457	-0.007504	477	100	0.2096	0.06594	0.6813	0.009074	0.111
chr11	47000000	48000000	0.4644	0.0614	0.0306	0	0.0588	0	1010	33.86	0.09576	0.01306	988	414	0.419	0.05263	0.9584	1172	34.95	0.07274	0.01832	1163	771	0.6629	0.05882	1.516	998	33.91	0.1603	0.05556	980	413	0.4214	0.05814	0.9639	-0.03953	0.04009
chr11	48000000	49000000	0.394	-0.0456	0.0215	0	0.0647	0	3124	30.23	-0.06771	-0.01724	3065	1619	0.5282	0.0625	1.012	3127	32.1	-0.04999	0	3061	1604	0.524	0.0625	1.003	3082	28.61	-0.08527	-0.02897	3029	1592	0.5256	0.0641	1.006	0	0.1605
chr11	49000000	50000000	0.3649	-0.0899	0.0299	0	0.0625	0	1518	30.21	-0.06883	0.02325	1505	1057	0.7023	0.06667	1.108	1993	31.43	-0.08037	0.003532	1969	1542	0.7831	0.0625	1.235	1515	26.84	-0.1772	-0.03961	1488	1050	0.7056	0.07143	1.113	0.05063	0.2345
chr11	50000000	51000000	0.3873	-0.0966	0.0246	0	0.0625	0	1361	29.8	-0.08843	0.01133	1326	765	0.5769	0.06	0.8643	2041	31.56	-0.0745	0.01849	1997	1767	0.8848	0.06	1.326	1355	27.21	-0.1576	-0.04202	1329	768	0.5779	0.06522	0.8657	0.04439	0.1993
chr11	51000000	52000000	0.4004	-2.118	0.044	0	0.1036	1	1688	7.362	-2.106	0.01238	179	73	0.4078	NA	1.057	1945	7.616	-2.125	-0.006892	213	82	0.385	NA	0.9976	1816	6.93	-2.131	-0.02436	150	66	0.44	NA	1.14	-0.114	0.152
chr11	52000000	53000000	0.4011	-2.205	0.0773	0	0.1	1	2328	7.051	-2.168	0.0371	264	123	0.4659	NA	1.143	2407	7.114	-2.224	-0.01902	265	109	0.4113	NA	1.009	2259	7.254	-2.065	0.1253	243	115	0.4733	NA	1.161	-0.08746	0.05658
chr11	53000000	54000000	0.4009	-2.39	0.0457	0	0.1167	1	2291	6.095	-2.378	0.01279	213	95	0.446	NA	1.07	2124	6.641	-2.323	0.06723	191	59	0.3089	NA	0.7413	2201	5.912	-2.36	0.01368	180	82	0.4556	NA	1.093	-0.09954	0.05279
chr11	54000000	55000000	0.3883	-0.6985	0.1199	1	0.069	0	2976	20.04	-0.6607	NA	1678	1334	0.795	0.0625	1.09	2990	21.49	-0.629	NA	1712	1333	0.7786	0.06667	1.068	2888	18.99	-0.6766	NA	1655	1332	0.8048	0.06757	1.104	0	0.1926
chr11	55000000	56000000	0.3664	-0.0909	0.0207	0	0.0617	0	1698	29.6	-0.09853	-0.004176	1682	1188	0.7063	0.06667	1.022	1716	31.92	-0.05797	0.03041	1702	1201	0.7056	0.06	1.021	1707	27.9	-0.1216	0.01981	1694	1199	0.7078	0.06522	1.024	-0.02554	0.2065
chr11	56000000	57000000	0.3641	-0.0574	0.019	0	0.0602	0	1584	30.65	-0.04804	0.01801	1564	1258	0.8043	0.06522	1.09	1709	32.17	-0.04693	0.0009973	1698	1213	0.7144	0.0625	0.9684	1491	28.35	-0.09833	0.01142	1471	1159	0.7879	0.0625	1.068	0.008851	0.205
chr11	57000000	58000000	0.4513	0.0304	0.0171	0	0.06	0	1027	32.7	0.04549	0.0002749	1024	681	0.665	0.05882	1.112	1081	34.28	0.045	0.01789	1074	751	0.6993	0.05556	1.169	900	31.52	0.05467	0.004201	892	526	0.5897	0.0625	0.9859	0	0.1155
chr11	58000000	59000000	0.3848	0.0069	0.0155	0	0.0588	0	1784	31.24	-0.02033	-0.02088	1775	1218	0.6862	0.0633	1.153	1779	33.58	0.01495	0.004047	1770	1209	0.6831	0.06	1.148	1742	30.52	0.007967	0.03175	1728	1269	0.7344	0.06098	1.234	-0.02647	0.1375
chr11	59000000	60000000	0.4079	0.0498	0.022	0	0.0596	0	851	32.23	0.02447	-0.02397	849	363	0.4276	0.0625	0.5889	1041	34.77	0.06531	0.01517	1040	822	0.7904	0.05556	1.089	1246	31.62	0.05942	0.003291	1244	890	0.7154	0.06098	0.9854	-0.05063	0.1375
chr11	60000000	61000000	0.4191	0.0665	0.0145	0	0.0586	0	1618	32.63	0.04216	-0.02905	1603	965	0.602	0.0625	1.027	1627	34.77	0.06559	0.003299	1616	834	0.5161	0.05882	0.8805	1647	32.2	0.08559	0.01643	1629	1116	0.6851	0.05792	1.169	-0.04731	0.1069
chr11	61000000	62000000	0.5144	0.1134	0.0444	0	0.0589	0	994	35.17	0.1506	-0.01073	956	543	0.568	0.06	1.003	943	36.03	0.1167	0.01611	921	432	0.4691	0.05086	0.8281	968	34.06	0.1664	-0.01482	932	520	0.5579	0.06387	0.9851	0	0.06711
chr11	62000000	63000000	0.4784	0.0627	0.0221	0	0.0597	0	1307	33.32	0.07244	-0.0173	1289	834	0.647	0.0625	1.025	1473	34.27	0.04459	-0.000898	1445	1039	0.719	0.05814	1.139	1164	33.23	0.1308	0.01849	1142	692	0.606	0.06174	0.9595	-0.0217	0.05247
chr11	63000000	64000000	0.4398	0.0507	0.0189	0	0.061	0	1258	33.07	0.06153	-0.003608	1248	505	0.4046	0.06	0.7984	1161	34.03	0.03455	-0.0101	1158	585	0.5052	0.06	0.9968	1559	31.96	0.07463	0.005641	1544	783	0.5071	0.06	1.001	-0.0199	0.09954
chr11	64000000	65000000	0.5427	0.173	0.0519	0	0.0566	0	1042	36.87	0.2186	-0.01824	1038	513	0.4942	0.05556	0.9231	968	37.42	0.1712	0.01758	961	349	0.3632	0.06098	0.6783	1019	36.09	0.25	0.007033	1012	403	0.3982	0.06098	0.7438	0.01511	0.0458
chr11	65000000	66000000	0.5178	0.1493	0.0529	0	0.0568	0	1001	36.05	0.1862	-0.01832	991	443	0.447	0.05556	0.8166	931	36.53	0.1365	0.001824	920	279	0.3033	0.05319	0.554	891	36.15	0.2524	0.03133	879	346	0.3936	0.05	0.7191	0	0
chr11	66000000	67000000	0.4952	0.1109	0.0272	0	0.058	0	839	35.63	0.1694	0.02193	831	527	0.6342	0.05556	1.286	556	35.48	0.0944	-0.005371	553	111	0.2007	0.05263	0.4071	871	34.34	0.1784	0.01212	860	605	0.7035	0.05814	1.427	0.01841	0.07595
chr11	67000000	68000000	0.5008	0.123	0.0332	0	0.0587	0	1536	35.34	0.1574	-0.002127	1511	826	0.5467	0.06	1.186	1820	35.45	0.09332	-0.01179	1801	1100	0.6108	0.06098	1.325	1818	34.68	0.1924	0.01054	1810	1229	0.679	0.05814	1.473	0.01749	0.06277
chr11	68000000	69000000	0.4868	0.0967	0.0298	0	0.0602	0	1049	34.66	0.1296	0.005683	1022	639	0.6252	0.06	1.012	972	35.74	0.1052	0.02137	959	503	0.5245	0.05882	0.8489	996	33.51	0.1428	-0.004466	981	477	0.4862	0.05932	0.7869	0	0.07698
chr11	69000000	70000000	0.5192	0.1	0.036	0	0.0581	0	1616	35.66	0.1703	0.01712	1595	835	0.5235	0.06098	0.9039	1814	35.66	0.1019	0.01653	1779	1025	0.5762	0.05814	0.9948	1850	32.92	0.1173	-0.05327	1821	1147	0.6299	0.06	1.087	0.03847	0.1203
chr11	70000000	71000000	0.5088	0.0666	0.0213	0	0.0568	0	1329	35.19	0.1512	0.0384	1325	673	0.5079	0.05882	0.8824	1289	35.85	0.1096	0.05769	1277	779	0.61	0.05172	1.06	1308	32.76	0.1102	-0.01521	1288	711	0.552	0.05814	0.959	0.02509	0.1359
chr11	71000000	72000000	0.4724	0.0706	0.0208	0	0.0568	0	1989	33.41	0.07629	-0.01767	1956	1331	0.6805	0.0625	1.155	2046	34.75	0.0646	0.007309	2023	1397	0.6906	0.06	1.172	1727	32.73	0.1092	-0.01159	1703	1413	0.8297	0.05556	1.408	0	0.1096
chr11	72000000	73000000	0.4711	0.0849	0.0213	0	0.0585	0	1138	33.62	0.08562	-0.02793	1129	688	0.6094	0.05848	1.372	1009	35	0.07497	-0.0004554	997	466	0.4674	0.05882	1.052	958	33.63	0.148	0.01202	951	422	0.4437	0.06522	0.999	-0.02385	0.07595
chr11	73000000	74000000	0.4499	0.0961	0.0455	0	0.0583	0	720	34.34	0.1158	0.001704	715	460	0.6434	0.06174	0.9702	605	35.89	0.1111	0.01663	602	292	0.485	0.05556	0.7315	852	34.27	0.1752	0.05194	850	498	0.5859	0.06098	0.8836	-0.06413	0.04439
chr11	74000000	75000000	0.4176	0.0602	0.0318	0	0.0588	0	1106	32.52	0.03722	-0.02421	1103	573	0.5195	0.06667	0.8376	918	34.07	0.03585	-0.01594	916	357	0.3897	0.05882	0.6284	1155	32.6	0.1031	0.03831	1153	663	0.575	0.05882	0.9272	-0.0451	0.05155
chr11	75000000	76000000	0.4653	0.1059	0.013	0	0.0587	0	940	34.15	0.108	-0.01916	939	595	0.6337	0.05882	1.114	901	35.81	0.1078	0.009242	900	455	0.5056	0.05556	0.8885	954	33.95	0.1618	0.01252	950	525	0.5526	0.06	0.9712	-0.01937	0.09622
chr11	76000000	77000000	0.4496	0.0809	0.018	0	0.0597	0	1094	33.24	0.06924	-0.02946	1081	692	0.6401	0.05882	0.9396	1291	34.9	0.07059	-0.008705	1279	656	0.5129	0.05882	0.7528	1215	32.85	0.1144	0.006275	1213	1096	0.9035	0.0625	1.326	-0.02347	0.05552
chr11	77000000	78000000	0.4308	0.0557	0.016	0	0.0578	0	1149	32.46	0.03498	-0.02898	1136	752	0.662	0.05556	0.8707	1036	34.87	0.06966	0.01846	1023	572	0.5591	0.05882	0.7354	1095	32.21	0.0857	0.0008833	1083	957	0.8837	0.05882	1.162	-0.037	0.1211
chr11	78000000	79000000	0.4333	0.0441	0.0142	0	0.0584	0	942	32.48	0.03554	-0.01839	937	279	0.2978	0.06098	0.6148	1088	34.47	0.05287	0.01623	1078	536	0.4972	0.05556	1.027	972	32.25	0.08784	0.02284	964	435	0.4512	0.0625	0.9317	-0.03953	0.08246
chr11	79000000	80000000	0.4196	-0.0172	0.0165	0	0.0591	0	1166	31.76	0.003262	0.01646	1162	691	0.5947	0.06522	0.9137	1236	32.86	-0.01618	0.007151	1229	712	0.5793	0.0625	0.8902	1224	29.63	-0.0344	-0.01626	1215	894	0.7358	0.06	1.131	0	0.147
chr11	80000000	81000000	0.3737	-0.0764	0.0278	0	0.06	0	1120	30.17	-0.07093	0.01453	1119	705	0.63	0.0625	0.9508	1173	32.03	-0.05323	0.01921	1171	715	0.6106	0.05882	0.9215	1211	28.12	-0.11	-0.0009481	1209	895	0.7403	0.07143	1.117	0.02272	0.1876
chr11	81000000	82000000	0.3576	-0.0597	0.0375	0	0.061	0	1246	30.36	-0.06173	0	1239	1095	0.8838	0.06667	1.253	1801	32.09	-0.0503	0.003781	1790	1286	0.7184	0.0625	1.019	934	27.69	-0.132	-0.003672	930	765	0.8226	0.06522	1.166	0	0.2295
chr11	82000000	83000000	0.3779	-0.0027	0.0203	0	0.06	0	1448	31.13	-0.02537	-0.01534	1437	895	0.6228	0.06	0.9625	1636	32.65	-0.02529	-0.0209	1607	1004	0.6248	0.06	0.9655	1124	30.05	-0.01437	0.007135	1101	784	0.7121	0.0625	1.1	-0.04182	0.07039
chr11	83000000	84000000	0.3914	0.0163	0.0106	0	0.0588	0	1250	31.57	-0.005482	-0.01046	1245	927	0.7446	0.05882	1.218	1289	33.4	0.007398	-0.003268	1283	881	0.6867	0.06	1.123	902	30.76	0.01936	0.009341	901	379	0.4206	0.0625	0.6881	-0.04064	0.1635
chr11	84000000	85000000	0.3656	-0.0601	0.0255	0	0.0625	0	1160	30.12	-0.07292	-0.01329	1148	691	0.6019	0.06098	1.086	1220	31.93	-0.05758	-0.003479	1213	725	0.5977	0.06522	1.078	1146	28.16	-0.1081	0.004968	1137	598	0.5259	0.06	0.9487	-0.02046	0.1926
chr11	85000000	86000000	0.3809	0.0067	0.0242	0	0.0625	0	906	31.29	-0.01816	-0.02038	901	534	0.5927	0.05882	1.061	781	33.3	0.003285	-0.009405	777	478	0.6152	0.0625	1.101	919	30.09	-0.01222	-0.005206	910	491	0.5396	0.0625	0.9659	0	0.1751
chr11	86000000	87000000	0.4097	0.0416	0.0171	0	0.0594	0	1906	32.21	0.02373	-0.02165	1895	1466	0.7736	0.06	1.097	1631	33.82	0.02548	-0.02026	1614	1109	0.6871	0.05882	0.9746	1575	31.8	0.06751	0.02415	1570	1173	0.7471	0.06098	1.06	-0.02802	0.09165
chr11	87000000	88000000	0.3788	-0.0367	0.0185	0	0.0594	0	2241	30.53	-0.05348	-0.008317	2203	1230	0.5583	0.06098	0.9686	2054	32.64	-0.02569	0.00938	2023	1776	0.8779	0.05882	1.523	2153	29.06	-0.06279	0	2124	1321	0.6219	0.06522	1.079	-0.03395	0.142
chr11	88000000	89000000	0.3692	-0.0144	0.0169	0	0.0612	0	1952	30.85	-0.03874	-0.02262	1939	1221	0.6297	0.06	1.02	1812	33.67	0.01909	0.02723	1801	1215	0.6746	0.0625	1.093	1950	29.79	-0.02663	0.0208	1941	987	0.5085	0.0625	0.8239	-0.02857	0.1699
chr11	89000000	90000000	0.3637	-0.0885	0.0223	0	0.0698	0	1179	29.32	-0.112	-0.01484	1140	909	0.7974	0.06522	1.025	508	31.76	-0.06517	0.01475	418	118	0.2823	0.1312	0.3628	1265	27.03	-0.1672	-0.02341	1199	1056	0.8807	0.07143	1.132	-0.02466	0.2295
chr11	90000000	91000000	0.3579	-0.1139	0.0266	0	0.0613	0	846	29.38	-0.1089	0.01157	810	41	0.05062	0.04839	0.08422	1261	30.59	-0.1192	-0.01245	1201	625	0.5204	0.06	0.8659	875	26.72	-0.1838	-0.003582	844	196	0.2322	0.08477	0.3864	0.02018	0.1864
chr11	91000000	92000000	0.3608	-0.1053	0.0184	0	0.0621	0	1631	29.57	-0.09985	0.01095	1620	844	0.521	0.06	0.8725	1739	31.17	-0.0921	0.007914	1732	940	0.5427	0.06098	0.9089	1595	26.79	-0.1801	-0.01949	1589	836	0.5261	0.06667	0.8811	0	0.2425
chr11	92000000	93000000	0.3965	-0.0844	0.014	0	0.0621	0	1418	30.4	-0.05997	0.03533	1417	1044	0.7368	0.06	1.085	1494	31.37	-0.08298	-2.422e-05	1486	1100	0.7402	0.06522	1.09	1635	27.38	-0.1484	-0.0713	1617	1054	0.6518	0.06667	0.9598	0.02915	0.1926
chr11	93000000	94000000	0.4006	-0.0163	0.0106	0	0.0591	0	1388	31.66	-0.001192	0.01999	1374	373	0.2715	0.06098	0.5221	1458	33.59	0.01539	0.03137	1431	579	0.4046	0.05882	0.7781	1434	29.94	-0.01972	-0.01787	1416	490	0.346	0.06	0.6655	-0.0217	0.152
chr11	94000000	95000000	0.4079	0.0056	0.011	0	0.06	0	1366	31.28	-0.01856	-0.02281	1353	437	0.323	0.05882	0.6777	1589	33.33	0.004501	-0.001436	1575	838	0.5321	0.0625	1.116	1319	30.6	0.01193	0	1316	556	0.4225	0.06	0.8865	-0.02857	0.1125
chr11	95000000	96000000	0.3907	0.0139	0.0257	0	0.061	0	1071	31.5	-0.00871	-0.02132	1066	672	0.6304	0.0625	0.9825	1146	33.12	-0.004593	-0.01235	1133	746	0.6584	0.05882	1.026	953	31.21	0.04061	0.04367	949	450	0.4742	0.0641	0.7391	-0.04439	0.08017
chr11	96000000	97000000	0.3789	-0.01	0.0168	0	0.0585	0	1802	31.17	-0.02364	-0.002379	1784	1383	0.7752	0.05814	1.156	1365	33.04	-0.008063	0	1351	1048	0.7757	0.05556	1.157	1625	30.61	0.01221	0.04102	1603	1337	0.8341	0.06098	1.244	-0.04373	0.1031
chr11	97000000	98000000	0.3573	-0.0642	0.0333	0	0.0605	0	1493	29.82	-0.08774	-0.02164	1486	743	0.5	0.0625	1.053	1458	32.07	-0.05114	0.00585	1454	823	0.566	0.0625	1.192	1475	27.67	-0.1331	0.001036	1464	687	0.4693	0.06667	0.9879	0	0.2295
chr11	98000000	99000000	0.3552	-0.0998	0.0325	0	0.0629	0	2441	29.42	-0.107	-0.01185	2431	1558	0.6409	0.06522	1.246	2034	31.13	-0.09414	-0.001569	2028	957	0.4719	0.0625	0.9174	2393	26.5	-0.1959	-0.03028	2379	1336	0.5616	0.06667	1.092	0.02346	0.2141
chr11	99000000	100000000	0.348	-0.0998	0.0285	0	0.0625	0	1939	29.22	-0.1171	-0.02146	1922	802	0.4173	0.06594	0.8382	2024	31.25	-0.08837	0.00677	1999	991	0.4957	0.0641	0.9959	2103	27.2	-0.1579	0.02811	2092	944	0.4512	0.07143	0.9065	0	0.2035
chr11	100000000	101000000	0.3745	-0.0573	0.0133	0	0.0594	0	1446	30.16	-0.07119	-0.007104	1436	1055	0.7347	0.05882	1.028	1644	32.23	-0.04383	0.01075	1638	1271	0.7759	0.06	1.085	1367	27.52	-0.1413	-0.05087	1361	923	0.6782	0.06667	0.9486	0	0.2095
chr11	101000000	102000000	0.3769	-0.0349	0.0238	0	0.06	0	1500	30.32	-0.06356	-0.01223	1439	829	0.5761	0.0625	0.7678	1309	32.26	-0.04257	-0.01155	1295	997	0.7699	0.05882	1.026	1806	28.48	-0.09163	-0.0266	1790	1500	0.838	0.0641	1.117	0	0.2141
chr11	102000000	103000000	0.3988	0.0499	0.0097	0	0.0585	0	1245	32.31	0.02824	-0.01465	1240	864	0.6968	0.0641	1.126	1189	34.46	0.05242	-0.0002208	1182	878	0.7428	0.05882	1.201	1388	33.06	0.1234	0.06922	1381	994	0.7198	0.05814	1.163	-0.04811	0.04977
chr11	103000000	104000000	0.3707	-0.0085	0.0264	0	0.0585	0	1832	30.71	-0.04526	-0.03208	1830	1002	0.5475	0.0625	1.005	1640	32.67	-0.02468	-0.02183	1638	616	0.3761	0.05882	0.6904	1730	28.95	-0.06786	-0.02774	1726	927	0.5371	0.0625	0.986	0	0.1751
chr11	104000000	105000000	0.3589	-0.0551	0.023	0	0.06	0	1704	29.94	-0.08174	-0.02243	1696	1007	0.5938	0.06667	1.094	1596	31.96	-0.0564	-0.006717	1586	553	0.3487	0.05556	0.6422	1710	28.09	-0.1116	0.008943	1701	1102	0.6479	0.06667	1.193	-0.02308	0.1468
chr11	105000000	106000000	0.3562	-0.0636	0.0403	0	0.06	0	1142	30.02	-0.07794	-0.01894	1134	361	0.3183	0.06522	0.6012	1059	31.95	-0.05679	0.0004851	1053	152	0.1443	0.06712	0.2726	1234	27.73	-0.1303	0.009724	1218	513	0.4212	0.07143	0.7954	0	0.1864
chr11	106000000	107000000	0.3694	-0.0623	0.0204	0	0.0625	0	1321	30.42	-0.05887	0.005805	1318	1037	0.7868	0.0625	1.446	1323	31.94	-0.05693	-0.000894	1320	793	0.6008	0.05882	1.104	1230	28.66	-0.08251	0.01282	1225	589	0.4808	0.0625	0.8834	0	0.1333
chr11	107000000	108000000	0.3938	-0.0112	0.0185	0	0.061	0	1770	32	0.01402	0.02875	1760	1338	0.7602	0.06	1.135	1398	33.49	0.01145	0.02225	1387	895	0.6453	0.06	0.9631	1901	29.82	-0.02536	-0.003175	1868	1090	0.5835	0.0625	0.8709	0.02509	0.1829
chr11	108000000	109000000	0.3923	0.026	0.0163	0	0.0583	0	696	32.16	0.0215	0.01237	691	268	0.3878	0.06049	0.8357	665	34.36	0.04842	0.02513	660	210	0.3182	0.06049	0.6856	749	31.31	0.04483	0.01576	741	364	0.4912	0.07143	1.058	-0.02138	0.1375
chr11	109000000	110000000	0.3837	0.0183	0.018	0	0.0568	0	748	30.93	-0.03472	-0.04842	735	321	0.4367	0.05882	0.7866	817	33.72	0.0212	-0.0006876	802	272	0.3392	0.06712	0.6109	732	30.86	0.0243	0.03108	721	320	0.4438	0.05941	0.7994	-0.05658	0.1293
chr11	110000000	111000000	0.3961	0.0639	0.0172	0	0.0605	0	835	32.92	0.055	0.001232	831	317	0.3815	0.0625	0.5631	898	35.19	0.08282	0.0175	889	579	0.6513	0.06	0.9613	895	32.88	0.1154	0.04841	891	467	0.5241	0.06667	0.7736	-0.06228	0.1186
chr11	111000000	112000000	0.4146	0.0706	0.0192	0	0.0588	0	1171	32.85	0.05198	-0.01143	1165	617	0.5296	0.0625	0.9844	1396	35.15	0.08089	0.01696	1390	959	0.6899	0.06	1.282	1241	32.6	0.1033	0.03768	1237	527	0.426	0.0625	0.7919	-0.03953	0.1019
chr11	112000000	113000000	0.4238	0.0229	0.0145	0	0.0588	0	1510	32.17	0.02198	-0.005896	1508	766	0.508	0.05685	1.014	1291	34.17	0.04024	0.01825	1289	693	0.5376	0.06098	1.073	1642	31.38	0.04802	-0.007289	1637	923	0.5638	0.0625	1.125	-0.02385	0.1354
chr11	113000000	114000000	0.4369	-0.0072	0.0244	0	0.0588	0	980	32.6	0.04085	0.04132	977	536	0.5486	0.05882	0.8284	1034	33.17	-0.002483	0.01157	1032	750	0.7267	0.05882	1.097	1092	29.78	-0.02747	-0.04934	1091	845	0.7745	0.0625	1.169	0.05514	0.1444
chr11	114000000	115000000	0.4205	-0.0131	0.0117	0	0.0588	0	1081	31.74	0.00226	0.01228	1076	284	0.2639	0.06594	0.4913	1498	32.75	-0.02115	-0.001646	1486	997	0.6709	0.05556	1.249	988	29.77	-0.02754	-0.02455	979	296	0.3023	0.06522	0.5628	0.02425	0.1274
chr11	115000000	116000000	0.4209	0.0133	0.0213	0	0.0594	0	899	32.17	0.02183	0.005451	896	329	0.3672	0.05556	0.6233	1202	33.37	0.005914	-0.001823	1197	816	0.6817	0.05882	1.157	780	30.33	-0.001012	-0.0308	774	138	0.1783	0.05882	0.3027	0	0.1203
chr11	116000000	117000000	0.4517	0.0565	0.0142	0	0.061	0	1256	32.77	0.04846	-0.02455	1245	646	0.5189	0.05882	0.8416	1352	34.21	0.04179	-0.00945	1339	821	0.6131	0.05814	0.9946	1131	31.73	0.06419	-0.01119	1126	436	0.3872	0.0625	0.6281	0	0.1013
chr11	117000000	118000000	0.4793	0.0905	0.0301	0	0.0594	0	1150	34.4	0.1187	0.004497	1137	516	0.4538	0.0641	0.8104	1232	34.75	0.06473	-0.01068	1209	758	0.627	0.05882	1.12	1134	33.76	0.1536	0.01715	1119	483	0.4316	0.05263	0.7708	-0.01911	0.0458
chr11	118000000	119000000	0.4629	0.086	0.0377	0	0.0578	0	1496	34.51	0.1231	0.01701	1471	927	0.6302	0.05932	0.956	1447	35.21	0.08356	0.008784	1411	583	0.4132	0.05882	0.6268	1346	33.62	0.1479	0.01994	1329	901	0.678	0.06	1.028	0.01465	0.07039
chr11	119000000	120000000	0.4923	0.0906	0.0426	0	0.0588	0	1438	34.61	0.1274	0.007059	1419	786	0.5539	0.06	1.027	1407	35.66	0.1019	0.02757	1397	867	0.6206	0.05556	1.151	1421	33.58	0.146	-0.0002575	1404	713	0.5078	0.06	0.9417	0	0.078
chr11	120000000	121000000	0.4652	0.0804	0.0157	0	0.0599	0	1268	33.32	0.07263	-0.02743	1250	853	0.6824	0.06522	1.009	1376	35.57	0.09812	0.02508	1359	927	0.6821	0.06	1.008	1293	32.2	0.08566	-0.0381	1285	865	0.6732	0.0625	0.9951	-0.03953	0.1333
chr11	121000000	122000000	0.4121	0.0625	0.0213	0	0.0611	0	1293	32.81	0.05017	-0.01534	1286	764	0.5941	0.06	1.078	1384	34.74	0.06426	0.00434	1371	768	0.5602	0.0625	1.016	1218	33.21	0.1299	0.05291	1210	736	0.6083	0.05556	1.103	-0.03953	0.078
chr11	122000000	123000000	0.4108	0.0109	0.0149	0	0.0617	0	1157	31.99	0.0138	0.001286	1146	581	0.507	0.06667	0.8114	1489	33.34	0.004886	-0.00276	1472	898	0.6101	0.0625	0.9764	1194	31.08	0.03461	0.00984	1182	598	0.5059	0.06522	0.8097	0	0.1155
chr11	123000000	124000000	0.4285	0.0161	0.0223	0	0.0605	0	1719	32.84	0.0515	0.03019	1708	1216	0.7119	0.05882	1.102	1251	33.42	0.00841	-0.002338	1247	756	0.6063	0.05556	0.9386	1635	31.32	0.04543	-0.008651	1628	1057	0.6493	0.06522	1.005	0	0.09622
chr11	124000000	125000000	0.4012	-0.0134	0.0217	0	0.06	0	1687	31.28	-0.01863	-0.004949	1680	1328	0.7905	0.06	1.003	1537	32.87	-0.01568	-0.003407	1535	1189	0.7746	0.0625	0.9829	1653	29.48	-0.04196	-0.04371	1652	1193	0.7222	0.0641	0.9163	0	0.1468
chr11	125000000	126000000	0.439	0.0163	0.0201	0	0.0597	0	1373	33.2	0.06751	0.03817	1364	603	0.4421	0.0641	0.7963	1323	34.52	0.0548	0.04456	1316	508	0.386	0.05556	0.6953	1448	31.34	0.04646	0.01036	1434	687	0.4791	0.06098	0.8629	0	0.152
chr11	126000000	127000000	0.4684	0.042	0.0214	0	0.0592	0	1463	33.65	0.08666	0.0199	1462	499	0.3413	0.06098	0.5604	1816	34.65	0.06054	0.02866	1815	1128	0.6215	0.05172	1.021	1517	31.09	0.03504	-0.04904	1511	885	0.5857	0.05556	0.9617	0.02076	0.1333
chr11	127000000	128000000	0.3907	-0.0108	0.0131	0	0.0605	0	1078	31.45	-0.01065	0.00144	1072	778	0.7257	0.06	1.027	1404	32.84	-0.01694	0	1396	1024	0.7335	0.06098	1.038	1125	28.99	-0.06622	-0.03846	1112	859	0.7725	0.06757	1.093	0.05971	0.1575
chr11	128000000	129000000	0.4219	0.0783	0.0098	0	0.06	0	1220	32.95	0.05649	-0.02405	1210	766	0.6331	0.06098	0.9537	1411	35.39	0.09073	0.01533	1399	1070	0.7648	0.06	1.152	1253	32.78	0.1111	0.006421	1248	945	0.7572	0.0625	1.141	-0.04064	0.1186
chr11	129000000	130000000	0.4105	0.007	0.0115	0	0.0625	0	1257	31.78	0.004121	-0.006018	1223	905	0.74	0.06	1.058	1413	33.81	0.02517	0.01974	1407	980	0.6965	0.05556	0.9956	1045	30.28	-0.003136	-0.0226	1020	809	0.7931	0.06667	1.134	-0.02752	0.1651
chr11	130000000	131000000	0.4397	0.011	0.009	0	0.061	0	1164	32.69	0.04515	0.02111	1160	669	0.5767	0.0625	0.899	1244	33.44	0.009118	0.004171	1238	622	0.5024	0.0625	0.7832	1137	30.56	0.009862	-0.01943	1127	715	0.6344	0.05882	0.989	0.02078	0.1293
chr11	131000000	132000000	0.4314	-0.0399	0.0191	0	0.0591	0	1358	31.87	0.008431	0.03883	1345	825	0.6134	0.05882	0.9596	1404	32.71	-0.02263	0.02077	1387	516	0.372	0.05882	0.582	1452	29.24	-0.05391	-0.04032	1441	918	0.6371	0.0625	0.9966	0.0217	0.1375
chr11	132000000	133000000	0.4158	-0.0562	0.0276	0	0.0625	0	1558	31.54	-0.006674	0.04566	1547	1113	0.7195	0.0641	0.9726	1296	32.88	-0.01516	0.04903	1285	901	0.7012	0.0641	0.9479	1466	28.78	-0.07662	-0.02073	1457	1130	0.7756	0.06522	1.048	0.02346	0.1806
chr11	133000000	134000000	0.4409	-0.0327	0.0338	0	0.0597	0	988	32.07	0.01745	0.04219	979	630	0.6435	0.06466	0.9061	1184	33.34	0.004799	0.04604	1174	852	0.7257	0.06098	1.022	1175	28.76	-0.07739	-0.06315	1159	759	0.6549	0.06757	0.9221	0.0585	0.237
chr11	134000000	135000000	0.4664	-0.0094	0.0269	0	0.0625	0	2223	32.4	0.03214	0.0177	2110	1475	0.6991	0.0625	0.9124	1848	33.01	-0.009472	0.007739	1775	1443	0.813	0.06	1.061	1894	30.35	0.0002819	-0.0323	1821	1424	0.782	0.0625	1.021	0.02346	0.1186
chr11	135000000	135086622	0.4498	-0.0739	0.0635	0	0.0633	0	170	32.13	0.01992	0.0758	164	157	0.9573	0.07143	0.998	15	34	0.03308	0.1081	13	9	0.6923	0.03125	0.7218	170	28.46	-0.09264	-0.04592	161	156	0.9689	0.06	1.01	-0.04655	0.08023
chr12	0	1000000	0.4546	0.2803	0.0382	0	0.0729	0	2078	53.82	0.7643	0.4661	1902	1380	0.7256	0.1515	1.159	2001	40.57	0.2879	0.01462	1854	1127	0.6079	0.06863	0.9714	2291	38.09	0.3279	0.01139	2080	1492	0.7173	0.07692	1.146	0.3141	0.03953
chr12	1000000	2000000	0.4249	0.0884	0.035	0	0.0587	0	1029	50.82	0.6816	0.5853	995	366	0.3678	0.1593	0.6305	1049	35.53	0.09656	0.01404	1027	460	0.4479	0.05556	0.7678	1146	33.17	0.1283	0.01475	1115	637	0.5713	0.06	0.9793	0.5542	0.09954
chr12	2000000	3000000	0.4745	0.0482	0.0289	0	0.0646	0	1044	49.54	0.6448	0.5709	991	411	0.4147	0.1724	0.7642	1166	33.4	0.007213	-0.02249	1131	601	0.5314	0.06522	0.9792	1222	31.71	0.06332	-0.0302	1187	718	0.6049	0.06594	1.115	0.6063	0.08883
chr12	3000000	4000000	0.4706	0.0741	0.0168	0	0.0594	0	1905	50.9	0.6837	0.5802	1866	1154	0.6184	0.1667	1.036	1967	34.7	0.06253	-0.002749	1941	1368	0.7048	0.05556	1.181	1803	32.74	0.1093	-0.01275	1770	1007	0.5689	0.0641	0.9531	0.6018	0.07497
chr12	4000000	5000000	0.4286	0.063	0.0156	0	0.0585	0	1308	49.4	0.6405	0.5723	1280	641	0.5008	0.1618	0.936	1366	34.43	0.05139	-0.006258	1358	725	0.5339	0.05172	0.9979	1297	32.49	0.09829	-0.002693	1293	697	0.5391	0.06	1.008	0.5768	0.05063
chr12	5000000	6000000	0.4401	0.0306	0.0152	0	0.0599	0	1499	48.82	0.6237	0.5823	1465	885	0.6041	0.16	0.9818	1525	33.22	-0.0003646	-0.02491	1511	890	0.589	0.05882	0.9573	1686	30.68	0.01587	-0.03453	1658	1113	0.6713	0.06522	1.091	0.6046	0.0902
chr12	6000000	7000000	0.4976	0.1014	0.0377	0	0.0583	0	1164	52.14	0.7184	0.5805	1126	679	0.603	0.1667	0.8442	1172	35.02	0.07567	-0.01499	1150	817	0.7104	0.0641	0.9946	1345	34.2	0.1725	0.01229	1336	773	0.5786	0.05882	0.81	0.5906	0.03953
chr12	7000000	8000000	0.4255	0.0197	0.0099	0	0.0625	0	1589	48.54	0.6154	0.5883	1554	829	0.5335	0.16	0.9182	1851	33.48	0.01099	-0.002824	1833	1127	0.6148	0.06	1.058	1850	31.02	0.03154	-0.01386	1832	1116	0.6092	0.06522	1.048	0.5768	0.08489
chr12	8000000	9000000	0.43	0.0616	0.0098	0	0.0625	0	2244	49.82	0.6529	0.5831	2181	894	0.4099	0.1598	0.8178	2205	34.48	0.05325	-0.005326	2143	1107	0.5166	0.0625	1.031	2209	32.51	0.09925	0.008093	2117	700	0.3307	0.07143	0.6597	0.5661	0.0973
chr12	9000000	10000000	0.3988	0.0203	0.0365	0	0.0625	0	1981	47.92	0.5967	0.5834	1883	971	0.5157	0.1596	0.8792	2081	33.87	0.02743	0.004393	2028	848	0.4181	0.05882	0.713	2254	31.63	0.05978	0.03523	2185	1370	0.627	0.0625	1.069	0.5594	0.1186
chr12	10000000	11000000	0.3757	0.026	0.0225	0	0.061	0	1918	47.34	0.5793	0.5569	1882	642	0.3411	0.1667	0.6986	1817	33.81	0.02486	-0.006502	1804	532	0.2949	0.06098	0.6039	2000	30.45	0.004634	0.02128	1973	1119	0.5672	0.06522	1.161	0.5594	0.1635
chr12	11000000	12000000	0.4033	-0.0154	0.0596	0	0.0646	0	3015	44.31	0.4838	0.5061	2851	2013	0.7061	0.1418	1.029	2939	32.56	-0.02936	-0.009549	2780	2032	0.7309	0.07143	1.065	2835	29.88	-0.02248	-0.007839	2658	1900	0.7148	0.07143	1.042	0.5272	0.1255
chr12	12000000	13000000	0.4262	0.0446	0.0207	0	0.0605	0	1555	49.46	0.6423	0.5876	1515	909	0.6	0.161	1.033	1714	34.22	0.04237	0.003644	1697	1086	0.64	0.05556	1.102	1362	33.08	0.1245	0.05577	1350	557	0.4126	0.06098	0.7104	0.5406	0.0458
chr12	13000000	14000000	0.4154	0.027	0.0183	0	0.0605	0	1390	47.67	0.5891	0.556	1351	822	0.6084	0.1612	1.024	1432	32.87	-0.01548	-0.03615	1418	827	0.5832	0.0641	0.9817	1337	30.36	0.0007928	-0.02271	1325	751	0.5668	0.06667	0.954	0.585	0.1468
chr12	14000000	15000000	0.396	0.0091	0.0115	0	0.0621	0	1353	47.54	0.5853	0.5847	1325	690	0.5208	0.1667	0.9052	1314	33.26	0.001261	-0.009263	1296	627	0.4838	0.05882	0.8409	1608	30.85	0.0237	0.01152	1597	967	0.6055	0.05882	1.053	0.5233	0.1155
chr12	15000000	16000000	0.3744	-0.0066	0.0249	0	0.06	0	945	46.49	0.5529	0.5684	930	568	0.6108	0.1667	1.126	1004	33.36	0.005638	0.009977	1002	512	0.511	0.0625	0.9422	994	29.81	-0.02585	0.01808	994	359	0.3612	0.07143	0.666	0.5546	0.1699
chr12	16000000	17000000	0.3662	-0.0385	0.0146	0	0.0625	0	1021	46.57	0.5556	0.5977	1002	635	0.6337	0.1667	1.056	1260	32.94	-0.01259	0.01932	1259	716	0.5687	0.0625	0.9472	1033	28.9	-0.07069	0.01829	1031	674	0.6537	0.06522	1.089	0.5773	0.1979
chr12	17000000	18000000	0.3557	-0.0881	0.0218	0	0.0636	0	1671	44.66	0.4951	0.5786	1628	1062	0.6523	0.1667	0.9747	1551	31.62	-0.07148	0.00981	1538	985	0.6404	0.06522	0.9569	1601	26.98	-0.1696	-0.00811	1586	1130	0.7125	0.06667	1.065	0.6147	0.237
chr12	18000000	19000000	0.3636	-0.104	0.023	0	0.0659	0	1137	45.04	0.5073	0.6166	1112	758	0.6817	0.1667	0.8999	998	31.93	-0.05746	0.03797	996	537	0.5392	0.0641	0.7118	1315	26.73	-0.1833	-0.02098	1304	1100	0.8436	0.06667	1.114	0.6239	0.263
chr12	19000000	20000000	0.3911	-0.0622	0.0268	0	0.0625	0	1867	46.63	0.5574	0.63	1835	1208	0.6583	0.1667	1.069	2047	33.27	0.001707	0.07143	2040	1189	0.5828	0.06098	0.9466	1778	28.06	-0.1131	-0.04007	1773	1290	0.7276	0.06667	1.182	0.611	0.237
chr12	20000000	21000000	0.3653	-0.0724	0.0326	0	0.0628	0	2175	45.21	0.5128	0.5847	2145	1045	0.4872	0.1596	0.8837	2030	32.23	-0.0442	0.02402	2028	802	0.3955	0.05882	0.7173	2237	27.59	-0.1372	-0.01381	2230	1049	0.4704	0.06522	0.8533	0.611	0.2035
chr12	21000000	22000000	0.3663	-0.061	0.0199	0	0.0625	0	1360	45.57	0.5244	0.589	1330	575	0.4323	0.1667	0.8304	1461	32.25	-0.04327	0.01441	1457	694	0.4763	0.06	0.9149	1712	28.09	-0.1115	0	1701	895	0.5262	0.06522	1.011	0.596	0.1926
chr12	22000000	23000000	0.3776	-0.0446	0.0283	0	0.0625	0	980	45.8	0.5315	0.5891	961	524	0.5453	0.1667	0.8164	1022	32.49	-0.03244	0.01212	1015	572	0.5635	0.0633	0.8438	1082	28.97	-0.06686	0.003297	1077	702	0.6518	0.06522	0.9759	0.558	0.1876
chr12	23000000	24000000	0.3605	-0.0444	0.0189	0	0.06	0	1239	45.07	0.5081	0.5573	1207	777	0.6437	0.1667	1.082	776	31.57	-0.07396	-0.03118	774	236	0.3049	0.0625	0.5123	1226	28.54	-0.08886	0.0103	1221	735	0.602	0.06522	1.011	0.5594	0.142
chr12	24000000	25000000	0.3797	0.0373	0.0193	0	0.0588	0	1541	47.12	0.5725	0.5364	1509	796	0.5275	0.1605	0.8464	1438	33.62	0.01708	-0.024	1424	659	0.4628	0.05556	0.7426	1487	31.15	0.03783	0.02662	1474	945	0.6411	0.06	1.029	0.5463	0.1155
chr12	25000000	26000000	0.39	0.0526	0.0258	0	0.0613	0	1790	47.95	0.5976	0.5463	1742	857	0.492	0.1667	0.9358	1658	34.08	0.03632	-0.01182	1648	723	0.4387	0.05556	0.8345	1900	32.14	0.08289	0.04011	1896	1256	0.6624	0.05882	1.26	0.5406	0.078
chr12	26000000	27000000	0.3901	0.0561	0.0211	0	0.0588	0	1289	48.15	0.6038	0.549	1271	649	0.5106	0.16	0.8706	1424	34.27	0.04464	-0.006119	1417	861	0.6076	0.05814	1.036	1382	32.22	0.08615	0.04224	1376	738	0.5363	0.06667	0.9145	0.5436	0.07497
chr12	27000000	28000000	0.3979	0.0711	0.0189	0	0.0588	0	1460	49.32	0.6383	0.5746	1436	851	0.5926	0.1667	0.9493	1644	34.87	0.06939	-0.0009074	1641	1192	0.7264	0.05769	1.164	1548	32.65	0.1053	0.02504	1542	943	0.6115	0.05882	0.9796	0.5463	0.1019
chr12	28000000	29000000	0.367	-0.0145	0.0263	0	0.0617	0	1763	46.03	0.5387	0.5568	1722	1224	0.7108	0.1591	1.172	1786	32.42	-0.03545	-0.02754	1781	1285	0.7215	0.06098	1.189	1509	29.1	-0.06052	-0.001405	1504	329	0.2188	0.05556	0.3606	0.5773	0.1575
chr12	29000000	30000000	0.3857	-0.0139	0.0267	0	0.0605	0	1950	47.68	0.5894	0.6066	1907	1451	0.7609	0.1667	1.438	1955	33.18	-0.002178	0.01331	1950	1267	0.6497	0.0625	1.228	1378	30	-0.01642	0.02378	1375	608	0.4422	0.06667	0.8359	0.5995	0.1468
chr12	30000000	31000000	0.4061	0.0018	0.0234	0	0.0588	0	2215	47.62	0.5876	0.5828	2172	1741	0.8016	0.16	1.09	1889	32.27	-0.04231	-0.04175	1877	1179	0.6281	0.05882	0.8541	1857	29.14	-0.05839	-0.0605	1844	914	0.4957	0.0625	0.674	0.6265	0.1468
chr12	31000000	32000000	0.4287	0.046	0.0272	0	0.0594	0	1600	49.39	0.6405	0.5866	1543	985	0.6384	0.1604	1.001	2011	34.15	0.03961	-0.001039	1983	1299	0.6551	0.05882	1.027	1842	32.39	0.09392	0.009943	1817	1139	0.6269	0.06	0.9832	0.5431	0.08746
chr12	32000000	33000000	0.4109	0.0181	0.0242	0	0.06	0	1670	47.97	0.5981	0.5782	1634	883	0.5404	0.162	0.7803	1742	33.1	-0.005477	-0.02032	1729	1133	0.6553	0.06	0.9463	2170	31.12	0.03622	0.00179	2165	1651	0.7626	0.05882	1.101	0.585	0.08489
chr12	33000000	34000000	0.3673	-0.059	0.0229	0	0.0597	0	1445	45.03	0.507	0.5732	1402	1166	0.8317	0.1596	1.026	2003	31.86	-0.06065	-0.004277	1982	1559	0.7866	0.0625	0.97	986	28.1	-0.1111	-0.01379	983	599	0.6094	0.06	0.7515	0.5762	0.2095
chr12	34000000	35000000	0.4168	-0.3449	0.2013	1	0.0662	0	2054	38.53	0.282	NA	1464	1141	0.7794	0.1667	1.197	1987	27.89	-0.2529	NA	1500	1199	0.7993	0.06604	1.228	1881	25.98	-0.2244	NA	1463	1168	0.7984	0.06522	1.226	0.6077	0.142
chr12	35000000	36000000	0.3855	-1.933	0.1098	1	0.112	1	2157	9.91	-1.677	NA	450	226	0.5022	NA	1.017	1964	8.908	-1.899	NA	368	199	0.5408	NA	1.095	1636	7.685	-1.981	NA	271	148	0.5461	NA	1.106	0.5406	0.263
chr12	36000000	37000000	0.3855	-2.106	0.1066	1	0.1154	1	2703	8.089	-1.97	NA	515	236	0.4583	NA	0.9344	2551	7.66	-2.117	NA	465	232	0.4989	NA	1.017	2155	6.273	-2.274	NA	381	221	0.5801	NA	1.183	0.4107	0.2259
chr12	37000000	38000000	0.3785	-0.2539	0.0481	0	0.0679	0	2640	40.65	0.3592	0.6188	2032	1598	0.7864	0.1596	1.227	2578	28.57	-0.2181	0.03449	2056	1646	0.8006	0.06667	1.25	2506	25.47	-0.2527	0.0235	2030	1634	0.8049	0.07143	1.256	0.6077	0.1699
chr12	38000000	39000000	0.376	-0.0506	0.0293	0	0.0625	0	1832	46.24	0.5451	0.6003	1779	1131	0.6358	0.1667	1.015	1341	32.56	-0.02939	0.01011	1340	461	0.344	0.0625	0.5493	1822	28.15	-0.1083	-0.01648	1810	1161	0.6414	0.06522	1.024	0.6063	0.1926
chr12	39000000	40000000	0.3708	-0.0017	0.0303	0	0.06	0	1140	46.84	0.5639	0.5753	1112	741	0.6664	0.1585	1.402	1036	33.27	0.001567	-0.002695	1025	462	0.4507	0.0625	0.9485	1004	29.75	-0.0288	0.004366	996	741	0.744	0.06	1.566	0.5639	0.1444
chr12	40000000	41000000	0.3625	-0.0025	0.0165	0	0.0594	0	1795	47.02	0.5694	0.5655	1741	1168	0.6709	0.1667	1.11	1330	33.87	0.02754	0.02183	1320	616	0.4667	0.06	0.7724	1863	30.2	-0.006926	0.05429	1837	907	0.4937	0.06522	0.8172	0.5434	0.1375
chr12	41000000	42000000	0.3729	-0.0363	0.0235	0	0.0625	0	1422	45.76	0.5301	0.5755	1366	651	0.4766	0.1667	0.7584	1460	32.11	-0.04929	-0.008017	1447	736	0.5086	0.06522	0.8094	1729	28.68	-0.08149	-0.0134	1708	1210	0.7084	0.06	1.127	0.5632	0.1293
chr12	42000000	43000000	0.3969	0.0135	0.0185	0	0.0602	0	1276	47.37	0.5801	0.574	1263	576	0.4561	0.1591	0.735	1300	32.76	-0.02062	-0.03554	1291	543	0.4206	0.05882	0.6778	1484	30.59	0.01133	0	1478	926	0.6265	0.06594	1.01	0.5778	0.0902
chr12	43000000	44000000	0.3698	-0.0214	0.0129	0	0.0625	0	1458	46.42	0.551	0.5732	1413	976	0.6907	0.1591	1.083	1411	32.29	-0.0415	-0.02547	1391	1108	0.7965	0.06594	1.249	970	29.57	-0.03762	0.01854	964	421	0.4367	0.06667	0.6851	0.585	0.1375
chr12	44000000	45000000	0.3685	-0.0429	0.0222	0	0.0609	0	517	46.25	0.5457	0.591	506	141	0.2787	0.1724	0.4291	651	32.64	-0.02572	0.006534	648	409	0.6312	0.06667	0.9719	543	28.82	-0.07456	0.00189	543	313	0.5764	0.05556	0.8876	0.5619	0.1751
chr12	45000000	46000000	0.3855	0.0163	0.0167	0	0.0588	0	659	48.08	0.6016	0.5917	656	191	0.2912	0.1667	0.5113	719	33.45	0.009472	-0.005846	719	274	0.3811	0.05172	0.6693	661	31.1	0.03546	0.04675	659	119	0.1806	0.06757	0.3171	0.5651	0.105
chr12	46000000	47000000	0.3889	0.0272	0.0176	0	0.0585	0	928	47.02	0.5694	0.5532	910	595	0.6538	0.1667	1.06	1287	33.5	0.01152	-0.01742	1283	1041	0.8114	0.05556	1.316	1117	31.27	0.04302	0.01976	1115	835	0.7489	0.05814	1.214	0.5272	0.1274
chr12	47000000	48000000	0.4315	0.0752	0.0225	0	0.0585	0	1540	49.46	0.6423	0.5579	1509	985	0.6528	0.1607	0.974	1330	34.62	0.05927	-0.01237	1327	862	0.6496	0.06174	0.9692	1534	32.82	0.1128	0.01131	1532	1106	0.7219	0.0625	1.077	0.5507	0.07595
chr12	48000000	49000000	0.4369	0.0606	0.0243	0	0.0588	0	1280	49.51	0.6439	0.5766	1242	925	0.7448	0.1667	1.038	1267	33.7	0.0202	-0.03354	1259	912	0.7244	0.06098	1.01	1382	32.72	0.1087	0.01902	1369	906	0.6618	0.05882	0.9224	0.585	0.05063
chr12	49000000	50000000	0.4747	0.0813	0.0285	0	0.0578	0	1075	51.67	0.7056	0.6007	1038	807	0.7775	0.1604	0.9718	1031	34.34	0.04754	-0.01525	1018	876	0.8605	0.05882	1.076	816	33.57	0.1455	0.0161	813	733	0.9016	0.0641	1.127	0.578	0.0539
chr12	50000000	51000000	0.4309	0.0298	0.0297	0	0.0594	0	1327	48.44	0.6122	0.5741	1294	845	0.653	0.1596	1.052	989	33.69	0.01969	-0.005615	980	278	0.2837	0.05685	0.4569	1365	31.85	0.06978	0.00999	1342	823	0.6133	0.0625	0.9879	0.5611	0.0973
chr12	51000000	52000000	0.4489	0.0627	0.0186	0	0.0602	0	1099	50.92	0.6843	0.6072	1079	437	0.405	0.161	0.7762	1137	34.68	0.06175	0.004249	1118	497	0.4445	0.06	0.8519	1101	32.76	0.1103	0.01914	1095	545	0.4977	0.0625	0.9538	0.6041	0.05063
chr12	52000000	53000000	0.4963	0.1042	0.025	0	0.0588	0	1966	51.51	0.7009	0.5602	1903	1222	0.6421	0.162	0.9724	1911	35.29	0.08672	-0.006744	1905	1274	0.6688	0.05882	1.013	1731	33.27	0.1325	-0.02781	1726	1106	0.6408	0.06	0.9703	0.5912	0.07595
chr12	53000000	54000000	0.4711	0.1004	0.0303	0	0.0568	0	997	50.03	0.659	0.5299	972	640	0.6584	0.1716	1.141	723	35.41	0.09158	0.0006522	720	338	0.4694	0.05882	0.8135	1160	33.53	0.144	-0.007502	1155	650	0.5628	0.05882	0.9752	0.5594	0.07039
chr12	54000000	55000000	0.4483	0.0592	0.0202	0	0.0585	0	1338	49.11	0.6321	0.5585	1299	777	0.5982	0.1667	1.038	1276	33.99	0.03264	-0.01932	1263	825	0.6532	0.06	1.133	1345	31.18	0.03917	-0.04691	1328	759	0.5715	0.06667	0.9916	0.5995	0.122
chr12	55000000	56000000	0.4065	0.0278	0.01	0	0.0588	0	1219	47.8	0.5932	0.5614	1215	127	0.1045	0.1744	0.1715	1275	33.33	0.004176	-0.02189	1267	806	0.6361	0.05556	1.044	1270	30.85	0.02356	-0.009842	1262	257	0.2036	0.06	0.3342	0.5661	0.09954
chr12	56000000	57000000	0.4652	0.0429	0.0187	0	0.06	0	935	49.53	0.6443	0.5817	918	451	0.4913	0.1667	1.108	994	34.07	0.03592	0.0003797	977	590	0.6039	0.0641	1.362	790	33.04	0.1225	0.03626	786	280	0.3562	0.06	0.8036	0.5594	0.04064
chr12	57000000	58000000	0.4774	0.0888	0.0241	0	0.0588	0	741	50.61	0.6756	0.559	730	260	0.3562	0.1667	0.6905	714	35.04	0.07644	0.005926	707	279	0.3946	0.05814	0.7651	703	33.4	0.1384	0.001529	695	299	0.4302	0.0625	0.8341	0.5698	0.08246
chr12	58000000	59000000	0.3841	-0.0049	0.0349	0	0.0611	0	1307	46.91	0.5661	0.5781	1276	854	0.6693	0.1641	1.05	1469	32.92	-0.01345	-0.01256	1461	742	0.5079	0.05882	0.7969	1091	29.36	-0.04782	-0.01978	1056	498	0.4716	0.07143	0.74	0.5712	0.1444
chr12	59000000	60000000	0.3629	-0.063	0.0184	0	0.06	0	1029	45.16	0.5113	0.5735	986	426	0.432	0.1602	0.6941	868	32.43	-0.03507	0.01849	851	360	0.423	0.05556	0.6796	1245	27.83	-0.1248	-0.003266	1227	785	0.6398	0.06	1.028	0.585	0.196
chr12	60000000	61000000	0.3472	-0.0872	0.0484	0	0.0633	0	804	44.25	0.4819	0.5633	792	340	0.4293	0.1588	0.7941	876	31.65	-0.07024	0.01133	873	507	0.5808	0.05882	1.074	1324	26.88	-0.175	-0.002752	1318	876	0.6646	0.06667	1.229	0.5931	0.241
chr12	61000000	62000000	0.3615	-0.0844	0.0225	0	0.0641	0	1935	44.94	0.5043	0.5888	1899	808	0.4255	0.1667	0.652	1721	31.52	-0.07619	0	1707	1052	0.6163	0.0625	0.9444	2071	26.94	-0.1719	-0.02995	2051	827	0.4032	0.06522	0.6179	0.6202	0.2295
chr12	62000000	63000000	0.3881	-0.0117	0.0295	0	0.0594	0	1224	47.83	0.594	0.6174	1205	790	0.6556	0.16	0.9517	1354	33.98	0.03241	0.04074	1350	1046	0.7748	0.06049	1.125	1074	29.67	-0.03282	-0.004847	1074	719	0.6695	0.0625	0.9718	0.5688	0.1926
chr12	63000000	64000000	0.3817	-0.0215	0.0138	0	0.0637	0	1189	47	0.5687	0.6047	1157	812	0.7018	0.1542	0.978	1391	33.42	0.008432	0.02849	1377	918	0.6667	0.06	0.929	1139	29.13	-0.05911	-0.03925	1134	900	0.7937	0.0625	1.106	0.5929	0.1914
chr12	64000000	65000000	0.4124	-0.0051	0.0224	0	0.0578	0	1125	47.45	0.5824	0.5833	1095	738	0.674	0.1607	1.06	1336	33.29	0.002662	0.009954	1310	963	0.7351	0.05814	1.156	1304	30.46	0.005508	-0.00406	1274	806	0.6327	0.0625	0.9951	0.5707	0.1255
chr12	65000000	66000000	0.3874	-0.0135	0.0316	0	0.0617	0	689	46.85	0.564	0.5807	683	161	0.2357	0.1667	0.4982	769	34.21	0.04213	0.05164	768	251	0.3268	0.0625	0.6907	692	29.73	-0.02977	0.004847	690	312	0.4522	0.06667	0.9556	0.5525	0.2035
chr12	66000000	67000000	0.39	-0.0155	0.0223	0	0.0613	0	1502	47.21	0.5751	0.5919	1475	874	0.5925	0.1591	1.004	1330	33.57	0.01473	0.03469	1321	689	0.5216	0.05882	0.8834	1606	29.79	-0.02666	-0.001345	1600	1014	0.6338	0.0625	1.073	0.5773	0.1806
chr12	67000000	68000000	0.3944	0.0051	0.0229	0	0.06	0	1526	47.16	0.5737	0.5748	1499	934	0.6231	0.1667	1.109	1405	33.36	0.005747	0.003166	1403	623	0.444	0.0625	0.7905	1185	30.23	-0.005598	-0.0001622	1181	764	0.6469	0.06667	1.152	0.5749	0.1333
chr12	68000000	69000000	0.4022	0.0516	0.015	0	0.0588	0	1101	48.47	0.6132	0.5703	1085	682	0.6286	0.161	0.9818	1029	34.81	0.06709	0.0199	1027	709	0.6904	0.05556	1.078	1089	32.02	0.07722	0.02353	1089	658	0.6042	0.06	0.9438	0.5181	0.1312
chr12	69000000	70000000	0.399	0.0205	0.0163	0	0.0605	0	1314	48.31	0.6086	0.5887	1284	715	0.5569	0.1667	0.8468	1317	33.52	0.01255	-0.01106	1299	878	0.6759	0.05848	1.028	1621	30.86	0.02409	-0.004082	1612	1092	0.6774	0.06	1.03	0.5683	0.1069
chr12	70000000	71000000	0.3798	-0.0402	0.0159	0	0.06	0	1275	45.94	0.5359	0.5803	1243	817	0.6573	0.1667	0.9464	1252	32.27	-0.04208	-0.005637	1242	813	0.6546	0.05882	0.9425	1081	28.53	-0.08936	-0.02218	1067	865	0.8107	0.06522	1.167	0.5919	0.1575
chr12	71000000	72000000	0.3775	-0.04	0.0114	0	0.0613	0	1071	45.93	0.5356	0.5911	1052	360	0.3422	0.1579	0.5717	1002	31.95	-0.05655	-0.01659	988	591	0.5982	0.06	0.9993	1340	29	-0.06581	-0.0002016	1327	675	0.5087	0.06	0.8498	0.5694	0.1338
chr12	72000000	73000000	0.3648	-0.0696	0.0163	0	0.0613	0	1009	45.09	0.5089	0.581	984	639	0.6494	0.16	0.9892	1022	31.15	-0.09338	-0.02977	1021	593	0.5808	0.06667	0.8847	841	27.81	-0.1261	-0.01463	840	477	0.5679	0.06667	0.865	0.6077	0.1751
chr12	73000000	74000000	0.35	-0.0971	0.0348	0	0.0633	0	1348	44.22	0.4808	0.5731	1301	866	0.6656	0.1591	0.9602	1732	30.93	-0.1035	-0.01105	1715	1454	0.8478	0.06667	1.223	1291	26.76	-0.1817	0	1267	1071	0.8453	0.07143	1.219	0.6374	0.2141
chr12	74000000	75000000	0.3518	-0.0905	0.027	0	0.0646	0	1286	44.81	0.4998	0.5835	1249	814	0.6517	0.1604	1.001	987	31.65	-0.07043	0.0112	986	392	0.3976	0.06522	0.6108	1238	27.16	-0.1601	0.003116	1233	820	0.665	0.07143	1.022	0.6063	0.2065
chr12	75000000	76000000	0.3724	-0.0293	0.0232	0	0.0615	0	923	46.05	0.5394	0.5743	905	529	0.5845	0.1591	0.8854	1307	33.4	0.007343	0.03684	1297	783	0.6037	0.05814	0.9144	1234	29.17	-0.05707	0.002592	1228	858	0.6987	0.06466	1.058	0.5626	0.2035
chr12	76000000	77000000	0.391	-0.0132	0.0136	0	0.0607	0	1321	46.84	0.5639	0.5839	1295	1031	0.7961	0.1613	1.224	1052	32.7	-0.02333	-0.002605	1019	580	0.5692	0.05556	0.8751	1078	30.44	0.004568	0.03143	1060	521	0.4915	0.0625	0.7557	0.5611	0.08246
chr12	77000000	78000000	0.3689	-0.0487	0.0155	0	0.0643	0	1605	45.34	0.517	0.5674	1577	976	0.6189	0.1667	1.028	1360	32.27	-0.04244	0	1357	764	0.563	0.0641	0.9348	1608	29.07	-0.06206	0.01967	1600	1183	0.7394	0.06522	1.228	0.5611	0.1468
chr12	78000000	79000000	0.3519	-0.0758	0.0211	0	0.0647	0	1129	44.11	0.4771	0.5499	1098	863	0.786	0.1579	1.093	1253	31.73	-0.0667	0	1247	757	0.6071	0.0625	0.8441	1020	27.84	-0.1245	0.02204	1011	763	0.7547	0.07143	1.049	0.5626	0.2141
chr12	79000000	80000000	0.3728	-0.0643	0.0163	0	0.0673	0	748	45.92	0.5352	0.6085	738	389	0.5271	0.1667	0.9511	745	31.68	-0.06877	-0.003406	740	391	0.5284	0.05556	0.9534	443	28.69	-0.08092	0.01374	432	52	0.1204	0.09375	0.2172	0.6034	0.1751
chr12	80000000	81000000	0.363	-0.0736	0.0286	0	0.0633	0	1509	44.13	0.478	0.5507	1434	862	0.6011	0.1591	1.039	1545	32.13	-0.04831	0.01741	1488	997	0.67	0.0625	1.159	1247	28.03	-0.1149	0.01755	1214	567	0.4671	0.07143	0.8076	0.5377	0.1375
chr12	81000000	82000000	0.3508	-0.0721	0.02	0	0.0625	0	1197	44.74	0.4976	0.5661	1187	439	0.3698	0.1522	0.656	1277	31.79	-0.06405	0.001045	1272	622	0.489	0.0625	0.8673	1327	27.8	-0.1263	0.02786	1313	728	0.5545	0.06522	0.9834	0.5785	0.208
chr12	82000000	83000000	0.3653	-0.0536	0.0242	0	0.0656	0	1070	45.38	0.5181	0.5712	1054	423	0.4013	0.1607	0.7944	974	31.8	-0.06356	-0.01415	971	256	0.2636	0.0633	0.5219	1321	28.55	-0.08787	0.01676	1316	946	0.7188	0.06466	1.423	0.5814	0.142
chr12	83000000	84000000	0.3617	-0.0877	0.0253	0	0.0629	0	1331	44.5	0.4899	0.575	1289	932	0.723	0.1596	1.18	1482	31.87	-0.06027	0.01923	1475	863	0.5851	0.0625	0.9548	824	27.42	-0.1464	5.742e-05	820	663	0.8085	0.06522	1.319	0.5778	0.237
chr12	84000000	85000000	0.3466	-0.0805	0.0228	0	0.0617	0	1152	44.49	0.4897	0.563	1118	953	0.8524	0.161	1.252	1025	31.39	-0.08213	-0.01307	1018	429	0.4214	0.05556	0.619	1294	27.08	-0.1643	0.0007817	1291	905	0.701	0.06522	1.03	0.5919	0.2115
chr12	85000000	86000000	0.3466	-0.0721	0.025	0	0.0625	0	817	44.43	0.4875	0.5524	787	511	0.6493	0.1735	0.801	795	31.58	-0.07321	-0.01255	787	512	0.6506	0.05556	0.8026	1380	27.71	-0.1311	0.02564	1372	1085	0.7908	0.06	0.9756	0.594	0.2065
chr12	86000000	87000000	0.3458	-0.1111	0.0198	0	0.0667	0	1376	43.65	0.4622	0.5658	1350	826	0.6119	0.1552	1.046	1196	30.91	-0.1045	-0.007524	1194	697	0.5838	0.0625	0.9982	1505	26.41	-0.2004	-0.003864	1499	953	0.6358	0.06667	1.087	0.6049	0.2304
chr12	87000000	88000000	0.3537	-0.081	0.026	0	0.0594	0	717	44.97	0.5051	0.5855	707	304	0.43	0.1667	0.7538	867	31.22	-0.09012	-0.02095	863	450	0.5214	0.06	0.9142	816	27.65	-0.1342	0.01623	814	272	0.3342	0.06386	0.5858	0.613	0.1806
chr12	88000000	89000000	0.3625	-0.047	0.018	0	0.0621	0	515	45.14	0.5106	0.5512	511	28	0.05479	0.1574	0.1345	544	32	-0.05424	-0.01545	543	81	0.1492	0.06098	0.3662	533	28.88	-0.07161	0.0341	531	68	0.1281	0.06125	0.3144	0.5683	0.1575
chr12	89000000	90000000	0.3844	0.0314	0.0344	0	0.0585	0	892	47.17	0.5739	0.5496	878	607	0.6913	0.1667	1.162	873	33.16	-0.003006	-0.03853	867	576	0.6644	0.05556	1.117	903	31.61	0.05883	0.0532	901	537	0.596	0.0641	1.002	0.5393	0.07043
chr12	90000000	91000000	0.3577	-0.0121	0.0185	0	0.0613	0	1404	46.25	0.5456	0.5623	1355	829	0.6118	0.1667	1.021	1450	32.38	-0.03743	-0.03119	1427	1059	0.7421	0.0641	1.239	1302	29.58	-0.03677	0.03928	1283	685	0.5339	0.05882	0.8913	0.5751	0.1354
chr12	91000000	92000000	0.3614	0.0227	0.0192	0	0.0591	0	1062	47.08	0.5711	0.5515	1040	561	0.5394	0.1667	1.018	1233	33.91	0.02913	-0.001774	1227	635	0.5175	0.05556	0.9763	1340	29.86	-0.02324	0.009407	1339	823	0.6146	0.0625	1.159	0.5525	0.2005
chr12	92000000	93000000	0.3931	0.068	0.0342	0	0.0613	0	1357	49.1	0.632	0.5782	1317	829	0.6295	0.1667	0.931	1328	34.36	0.04816	-0.01981	1325	986	0.7442	0.05556	1.101	1180	32.26	0.08794	0.01112	1161	781	0.6727	0.0625	0.995	0.5428	0.06413
chr12	93000000	94000000	0.4133	0.0724	0.0154	0	0.0572	0	1133	49.4	0.6405	0.5634	1091	898	0.8231	0.1667	1.07	966	34.91	0.07106	0.004091	959	519	0.5412	0.05263	0.7037	1208	32.67	0.1064	0.02981	1206	821	0.6808	0.0625	0.8851	0.5319	0.122
chr12	94000000	95000000	0.4202	0.0593	0.0171	0	0.0588	0	1866	49.12	0.6323	0.5697	1824	1280	0.7018	0.1667	1.036	2052	34.37	0.04884	-0.00419	2047	1530	0.7474	0.06	1.104	1525	32.36	0.09273	0.02864	1520	1047	0.6888	0.05556	1.017	0.5406	0.08489
chr12	95000000	96000000	0.4106	0.0296	0.0197	0	0.0605	0	1045	48.53	0.6151	0.5826	1013	625	0.617	0.1596	0.8793	1653	33.64	0.01779	-0.009616	1638	1287	0.7857	0.06098	1.12	1414	31.12	0.03634	-0.003598	1385	1000	0.722	0.05941	1.029	0.5778	0.08746
chr12	96000000	97000000	0.3988	0.0318	0.0176	0	0.0588	0	1042	49.19	0.6343	0.6096	1032	490	0.4748	0.1596	0.7301	1311	34.04	0.03492	0.0003759	1307	806	0.6167	0.0625	0.9483	1137	31.92	0.07289	0.03684	1134	709	0.6252	0.0641	0.9614	0.5504	0.1031
chr12	97000000	98000000	0.3864	-0.0455	0.0321	0	0.0621	0	1278	46	0.5377	0.5831	1244	417	0.3352	0.1667	0.5343	1249	31.79	-0.06389	-0.0148	1222	653	0.5344	0.05556	0.8517	1353	28.2	-0.1061	-0.04161	1320	1015	0.7689	0.06757	1.226	0.6286	0.1895
chr12	98000000	99000000	0.4059	0.0065	0.0148	0	0.06	0	980	47.58	0.5865	0.5774	967	435	0.4498	0.1607	0.6877	971	33.33	0.004268	0.0001281	962	476	0.4948	0.05882	0.7565	1064	30.67	0.01508	0.003939	1059	624	0.5892	0.06	0.9008	0.5611	0.1333
chr12	99000000	100000000	0.3723	-0.0299	0.0181	0	0.0633	0	557	45.9	0.5347	0.5701	546	289	0.5293	0.1667	0.7481	980	32.32	-0.03996	-0.01251	978	833	0.8517	0.0641	1.204	781	29.04	-0.06365	0.001839	779	466	0.5982	0.06712	0.8455	0.5923	0.1783
chr12	100000000	101000000	0.3997	-0.0105	0.025	0	0.0594	0	732	46.46	0.5521	0.5696	708	587	0.8291	0.1667	1.039	699	32.33	-0.03936	-0.02931	696	554	0.796	0.05556	0.998	789	29.76	-0.02824	-0.02324	785	481	0.6127	0.06667	0.7682	0.5639	0.1155
chr12	101000000	102000000	0.4017	0.0274	0.0181	0	0.0597	0	1287	48.04	0.6002	0.5781	1242	755	0.6079	0.161	0.8062	1407	33.86	0.02705	-0.001346	1396	1001	0.717	0.06	0.951	1360	31.05	0.03288	0.0009222	1324	918	0.6934	0.0641	0.9196	0.5682	0.08746
chr12	102000000	103000000	0.3915	0.0175	0.0152	0	0.0625	0	1051	47.11	0.5721	0.568	1030	512	0.4971	0.1591	0.8367	941	33.16	-0.002806	-0.01278	941	432	0.4591	0.05409	0.7727	1111	30.38	0.001336	-0.005566	1102	609	0.5526	0.0641	0.9302	0.5698	0.1203
chr12	103000000	104000000	0.4015	0.0426	0.0244	0	0.0588	0	1301	47.88	0.5954	0.5562	1278	664	0.5196	0.1615	0.7876	1260	33.83	0.02594	-0.01848	1254	729	0.5813	0.06	0.8812	1392	32.18	0.08447	0.03474	1389	953	0.6861	0.06	1.04	0.532	0.07497
chr12	104000000	105000000	0.4256	0.0747	0.0229	0	0.0556	0	1375	49.23	0.6356	0.5535	1353	574	0.4242	0.1642	0.675	1332	34.24	0.04318	-0.02564	1328	738	0.5557	0.05556	0.8842	1433	33.06	0.1236	0.02324	1427	834	0.5844	0.05882	0.9299	0.5507	0.06274
chr12	105000000	106000000	0.4126	0.0328	0.0275	0	0.06	0	1723	47.75	0.5916	0.5543	1664	1239	0.7446	0.1607	1.181	1391	33.57	0.01478	-0.01441	1386	891	0.6429	0.05556	1.019	1831	31.11	0.03565	-0.01184	1819	1486	0.8169	0.06	1.295	0.5525	0.08132
chr12	106000000	107000000	0.4182	0.0265	0.0181	0	0.0607	0	1154	47.98	0.5986	0.5688	1118	837	0.7487	0.1667	1.035	905	33.49	0.01127	-0.0102	900	626	0.6956	0.06	0.9619	1192	31.21	0.04037	0.009305	1184	690	0.5828	0.0625	0.8059	0.5594	0.05889
chr12	107000000	108000000	0.43	0.0224	0.0263	0	0.0609	0	1537	48.31	0.6084	0.5777	1486	1251	0.8419	0.1667	1.272	1222	33.36	0.005537	-0.01383	1218	973	0.7989	0.05882	1.207	1470	30.85	0.02352	-0.02844	1463	943	0.6446	0.0625	0.9737	0.5914	0.1031
chr12	108000000	109000000	0.4598	0.0695	0.0343	0	0.0591	0	1395	49.41	0.6408	0.554	1365	907	0.6645	0.1667	0.9594	1499	34.4	0.04989	-0.007428	1486	1081	0.7275	0.05882	1.05	1371	33.05	0.123	0.0114	1370	917	0.6693	0.0625	0.9664	0.5236	0.078
chr12	109000000	110000000	0.4751	0.0698	0.0311	0	0.0585	0	1220	50.1	0.661	0.5676	1165	1007	0.8644	0.1667	1.201	598	34.33	0.04681	-0.004488	589	421	0.7148	0.06098	0.9934	1354	32.74	0.1093	-0.01065	1339	854	0.6378	0.06098	0.8864	0.5782	0.09311
chr12	110000000	111000000	0.4492	0.0887	0.0347	0	0.059	0	407	50.11	0.6613	0.5574	383	346	0.9034	0.1598	1.22	314	35.52	0.09622	0.01391	303	264	0.8713	0.05	1.176	404	33.16	0.1276	0.01049	400	332	0.83	0.07576	1.121	0.5406	0.1312
chr12	111000000	112000000	0.4667	0.0543	0.091	0	0.0556	0	102	50.6	0.6752	0.597	93	61	0.6559	0.1667	0.9697	126	33.89	0.02861	-0.01649	118	83	0.7034	0.05882	1.04	83	32.49	0.09839	0.0001751	79	50	0.6329	0.0633	0.9357	0.6222	0.1093
chr12	112000000	113000000	0.438	0.0619	0.0286	0	0.0575	0	566	48.91	0.6262	0.5587	541	371	0.6858	0.1667	1.03	540	33.99	0.03282	-0.02399	531	399	0.7514	0.05556	1.128	548	32.78	0.1114	0.01936	536	418	0.7799	0.0625	1.171	0.5436	0
chr12	113000000	114000000	0.4932	0.0776	0.0307	0	0.0588	0	1082	50.52	0.6729	0.5644	1053	626	0.5945	0.1591	0.8391	1074	34.44	0.05175	-0.009431	1055	798	0.7564	0.05882	1.068	1274	32.83	0.1134	-0.01959	1265	1084	0.8569	0.06	1.209	0.5755	0.08746
chr12	114000000	115000000	0.4431	-0.0288	0.0317	0	0.0617	0	1530	46.88	0.5651	0.5898	1496	782	0.5227	0.1667	0.7427	1765	31.7	-0.06815	-0.03017	1737	1344	0.7737	0.05941	1.099	1332	29.25	-0.05311	-0.04724	1318	882	0.6692	0.0625	0.9508	0.6167	0.1255
chr12	115000000	116000000	0.4262	-0.0285	0.0252	0	0.0605	0	1223	47.26	0.5766	0.595	1185	841	0.7097	0.161	1.01	1179	32.42	-0.03549	-0.001111	1175	937	0.7974	0.05882	1.135	1301	28.7	-0.08073	-0.07635	1295	894	0.6903	0.0625	0.9821	0.628	0.1835
chr12	116000000	117000000	0.435	0.0152	0.0201	0	0.0592	0	1047	49.06	0.6306	0.6087	1032	630	0.6105	0.1667	1.009	1066	33.04	-0.008072	-0.0188	1063	628	0.5908	0.05685	0.9765	1053	31.72	0.06373	0.02792	1050	689	0.6562	0.06098	1.085	0.6197	0.08489
chr12	117000000	118000000	0.4601	0.0222	0.0267	0	0.0594	0	1428	49.06	0.6305	0.5911	1390	995	0.7158	0.1607	1.021	1375	33.44	0.008916	-0.001271	1370	929	0.6781	0.06	0.9672	1334	31.21	0.04049	-0.0274	1326	734	0.5535	0.06	0.7895	0.599	0.09213
chr12	118000000	119000000	0.4268	-0.0163	0.0119	0	0.061	0	1008	46.55	0.5549	0.564	977	559	0.5722	0.1667	0.8827	999	31.97	-0.0558	-0.03363	993	647	0.6516	0.05882	1.005	1176	30.09	-0.01243	-0.02663	1170	827	0.7068	0.05556	1.09	0.6041	0.08618
chr12	119000000	120000000	0.4396	0.026	0.0263	0	0.0607	0	1193	48.22	0.6056	0.5643	1170	688	0.588	0.1596	0.926	1133	32.84	-0.017	-0.03695	1128	762	0.6755	0.05882	1.064	1299	31.07	0.03405	-0.01024	1291	828	0.6414	0.0625	1.01	0.5934	0.08017
chr12	120000000	121000000	0.4727	0.0555	0.0396	0	0.0617	0	845	50.18	0.6631	0.584	825	428	0.5188	0.1535	0.7756	821	33.93	0.03007	-0.0155	811	490	0.6042	0.05882	0.9033	1134	33.38	0.1373	0.03367	1124	758	0.6744	0.05882	1.008	0.5587	0.05247
chr12	121000000	122000000	0.4873	0.095	0.0583	0	0.0561	0	1163	51.66	0.7051	0.5842	1130	784	0.6938	0.1667	1	1142	34.55	0.0564	-0.02378	1124	752	0.669	0.05556	0.9643	1109	34	0.1637	0.01813	1102	588	0.5336	0.05882	0.7691	0.5979	0.03317
chr12	122000000	123000000	0.4701	0.081	0.0363	0	0.0594	0	1067	51.15	0.6909	0.5809	1050	487	0.4638	0.1667	0.7649	1080	34.89	0.07019	-0.001818	1074	300	0.2793	0.05685	0.4606	1013	33.61	0.1472	0.01839	1004	710	0.7072	0.05882	1.166	0.5698	0.0458
chr12	123000000	124000000	0.4693	0.0758	0.0397	0	0.0611	0	1084	50.88	0.6831	0.5824	1061	407	0.3836	0.1724	0.7298	1219	34.28	0.04508	-0.01991	1207	629	0.5211	0.05814	0.9915	1163	33.65	0.1491	0.03122	1153	768	0.6661	0.06522	1.267	0.585	0.04307
chr12	124000000	125000000	0.5146	0.1325	0.0193	0	0.0572	0	1673	53.62	0.759	0.5794	1624	843	0.5191	0.1604	0.992	1668	36.11	0.1198	0.0002433	1629	727	0.4463	0.05556	0.8528	1502	34.45	0.1829	-0.01825	1479	684	0.4625	0.05882	0.8838	0.6175	0.078
chr12	125000000	126000000	0.4412	0.054	0.0248	0	0.0588	0	1352	48.97	0.628	0.566	1326	724	0.546	0.1667	0.8082	1493	33.76	0.02307	-0.02239	1475	978	0.6631	0.05882	0.9814	1159	31.85	0.06965	-0.004233	1153	719	0.6236	0.0641	0.923	0.5666	0.09954
chr12	126000000	127000000	0.4054	-0.053	0.0453	0	0.0617	0	1652	46.79	0.5625	0.62	1610	791	0.4913	0.16	0.7927	1686	32.19	-0.04594	0.0111	1665	1059	0.636	0.05556	1.026	1962	28.22	-0.105	-0.05754	1930	1233	0.6389	0.0625	1.031	0.6339	0.2224
chr12	127000000	128000000	0.4135	-0.0689	0.0336	0	0.0629	0	2068	46.56	0.5553	0.6252	2008	1124	0.5598	0.1667	1.058	2225	32.17	-0.04663	0.0277	2187	1087	0.497	0.06	0.9394	1968	28.16	-0.1079	-0.04122	1927	1038	0.5387	0.06522	1.018	0.6374	0.1864
chr12	128000000	129000000	0.4495	-0.0204	0.0144	0	0.0625	0	2267	48.53	0.6149	0.6172	2173	1207	0.5555	0.1667	0.9798	2069	33.74	0.02195	0.04636	2014	1114	0.5531	0.05556	0.9757	2210	30.26	-0.004046	-0.006352	2155	1189	0.5517	0.06522	0.9733	0.6077	0.152
chr12	129000000	130000000	0.4302	-0.0508	0.0109	0	0.0602	0	2173	47.29	0.5776	0.6202	2063	1130	0.5477	0.1667	0.9676	2123	31.98	-0.0553	-0.001089	2068	1177	0.5691	0.06098	1.005	1950	28.83	-0.07417	-0.05235	1907	897	0.4704	0.06522	0.8309	0.6225	0.1725
chr12	130000000	131000000	0.4708	0.0143	0.0105	0	0.0602	0	2482	49.3	0.6377	0.5934	2372	1354	0.5708	0.1667	1.012	2297	33.8	0.02463	0.01932	2257	1331	0.5897	0.05814	1.045	2450	30.65	0.01439	-0.04577	2378	1358	0.5711	0.0625	1.012	0.613	0.1312
chr12	131000000	132000000	0.5102	0.0517	0.018	0	0.0625	0	2476	50.27	0.6658	0.5679	2296	1205	0.5248	0.1667	0.9832	2446	34.43	0.05118	0.01574	2319	1499	0.6464	0.06098	1.211	2551	31.81	0.06784	-0.04272	2391	1404	0.5872	0.06522	1.1	0.6138	0.08746
chr12	132000000	133000000	0.5429	0.0697	0.0305	0	0.0625	0	1978	52.18	0.7196	0.586	1727	1193	0.6908	0.1667	0.9945	2001	34.54	0.05587	0.00555	1835	1305	0.7112	0.0625	1.024	1815	33.2	0.1297	-0.00787	1632	1117	0.6844	0.06522	0.9854	0.6215	0.06871
chr12	133000000	133275309	0.4225	0.0293	0.0366	0	0.0613	0	427	47.27	0.5771	0.5431	412	228	0.5534	0.1602	0.9738	362	33.78	0.02391	-0.002496	359	214	0.5961	0.06	1.049	634	30.37	0.001118	-0.06095	633	395	0.624	0.0625	1.098	0.5782	0.1605
chr13	0	1000000	NA	NA	NA	1	NA	0	0	NA	NA	NA	0	0	NA	NA	NA	0	NA	NA	NA	0	0	NA	NA	NA	0	NA	NA	NA	0	0	NA	NA	NA	NA	NA
chr13	1000000	2000000	NA	NA	NA	1	NA	0	0	NA	NA	NA	0	0	NA	NA	NA	0	NA	NA	NA	0	0	NA	NA	NA	0	NA	NA	NA	0	0	NA	NA	NA	NA	NA
chr13	2000000	3000000	NA	NA	NA	1	NA	0	0	NA	NA	NA	0	0	NA	NA	NA	0	NA	NA	NA	0	0	NA	NA	NA	0	NA	NA	NA	0	0	NA	NA	NA	NA	NA
chr13	3000000	4000000	NA	NA	NA	1	NA	0	0	NA	NA	NA	0	0	NA	NA	NA	0	NA	NA	NA	0	0	NA	NA	NA	0	NA	NA	NA	0	0	NA	NA	NA	NA	NA
chr13	4000000	5000000	NA	NA	NA	1	NA	0	0	NA	NA	NA	0	0	NA	NA	NA	0	NA	NA	NA	0	0	NA	NA	NA	0	NA	NA	NA	0	0	NA	NA	NA	NA	NA
chr13	5000000	6000000	NA	NA	NA	1	NA	0	0	NA	NA	NA	0	0	NA	NA	NA	0	NA	NA	NA	0	0	NA	NA	NA	0	NA	NA	NA	0	0	NA	NA	NA	NA	NA
chr13	6000000	7000000	NA	NA	NA	1	NA	0	0	NA	NA	NA	0	0	NA	NA	NA	0	NA	NA	NA	0	0	NA	NA	NA	0	NA	NA	NA	0	0	NA	NA	NA	NA	NA
chr13	7000000	8000000	NA	NA	NA	1	NA	0	0	NA	NA	NA	0	0	NA	NA	NA	0	NA	NA	NA	0	0	NA	NA	NA	0	NA	NA	NA	0	0	NA	NA	NA	NA	NA
chr13	8000000	9000000	NA	NA	NA	1	NA	0	0	NA	NA	NA	0	0	NA	NA	NA	0	NA	NA	NA	0	0	NA	NA	NA	0	NA	NA	NA	0	0	NA	NA	NA	NA	NA
chr13	9000000	10000000	NA	NA	NA	1	NA	0	0	NA	NA	NA	0	0	NA	NA	NA	0	NA	NA	NA	0	0	NA	NA	NA	0	NA	NA	NA	0	0	NA	NA	NA	NA	NA
chr13	10000000	11000000	NA	NA	NA	1	NA	0	0	NA	NA	NA	0	0	NA	NA	NA	0	NA	NA	NA	0	0	NA	NA	NA	0	NA	NA	NA	0	0	NA	NA	NA	NA	NA
chr13	11000000	12000000	NA	NA	NA	1	NA	0	0	NA	NA	NA	0	0	NA	NA	NA	0	NA	NA	NA	0	0	NA	NA	NA	0	NA	NA	NA	0	0	NA	NA	NA	NA	NA
chr13	12000000	13000000	NA	NA	NA	1	NA	0	0	NA	NA	NA	0	0	NA	NA	NA	0	NA	NA	NA	0	0	NA	NA	NA	0	NA	NA	NA	0	0	NA	NA	NA	NA	NA
chr13	13000000	14000000	NA	NA	NA	1	NA	0	0	NA	NA	NA	0	0	NA	NA	NA	0	NA	NA	NA	0	0	NA	NA	NA	0	NA	NA	NA	0	0	NA	NA	NA	NA	NA
chr13	14000000	15000000	NA	NA	NA	1	NA	0	0	NA	NA	NA	0	0	NA	NA	NA	0	NA	NA	NA	0	0	NA	NA	NA	0	NA	NA	NA	0	0	NA	NA	NA	NA	NA
chr13	15000000	16000000	NA	NA	NA	1	NA	0	0	NA	NA	NA	0	0	NA	NA	NA	0	NA	NA	NA	0	0	NA	NA	NA	0	NA	NA	NA	0	0	NA	NA	NA	NA	NA
chr13	16000000	17000000	0.3834	-1.419	0.1206	1	0.1098	1	6162	11.49	-1.463	NA	1685	745	0.4421	NA	1.028	6055	12.46	-1.415	NA	1679	697	0.4151	NA	0.9652	6242	12.73	-1.254	NA	1752	723	0.4127	NA	0.9595	-0.2138	0
chr13	17000000	18000000	0.387	-1.583	0.0914	0	0.1079	1	4353	10.63	-1.575	0.006277	945	342	0.3619	NA	0.9872	4327	10.76	-1.627	-0.04464	983	300	0.3052	NA	0.8325	4310	11.42	-1.411	0.1914	982	370	0.3768	NA	1.028	-0.08746	0.1325
chr13	18000000	19000000	0.4151	-0.0299	0.0427	0	0.0736	0	2329	31.66	-0.001071	0.02391	2108	1416	0.6717	0.06667	1.088	1787	32.68	-0.02415	0.01203	1566	398	0.2542	0.08824	0.4117	2409	28.54	-0.08839	-0.05442	2155	1319	0.6121	0.07407	0.9915	0.04731	0.1993
chr13	19000000	20000000	0.4174	-0.0211	0.0094	0	0.0594	0	2585	31.74	0.002543	0.0206	2570	1309	0.5093	0.06098	0.9501	2737	32.71	-0.02292	0.006346	2722	1538	0.565	0.0625	1.054	2439	29.97	-0.01796	-0.003291	2428	1113	0.4584	0.0625	0.8551	0.04307	0.1083
chr13	20000000	21000000	0.4261	0.0287	0.0121	0	0.0617	0	1830	33	0.05866	0.01984	1819	819	0.4502	0.05882	0.82	1861	33.85	0.02688	0.004062	1851	850	0.4592	0.0625	0.8363	1942	32.04	0.07832	0.02601	1928	991	0.514	0.0641	0.9361	0	0.08246
chr13	21000000	22000000	0.4235	0.0166	0.0141	0	0.0617	0	1975	32.56	0.03904	0.01857	1953	1367	0.6999	0.05814	1.158	1895	33.61	0.01657	0.005254	1872	1343	0.7174	0.05556	1.186	1855	31.6	0.05849	0.008559	1837	1044	0.5683	0.0625	0.9398	0	0.1007
chr13	22000000	23000000	0.3952	-0.0192	0.0131	0	0.0588	0	1918	31.71	0.001057	0.02677	1907	1172	0.6146	0.0641	1.013	1962	32.86	-0.01593	0.004296	1952	1230	0.6301	0.06	1.039	1834	29.54	-0.03912	-0.01682	1822	1075	0.59	0.06522	0.9727	0.02203	0.1186
chr13	23000000	24000000	0.407	0.016	0.0217	0	0.0591	0	1976	32.44	0.03393	0.01341	1969	1356	0.6887	0.05814	1.043	2250	34.48	0.05346	0.03832	2229	1707	0.7658	0.05882	1.16	1727	30.61	0.01228	-0.008846	1717	740	0.431	0.0641	0.6528	0	0.1575
chr13	24000000	25000000	0.4307	0.035	0.0158	0	0.06	0	2331	33	0.05861	0.01717	2313	1443	0.6239	0.05882	1.022	2187	34.2	0.04162	0.01018	2166	1189	0.5489	0.05556	0.8993	2460	31.71	0.0633	-0.001698	2426	1397	0.5758	0.0625	0.9434	0.01815	0.1171
chr13	25000000	26000000	0.4162	0.0119	0.0147	0	0.0621	0	1352	32.25	0.02547	0.01005	1350	414	0.3067	0.0625	0.6099	1632	33.18	-0.002198	-0.005932	1625	1005	0.6185	0.0625	1.23	1570	30.53	0.008403	-0.003806	1566	976	0.6232	0.06098	1.24	0.04009	0.09788
chr13	26000000	27000000	0.4209	0.0124	0.0106	0	0.0594	0	2047	31.76	0.003215	-0.01227	2041	1348	0.6605	0.06098	1.159	2157	33.65	0.0181	0.01126	2142	1398	0.6527	0.05882	1.146	2067	30.49	0.006493	-0.0224	2060	1469	0.7131	0.06	1.252	-0.02106	0.1375
chr13	27000000	28000000	0.4299	0.0382	0.0111	0	0.0585	0	1597	32.61	0.04162	-0.004652	1585	941	0.5937	0.05882	1.185	1491	34.22	0.04221	0.007268	1462	717	0.4904	0.06098	0.9793	1629	32.02	0.07738	0.004773	1608	916	0.5697	0.05556	1.137	-0.02046	0.08489
chr13	28000000	29000000	0.4117	0.0419	0.0133	0	0.0611	0	1295	32.21	0.02361	-0.02118	1294	666	0.5147	0.0625	0.8872	1308	34.23	0.04288	0.005715	1304	725	0.556	0.06098	0.9584	1436	32.05	0.07871	0.0221	1434	964	0.6722	0.05556	1.159	-0.0458	0.08017
chr13	29000000	30000000	0.4167	0.0323	0.0182	0	0.0588	0	2068	32.14	0.02042	-0.01505	2060	1166	0.566	0.05882	1.042	1909	33.86	0.02708	0.00334	1893	933	0.4929	0.05556	0.9077	1966	30.98	0.02983	-0.005609	1958	1082	0.5526	0.06	1.018	-0.01792	0.122
chr13	30000000	31000000	0.4318	0.0794	0.0164	0	0.0588	0	1451	33.35	0.07396	-0.01481	1444	781	0.5409	0.05556	0.9034	1432	35	0.07491	0.0003968	1427	824	0.5774	0.05882	0.9645	1413	33.32	0.1347	0.02462	1408	636	0.4517	0.05882	0.7545	-0.04307	0.04307
chr13	31000000	32000000	0.4059	0.0219	0.0135	0	0.0597	0	1854	31.87	0.008308	-0.0162	1835	987	0.5379	0.0625	1.005	1714	33.44	0.008991	-0.01055	1688	799	0.4733	0.05882	0.8846	1683	30.97	0.02918	0.002638	1661	700	0.4214	0.06	0.7876	0	0.1007
chr13	32000000	33000000	0.3931	0.0406	0.0226	0	0.0588	0	1087	31.65	-0.00171	-0.02811	1077	785	0.7289	0.06	1.19	1079	34.15	0.03941	-0.001156	1074	503	0.4683	0.05882	0.7644	742	31.41	0.04942	0	739	407	0.5507	0.05882	0.8989	-0.04891	0.1255
chr13	33000000	34000000	0.393	0.0394	0.0175	0	0.0617	0	1324	31.82	0.006237	-0.01793	1316	527	0.4005	0.0625	0.8901	1321	34.25	0.04385	0.004285	1315	706	0.5369	0.05882	1.193	1388	31.66	0.06114	0.01294	1382	475	0.3437	0.05556	0.764	-0.04182	0.1069
chr13	34000000	35000000	0.3877	-0.0367	0.0146	0	0.0617	0	1239	31.26	-0.01973	0.02664	1223	711	0.5814	0.0625	1.107	1376	32.21	-0.04502	-0.0117	1362	739	0.5426	0.05882	1.033	1159	29.14	-0.05844	-0.004405	1148	470	0.4094	0.06757	0.7797	0.03953	0.1255
chr13	35000000	36000000	0.3719	-0.0592	0.0307	0	0.0625	0	743	30.19	-0.06991	-0.006028	738	199	0.2696	0.07576	0.4886	978	32.4	-0.03662	0.01931	968	529	0.5465	0.06098	0.9902	932	27.67	-0.1332	-0.04584	925	473	0.5114	0.06667	0.9265	0.02467	0.2465
chr13	36000000	37000000	0.3923	-0.0419	0.0212	0	0.0602	0	1413	30.56	-0.05204	0.006723	1404	449	0.3198	0.05882	0.5469	1607	32.38	-0.03719	0.007411	1601	1104	0.6896	0.05814	1.179	1481	28.72	-0.07967	-0.04084	1472	1038	0.7052	0.06667	1.206	0	0.1751
chr13	37000000	38000000	0.3649	-0.0789	0.0191	0	0.0625	0	1949	30.16	-0.07147	0.009611	1945	1285	0.6607	0.0625	1.038	1897	31.72	-0.0669	0.006005	1892	1288	0.6808	0.06098	1.07	1949	27.48	-0.1432	-0.01664	1935	1235	0.6382	0.06522	1.003	0.02425	0.1993
chr13	38000000	39000000	0.3663	-0.0649	0.0245	0	0.0597	0	1402	30.29	-0.06511	0.003407	1396	609	0.4362	0.06757	0.8669	1531	32.08	-0.05095	0.01063	1522	922	0.6058	0.05882	1.204	1553	27.68	-0.1327	-0.0173	1546	698	0.4515	0.07143	0.8972	0.026	0.2157
chr13	39000000	40000000	0.384	-0.0087	0.0121	0	0.0611	0	1902	31.26	-0.01972	-0.005552	1888	931	0.4931	0.0625	0.9525	1790	33.55	0.01404	0.01894	1781	774	0.4346	0.06	0.8395	1969	29.53	-0.03939	-0.007792	1957	1313	0.6709	0.06667	1.296	-0.02385	0.1751
chr13	40000000	41000000	0.4201	0.0289	0.0105	0	0.06	0	1408	32.4	0.03198	-0.0001985	1399	1023	0.7312	0.0625	1.095	1563	33.89	0.02838	0.005478	1559	1009	0.6472	0.05263	0.9695	1561	31.78	0.06661	0.03293	1555	894	0.5749	0.06049	0.8612	0	0.1031
chr13	41000000	42000000	0.3936	0.0475	0.0248	0	0.0594	0	927	32.38	0.03109	-0.01288	922	662	0.718	0.05556	1.163	996	33.65	0.01803	-0.02943	992	697	0.7026	0.05814	1.138	1103	32.87	0.1153	0.07879	1095	760	0.6941	0.07143	1.125	-0.0458	0
chr13	42000000	43000000	0.396	0.0546	0.0249	0	0.0594	0	1751	32.58	0.04029	-0.005878	1739	1088	0.6256	0.06174	1.007	1779	34.55	0.05628	0.0002521	1774	1150	0.6483	0.05882	1.043	1725	32.16	0.08363	0.02595	1717	1041	0.6063	0.05556	0.9757	-0.05889	0.08489
chr13	43000000	44000000	0.3921	0.0073	0.0091	0	0.0605	0	1428	30.95	-0.03417	-0.02578	1421	843	0.5932	0.06	1.04	1469	33.61	0.01665	0.01206	1463	929	0.635	0.05882	1.113	1187	30.46	0.005373	-0.0005253	1180	497	0.4212	0.0625	0.7385	-0.04811	0.1561
chr13	44000000	45000000	0.4199	0.0181	0.0119	0	0.0605	0	1021	31.83	0.006371	-0.01501	1015	492	0.4847	0.06049	1.039	1019	33.1	-0.005569	-0.01887	1012	480	0.4743	0.05941	1.017	922	30.63	0.01342	-0.009466	919	404	0.4396	0.05882	0.9424	0	0.122
chr13	45000000	46000000	0.4223	0.0184	0.0233	0	0.0605	0	1086	32.35	0.03007	0.009401	1060	708	0.6679	0.0625	1.025	1434	33.59	0.0155	0	1393	1049	0.7531	0.0625	1.156	1034	31.77	0.06613	0.01731	1011	584	0.5776	0.06667	0.8866	-0.02554	0.1043
chr13	46000000	47000000	0.393	0.0317	0.0115	0	0.0588	0	1479	31.53	-0.007065	-0.02353	1470	1245	0.8469	0.05882	1.454	1482	33.81	0.0251	-0.006768	1455	821	0.5643	0.05882	0.969	1219	31.41	0.04977	0.009272	1216	909	0.7475	0.05882	1.284	-0.05894	0.114
chr13	47000000	48000000	0.3857	-0.0139	0.0208	0	0.0625	0	1978	30.77	-0.04255	-0.02527	1972	1314	0.6663	0.0633	1	1884	32.57	-0.0288	-0.01331	1875	1127	0.6011	0.06	0.9022	1780	29.44	-0.04374	-0.003538	1771	619	0.3495	0.0641	0.5246	-0.02385	0.1575
chr13	48000000	49000000	0.3971	0.0574	0.032	0	0.0556	0	1142	32.16	0.02133	-0.02593	1133	878	0.7749	0.0625	1.471	1018	34.62	0.05899	5.825e-05	1006	590	0.5865	0.05556	1.114	1042	32.27	0.08837	0.03146	1034	457	0.442	0.0625	0.8391	-0.06511	0.1238
chr13	49000000	50000000	0.4055	0.0414	0.0113	0	0.0595	0	1395	32.36	0.03052	-0.007062	1385	1010	0.7292	0.06	1.278	1434	34.06	0.03559	-0.002313	1420	1030	0.7254	0.05556	1.271	1376	31.79	0.06715	0.02077	1362	853	0.6263	0.06	1.098	-0.01937	0.08746
chr13	50000000	51000000	0.394	0.0166	0.0179	0	0.0617	0	1072	31.7	0.0008251	-0.0109	1070	732	0.6841	0.0625	1.013	878	32.72	-0.02246	-0.03467	877	566	0.6454	0.06667	0.9557	1119	30.46	0.005335	-0.000567	1114	721	0.6472	0.0625	0.9584	0.02648	0.08246
chr13	51000000	52000000	0.4192	0.0553	0.012	0	0.0621	0	961	33	0.05858	0	956	652	0.682	0.0641	1.03	858	34.38	0.04903	-0.001471	852	496	0.5822	0.0625	0.879	800	32.63	0.1045	0.0465	795	468	0.5887	0.05882	0.8888	-0.02308	0.1019
chr13	52000000	53000000	0.4145	-0.0054	0.0134	0	0.0625	0	1041	31.71	0.001145	0.01398	1018	434	0.4263	0.0625	0.7627	1073	32.9	-0.0144	-0.001986	1054	449	0.426	0.05814	0.7621	958	29.52	-0.03971	-0.02929	945	639	0.6762	0.06522	1.21	0.02425	0.1255
chr13	53000000	54000000	0.3763	-0.073	0.0181	0	0.0625	0	1212	29.72	-0.09259	-0.01285	1206	751	0.6227	0.06522	1.026	1103	31.61	-0.07196	-0.006229	1099	704	0.6406	0.0625	1.055	1313	27.58	-0.1382	-0.02938	1303	797	0.6117	0.07143	1.007	0	0.2016
chr13	54000000	55000000	0.3587	-0.1011	0.0294	0	0.061	0	1484	29.92	-0.0827	0.02043	1481	832	0.5618	0.0625	1.03	1336	30.99	-0.1006	-0.005783	1334	844	0.6327	0.0625	1.16	1465	26	-0.2231	-0.05418	1462	984	0.6731	0.06667	1.234	0.0661	0.241
chr13	55000000	56000000	0.3423	-0.1249	0.027	0	0.0656	0	1843	29.27	-0.1143	0.01119	1831	943	0.515	0.0625	1.189	1845	31.03	-0.09871	0.007903	1829	941	0.5145	0.0641	1.188	1155	26.22	-0.2111	0.005272	1142	55	0.04816	0.07895	0.1112	0.026	0.2451
chr13	56000000	57000000	0.3406	-0.1068	0.0314	0	0.0659	0	888	29.16	-0.1199	-0.01538	884	608	0.6878	0.06522	1.139	826	30.8	-0.1093	-0.02315	825	554	0.6715	0.05941	1.112	1119	25.94	-0.2266	-0.02638	1109	784	0.7069	0.06667	1.17	0.05063	0.263
chr13	57000000	58000000	0.3461	-0.1221	0.0384	0	0.0625	0	1472	28.8	-0.1377	-0.02221	1452	708	0.4876	0.06667	0.8798	1260	30.94	-0.1029	0.004647	1241	410	0.3304	0.0625	0.5961	1562	26.13	-0.2158	-0.007467	1540	843	0.5474	0.06667	0.9877	0.03244	0.2538
chr13	58000000	59000000	0.3521	-0.0919	0.031	0	0.0625	0	1271	30.12	-0.07326	0.01566	1259	428	0.34	0.06522	0.5387	1440	31.42	-0.08097	0.00178	1429	791	0.5535	0.06098	0.8771	1423	26.57	-0.1918	-0.03018	1403	774	0.5517	0.07143	0.8741	0.04731	0.2451
chr13	59000000	60000000	0.3759	-0.0611	0.0138	0	0.0594	0	1204	30.44	-0.05795	0.007742	1202	537	0.4468	0.06	0.9071	1489	32.18	-0.04619	0.008393	1481	979	0.661	0.0625	1.342	1104	28.24	-0.1037	-0.002276	1101	492	0.4469	0.06757	0.9073	0	0.1864
chr13	60000000	61000000	0.3762	-0.0776	0.0193	0	0.0612	0	1669	30.37	-0.06138	0.02214	1644	1019	0.6198	0.06	0.9224	1467	31.84	-0.06171	0.001545	1436	1060	0.7382	0.05882	1.098	1324	28.44	-0.09383	0.02464	1305	840	0.6437	0.06757	0.9579	0	0.1354
chr13	61000000	62000000	0.352	-0.0622	0.0167	0	0.0625	0	871	30.5	-0.05494	0.004284	869	574	0.6605	0.06667	0.94	1289	31.95	-0.05682	-0.003719	1287	966	0.7506	0.0625	1.068	664	27.68	-0.1329	-0.001009	664	317	0.4774	0.05556	0.6794	0.0413	0.2666
chr13	62000000	63000000	0.3408	-0.0813	0.0316	0	0.061	0	1821	30.6	-0.05026	0.03005	1814	1284	0.7078	0.0625	1.001	1735	32.19	-0.04587	0.01606	1728	1355	0.7841	0.05882	1.109	1632	27.01	-0.1683	0.005696	1626	1022	0.6285	0.06522	0.8888	0.05247	0.237
chr13	63000000	64000000	0.3454	-0.0989	0.0479	0	0.0648	0	1843	29.53	-0.1016	-0.008508	1796	1323	0.7366	0.0625	1.006	1514	31.75	-0.06582	0.02051	1483	1046	0.7053	0.05882	0.9629	1504	26.83	-0.1776	0.00667	1448	936	0.6464	0.07143	0.8825	0.02554	0.2289
chr13	64000000	65000000	0.3417	-0.1198	0.0312	0	0.0609	0	1294	29.58	-0.09915	0.01963	1292	302	0.2337	0.07143	0.3928	1779	31.09	-0.09583	0.00333	1770	810	0.4576	0.05556	0.769	1480	26.13	-0.2159	-0.002604	1468	1197	0.8154	0.06667	1.37	0.04731	0.2515
chr13	65000000	66000000	0.3431	-0.0948	0.0314	0	0.0619	0	1040	29.56	-0.1002	-0.006417	1038	499	0.4807	0.06	0.8503	1302	31.51	-0.07669	0	1299	949	0.7306	0.0625	1.292	1067	26.56	-0.1921	-0.003833	1064	657	0.6175	0.06522	1.092	0	0.241
chr13	66000000	67000000	0.3504	-0.0841	0.0234	0	0.0649	0	1490	30.05	-0.07672	0.002559	1482	823	0.5553	0.06	1.018	1571	31	-0.1001	-0.02408	1566	964	0.6156	0.06466	1.128	1434	27.45	-0.1449	0.02354	1429	682	0.4773	0.06667	0.8747	0.04064	0.1635
chr13	67000000	68000000	0.3493	-0.1148	0.0296	0	0.0632	0	1213	29.56	-0.1002	0.01237	1192	649	0.5445	0.06	1.032	1050	30.64	-0.1171	-0.007019	1040	190	0.1827	0.06712	0.3464	1085	26.48	-0.1965	0	1063	565	0.5315	0.06667	1.008	0.06711	0.1953
chr13	68000000	69000000	0.3398	-0.1122	0.0418	0	0.0652	0	1635	29.82	-0.08748	0.0221	1628	1418	0.871	0.06522	1.33	1473	31.24	-0.08902	0.002397	1461	813	0.5565	0.06667	0.8497	1439	26.22	-0.2108	-0.005851	1427	883	0.6188	0.07143	0.9448	0.03953	0.2157
chr13	69000000	70000000	0.341	-0.1064	0.0374	0	0.0621	0	1918	29.79	-0.08923	0.01615	1905	1376	0.7223	0.0641	1.124	1905	31.32	-0.08548	0.002811	1897	1119	0.5899	0.0625	0.9178	1677	26.37	-0.2025	-0.002608	1664	1174	0.7055	0.06667	1.098	0.0458	0.2313
chr13	70000000	71000000	0.3421	-0.089	0.0287	0	0.0625	0	1957	29.76	-0.09051	-0.001256	1952	1267	0.6491	0.0625	1.136	2021	31.54	-0.07531	-0.005114	2013	1312	0.6518	0.06	1.141	1851	26.58	-0.1911	-0.01012	1840	907	0.4929	0.06667	0.8627	0.02425	0.241
chr13	71000000	72000000	0.3464	-0.0873	0.02	0	0.0625	0	1307	29.64	-0.09643	-0.01578	1302	821	0.6306	0.0625	1.378	1136	31.6	-0.07274	0.001777	1134	421	0.3713	0.06522	0.8111	1251	26.69	-0.1855	-0.01277	1248	702	0.5625	0.07143	1.229	0	0.263
chr13	72000000	73000000	0.369	-0.0637	0.0095	0	0.0617	0	1783	30.32	-0.06347	0.001951	1777	1269	0.7141	0.06	1.285	1617	31.72	-0.06692	-0.009484	1613	876	0.5431	0.06174	0.977	1453	27.96	-0.1181	-0.02277	1449	808	0.5576	0.06466	1.003	0.02137	0.1993
chr13	73000000	74000000	0.3911	-0.0364	0.0135	0	0.0613	0	1367	31.05	-0.02907	0.01776	1356	661	0.4875	0.0625	0.8096	1387	31.62	-0.07158	-0.02766	1369	707	0.5164	0.0625	0.8577	1455	29.56	-0.03785	0.009381	1445	742	0.5135	0.06098	0.8528	0.02018	0.1031
chr13	74000000	75000000	0.3747	-0.0325	0.0161	0	0.0611	0	1432	30.65	-0.04822	-0.007483	1418	384	0.2708	0.06667	0.5585	1500	32.54	-0.03019	-0.001227	1489	472	0.317	0.05685	0.6537	1697	29.57	-0.03771	0.0274	1679	970	0.5777	0.0625	1.191	-0.02425	0.1444
chr13	75000000	76000000	0.3826	0.0204	0.007	0	0.0594	0	1152	31.76	0.003398	-0.004807	1152	250	0.217	0.06098	0.4088	1334	33.9	0.02895	0.01309	1331	661	0.4966	0.06	0.9354	1339	32.2	0.08539	0.073	1338	641	0.4791	0.06	0.9024	-0.06817	0.09466
chr13	76000000	77000000	0.3785	-0.0127	0.0321	0	0.0599	0	1375	30.58	-0.05127	-0.03291	1359	610	0.4489	0.06	0.7543	1617	32.71	-0.02251	-0.01113	1604	977	0.6091	0.0625	1.024	1392	29.69	-0.03151	0.003451	1381	781	0.5655	0.06522	0.9503	-0.04731	0.1293
chr13	77000000	78000000	0.3737	0.0417	0.0284	0	0.0588	0	926	31.78	0.004016	-0.02862	925	476	0.5146	0.05814	0.9089	798	34.49	0.05371	0.008046	796	171	0.2148	0.05814	0.3794	825	32.03	0.07774	0.06865	819	228	0.2784	0.06594	0.4917	-0.07245	0.1171
chr13	78000000	79000000	0.3735	-0.007	0.0157	0	0.06	0	1769	30.68	-0.04671	-0.03148	1762	876	0.4972	0.06049	0.9693	1639	32.47	-0.03343	-0.02716	1637	679	0.4148	0.0625	0.8087	1766	29.22	-0.05485	-0.01565	1760	987	0.5608	0.0625	1.093	-0.02076	0.1456
chr13	79000000	80000000	0.3762	-0.0194	0.0134	0	0.0594	0	1354	30.77	-0.04217	-0.01685	1342	946	0.7049	0.0625	1.196	1165	33.59	0.01537	0.02043	1154	423	0.3666	0.05556	0.6217	1266	29.28	-0.05188	0.008394	1255	803	0.6398	0.0625	1.085	-0.02237	0.1806
chr13	80000000	81000000	0.3731	-0.0822	0.0143	0	0.0625	0	1335	29.78	-0.08971	0.001329	1328	838	0.631	0.05882	0.9437	1448	31.87	-0.06004	0.02067	1441	1031	0.7155	0.05882	1.07	1330	28.04	-0.114	0.0004111	1318	756	0.5736	0.0633	0.8578	-0.02752	0.1806
chr13	81000000	82000000	0.348	-0.1025	0.0345	0	0.0613	0	1481	29.43	-0.1066	-0.008262	1476	702	0.4756	0.06522	0.9139	1178	30.97	-0.1014	-0.003529	1176	382	0.3248	0.05882	0.6242	1660	26.99	-0.1692	0.01953	1657	946	0.5709	0.06712	1.097	0.02509	0.1864
chr13	82000000	83000000	0.3425	-0.1313	0.0382	0	0.0652	0	1433	28.99	-0.1283	0.003283	1415	761	0.5378	0.0641	1.113	1479	30.83	-0.1081	0.004785	1471	1023	0.6954	0.0625	1.439	1477	26.18	-0.2132	0.01083	1467	748	0.5099	0.06522	1.055	0.03037	0.2224
chr13	83000000	84000000	0.3464	-0.107	0.0269	0	0.0633	0	1085	29.73	-0.09176	0.008584	1076	509	0.473	0.06522	0.7256	1247	30.89	-0.1053	-0.01107	1243	790	0.6356	0.06	0.9749	1053	26.23	-0.2105	-0.01814	1046	445	0.4254	0.06522	0.6526	0.0623	0.2342
chr13	84000000	85000000	0.3457	-0.1157	0.0285	0	0.0625	0	1477	30.11	-0.0734	0.03564	1470	803	0.5463	0.06522	0.7917	1485	31.05	-0.09789	0.003254	1473	1011	0.6864	0.0625	0.9947	1305	26.38	-0.2022	-0.002296	1292	616	0.4768	0.07143	0.691	0.08489	0.2313
chr13	85000000	86000000	0.3489	-0.1071	0.028	0	0.0625	0	2127	29.58	-0.0994	0.004072	2121	1259	0.5936	0.05882	0.9463	1606	30.89	-0.1051	-0.001757	1599	1040	0.6504	0.05882	1.037	2334	26.28	-0.2077	-0.01634	2321	1807	0.7785	0.06522	1.241	0.04731	0.2191
chr13	86000000	87000000	0.3447	-0.1008	0.0311	0	0.0659	0	1281	29.73	-0.09205	0.007951	1273	899	0.7062	0.06522	1.016	979	30.69	-0.1146	-0.03091	958	888	0.9269	0.0625	1.334	1342	25.91	-0.2279	-0.04166	1329	989	0.7442	0.06522	1.071	0.07155	0.2465
chr13	87000000	88000000	0.342	-0.1394	0.0388	0	0.0667	0	1087	29.33	-0.1114	0.02698	1075	896	0.8335	0.06667	1.157	1260	32.98	-0.01085	0.1079	1244	942	0.7572	0.07692	1.051	1016	25.82	-0.2329	-0.0007452	993	835	0.8409	0.07143	1.167	0	0.3219
chr13	88000000	89000000	0.3449	-0.1091	0.0425	0	0.0607	0	1526	29.61	-0.09768	0.01062	1520	770	0.5066	0.06522	0.8628	1733	41.72	0.3284	0.4197	1714	1112	0.6488	0.1286	1.105	2008	26.11	-0.2172	-0.02391	1998	1489	0.7452	0.0625	1.269	-0.1854	0.6723
chr13	89000000	90000000	0.3456	-0.0897	0.0365	0	0.0625	0	1621	30.03	-0.07764	0.005405	1610	693	0.4304	0.0625	0.9743	1510	41.47	0.3197	0.3957	1490	666	0.447	0.12	1.012	2230	26.62	-0.1889	-0.01501	2222	1157	0.5207	0.07143	1.179	-0.1699	0.6167
chr13	90000000	91000000	0.3585	-0.0699	0.0282	0	0.0633	0	1647	30.36	-0.06157	0.01036	1641	989	0.6027	0.06	0.9051	1686	42.4	0.3516	0.4156	1674	1195	0.7139	0.1222	1.072	1624	27.31	-0.1521	-0.01231	1617	979	0.6054	0.06522	0.9092	-0.215	0.6308
chr13	91000000	92000000	0.3656	-0.0349	0.0247	0	0.0625	0	887	30.59	-0.0506	-0.01617	886	299	0.3375	0.06757	0.5086	1035	43.91	0.402	0.4309	1032	706	0.6841	0.1275	1.031	889	29.01	-0.06509	0.02279	885	283	0.3198	0.0625	0.482	-0.2429	0.6027
chr13	92000000	93000000	0.3566	-0.0726	0.0275	0	0.0625	0	976	30.09	-0.0745	-0.003644	968	492	0.5083	0.05941	0.7127	1144	42.26	0.3469	0.4127	1127	676	0.5998	0.1304	0.841	1169	27.3	-0.1526	-0.01061	1160	811	0.6991	0.06667	0.9803	-0.1926	0.6477
chr13	93000000	94000000	0.3659	-0.0709	0.0396	0	0.0637	0	1832	30.23	-0.06786	0.004078	1828	1061	0.5804	0.06522	0.9934	1830	42.95	0.3701	0.4344	1815	1116	0.6149	0.125	1.052	1871	27.31	-0.152	-0.03308	1864	1198	0.6427	0.06667	1.1	-0.2157	0.6464
chr13	94000000	95000000	0.3939	-0.0181	0.0199	0	0.0625	0	1381	31.46	-0.01016	0.01281	1379	959	0.6954	0.0625	1.084	1464	44.11	0.4088	0.427	1455	924	0.6351	0.13	0.9898	1262	29.43	-0.04445	-0.01641	1258	884	0.7027	0.0625	1.095	-0.2649	0.6027
chr13	95000000	96000000	0.4097	0.0007	0.0273	0	0.0625	0	1542	32.23	0.02462	0.02014	1532	1069	0.6978	0.05814	1.214	1776	45.61	0.4568	0.4519	1767	1023	0.5789	0.1279	1.007	1501	31.25	0.04223	0.03977	1491	1032	0.6922	0.0625	1.204	-0.2395	0.5272
chr13	96000000	97000000	0.3836	-0.0338	0.0178	0	0.0629	0	1200	30.96	-0.03362	0.002611	1200	795	0.6625	0.0625	1.316	1122	43.42	0.3858	0.4167	1117	326	0.2919	0.125	0.5796	934	28.61	-0.08508	-0.02619	934	304	0.3255	0.0695	0.6464	-0.2345	0.6131
chr13	97000000	98000000	0.4035	-0.0066	0.0151	0	0.0614	0	1132	31.39	-0.01373	0	1126	857	0.7611	0.06522	1.079	1117	43.2	0.3785	0.3884	1096	696	0.635	0.1226	0.9001	1146	30.1	-0.01183	-0.007177	1132	817	0.7217	0.06	1.023	-0.2391	0.5272
chr13	98000000	99000000	0.4421	0.0648	0.022	0	0.0588	0	1592	33.56	0.08271	0.00995	1584	944	0.596	0.05556	0.9214	1549	45.76	0.4617	0.4054	1530	1035	0.6765	0.1271	1.046	1633	32.55	0.1012	0.01456	1617	1148	0.71	0.0625	1.098	-0.2106	0.4975
chr13	99000000	100000000	0.4361	0.0777	0.0235	0	0.0583	0	1418	33.15	0.06524	-0.0242	1410	821	0.5823	0.05882	0.9078	1324	47.5	0.5154	0.4416	1310	795	0.6069	0.1207	0.9462	1463	33.4	0.1382	0.03521	1453	1068	0.735	0.06	1.146	-0.2594	0.4996
chr13	100000000	101000000	0.4147	0.0106	0.0319	0	0.0625	0	1528	32.06	0.01684	0.01319	1516	1031	0.6801	0.0641	1.117	1241	44.54	0.4227	0.4185	1227	572	0.4662	0.1291	0.7655	1505	30.22	-0.006089	-0.01238	1499	1114	0.7432	0.06522	1.22	-0.2303	0.5454
chr13	101000000	102000000	0.374	-0.0511	0.0326	0	0.0602	0	1650	30.46	-0.05703	0.002298	1645	899	0.5465	0.06098	0.9729	1746	42.96	0.3706	0.4194	1731	1163	0.6719	0.125	1.196	1686	27.97	-0.1179	-0.02694	1685	918	0.5448	0.0625	0.9699	-0.2224	0.6178
chr13	102000000	103000000	0.3861	0.0035	0.0193	0	0.06	0	1403	31.62	-0.00292	-0.006504	1399	1038	0.742	0.06	1.105	1242	44.31	0.4152	0.4133	1225	961	0.7845	0.1279	1.168	1474	30.26	-0.004003	0.01062	1472	790	0.5367	0.05882	0.7991	-0.263	0.5289
chr13	103000000	104000000	0.3688	-0.0305	0.0249	0	0.0607	0	1902	30.17	-0.07065	-0.03932	1893	1322	0.6984	0.0625	1.318	1864	43.27	0.3811	0.4024	1844	1211	0.6567	0.1279	1.24	1741	29.44	-0.04406	0.0222	1730	905	0.5231	0.0625	0.9874	-0.2746	0.567
chr13	104000000	105000000	0.3594	-0.0807	0.0298	0	0.06	0	1372	29.89	-0.08442	0.003045	1362	927	0.6806	0.05882	1.224	1772	42.23	0.3458	0.4241	1749	1077	0.6158	0.125	1.108	1544	27.4	-0.1477	-0.009273	1532	1069	0.6978	0.06522	1.255	-0.2073	0.6178
chr13	105000000	106000000	0.366	-0.0896	0.0267	0	0.0602	0	2057	29.82	-0.08783	0.001982	2052	1356	0.6608	0.06	1.125	1857	42.59	0.358	0.441	1842	1070	0.5809	0.1279	0.9889	1904	27.07	-0.1651	-0.02744	1897	1092	0.5756	0.06667	0.98	-0.2146	0.6714
chr13	106000000	107000000	0.399	-0.072	0.0222	0	0.0659	0	1666	30.66	-0.04771	0.02493	1649	994	0.6028	0.06522	1.119	1656	42.13	0.3425	0.4114	1648	967	0.5868	0.1279	1.09	1702	27.64	-0.1349	-0.07058	1696	939	0.5537	0.07692	1.028	-0.1864	0.613
chr13	107000000	108000000	0.3752	-0.0752	0.0291	0	0.0617	0	1732	30.38	-0.06054	0.01715	1725	987	0.5722	0.0625	1.052	1590	42.49	0.3547	0.4275	1582	757	0.4785	0.1279	0.8796	1913	27.37	-0.1488	-0.03127	1909	1161	0.6082	0.0641	1.118	-0.197	0.6215
chr13	108000000	109000000	0.3785	-0.059	0.0094	0	0.0625	0	1878	30.7	-0.04559	0.01907	1857	1306	0.7033	0.06667	1.149	1796	42.71	0.3621	0.4198	1781	1204	0.676	0.1279	1.105	1659	28.19	-0.1062	-0.02498	1644	957	0.5821	0.06522	0.9513	-0.1999	0.5715
chr13	109000000	110000000	0.4104	-0.0318	0.0201	0	0.0606	0	1787	31.34	-0.01579	0.01183	1762	1180	0.6697	0.0625	1.065	1789	43.45	0.387	0.4208	1759	1119	0.6362	0.1275	1.012	1727	28.85	-0.07282	-0.05349	1708	1115	0.6528	0.06	1.038	-0.2146	0.585
chr13	110000000	111000000	0.4562	0.0582	0.0214	0	0.0605	0	2315	33.47	0.07918	0.004683	2262	1264	0.5588	0.06	0.9945	2328	46.44	0.4828	0.4308	2294	1243	0.5418	0.1275	0.9643	2392	32.14	0.0827	-0.008594	2360	1419	0.6013	0.06522	1.07	-0.2274	0.5243
chr13	111000000	112000000	0.4688	0.0325	0.0117	0	0.0572	0	1740	32.97	0.05741	0.0001532	1693	935	0.5523	0.0625	0.9816	1693	44.62	0.4253	0.4036	1652	863	0.5224	0.1296	0.9285	1764	31	0.03057	-0.04602	1713	949	0.554	0.05882	0.9847	-0.1829	0.5377
chr13	112000000	113000000	0.4805	0.008	0.012	0	0.0625	0	2102	31.78	0.00415	-0.02713	1871	1333	0.7125	0.06667	1.133	1755	45.51	0.4539	0.4576	1591	926	0.582	0.119	0.9256	1859	30.36	0.0007259	-0.05325	1672	1161	0.6944	0.0641	1.104	-0.1468	0.5236
chr13	113000000	114000000	0.5182	0.0256	0.0318	0	0.0668	0	1424	33.85	0.09509	0.01633	1266	781	0.6169	0.0641	0.9875	1713	44.02	0.4057	0.3956	1544	812	0.5259	0.1222	0.8419	1782	32.15	0.08331	-0.01291	1630	1229	0.754	0.06757	1.207	-0.1699	0.4594
chr13	114000000	114364328	0.4979	-0.0548	0.0614	0	0.0721	0	506	31.78	0.004068	0.02118	417	265	0.6355	0.06522	0.8434	463	44.27	0.4137	0.4793	391	238	0.6087	0.1212	0.8078	720	31.28	0.04374	0.03971	620	480	0.7742	0.07143	1.027	-0.1681	0.4975
chr14	0	1000000	NA	NA	NA	1	NA	0	0	NA	NA	NA	0	0	NA	NA	NA	0	NA	NA	NA	0	0	NA	NA	NA	0	NA	NA	NA	0	0	NA	NA	NA	NA	NA
chr14	1000000	2000000	NA	NA	NA	1	NA	0	0	NA	NA	NA	0	0	NA	NA	NA	0	NA	NA	NA	0	0	NA	NA	NA	0	NA	NA	NA	0	0	NA	NA	NA	NA	NA
chr14	2000000	3000000	NA	NA	NA	1	NA	0	0	NA	NA	NA	0	0	NA	NA	NA	0	NA	NA	NA	0	0	NA	NA	NA	0	NA	NA	NA	0	0	NA	NA	NA	NA	NA
chr14	3000000	4000000	NA	NA	NA	1	NA	0	0	NA	NA	NA	0	0	NA	NA	NA	0	NA	NA	NA	0	0	NA	NA	NA	0	NA	NA	NA	0	0	NA	NA	NA	NA	NA
chr14	4000000	5000000	NA	NA	NA	1	NA	0	0	NA	NA	NA	0	0	NA	NA	NA	0	NA	NA	NA	0	0	NA	NA	NA	0	NA	NA	NA	0	0	NA	NA	NA	NA	NA
chr14	5000000	6000000	NA	NA	NA	1	NA	0	0	NA	NA	NA	0	0	NA	NA	NA	0	NA	NA	NA	0	0	NA	NA	NA	0	NA	NA	NA	0	0	NA	NA	NA	NA	NA
chr14	6000000	7000000	NA	NA	NA	1	NA	0	0	NA	NA	NA	0	0	NA	NA	NA	0	NA	NA	NA	0	0	NA	NA	NA	0	NA	NA	NA	0	0	NA	NA	NA	NA	NA
chr14	7000000	8000000	NA	NA	NA	1	NA	0	0	NA	NA	NA	0	0	NA	NA	NA	0	NA	NA	NA	0	0	NA	NA	NA	0	NA	NA	NA	0	0	NA	NA	NA	NA	NA
chr14	8000000	9000000	NA	NA	NA	1	NA	0	0	NA	NA	NA	0	0	NA	NA	NA	0	NA	NA	NA	0	0	NA	NA	NA	0	NA	NA	NA	0	0	NA	NA	NA	NA	NA
chr14	9000000	10000000	NA	NA	NA	1	NA	0	0	NA	NA	NA	0	0	NA	NA	NA	0	NA	NA	NA	0	0	NA	NA	NA	0	NA	NA	NA	0	0	NA	NA	NA	NA	NA
chr14	10000000	11000000	NA	NA	NA	1	NA	0	0	NA	NA	NA	0	0	NA	NA	NA	0	NA	NA	NA	0	0	NA	NA	NA	0	NA	NA	NA	0	0	NA	NA	NA	NA	NA
chr14	11000000	12000000	NA	NA	NA	1	NA	0	0	NA	NA	NA	0	0	NA	NA	NA	0	NA	NA	NA	0	0	NA	NA	NA	0	NA	NA	NA	0	0	NA	NA	NA	NA	NA
chr14	12000000	13000000	NA	NA	NA	1	NA	0	0	NA	NA	NA	0	0	NA	NA	NA	0	NA	NA	NA	0	0	NA	NA	NA	0	NA	NA	NA	0	0	NA	NA	NA	NA	NA
chr14	13000000	14000000	NA	NA	NA	1	NA	0	0	NA	NA	NA	0	0	NA	NA	NA	0	NA	NA	NA	0	0	NA	NA	NA	0	NA	NA	NA	0	0	NA	NA	NA	NA	NA
chr14	14000000	15000000	NA	NA	NA	1	NA	0	0	NA	NA	NA	0	0	NA	NA	NA	0	NA	NA	NA	0	0	NA	NA	NA	0	NA	NA	NA	0	0	NA	NA	NA	NA	NA
chr14	15000000	16000000	NA	NA	NA	1	NA	0	0	NA	NA	NA	0	0	NA	NA	NA	0	NA	NA	NA	0	0	NA	NA	NA	0	NA	NA	NA	0	0	NA	NA	NA	NA	NA
chr14	16000000	17000000	0.3849	1.295	0.1053	1	0.1137	1	531	73.37	1.211	NA	476	401	0.8424	NA	0.9689	530	80.73	1.281	NA	485	432	0.8907	NA	1.024	478	71.03	1.227	NA	437	366	0.8375	NA	0.9632	-0.02554	0.2295
chr14	17000000	18000000	0.3872	NA	NA	1	NA	0	0	NA	NA	NA	0	0	NA	NA	NA	0	NA	NA	NA	0	0	NA	NA	NA	0	NA	NA	NA	0	0	NA	NA	NA	NA	NA
chr14	18000000	19000000	0.4009	-0.0304	0.223	1	0.1029	1	1123	36.8	0.216	NA	753	392	0.5206	NA	0.8713	1071	38.34	0.2063	NA	669	561	0.8386	NA	1.403	1108	29.11	-0.05997	NA	707	316	0.447	NA	0.748	0.155	0.389
chr14	19000000	20000000	0.3992	0.2774	0.2551	1	0.119	1	3047	53.05	0.7434	NA	2014	1418	0.7041	NA	1.118	2980	44.2	0.4117	NA	1925	1478	0.7678	NA	1.219	3014	39.22	0.37	NA	1961	1396	0.7119	NA	1.13	0.3572	0.1105
chr14	20000000	21000000	0.416	0.0311	0.0072	0	0.061	0	2100	32.51	0.03715	0.003857	2070	1405	0.6787	0.06	1.104	2210	33.85	0.02667	0.003702	2160	1319	0.6106	0.06	0.9934	2147	32.06	0.07919	0.04778	2115	1507	0.7125	0.06	1.159	-0.02237	0.078
chr14	21000000	22000000	0.4161	0.0299	0.0163	0	0.0588	0	1975	32.21	0.02363	-0.009785	1967	1094	0.5562	0.06	0.9475	1955	33.62	0.0169	-0.004836	1946	1194	0.6136	0.06049	1.045	1798	31.55	0.05611	0.02601	1793	630	0.3514	0.06	0.5986	-0.02385	0.1031
chr14	22000000	23000000	0.4267	0.0736	0.0359	0	0.0585	0	1566	33.06	0.06109	-0.01974	1552	1081	0.6965	0.06	1.074	1322	35.04	0.07672	0.007816	1312	876	0.6677	0.0625	1.029	1814	33.18	0.1286	0.0238	1800	1310	0.7278	0.06098	1.122	-0.02425	0.04439
chr14	23000000	24000000	0.4534	0.0574	0.027	0	0.0568	0	1121	32.53	0.03778	-0.03416	1107	558	0.5041	0.06174	0.8014	1302	34.38	0.04906	-0.002193	1285	774	0.6023	0.06049	0.9576	955	32.53	0.1	0.01216	945	335	0.3545	0.06	0.5636	-0.02647	0.07909
chr14	24000000	25000000	0.4461	0.0631	0.0173	0	0.0591	0	1636	33.25	0.06936	0.00418	1610	911	0.5658	0.05556	1.065	1779	35.06	0.07737	0.02564	1761	991	0.5627	0.0641	1.06	1475	32.15	0.08337	-0.009458	1453	720	0.4955	0.05556	0.933	0	0.1293
chr14	25000000	26000000	0.3785	-0.0525	0.0193	0	0.0602	0	1685	30.02	-0.07773	-0.01958	1660	765	0.4608	0.06667	0.7951	1761	31.83	-0.06212	-0.01094	1748	1107	0.6333	0.0625	1.093	1786	27.61	-0.1366	-0.06185	1761	1108	0.6292	0.06667	1.086	0.02346	0.2035
chr14	26000000	27000000	0.3571	-0.0959	0.0257	0	0.0613	0	1222	29.85	-0.08608	0.006871	1217	407	0.3344	0.06	0.5851	1303	30.98	-0.101	-0.01213	1297	768	0.5921	0.05556	1.036	1450	26.9	-0.1742	-0.006628	1441	801	0.5559	0.06667	0.9725	0.04064	0.2016
chr14	27000000	28000000	0.3443	-0.1121	0.0418	0	0.0597	0	1347	29.29	-0.1137	-0.001197	1346	571	0.4242	0.05882	0.7536	1347	30.68	-0.1152	-0.0206	1347	720	0.5345	0.05685	0.9496	1434	26.06	-0.2195	-0.022	1426	564	0.3955	0.07143	0.7026	0.03477	0.2756
chr14	28000000	29000000	0.3574	-0.0915	0.0271	0	0.0602	0	869	29.7	-0.09352	3.379e-06	864	649	0.7512	0.0625	1.121	885	31.51	-0.07654	0.009102	873	613	0.7022	0.06	1.048	779	26.74	-0.1824	-0.02147	771	266	0.345	0.07143	0.515	0	0.2451
chr14	29000000	30000000	0.3626	-0.0862	0.022	0	0.0625	0	1089	30.23	-0.06773	0.01754	1083	843	0.7784	0.0625	1.134	991	31.06	-0.09729	-0.02053	969	732	0.7554	0.0633	1.101	905	27.2	-0.158	-0.01346	899	601	0.6685	0.06667	0.9741	0.02509	0.1993
chr14	30000000	31000000	0.3782	-0.0017	0.016	0	0.0605	0	1167	31.31	-0.01735	-0.009989	1153	697	0.6045	0.0625	0.9994	1146	32.79	-0.01929	-0.01832	1137	758	0.6667	0.0625	1.102	1055	30.02	-0.01551	0.00845	1044	493	0.4722	0.0625	0.7807	-0.02308	0.1069
chr14	31000000	32000000	0.4006	0.0031	0.0093	0	0.0594	0	1614	31.76	0.003177	0.004956	1601	1182	0.7383	0.05882	1.169	977	32.88	-0.01513	-0.01855	970	199	0.2052	0.05556	0.3249	1408	30.76	0.01945	0.001896	1398	480	0.3433	0.06667	0.5438	-0.02237	0.0902
chr14	32000000	33000000	0.3849	-0.0394	0.0187	0	0.06	0	1571	30.78	-0.04192	0.003828	1564	1116	0.7136	0.06667	1.045	1549	32.95	-0.012	0.02339	1541	1120	0.7268	0.06098	1.064	1596	28.19	-0.1066	-0.0374	1587	911	0.574	0.06	0.8403	0.02137	0.2157
chr14	33000000	34000000	0.3881	-0.0317	0.0231	0	0.06	0	1429	30.96	-0.03346	0.01002	1425	986	0.6919	0.06522	1.006	1257	32.89	-0.01497	0.01336	1257	846	0.673	0.05556	0.979	1317	28.95	-0.0682	-0.02023	1314	820	0.624	0.06	0.9077	0.02107	0.1444
chr14	34000000	35000000	0.4225	0.0206	0.0117	0	0.0588	0	1572	32.32	0.02854	0.003218	1554	1135	0.7304	0.06	1.042	1812	33.57	0.01472	-0.002987	1789	1249	0.6982	0.05882	0.9958	1334	31.51	0.05437	0.001001	1313	978	0.7449	0.06	1.062	0	0.0902
chr14	35000000	36000000	0.401	0.0365	0.0245	0	0.0605	0	678	32.49	0.03601	-3.887e-05	639	512	0.8013	0.05882	1.026	835	34.09	0.03681	-1.478e-05	795	645	0.8113	0.06818	1.039	825	32.2	0.08527	0.0318	808	624	0.7723	0.0625	0.9893	-0.01886	0
chr14	36000000	37000000	0.3934	-0.0254	0.0275	0	0.0588	0	1416	31.18	-0.02305	0.01016	1412	653	0.4625	0.05556	0.8039	1588	32.23	-0.04383	-0.0186	1575	908	0.5765	0.05882	1.002	1499	28.84	-0.07331	-0.05131	1487	718	0.4829	0.06667	0.8393	0.02346	0.1468
chr14	37000000	38000000	0.3744	-0.0867	0.0238	0	0.0625	0	1092	30.06	-0.07592	0.01962	1083	382	0.3527	0.06	0.6484	1410	31.17	-0.0925	-0.008061	1402	1028	0.7332	0.0625	1.348	1087	27.09	-0.1636	-0.03956	1084	383	0.3533	0.06522	0.6495	0.04182	0.2095
chr14	38000000	39000000	0.3777	-0.0417	0.0216	0	0.0605	0	1444	30.66	-0.04736	0	1439	863	0.5997	0.0641	0.9676	1395	32.15	-0.04761	-0.005938	1392	994	0.7141	0.06	1.152	1412	28.61	-0.08487	-0.01926	1405	763	0.5431	0.06522	0.8762	0.02309	0.142
chr14	39000000	40000000	0.3837	-0.0132	0.0148	0	0.0625	0	1548	31.19	-0.02288	-0.005083	1542	991	0.6427	0.06098	1.02	1604	33.02	-0.009077	0.0005388	1595	1043	0.6539	0.06	1.037	1526	30.14	-0.01005	0.02823	1518	907	0.5975	0.06667	0.948	-0.02046	0.142
chr14	40000000	41000000	0.3481	-0.0839	0.0236	0	0.0625	0	1590	29.61	-0.0978	-0.01899	1587	597	0.3762	0.06098	0.5705	1527	31.39	-0.08198	-0.00726	1522	1038	0.682	0.0625	1.034	1453	27.37	-0.149	0.02266	1450	18	0.01241	0.1	0.01883	0.04655	0.1854
chr14	41000000	42000000	0.3458	-0.1155	0.0279	0	0.0625	0	1475	29.07	-0.1246	-0.01655	1467	648	0.4417	0.07143	0.7795	1742	30.51	-0.1232	-0.02183	1735	1224	0.7055	0.05882	1.245	1438	27.07	-0.1651	0.03576	1431	824	0.5758	0.07143	1.016	0.0217	0.2065
chr14	42000000	43000000	0.3469	-0.0989	0.0292	0	0.0617	0	993	29.79	-0.08903	0.002707	990	676	0.6828	0.06	0.9903	1064	32.03	-0.05297	0.03659	1058	547	0.517	0.05556	0.7498	1075	26.32	-0.2052	-0.02012	1070	794	0.7421	0.0625	1.076	0.02137	0.2955
chr14	43000000	44000000	0.3451	-0.0905	0.0289	0	0.064	0	1145	29.64	-0.09617	-0.006631	1133	811	0.7158	0.0625	1.021	831	31.46	-0.07907	-0.002198	825	567	0.6873	0.06522	0.9803	1418	26.5	-0.1959	-0.02117	1404	1161	0.8269	0.07143	1.179	0.06277	0.2553
chr14	44000000	45000000	0.369	-0.0613	0.0237	0	0.0625	0	1072	30.32	-0.06369	-0.000675	1058	744	0.7032	0.06	0.9376	940	31.32	-0.08557	-0.03053	928	780	0.8405	0.06667	1.121	1199	27.42	-0.1463	-0.05333	1188	708	0.596	0.06522	0.7946	0.02697	0.1926
chr14	45000000	46000000	0.3749	-0.0634	0.0356	0	0.0617	0	703	30.61	-0.04988	0.02198	699	84	0.1202	0.06712	0.1914	963	32.67	-0.02448	0.03843	954	356	0.3732	0.06049	0.5944	1012	27.78	-0.1278	-0.02322	1001	696	0.6953	0.06757	1.108	0.0177	0.2553
chr14	46000000	47000000	0.3451	-0.1015	0.0251	0	0.06	0	1802	29.46	-0.1051	-0.004526	1790	677	0.3782	0.06	0.6414	1794	31.51	-0.07676	0.01112	1781	946	0.5312	0.0625	0.9007	1871	26.66	-0.1869	-0.001187	1857	1087	0.5854	0.0625	0.9926	0	0.2295
chr14	47000000	48000000	0.3558	-0.0909	0.0221	0	0.0625	0	1615	29.9	-0.08379	0.001763	1609	1182	0.7346	0.05882	1.053	1896	31.05	-0.09785	-0.01377	1889	1102	0.5834	0.0625	0.8359	1316	26.83	-0.1776	-0.01228	1313	1073	0.8172	0.07143	1.171	0.03043	0.205
chr14	48000000	49000000	0.3541	-0.0599	0.0299	0	0.0617	0	897	30.31	-0.06419	-0.004175	891	505	0.5668	0.07143	0.8749	1018	31.7	-0.068	-0.01818	1012	556	0.5494	0.06522	0.8481	1018	27.66	-0.1341	-0.004595	1012	603	0.5958	0.06522	0.9198	0.0451	0.1835
chr14	49000000	50000000	0.4055	0.0473	0.0204	0	0.0591	0	1288	32.15	0.02081	-0.02267	1280	693	0.5414	0.05882	0.9796	1246	33.48	0.0109	-0.0329	1240	543	0.4379	0.05882	0.7923	1362	31.47	0.05228	0	1355	875	0.6458	0.0641	1.168	-0.02554	0.05658
chr14	50000000	51000000	0.408	0.0721	0.0199	0	0.0591	0	1522	33.09	0.06236	-0.008172	1519	865	0.5695	0.0625	0.9709	1427	34.96	0.07312	0.0006881	1424	810	0.5688	0.05556	0.9699	1487	33.35	0.1362	0.0569	1482	1141	0.7699	0.06098	1.313	-0.05378	0.0902
chr14	51000000	52000000	0.4013	0.0319	0.0117	0	0.0594	0	1491	31.82	0.006055	-0.02073	1476	649	0.4397	0.0625	0.7877	1556	33.98	0.03222	-0.000807	1549	641	0.4138	0.05814	0.7413	1437	31.5	0.05382	0.005574	1430	701	0.4902	0.05556	0.8782	-0.03172	0.1118
chr14	52000000	53000000	0.3958	0.0208	0.0171	0	0.06	0	1244	31.79	0.004694	-0.003113	1227	8	0.00652	0.08788	0.01097	1524	33.49	0.01124	-0.008529	1516	946	0.624	0.05172	1.05	1586	31.11	0.03588	0.012	1582	901	0.5695	0.05882	0.958	-0.02273	0.1293
chr14	53000000	54000000	0.3928	0.0135	0.0089	0	0.0572	0	1344	31.93	0.01089	0.01426	1341	543	0.4049	0.05882	0.6441	1679	33.63	0.01736	0.003687	1675	1122	0.6699	0.0625	1.065	1355	30.91	0.02642	0.002332	1348	684	0.5074	0.0641	0.8071	-0.02554	0.1293
chr14	54000000	55000000	0.4132	0.0411	0.0112	0	0.0588	0	1136	32.15	0.02111	-0.02555	1128	498	0.4415	0.05882	0.7299	1105	34.17	0.04011	0.004069	1102	806	0.7314	0.06098	1.209	1137	31.92	0.07263	0.02673	1132	677	0.5981	0.05814	0.9887	-0.04811	0.1125
chr14	55000000	56000000	0.4086	0.0298	0.0164	0	0.0615	0	1171	32.31	0.02823	0.0004665	1163	782	0.6724	0.0625	0.9063	1597	33.96	0.03145	-0.002327	1585	1379	0.87	0.06522	1.173	775	31.29	0.04411	0.0117	774	416	0.5375	0.05556	0.7244	-0.04244	0.1195
chr14	56000000	57000000	0.4039	-0.0235	0.0118	0	0.06	0	1482	30.89	-0.0367	-0.007866	1461	713	0.488	0.06098	0.7246	1720	32.08	-0.05063	-0.02189	1690	1010	0.5976	0.0625	0.8874	1545	29.1	-0.06079	-0.0474	1535	1054	0.6866	0.06	1.02	0.02018	0.1333
chr14	57000000	58000000	0.3909	-0.0152	0.0319	0	0.06	0	1465	31.05	-0.0295	-0.01012	1461	1179	0.807	0.06522	1.324	1461	32.26	-0.04286	-0.02191	1461	943	0.6454	0.0625	1.059	1158	29.81	-0.0258	0.003066	1157	693	0.599	0.0625	0.983	0	0.1186
chr14	58000000	59000000	0.3982	0.0034	0.0235	0	0.0605	0	1291	31.56	-0.005787	-0.008315	1279	883	0.6904	0.0625	1.165	1116	33.35	0.005334	-0.0005864	1105	656	0.5937	0.0625	1.002	1255	30.82	0.02217	0.00965	1252	847	0.6765	0.0641	1.142	-0.02752	0.07909
chr14	59000000	60000000	0.3916	0.0231	0.0106	0	0.0615	0	1466	32.01	0.01475	0.002976	1462	738	0.5048	0.0633	0.7533	1479	34.18	0.04056	0.02549	1466	978	0.6671	0.06098	0.9956	1572	30.83	0.02275	0.01036	1553	1072	0.6903	0.06	1.03	-0.02385	0.1293
chr14	60000000	61000000	0.3817	0.0266	0.0232	0	0.0607	0	1021	31.46	-0.01044	-0.0225	1002	265	0.2645	0.06667	0.9273	1025	33.52	0.01266	-0.01539	1022	305	0.2984	0.05556	1.046	849	31.01	0.03102	0.002776	842	84	0.09976	0.0625	0.3498	-0.02748	0.08246
chr14	61000000	62000000	0.4106	0.0485	0.0124	0	0.0594	0	1232	32.69	0.04481	-0.006588	1227	449	0.3659	0.0625	0.796	1238	34.89	0.07041	0.0241	1229	553	0.45	0.05814	0.9788	1248	33.21	0.1301	0.07126	1246	593	0.4759	0.06	1.035	-0.06321	0.08246
chr14	62000000	63000000	0.3739	-0.0194	0.0204	0	0.06	0	1607	30.8	-0.0411	-0.01275	1589	1228	0.7728	0.0625	1.147	1926	32.59	-0.02818	-0.01191	1914	1262	0.6594	0.0625	0.9786	1644	29.69	-0.03177	0.02996	1630	1387	0.8509	0.0625	1.263	-0.0251	0.1375
chr14	63000000	64000000	0.4048	0.0369	0.0266	0	0.0625	0	711	32.34	0.02942	0	707	196	0.2772	0.06981	0.4207	689	33.56	0.01425	-0.01915	673	165	0.2452	0.07143	0.372	1013	31.11	0.03554	-0.01391	998	492	0.493	0.06	0.7481	0	0.09311
chr14	64000000	65000000	0.4381	0.0791	0.0196	0	0.0566	0	1191	33.83	0.09439	0.008595	1181	819	0.6935	0.06098	1.089	761	35.33	0.08864	0.01463	759	488	0.643	0.05792	1.01	1023	33.98	0.1632	0.05902	1011	658	0.6508	0.05941	1.022	-0.04439	0.08746
chr14	65000000	66000000	0.4179	0.0619	0.0148	0	0.0578	0	1051	33.15	0.06494	-0.0001108	1049	821	0.7827	0.06667	1.091	1107	34.58	0.05751	0.004019	1102	538	0.4882	0.0625	0.6804	1023	32.7	0.1078	0.04157	1018	783	0.7692	0.05882	1.072	-0.02138	0.04009
chr14	66000000	67000000	0.3831	0.0278	0.0159	0	0.0588	0	92	29.41	-0.1075	-0.1307	92	56	0.6087	0.06696	0.7282	60	33.44	0.009317	-0.01975	60	10	0.1667	0.04692	0.1994	164	30.58	0.01098	0.0008593	160	122	0.7625	0.0599	0.9122	-0.1266	0.1982
chr14	67000000	68000000	0.4118	0.0594	0.0184	0	0.0585	0	557	33.53	0.0815	0.01908	556	271	0.4874	0.0625	0.8025	599	34.75	0.06436	0.007877	596	342	0.5738	0.05556	0.9447	516	32.33	0.09136	0.01728	516	218	0.4225	0.05556	0.6956	0	0.09311
chr14	68000000	69000000	0.4354	0.1094	0.0264	0	0.0568	0	1061	34.41	0.1188	0	1059	664	0.627	0.05263	0.9384	1208	35.82	0.1081	0.003207	1199	835	0.6964	0.05556	1.042	1139	34.37	0.1795	0.05545	1132	761	0.6723	0.05556	1.006	-0.05811	0.06871
chr14	69000000	70000000	0.4446	0.0791	0.0199	0	0.0585	0	834	33.12	0.06388	-0.0193	830	482	0.5807	0.05556	0.8951	959	34.78	0.06588	0.004239	951	588	0.6183	0.05882	0.953	917	33.03	0.1224	0.0181	912	606	0.6645	0.05882	1.024	-0.04182	0.05063
chr14	70000000	71000000	0.4176	0.0526	0.0137	0	0.0594	0	1553	32.97	0.05722	0.003392	1532	1056	0.6893	0.06098	1.045	1696	34.21	0.04214	-0.002044	1669	1132	0.6783	0.05882	1.028	1741	32.42	0.09519	0.03802	1716	1133	0.6603	0.0625	1.001	-0.02018	0.0458
chr14	71000000	72000000	0.4064	0.0435	0.0131	0	0.0588	0	1183	31.92	0.01063	-0.03739	1176	787	0.6692	0.0625	1.041	1121	34.27	0.04439	0.002126	1112	599	0.5387	0.05556	0.8383	1034	31.67	0.06138	0.01323	1030	622	0.6039	0.0625	0.9398	-0.05063	0.111
chr14	72000000	73000000	0.4385	0.0528	0.0155	0	0.0556	0	1334	32.92	0.05493	-0.004642	1327	769	0.5795	0.06	0.9152	1438	34.46	0.05265	0.004935	1430	848	0.593	0.05882	0.9365	1261	31.88	0.07109	-0.003102	1261	640	0.5075	0.06	0.8015	-0.02385	0.1333
chr14	73000000	74000000	0.4439	0.0619	0.0208	0	0.0588	0	1233	33.13	0.06418	-0.001653	1214	726	0.598	0.0625	0.9016	1141	34.74	0.06434	0.01837	1124	975	0.8674	0.05556	1.308	1414	32.9	0.1163	0.03	1375	902	0.656	0.05882	0.989	-0.05585	0.0902
chr14	74000000	75000000	0.4598	0.0875	0.0415	0	0.0588	0	1362	33.84	0.09489	-0.009899	1353	971	0.7177	0.05814	1.248	1288	34.67	0.06142	-0.0139	1270	820	0.6457	0.05941	1.123	1319	33.01	0.1214	-0.008222	1305	1062	0.8138	0.05941	1.415	0	0.074
chr14	75000000	76000000	0.4347	0.0869	0.0299	0	0.0594	0	1180	33.73	0.0901	-0.004887	1180	655	0.5551	0.06	1.2	1050	34.79	0.06637	-0.01268	1047	390	0.3725	0.05826	0.805	1089	33.35	0.1359	0.02792	1087	508	0.4673	0.0625	1.01	-0.02076	0.04064
chr14	76000000	77000000	0.4647	0.0817	0.0274	0	0.0603	0	1806	34.16	0.1084	0.007089	1780	1057	0.5938	0.06098	1.071	1810	34.84	0.06832	-0.006671	1798	1025	0.5701	0.05814	1.028	1713	32.74	0.1093	-0.01346	1690	933	0.5521	0.0625	0.9953	0.02107	0.08489
chr14	77000000	78000000	0.4591	0.0757	0.0237	0	0.0588	0	1778	33.93	0.09851	0.006605	1753	1224	0.6982	0.06	1.057	1676	34.84	0.06846	0.004793	1657	970	0.5854	0.05882	0.8864	1831	33.04	0.1228	0.007414	1813	1282	0.7071	0.06	1.071	0.01911	0.04373
chr14	78000000	79000000	0.4103	-0.0014	0.0122	0	0.0594	0	1353	31.48	-0.009406	-0.01219	1344	800	0.5952	0.0641	0.9954	1369	33.31	0.003393	0.006757	1362	734	0.5389	0.0625	0.9012	1113	30.49	0.006526	-0.005939	1112	667	0.5998	0.05882	1.003	-0.02106	0.1293
chr14	79000000	80000000	0.3833	-0.078	0.0165	0	0.0625	0	1328	29.92	-0.0826	0	1320	722	0.547	0.06667	0.9703	1542	32	-0.05418	0.02369	1538	842	0.5475	0.0625	0.9712	1276	27.22	-0.1567	-0.06082	1265	711	0.5621	0.0625	0.9971	-0.02425	0.2105
chr14	80000000	81000000	0.3726	-0.0478	0.0301	0	0.0647	0	1102	30.17	-0.07059	-0.01547	1097	846	0.7712	0.06	1.225	1061	32.2	-0.04535	0.006925	1056	772	0.7311	0.06	1.162	774	28.64	-0.08339	-0.005229	767	273	0.3559	0.06667	0.5655	-0.02046	0.1635
chr14	81000000	82000000	0.3982	-0.0325	0.0153	0	0.0619	0	1252	31.37	-0.01445	0.01892	1244	586	0.4711	0.0625	0.6936	1234	32.32	-0.03999	-0.01001	1230	884	0.7187	0.06	1.058	1245	29.44	-0.04407	-0.02069	1238	692	0.559	0.0625	0.823	0.02076	0.1186
chr14	82000000	83000000	0.3599	-0.0888	0.022	0	0.0614	0	1045	29.65	-0.09582	-0.001535	1040	536	0.5154	0.06757	0.8946	1072	31.19	-0.09139	-0.00865	1066	650	0.6098	0.06522	1.058	1078	26.8	-0.1792	-0.03024	1068	581	0.544	0.07143	0.9443	0.026	0.2295
chr14	83000000	84000000	0.3519	-0.1125	0.0245	0	0.0613	0	1177	29.61	-0.09796	0.01157	1173	690	0.5882	0.0625	0.9863	1158	30.83	-0.1083	-0.004891	1155	521	0.4511	0.06667	0.7563	1008	26.42	-0.2002	-0.01701	1003	662	0.66	0.06522	1.107	0.03037	0.2313
chr14	84000000	85000000	0.3593	-0.1147	0.0217	0	0.0625	0	1124	29.86	-0.08591	0.03576	1120	157	0.1402	0.0625	0.2092	1404	30.65	-0.1164	-0.004165	1398	988	0.7067	0.0625	1.054	1452	26.48	-0.1966	-0.02422	1444	956	0.662	0.06667	0.9878	0.04891	0.2259
chr14	85000000	86000000	0.3736	-0.1073	0.029	0	0.0641	0	1743	30.22	-0.06844	0.0477	1738	957	0.5506	0.0625	0.8413	1738	30.86	-0.1066	-0.002383	1728	1272	0.7361	0.06	1.125	1895	26.9	-0.1742	-0.03382	1887	1238	0.6561	0.06522	1.002	0.06319	0.1979
chr14	86000000	87000000	0.3598	-0.1168	0.0337	0	0.0617	0	1865	30.14	-0.07228	0.05001	1858	1238	0.6663	0.0625	1.19	1664	30.41	-0.1279	-0.01355	1647	1091	0.6624	0.06667	1.183	1891	26.3	-0.2065	-0.02955	1872	933	0.4984	0.06522	0.8902	0.07943	0.2295
chr14	87000000	88000000	0.385	-0.0565	0.0289	0	0.0625	0	1672	30.02	-0.07782	-0.01497	1664	1212	0.7284	0.06522	1.276	1525	31.6	-0.07243	-0.01613	1518	812	0.5349	0.0625	0.9368	1151	28.11	-0.1105	-0.02827	1150	678	0.5896	0.06522	1.033	0	0.2065
chr14	88000000	89000000	0.4021	-0.0084	0.0165	0	0.0588	0	800	31.52	-0.007578	0.007335	795	296	0.3723	0.0633	0.5331	1011	32.82	-0.01807	-0.006378	1006	576	0.5726	0.06	0.8198	1246	29.97	-0.01819	-0.01435	1238	921	0.7439	0.05882	1.065	0	0.1468
chr14	89000000	90000000	0.4313	0.0408	0.0121	0	0.0594	0	1481	32.48	0.03568	-0.01435	1468	929	0.6328	0.05882	1.058	1522	34.11	0.03781	0.0005037	1505	884	0.5874	0.05556	0.9819	1315	31.98	0.07537	0.006278	1296	687	0.5301	0.05556	0.8861	-0.01887	0.08368
chr14	90000000	91000000	0.4455	0.0497	0.0257	0	0.058	0	1577	32.84	0.05178	-0.00159	1569	1239	0.7897	0.05556	1.264	1354	33.76	0.02273	-0.01232	1339	694	0.5183	0.06098	0.8295	1411	31.96	0.07486	0	1399	1018	0.7277	0.0625	1.165	0	0.08017
chr14	91000000	92000000	0.4378	0.0583	0.0161	0	0.0588	0	1416	33.1	0.06279	-0.002243	1404	974	0.6937	0.0625	1.25	1381	34.44	0.05145	-0.001825	1366	683	0.5	0.0625	0.9006	1056	32.84	0.1139	0.02542	1047	412	0.3935	0.06	0.7088	-0.01838	0.0902
chr14	92000000	93000000	0.4647	0.0989	0.0161	0	0.0588	0	1806	34.3	0.1143	-0.004279	1794	1201	0.6695	0.0625	1.05	2130	35.41	0.09158	-0.0006143	2102	1389	0.6608	0.05882	1.036	1873	33.46	0.1409	0.0008909	1864	1197	0.6422	0.05814	1.007	0	0.08746
chr14	93000000	94000000	0.4516	0.075	0.0141	0	0.061	0	1237	33.92	0.09816	0.008078	1220	525	0.4303	0.05882	0.7133	1231	35.11	0.07925	0.008823	1220	443	0.3631	0.05556	0.6019	1162	32.37	0.09284	-0.001046	1153	597	0.5178	0.06	0.8582	0.01816	0.08489
chr14	94000000	95000000	0.453	0.0639	0.0136	0	0.0588	0	1511	33.71	0.08948	0.01016	1502	983	0.6545	0.05556	0.9339	1652	34.41	0.05056	-0.006386	1641	1199	0.7307	0.06098	1.043	1507	31.77	0.06621	-0.0265	1499	928	0.6191	0.05882	0.8834	0	0.142
chr14	95000000	96000000	0.4568	0.0768	0.0198	0	0.0585	0	1856	33.8	0.09309	0.0008357	1845	1335	0.7236	0.0625	1.158	1724	34.91	0.07112	0.0004703	1709	955	0.5588	0.06	0.8944	1613	33.54	0.1445	0.03459	1602	1116	0.6966	0.05848	1.115	0	0.05792
chr14	96000000	97000000	0.4364	0.06	0.0247	0	0.0568	0	1239	33.53	0.08175	0.007906	1230	885	0.7195	0.05882	1.113	1096	34.93	0.0719	0.01556	1091	648	0.594	0.05556	0.9184	1323	31.71	0.06347	-0.02358	1303	975	0.7483	0.06098	1.157	0.02137	0.1323
chr14	97000000	98000000	0.4241	-0.033	0.0268	0	0.061	0	1253	32.05	0.0164	0.04407	1240	821	0.6621	0.06	1.063	1094	32.98	-0.01105	0.02342	1082	428	0.3956	0.0625	0.6348	1061	28.47	-0.09228	-0.09076	1059	588	0.5552	0.06757	0.8911	0.05658	0.1926
chr14	98000000	99000000	0.4204	-0.035	0.03	0	0.0605	0	1647	31.94	0.0115	0.04324	1640	1221	0.7445	0.06098	1.165	1549	33.08	-0.006466	0.03528	1547	894	0.5779	0.05882	0.9045	1237	28.42	-0.0945	-0.06429	1232	839	0.681	0.07143	1.066	0.05445	0.2345
chr14	99000000	100000000	0.4812	0.0872	0.0211	0	0.0594	0	1621	34.12	0.1068	-0.003732	1610	1049	0.6516	0.06	1.139	1285	35.1	0.07912	0.003665	1276	646	0.5063	0.05263	0.8852	1617	32.72	0.1087	-0.02241	1607	976	0.6073	0.0641	1.062	0	0.1096
chr14	100000000	101000000	0.4915	0.109	0.0132	0	0.0585	0	1031	33.92	0.09815	-0.04211	1018	671	0.6591	0.06098	1.074	1054	35.56	0.09787	0.00505	1031	557	0.5403	0.05814	0.8806	1172	33.91	0.1601	-0.004808	1146	716	0.6248	0.05941	1.018	-0.05733	0.05063
chr14	101000000	102000000	0.4694	0.0777	0.0292	0	0.0597	0	976	34.14	0.1076	0.005039	972	693	0.713	0.06	1.057	987	33.69	0.01971	-0.04796	971	615	0.6334	0.06522	0.939	1056	32.16	0.0837	-0.03758	1037	652	0.6287	0.06	0.9322	0.03662	0.04977
chr14	102000000	103000000	0.479	0.1072	0.0169	0	0.058	0	754	35.84	0.1777	0.04716	753	343	0.4555	0.06	0.7415	696	35.87	0.1104	0.01962	691	397	0.5745	0.06098	0.9353	712	34.24	0.1739	0.01785	705	300	0.4255	0.05662	0.6927	0.02509	0.05658
chr14	103000000	104000000	0.4869	0.1293	0.0254	0	0.0597	0	1488	35.07	0.1464	-0.009806	1468	815	0.5552	0.05556	0.944	1349	36.11	0.1198	0.003615	1340	807	0.6022	0.0625	1.024	1564	34.23	0.1736	-0.006262	1552	1003	0.6463	0.06098	1.099	0.01862	0.05658
chr14	104000000	105000000	0.5469	0.136	0.0476	0	0.0597	0	1890	36.28	0.1953	-0.007226	1826	1179	0.6457	0.06	1.008	1435	35.89	0.1113	-0.003692	1364	607	0.445	0.05556	0.695	1789	34.37	0.1794	-0.02869	1684	1097	0.6514	0.05882	1.017	0.05123	0.03242
chr14	105000000	106000000	0.5546	0.0259	0.118	1	0.0776	0	2339	33.17	0.06588	NA	2149	693	0.3225	0.06364	0.8149	2412	37.29	0.1663	NA	2223	861	0.3873	0.05882	0.9788	2168	34.81	0.198	NA	1971	442	0.2243	0.06757	0.5667	-0.03953	0.03653
chr14	106000000	107000000	0.4135	-0.4298	0.2802	1	0.0882	0	1264	19.38	-0.7091	NA	1097	360	0.3282	0.1019	0.5443	2160	32.56	-0.02948	NA	1964	1245	0.6339	0.06667	1.051	1042	32.27	0.0888	NA	980	295	0.301	0.06757	0.4993	-1	0.1392
chr14	107000000	107043718	NA	NA	NA	1	NA	0	0	NA	NA	NA	0	0	NA	NA	NA	0	NA	NA	NA	0	0	NA	NA	NA	0	NA	NA	NA	0	0	NA	NA	NA	NA	NA
chr15	0	1000000	NA	NA	NA	1	NA	0	0	NA	NA	NA	0	0	NA	NA	NA	0	NA	NA	NA	0	0	NA	NA	NA	0	NA	NA	NA	0	0	NA	NA	NA	NA	NA
chr15	1000000	2000000	NA	NA	NA	1	NA	0	0	NA	NA	NA	0	0	NA	NA	NA	0	NA	NA	NA	0	0	NA	NA	NA	0	NA	NA	NA	0	0	NA	NA	NA	NA	NA
chr15	2000000	3000000	NA	NA	NA	1	NA	0	0	NA	NA	NA	0	0	NA	NA	NA	0	NA	NA	NA	0	0	NA	NA	NA	0	NA	NA	NA	0	0	NA	NA	NA	NA	NA
chr15	3000000	4000000	NA	NA	NA	1	NA	0	0	NA	NA	NA	0	0	NA	NA	NA	0	NA	NA	NA	0	0	NA	NA	NA	0	NA	NA	NA	0	0	NA	NA	NA	NA	NA
chr15	4000000	5000000	NA	NA	NA	1	NA	0	0	NA	NA	NA	0	0	NA	NA	NA	0	NA	NA	NA	0	0	NA	NA	NA	0	NA	NA	NA	0	0	NA	NA	NA	NA	NA
chr15	5000000	6000000	NA	NA	NA	1	NA	0	0	NA	NA	NA	0	0	NA	NA	NA	0	NA	NA	NA	0	0	NA	NA	NA	0	NA	NA	NA	0	0	NA	NA	NA	NA	NA
chr15	6000000	7000000	NA	NA	NA	1	NA	0	0	NA	NA	NA	0	0	NA	NA	NA	0	NA	NA	NA	0	0	NA	NA	NA	0	NA	NA	NA	0	0	NA	NA	NA	NA	NA
chr15	7000000	8000000	NA	NA	NA	1	NA	0	0	NA	NA	NA	0	0	NA	NA	NA	0	NA	NA	NA	0	0	NA	NA	NA	0	NA	NA	NA	0	0	NA	NA	NA	NA	NA
chr15	8000000	9000000	NA	NA	NA	1	NA	0	0	NA	NA	NA	0	0	NA	NA	NA	0	NA	NA	NA	0	0	NA	NA	NA	0	NA	NA	NA	0	0	NA	NA	NA	NA	NA
chr15	9000000	10000000	NA	NA	NA	1	NA	0	0	NA	NA	NA	0	0	NA	NA	NA	0	NA	NA	NA	0	0	NA	NA	NA	0	NA	NA	NA	0	0	NA	NA	NA	NA	NA
chr15	10000000	11000000	NA	NA	NA	1	NA	0	0	NA	NA	NA	0	0	NA	NA	NA	0	NA	NA	NA	0	0	NA	NA	NA	0	NA	NA	NA	0	0	NA	NA	NA	NA	NA
chr15	11000000	12000000	NA	NA	NA	1	NA	0	0	NA	NA	NA	0	0	NA	NA	NA	0	NA	NA	NA	0	0	NA	NA	NA	0	NA	NA	NA	0	0	NA	NA	NA	NA	NA
chr15	12000000	13000000	NA	NA	NA	1	NA	0	0	NA	NA	NA	0	0	NA	NA	NA	0	NA	NA	NA	0	0	NA	NA	NA	0	NA	NA	NA	0	0	NA	NA	NA	NA	NA
chr15	13000000	14000000	NA	NA	NA	1	NA	0	0	NA	NA	NA	0	0	NA	NA	NA	0	NA	NA	NA	0	0	NA	NA	NA	0	NA	NA	NA	0	0	NA	NA	NA	NA	NA
chr15	14000000	15000000	NA	NA	NA	1	NA	0	0	NA	NA	NA	0	0	NA	NA	NA	0	NA	NA	NA	0	0	NA	NA	NA	0	NA	NA	NA	0	0	NA	NA	NA	NA	NA
chr15	15000000	16000000	NA	NA	NA	1	NA	0	0	NA	NA	NA	0	0	NA	NA	NA	0	NA	NA	NA	0	0	NA	NA	NA	0	NA	NA	NA	0	0	NA	NA	NA	NA	NA
chr15	16000000	17000000	NA	NA	NA	1	NA	0	0	NA	NA	NA	0	0	NA	NA	NA	0	NA	NA	NA	0	0	NA	NA	NA	0	NA	NA	NA	0	0	NA	NA	NA	NA	NA
chr15	17000000	18000000	0.3769	-0.3286	0.2015	1	0.1359	1	616	18.68	-0.7627	NA	320	210	0.6562	NA	0.9979	593	25.91	-0.3591	NA	336	180	0.5357	NA	0.8147	860	19.58	-0.6321	NA	497	362	0.7284	NA	1.108	-0.04896	0.4568
chr15	18000000	19000000	0.3785	-1.864	0.2381	1	0.1132	1	496	8.564	-1.888	NA	154	45	0.2922	NA	1.038	516	8.465	-1.973	NA	152	37	0.2434	NA	0.8647	610	10.18	-1.576	NA	195	73	0.3744	NA	1.33	0.03989	0.4854
chr15	19000000	20000000	0.3784	-0.5772	0.1455	1	0.0769	0	863	22.65	-0.4842	NA	498	384	0.7711	0.07692	1.193	708	20.17	-0.7203	NA	349	231	0.6619	0.07143	1.024	1223	21.68	-0.4853	NA	690	389	0.5638	0.07692	0.8724	-0.06609	0.1375
chr15	20000000	21000000	0.4262	0.9135	0.2843	1	0.169	1	2848	58.82	0.8923	NA	1890	1448	0.7661	NA	1.008	2309	102.3	1.623	NA	1827	1369	0.7493	NA	0.9858	2997	68.84	1.182	NA	1878	1416	0.754	NA	0.992	-0.5085	0.3271
chr15	21000000	22000000	0.4068	-0.3308	0.5114	1	0.1158	1	1484	26.88	-0.2373	NA	687	494	0.7191	NA	1.459	1539	40.15	0.2729	NA	1001	308	0.3077	NA	0.6244	1419	32.55	0.1011	NA	718	476	0.663	NA	1.345	-0.585	0.4514
chr15	22000000	23000000	0.4324	-0.0075	0.0829	0	0.0801	0	1470	31.8	0.005369	0.003207	1196	726	0.607	0.08929	1.011	1520	39.33	0.243	0.2566	1283	674	0.5253	0.07895	0.8753	1696	29.84	-0.02427	-0.0442	1311	913	0.6964	0.08333	1.16	-0.2955	0.3626
chr15	23000000	24000000	0.4215	-0.0889	0.0422	0	0.0639	0	1677	30.14	-0.07244	0.01419	1534	786	0.5124	0.0625	1.045	1854	31.99	-0.05478	0.03713	1658	841	0.5072	0.06522	1.034	1726	27.14	-0.161	-0.09667	1528	632	0.4136	0.07143	0.8434	-0.02046	0.2224
chr15	24000000	25000000	0.394	-0.092	0.019	0	0.0625	0	3426	30.15	-0.07171	0.02516	3415	2412	0.7063	0.06522	0.9205	2757	30.97	-0.1016	-0.005199	2726	2056	0.7542	0.0625	0.983	3247	27.41	-0.1468	-0.0441	3230	2178	0.6743	0.06522	0.8788	0.04731	0.1575
chr15	25000000	26000000	0.4305	-0.0395	0.024	0	0.0633	0	1630	31.57	-0.005118	0.02932	1614	772	0.4783	0.06	0.9517	1881	31.79	-0.06387	-0.01933	1858	1008	0.5425	0.06098	1.079	1484	28.86	-0.07243	-0.0664	1467	760	0.5181	0.06712	1.031	0.06319	0.1468
chr15	26000000	27000000	0.4101	-0.0608	0.0154	0	0.0605	0	1292	31.29	-0.0183	0.03912	1285	763	0.5938	0.05882	0.9463	1521	31.8	-0.06364	-0.002929	1515	1095	0.7228	0.06	1.152	1510	27.73	-0.13	-0.07595	1498	953	0.6362	0.06667	1.014	0.06711	0.1926
chr15	27000000	28000000	0.4157	-0.0398	0.0361	0	0.0625	0	1521	31.58	-0.0051	0.02937	1506	927	0.6155	0.05882	0.9496	1479	32.18	-0.04608	0.0008494	1469	894	0.6086	0.05941	0.9389	1596	28.73	-0.07891	-0.03783	1589	1156	0.7275	0.06	1.122	0.02554	0.1494
chr15	28000000	29000000	0.4422	-0.1217	0.0476	0	0.0695	0	1013	28.37	-0.1596	-0.0454	819	380	0.464	0.0798	0.9803	968	30.36	-0.1302	-0.0001637	806	384	0.4764	0.06431	1.007	1006	27.73	-0.1303	-0.03069	859	416	0.4843	0.08333	1.023	-0.05894	0.1751
chr15	29000000	30000000	0.4335	0.0046	0.018	0	0.0588	0	1268	32.44	0.03382	0.01972	1264	613	0.485	0.05556	0.8149	1154	32.95	-0.01219	-0.008959	1144	683	0.597	0.06	1.003	1269	29.83	-0.0248	-0.04752	1262	663	0.5254	0.05556	0.8828	0.02425	0.1255
chr15	30000000	31000000	0.4269	-0.2049	0.1047	1	0.0644	0	1175	29.05	-0.1255	NA	953	728	0.7639	0.0625	1.453	1230	29.48	-0.1728	NA	998	724	0.7255	0.07143	1.38	945	27.32	-0.1515	NA	761	612	0.8042	0.0641	1.53	0.02309	0.176
chr15	31000000	32000000	0.4478	0.0931	0.0176	0	0.0583	0	1359	33.61	0.08504	-0.01673	1349	904	0.6701	0.05882	1.054	1292	35.38	0.09049	0.004633	1283	811	0.6321	0.05814	0.9947	1290	33.05	0.1228	0.005714	1279	792	0.6192	0.05556	0.9744	-0.02554	0.07595
chr15	32000000	33000000	0.4158	-0.1465	0.0323	0	0.0659	0	1421	29.42	-0.1069	0.0357	1252	688	0.5495	0.06667	1.045	1612	30.23	-0.1363	0.01824	1365	639	0.4681	0.06522	0.8905	1411	27.67	-0.1334	0.01275	1196	657	0.5493	0.06522	1.045	0	0.1468
chr15	33000000	34000000	0.4102	-0.0019	0.0113	0	0.0594	0	1981	31.53	-0.007242	-0.009125	1973	1339	0.6787	0.06	1.255	2071	33.57	0.01457	0.01765	2062	1128	0.547	0.05941	1.012	1961	30.08	-0.01265	-0.01808	1936	1187	0.6131	0.06	1.134	0	0.152
chr15	34000000	35000000	0.4107	0.0194	0.024	0	0.0605	0	1561	31.9	0.009513	-0.01279	1505	834	0.5542	0.0625	0.9696	1273	34.53	0.05532	0.03873	1241	358	0.2885	0.05556	0.5048	1781	31.47	0.05248	0.02115	1726	1234	0.7149	0.06	1.251	-0.032	0.1155
chr15	35000000	36000000	0.3737	-0.0389	0.0143	0	0.0602	0	1011	30.54	-0.05324	-0.005281	1006	467	0.4642	0.05556	0.8189	886	32.65	-0.02527	0.009668	879	302	0.3436	0.05882	0.6061	1088	29.39	-0.04614	0.02537	1072	633	0.5905	0.06522	1.042	-0.02347	0.1398
chr15	36000000	37000000	0.3699	-0.0593	0.0214	0	0.0588	0	1529	30.84	-0.03913	0.02052	1522	942	0.6189	0.06	0.9623	1501	32.45	-0.03445	0.01948	1496	1036	0.6925	0.05882	1.077	1342	28.56	-0.08739	0.005402	1337	687	0.5138	0.06	0.7989	0.01862	0.1844
chr15	37000000	38000000	0.3728	-0.0478	0.0237	0	0.0617	0	1325	30.5	-0.05499	0.001878	1324	944	0.713	0.0625	1.027	1383	32.63	-0.02644	0.02243	1382	978	0.7077	0.06174	1.02	1182	28.52	-0.08972	-0.01156	1180	567	0.4805	0.0625	0.6923	0	0.1926
chr15	38000000	39000000	0.3951	0.023	0.0124	0	0.0572	0	1656	31.15	-0.0247	-0.04172	1654	1153	0.6971	0.05882	1.398	1497	34.18	0.04076	0.01973	1494	538	0.3601	0.05882	0.7221	1418	31.06	0.03366	0.01864	1416	704	0.4972	0.05556	0.9969	-0.08246	0.1375
chr15	39000000	40000000	0.3977	0.0276	0.0217	0	0.0591	0	1363	31.97	0.01281	-0.005602	1353	795	0.5876	0.0625	1.136	1125	33.82	0.02558	-0.0008753	1119	379	0.3387	0.05556	0.6547	1273	30.74	0.01856	-0.01022	1259	461	0.3662	0.0625	0.7078	0	0.1125
chr15	40000000	41000000	0.4802	0.1179	0.0281	0	0.0588	0	1319	35.07	0.1465	0.005765	1318	875	0.6639	0.05814	1.017	1079	35.83	0.1088	0.005987	1076	596	0.5539	0.0625	0.8481	1297	34.96	0.204	0.04182	1292	913	0.7067	0.05882	1.082	-0.04064	0.04891
chr15	41000000	42000000	0.4616	0.0956	0.0295	0	0.0579	0	910	34.73	0.1323	0.0171	904	620	0.6858	0.05882	1	708	35.43	0.0927	0.008553	703	353	0.5021	0.05556	0.7324	1069	33.72	0.1522	0.01324	1064	568	0.5338	0.05662	0.7786	-0.05088	0.06277
chr15	42000000	43000000	0.4296	0.0713	0.0136	0	0.0609	0	749	33.06	0.06129	-0.01911	747	243	0.3253	0.05882	0.7878	859	34.78	0.06595	-0.00107	856	399	0.4661	0.05814	1.129	977	33.33	0.1352	0.02945	975	553	0.5672	0.0625	1.374	-0.03847	0.08246
chr15	43000000	44000000	0.4393	0.0407	0.0389	0	0.0625	0	686	32.75	0.0474	-0.006345	657	534	0.8128	0.07143	1.394	590	34.69	0.06204	0.02643	581	173	0.2978	0.05224	0.5108	378	33.18	0.1285	0.06951	377	168	0.4456	0.05556	0.7645	-0.04186	0.04977
chr15	44000000	45000000	0.4093	0.0055	0.0329	0	0.0613	0	820	32.38	0.03131	0.02386	795	448	0.5635	0.05814	1.23	821	33.62	0.01707	0.007083	800	447	0.5587	0.06522	1.219	602	30.43	0.003666	-0.007719	558	114	0.2043	0.07143	0.4459	0.02237	0.1203
chr15	45000000	46000000	0.4334	0.034	0.0173	0	0.0585	0	1109	32.66	0.04383	0.000326	1101	208	0.1889	0.06667	0.3203	1393	33.39	0.007151	-0.01902	1376	799	0.5807	0.05556	0.9844	1344	31.19	0.03927	-0.01285	1333	1086	0.8147	0.06	1.381	0	0.1155
chr15	46000000	47000000	0.3678	-0.0698	0.0077	0	0.0607	0	1601	30.31	-0.06399	0.013	1593	1349	0.8468	0.0625	1.241	1429	31.57	-0.07409	-0.009869	1424	883	0.6201	0.0641	0.9084	1571	27.44	-0.1451	-0.03289	1565	967	0.6179	0.06667	0.9052	0.027	0.2224
chr15	47000000	48000000	0.3862	-0.064	0.0147	0	0.0633	0	1452	30.71	-0.04524	0.01868	1438	693	0.4819	0.06522	0.7839	1520	31.63	-0.07123	-0.006252	1516	976	0.6438	0.0625	1.047	1516	28.14	-0.1092	-0.02835	1507	1027	0.6815	0.06522	1.108	0.02801	0.1468
chr15	48000000	49000000	0.3904	0.0005	0.0222	0	0.0597	0	668	31.57	-0.005459	-0.005963	666	268	0.4024	0.06522	1.017	645	33.94	0.03056	0.03519	641	346	0.5398	0.0625	1.364	653	31.04	0.03267	0.05193	651	213	0.3272	0.05882	0.8267	-0.03847	0.1155
chr15	49000000	50000000	0.3744	0.0004	0.0175	0	0.0617	0	1219	31.09	-0.02756	-0.01912	1203	916	0.7614	0.05882	1.222	1193	32.88	-0.01505	-0.01771	1183	742	0.6272	0.05882	1.006	1046	29.58	-0.03693	0	1039	426	0.41	0.06594	0.6578	-0.02203	0.1725
chr15	50000000	51000000	0.4029	0.0406	0.0294	0	0.0599	0	1229	32.74	0.04736	0.01209	1223	619	0.5061	0.0625	0.7886	1434	34.26	0.04392	0.006618	1424	1036	0.7275	0.05556	1.134	1336	32.28	0.08922	0.04787	1322	968	0.7322	0.06	1.141	-0.02106	0.08132
chr15	51000000	52000000	0.4139	0.0509	0.028	0	0.0599	0	1415	32.14	0.02049	-0.03387	1402	693	0.4943	0.05556	0.9478	1494	34.1	0.03714	-0.008938	1485	627	0.4222	0.05882	0.8096	1009	32.64	0.1049	0.05332	1004	801	0.7978	0.06522	1.53	-0.06413	0.05063
chr15	52000000	53000000	0.4166	0.0626	0.0246	0	0.0578	0	1224	32.6	0.04095	-0.02481	1217	615	0.5053	0.0641	0.9609	1258	34.37	0.0486	-0.005435	1245	612	0.4916	0.05556	0.9347	1084	33.34	0.1358	0.07006	1082	557	0.5148	0.0625	0.9789	-0.04439	0.04891
chr15	53000000	54000000	0.3818	-0.0326	0.0236	0	0.0625	0	1896	30.78	-0.04196	0.005933	1886	850	0.4507	0.0625	0.8773	1891	31.99	-0.05485	-0.0237	1883	1093	0.5805	0.05556	1.13	1824	28.78	-0.07649	-0.04319	1816	720	0.3965	0.0641	0.7718	0.02076	0.1541
chr15	54000000	55000000	0.3667	-0.0539	0.0191	0	0.0612	0	1747	30.68	-0.04638	0.01097	1744	1116	0.6399	0.06098	1.163	2278	32.57	-0.02887	0.02109	2273	1710	0.7523	0.06	1.367	1855	28.35	-0.09852	0.001405	1850	1142	0.6173	0.0633	1.122	0	0.1993
chr15	55000000	56000000	0.4024	-0.0207	0.0161	0	0.0613	0	1265	31.65	-0.001639	0.02844	1262	457	0.3621	0.06757	0.6121	1434	32.64	-0.02584	-0.0007333	1426	739	0.5182	0.06	0.876	1554	30.24	-0.005365	0.01391	1543	959	0.6215	0.0625	1.051	0.02076	0.111
chr15	56000000	57000000	0.3763	0.0021	0.023	0	0.0625	0	1191	31.17	-0.02363	-0.01899	1187	446	0.3757	0.06098	0.7742	1218	33.13	-0.004262	-0.01363	1209	498	0.4119	0.0625	0.8488	1084	31.2	0.04012	0.07381	1079	255	0.2363	0.05882	0.487	-0.06228	0.08246
chr15	57000000	58000000	0.4125	0.0281	0.0183	0	0.0617	0	1707	31.91	0.009915	-0.02269	1704	1142	0.6702	0.05882	1.252	1751	33.62	0.01676	-0.006678	1743	1248	0.716	0.05882	1.338	1579	31.26	0.04277	-3.952e-05	1578	503	0.3188	0.06098	0.5957	-0.03847	0.09954
chr15	58000000	59000000	0.4078	0.0437	0.0148	0	0.0594	0	1342	31.79	0.004591	-0.03889	1337	689	0.5153	0.0641	0.8835	1330	34.01	0.03335	-0.009319	1316	737	0.56	0.0625	0.9601	1426	32.05	0.07878	0.02948	1424	719	0.5049	0.05882	0.8656	-0.08092	0.1019
chr15	59000000	60000000	0.4164	0.0576	0.011	0	0.0587	0	1648	32.85	0.0519	-0.009569	1636	784	0.4792	0.0625	0.9808	1713	34.39	0.04961	0.0001747	1687	1069	0.6337	0.05556	1.297	1719	32.74	0.1095	0.04877	1707	763	0.447	0.05882	0.9148	-0.02385	0.08746
chr15	60000000	61000000	0.4117	0.0285	0.0101	0	0.06	0	1619	32.41	0.03274	0.001343	1612	943	0.585	0.06522	1.131	1448	34.38	0.04904	0.02528	1434	688	0.4798	0.06	0.9275	1744	31.23	0.04128	-0.001932	1729	1121	0.6484	0.06098	1.253	-0.02237	0.1444
chr15	61000000	62000000	0.3982	-0.0005	0.0149	0	0.0617	0	1470	31.5	-0.008324	-0.006953	1466	778	0.5307	0.05556	0.9921	1602	33.35	0.00534	0.00332	1596	985	0.6172	0.06	1.154	1439	29.49	-0.0416	-0.05022	1436	768	0.5348	0.0633	0.9998	0	0.1699
chr15	62000000	63000000	0.4294	0.0426	0.0206	0	0.0588	0	1454	32.47	0.03523	-0.01647	1449	873	0.6025	0.05882	1.005	1585	33.72	0.02135	-0.0159	1580	1001	0.6335	0.05814	1.057	1455	31.6	0.05843	-0.01911	1454	847	0.5825	0.05882	0.9717	0	0.09311
chr15	63000000	64000000	0.4293	0.0931	0.0202	0	0.0568	0	1414	34.01	0.1022	0.0006137	1410	611	0.4333	0.0625	0.7605	1340	35.17	0.08191	-0.005836	1339	514	0.3839	0.05218	0.6737	1533	33.97	0.1626	0.03307	1532	1050	0.6854	0.05882	1.203	-0.02385	0.074
chr15	64000000	65000000	0.4477	0.0708	0.0328	0	0.0572	0	1035	33.14	0.06462	-0.01244	1024	427	0.417	0.05814	1.204	1177	34.63	0.05943	-0.004127	1166	837	0.7178	0.06098	2.072	938	33.67	0.1499	0.05643	927	287	0.3096	0.06	0.8938	-0.03103	0.04891
chr15	65000000	66000000	0.4461	0.0922	0.0306	0	0.0585	0	827	34.05	0.1038	0.009504	822	478	0.5815	0.05556	1.16	836	34.84	0.06816	-0.01267	826	452	0.5472	0.05	1.091	624	34.15	0.1703	0.04841	620	262	0.4226	0.05814	0.8428	-0.01838	0.03747
chr15	66000000	67000000	0.4725	0.1007	0.0369	0	0.0572	0	1620	34.35	0.1163	-0.00777	1616	786	0.4864	0.06098	0.8496	1610	34.97	0.07367	-0.01711	1597	736	0.4609	0.05456	0.805	1710	33.81	0.156	0.007129	1695	1023	0.6035	0.06	1.054	0	0.04307
chr15	67000000	68000000	0.4223	0.0726	0.0206	0	0.0594	0	1372	33.12	0.06398	-0.01089	1368	613	0.4481	0.05882	0.8621	1634	35.27	0.08582	0.01612	1630	1020	0.6258	0.05556	1.204	1393	33.59	0.1462	0.04321	1384	705	0.5094	0.05882	0.98	-0.07039	0.06274
chr15	68000000	69000000	0.4446	0.0626	0.0242	0	0.0597	0	1319	33.12	0.06365	-0.003042	1303	769	0.5902	0.06	1.148	1452	33.95	0.03114	-0.014	1439	939	0.6525	0.06098	1.27	1118	32.01	0.0768	-0.01097	1109	459	0.4139	0.06098	0.8054	0	0.0902
chr15	69000000	70000000	0.4496	0.0542	0.0356	0	0.0625	0	1395	32.99	0.05811	-0.01389	1393	755	0.542	0.05882	1.031	1386	33.92	0.02977	-0.02283	1372	709	0.5168	0.06098	0.9826	1170	32.61	0.1038	0.02236	1165	281	0.2412	0.0641	0.4586	-0.02046	0.05247
chr15	70000000	71000000	0.4497	0.0731	0.0188	0	0.0588	0	1110	33.36	0.07432	-0.01659	1100	715	0.65	0.06098	0.9807	1148	34.92	0.0715	0	1145	609	0.5319	0.05556	0.8025	1131	33.4	0.1383	0.03644	1125	779	0.6924	0.05882	1.045	-0.03747	0.05658
chr15	71000000	72000000	0.4129	0.0076	0.0175	0	0.0607	0	1356	31.96	0.01236	-0.0016	1345	580	0.4312	0.05814	0.8434	1459	33.09	-0.005852	-0.008445	1443	671	0.465	0.0625	0.9095	1393	30.96	0.02888	0.01067	1382	630	0.4559	0.0625	0.8916	0	0.08246
chr15	72000000	73000000	0.4293	0.0344	0.024	0	0.0591	0	883	32.84	0.0514	0.008515	862	200	0.232	0.0633	1.02	863	33.62	0.01697	-0.01208	831	98	0.1179	0.06787	0.5184	873	31.94	0.0738	0.002929	848	191	0.2252	0.05172	0.99	-0.0217	0.07595
chr15	73000000	74000000	0.4442	0.0578	0.0198	0	0.0602	0	1087	33.6	0.08439	0.02288	1077	704	0.6537	0.05814	1.12	1087	34.59	0.05782	0.01749	1078	761	0.7059	0.0625	1.21	1055	31.69	0.06229	-0.02191	1054	594	0.5636	0.05882	0.9657	0.026	0.1096
chr15	74000000	75000000	0.4999	0.1248	0.0637	0	0.0583	0	976	35.27	0.1545	-0.008016	955	725	0.7592	0.05814	1.125	801	36.28	0.1268	0.01212	781	379	0.4853	0.06098	0.7189	921	34.54	0.1865	0.006429	898	707	0.7873	0.05882	1.166	-0.01886	0.04655
chr15	75000000	76000000	0.4716	0.1135	0.0272	0	0.0583	0	760	35.33	0.157	0.0199	732	330	0.4508	0.05556	0.9006	867	35.98	0.1146	0.01105	832	447	0.5373	0.05556	1.073	1102	34.84	0.1991	0.03358	1075	748	0.6958	0.05848	1.39	-0.037	0.08132
chr15	76000000	77000000	0.4071	0.0611	0.0196	0	0.0587	0	907	32.32	0.02835	-0.03727	900	231	0.2567	0.05882	0.6737	989	35.09	0.07871	0.01809	969	322	0.3323	0.06466	0.8722	1133	31.8	0.06763	0.000932	1128	773	0.6853	0.05556	1.799	-0.06141	0.1375
chr15	77000000	78000000	0.4709	0.1344	0.0192	0	0.0568	0	1452	35.63	0.1692	0.00489	1436	813	0.5662	0.06	0.9642	1472	36.12	0.1202	-0.003426	1460	918	0.6288	0.05882	1.071	1748	34.76	0.1958	0.01347	1726	1042	0.6037	0.05882	1.028	0.01886	0.07127
chr15	78000000	79000000	0.4684	0.1073	0.0232	0	0.0591	0	1655	34.83	0.1363	0.004216	1642	726	0.4421	0.05941	0.7958	1937	35.37	0.09021	-0.006976	1914	1108	0.5789	0.05882	1.042	1652	33.97	0.1625	0.01309	1621	809	0.4991	0.05556	0.8983	-0.007798	0.0451
chr15	79000000	80000000	0.4309	0.0723	0.019	0	0.0605	0	1344	32.56	0.03919	-0.04137	1330	816	0.6135	0.05556	0.9702	1250	34.35	0.04794	-0.01986	1238	767	0.6195	0.05556	0.9797	1293	32.21	0.08612	-0.01618	1282	915	0.7137	0.0625	1.129	-0.03242	0.0902
chr15	80000000	81000000	0.441	0.0758	0.0184	0	0.0588	0	1143	32.85	0.05208	-0.03168	1140	736	0.6456	0.05882	0.9269	1407	34.4	0.05016	-0.0171	1399	1035	0.7398	0.05556	1.062	1321	32.4	0.09426	0	1313	963	0.7334	0.05882	1.053	-0.04891	0.06642
chr15	81000000	82000000	0.4084	0.0096	0.0205	0	0.0602	0	867	32.07	0.01739	0.01201	865	306	0.3538	0.05882	0.5147	1313	33.46	0.009936	-0.002474	1307	1073	0.821	0.05882	1.194	907	30.33	-0.0009396	-0.01315	899	635	0.7063	0.06	1.028	0	0.1333
chr15	82000000	83000000	0.4423	-0.0215	0.015	0	0.0659	0	787	31.96	0.01238	0.02888	742	63	0.08491	0.07576	0.1295	1455	32.26	-0.0427	-0.008989	1228	831	0.6767	0.06757	1.033	1377	29.95	-0.01915	-0.01945	1205	981	0.8141	0.0625	1.242	-0.026	0.114
chr15	83000000	84000000	0.4097	0.0022	0.0078	0	0.06	0	985	31.53	-0.007331	-0.01331	971	446	0.4593	0.0625	0.6121	1236	33.05	-0.007747	-0.01408	1221	799	0.6544	0.05882	0.872	758	30.43	0.003979	1.577e-05	749	189	0.2523	0.0625	0.3363	-0.02466	0.09954
chr15	84000000	85000000	0.4496	0.0051	0.0375	0	0.0588	0	876	32.19	0.0229	0	778	460	0.5913	0.05218	1.041	774	33.77	0.02313	0.01963	734	404	0.5504	0.05556	0.9689	884	31.76	0.0654	0.03311	805	159	0.1975	0.06522	0.3477	0	0.074
chr15	85000000	86000000	0.432	0.0365	0.0304	0	0.0613	0	1853	32.26	0.02605	-0.02028	1792	1283	0.716	0.0641	1.121	1885	33.73	0.02156	-0.007852	1802	1117	0.6199	0.0625	0.9704	1762	32.31	0.09016	0.02735	1691	1250	0.7392	0.06	1.157	-0.04009	0.078
chr15	86000000	87000000	0.3951	-0.0269	0.0201	0	0.0625	0	1372	31.04	-0.02964	0.003241	1365	1088	0.7971	0.0641	1.148	1484	31.63	-0.07126	-0.04238	1477	932	0.631	0.06	0.9087	1431	28.24	-0.1039	-0.06906	1416	1121	0.7917	0.06522	1.14	0.0623	0.142
chr15	87000000	88000000	0.3965	-0.0689	0.0162	0	0.0602	0	1247	30.62	-0.04962	0.03017	1223	892	0.7294	0.06522	1.075	1125	30.95	-0.1025	-0.03508	1109	512	0.4617	0.05882	0.6804	1429	27.57	-0.1385	-0.07686	1410	1117	0.7922	0.06667	1.168	0.05971	0.1806
chr15	88000000	89000000	0.4641	0.0269	0.0169	0	0.0585	0	1166	32.84	0.05138	0.004825	1158	971	0.8385	0.05882	1.18	1082	34.3	0.04569	0.02523	1068	885	0.8287	0.05882	1.166	1174	31.35	0.04672	-0.02354	1156	819	0.7085	0.05882	0.9967	0.02018	0.1096
chr15	89000000	90000000	0.4646	0.0831	0.0307	0	0.0575	0	1436	33.83	0.0943	-0.008459	1417	848	0.5984	0.06174	0.8506	1586	34.61	0.05884	-0.01728	1572	982	0.6247	0.05882	0.8878	1377	32.77	0.1108	-0.01425	1361	1069	0.7855	0.05814	1.116	0.01749	0.07909
chr15	90000000	91000000	0.4666	0.1142	0.0394	0	0.0567	0	1748	34.25	0.1122	-0.02584	1738	1163	0.6692	0.05882	0.9766	1619	35.85	0.1096	0.003174	1612	1132	0.7022	0.05556	1.025	1771	34.02	0.1649	0.006938	1764	1062	0.602	0.05556	0.8786	-0.02106	0.08017
chr15	91000000	92000000	0.4177	0.0194	0.0082	0	0.0625	0	1343	31.92	0.01044	-0.012	1339	893	0.6669	0.06	0.9583	1321	33.24	0.0006719	-0.009037	1306	868	0.6646	0.0625	0.9551	1326	30.59	0.01153	-0.01244	1299	910	0.7005	0.0625	1.007	-0.02385	0.1333
chr15	92000000	93000000	0.4377	0.0547	0.0155	0	0.0599	0	1819	32.55	0.03865	-0.02279	1800	1033	0.5739	0.06098	0.8374	1941	34.17	0.04031	-0.009355	1907	1346	0.7058	0.05556	1.03	1902	31.67	0.06158	-0.02732	1876	1233	0.6572	0.0625	0.9591	-0.01886	0.1125
chr15	93000000	94000000	0.4235	0.042	0.0138	0	0.0588	0	2011	32.73	0.04662	0.0007411	2008	1092	0.5438	0.05882	0.941	1956	33.05	-0.00764	-0.04436	1948	885	0.4543	0.05556	0.7861	2206	31.04	0.03266	-0.04267	2188	1319	0.6028	0.0641	1.043	0.02137	0.09311
chr15	94000000	95000000	0.3883	-0.0171	0.0248	0	0.0625	0	1374	31.27	-0.01888	0.009992	1367	987	0.722	0.0625	1.099	1572	31.96	-0.05615	-0.04225	1560	984	0.6308	0.06466	0.9598	1309	29.77	-0.02757	0.003443	1301	822	0.6318	0.0625	0.9614	0.02018	0.09466
chr15	95000000	96000000	0.3805	-0.0587	0.0411	0	0.0633	0	1011	31.02	-0.03047	0.03265	1007	773	0.7676	0.0625	1.126	1047	33.05	-0.0079	0.04536	1042	805	0.7726	0.05882	1.133	899	28.07	-0.1126	-0.02179	890	608	0.6831	0.07143	1.002	0	0.237
chr15	96000000	97000000	0.401	-0.058	0.0388	0	0.0617	0	1422	31.99	0.01355	0.072	1417	907	0.6401	0.06	1.047	1388	34.08	0.03634	0.09402	1386	915	0.6602	0.05814	1.08	1436	27.87	-0.1231	-0.08204	1432	924	0.6453	0.06522	1.056	0.05185	0.2875
chr15	97000000	98000000	0.381	-0.0867	0.0259	0	0.0617	0	1578	29.91	-0.08304	0.01008	1563	766	0.4901	0.05556	0.837	1682	32	-0.05433	0.02693	1667	996	0.5975	0.06	1.02	1458	26.61	-0.1894	-0.09382	1436	658	0.4582	0.07143	0.7826	0.02346	0.2713
chr15	98000000	99000000	0.4357	0.0013	0.0249	0	0.0594	0	1893	32.06	0.01688	0.006164	1884	1315	0.698	0.06	1.12	1809	33.08	-0.006569	-0.003522	1807	1129	0.6248	0.05882	1.003	1697	30.03	-0.01533	-0.03214	1691	1033	0.6109	0.0625	0.9804	0.02309	0.1255
chr15	99000000	100000000	0.4218	0.0877	0.0272	0	0.0594	0	1781	33.08	0.06189	-0.02907	1769	1218	0.6885	0.06	1.019	1454	35.6	0.09959	0.01466	1447	852	0.5888	0.06	0.8711	1836	33.13	0.1266	0.01279	1815	1240	0.6832	0.05814	1.011	-0.039	0.08883
chr15	100000000	101000000	0.444	0.0539	0.0107	0	0.0588	0	1956	32.89	0.05362	-0.004366	1917	717	0.374	0.05556	0.704	1913	33.77	0.0233	-0.01467	1879	935	0.4976	0.06098	0.9366	2302	31.79	0.06697	-0.01271	2264	1320	0.583	0.06	1.097	0	0.078
chr15	101000000	101991189	0.4548	0.0802	0.0257	0	0.0647	0	1937	33.99	0.1012	0.003453	1687	772	0.4576	0.06098	0.8339	1776	35.45	0.0935	0.02027	1567	890	0.568	0.06757	1.035	2017	33.07	0.124	0.007571	1757	948	0.5396	0.06522	0.9832	-0.01708	0.1055
chr16	0	1000000	0.5734	0.1278	0.0528	0	0.061	0	1842	34.51	0.1232	-0.08507	1598	923	0.5776	0.0625	0.8395	2053	34.36	0.04835	-0.05627	1841	1164	0.6323	0.0625	0.919	1779	36.25	0.2562	0.04761	1655	1256	0.7589	0.06	1.103	0.0614	0
chr16	1000000	2000000	0.5777	0.1817	0.0435	0	0.0581	0	2030	39.12	0.3039	0.0405	1955	1154	0.5903	0.05172	0.9944	1754	37.14	0.1607	0.003184	1697	828	0.4879	0.05556	0.822	1674	37	0.2859	0.02479	1596	713	0.4467	0.05556	0.7526	0.08573	0.03436
chr16	2000000	3000000	0.551	0.146	0.0507	0	0.0566	0	892	37.27	0.234	0.0125	876	375	0.4281	0.05882	0.7231	1069	35.86	0.1099	-0.0154	1043	557	0.534	0.06522	0.9021	1191	35.66	0.2326	0.01036	1164	827	0.7105	0.05814	1.2	0.0581	0
chr16	3000000	4000000	0.4887	0.1059	0.0303	0	0.0556	0	1078	34.32	0.1152	-0.01973	1057	589	0.5572	0.05882	0.9071	1099	35.06	0.0774	-0.01232	1083	597	0.5512	0.05556	0.8974	1210	33.75	0.1534	-0.006535	1197	719	0.6007	0.06	0.9778	0.008244	0.09311
chr16	4000000	5000000	0.515	0.1025	0.0374	0	0.0556	0	1549	35.15	0.1497	-0.001464	1532	1035	0.6756	0.05263	1.171	1578	35.32	0.08785	-0.001729	1564	955	0.6106	0.05882	1.058	1473	34.35	0.1786	0.005449	1453	799	0.5499	0.0625	0.953	0.01815	0.03797
chr16	5000000	6000000	0.4569	0.0107	0.02	0	0.0605	0	2145	32.18	0.0224	-0.003473	2132	912	0.4278	0.05882	0.683	2599	32.42	-0.03547	-0.04002	2581	1705	0.6606	0.06	1.055	2295	30.05	-0.01431	-0.06453	2270	1419	0.6251	0.0641	0.9981	0.03847	0.09311
chr16	6000000	7000000	0.413	-0.0701	0.0181	0	0.0625	0	2854	30.55	-0.05251	0.01283	2839	1539	0.5421	0.06	0.9356	3013	31.03	-0.09861	-0.02345	3006	1831	0.6091	0.06	1.051	2734	27.49	-0.1428	-0.08138	2728	1490	0.5462	0.06	0.9427	0.04891	0.1699
chr16	7000000	8000000	0.4116	-0.0657	0.0188	0	0.0594	0	3260	31.01	-0.03131	0.03015	3242	2128	0.6564	0.06	1.145	3357	31.57	-0.07395	-0.005	3335	2062	0.6183	0.0625	1.078	2708	27.66	-0.1338	-0.08468	2692	1740	0.6464	0.06522	1.127	0.06926	0.1926
chr16	8000000	9000000	0.4442	0.0274	0.0077	0	0.06	0	2967	32.89	0.05376	0.02265	2953	2072	0.7017	0.06	1.215	2792	33.65	0.01822	0.008287	2766	1405	0.508	0.05882	0.8799	2777	31.13	0.03667	-0.01712	2766	1601	0.5788	0.06	1.003	0.01815	0.1293
chr16	9000000	10000000	0.432	0.0176	0.0069	0	0.06	0	2012	32.19	0.02252	-0.004901	1996	1404	0.7034	0.06	1.141	1818	33.37	0.005981	-0.004529	1807	1355	0.7499	0.05556	1.217	2074	30.87	0.02441	-0.01951	2060	1228	0.5961	0.0625	0.9671	-0.009189	0.08489
chr16	10000000	11000000	0.4543	0.0829	0.0223	0	0.0588	0	2204	33.44	0.07774	-0.02291	2190	1249	0.5703	0.0641	0.9703	2411	34.46	0.05228	-0.02296	2393	1513	0.6323	0.05882	1.076	2048	32.67	0.1065	-0.007947	2035	1090	0.5356	0.06098	0.9112	0	0.074
chr16	11000000	12000000	0.4833	0.1301	0.0359	0	0.0575	0	2031	35.4	0.1598	0.008033	2018	1284	0.6363	0.05556	1.046	1981	35.95	0.1137	-0.006898	1963	1395	0.7106	0.05556	1.168	2029	34.83	0.1988	0.02261	2013	1127	0.5599	0.05882	0.9202	0	0.04811
chr16	12000000	13000000	0.4589	0.0728	0.0337	0	0.0588	0	2300	33.17	0.06594	-0.01977	2282	1702	0.7458	0.05882	1.043	2011	34.08	0.03639	-0.0244	1994	1285	0.6444	0.0625	0.9011	2399	32.46	0.09699	-0.01441	2387	1781	0.7461	0.06	1.043	0	0.04731
chr16	13000000	14000000	0.4197	0.0327	0.0165	0	0.06	0	1686	32.34	0.02939	-0.006395	1681	967	0.5753	0.0625	0.9762	1616	33.97	0.0319	0.005204	1609	988	0.614	0.05882	1.042	1792	30.72	0.01749	-0.01787	1781	1138	0.639	0.06098	1.084	-0.01792	0.1575
chr16	14000000	15000000	0.4469	-0.061	0.0151	0	0.0652	0	448	30.22	-0.06845	-0.013	384	175	0.4557	0.06667	0.815	550	31.69	-0.06824	0.003731	456	239	0.5241	0.0641	0.9373	492	28.71	-0.08025	-0.0414	384	199	0.5182	0.05556	0.9267	0	0.1864
chr16	15000000	16000000	0.4624	-0.1392	0.0513	0	0.0599	0	947	29.66	-0.09524	0.0243	773	376	0.4864	0.05814	0.8658	1059	27.62	-0.2665	-0.1161	827	389	0.4704	0.0625	0.8373	895	29.43	-0.04413	0.05439	762	317	0.416	0.05882	0.7405	-0.06012	0.04891
chr16	16000000	17000000	0.4581	-0.059	0.0551	0	0.0714	0	1310	30.42	-0.05887	-0.01279	1125	537	0.4773	0.07143	0.8054	1860	31.31	-0.08591	-0.01704	1540	954	0.6195	0.07576	1.045	1570	29.07	-0.06187	-0.04313	1336	564	0.4222	0.07576	0.7123	0	0.1195
chr16	17000000	18000000	0.4346	0.0105	0.0121	0	0.0605	0	1418	32.19	0.02279	0.002886	1411	856	0.6067	0.06712	0.9805	1288	33.37	0.006025	0.003394	1278	881	0.6894	0.0625	1.114	1482	30.63	0.01351	-0.0181	1476	953	0.6457	0.06522	1.044	0.02137	0.1274
chr16	18000000	19000000	0.4488	-0.1673	0.0338	0	0.0671	0	1312	27.84	-0.1867	-0.03426	1123	283	0.252	0.07143	0.4828	1365	29.58	-0.1679	0.002724	1090	610	0.5596	0.08537	1.072	1399	28.08	-0.1119	0.02414	1151	850	0.7385	0.06757	1.415	-0.04373	0.0614
chr16	19000000	20000000	0.4491	0.0107	0.0236	0	0.0611	0	948	32.26	0.02577	0	935	443	0.4738	0.05814	0.7486	1220	33.26	0.001438	-0.002877	1210	757	0.6256	0.05556	0.9885	1071	31.06	0.03341	-0.004484	1068	408	0.382	0.06667	0.6036	-0.01707	0.0902
chr16	20000000	21000000	0.4274	-0.0126	0.0131	0	0.0617	0	1814	31.31	-0.01704	-0.01035	1791	1165	0.6505	0.0625	1.181	1800	32.56	-0.02938	-0.0125	1780	1152	0.6472	0.06	1.175	1031	30.39	0.002031	-0.01694	1019	344	0.3376	0.05882	0.6128	-0.02385	0.1255
chr16	21000000	22000000	0.4397	0.0933	0.0472	0	0.0665	0	468	34.39	0.118	0.01162	427	263	0.6159	0.06364	0.893	469	34.48	0.05333	-0.03391	412	287	0.6966	0.06818	1.01	569	32.64	0.1051	-0.006499	538	369	0.6859	0.07576	0.9945	0.04182	0.241
chr16	22000000	23000000	0.4405	0.2065	0.0616	0	0.0736	0	711	36.4	0.2001	-0.01726	654	424	0.6483	0.07143	0.9363	741	37.39	0.1701	-0.02906	693	519	0.7489	0.0641	1.082	797	33.79	0.155	-0.0713	760	562	0.7395	0.07692	1.068	0.02272	0.2538
chr16	23000000	24000000	0.4508	0.0505	0.0096	0	0.0585	0	1052	32.93	0.05554	-0.01039	1037	551	0.5313	0.06522	0.9125	1148	34.57	0.05705	0.009837	1137	728	0.6403	0.05556	1.1	987	32.57	0.102	0.02723	979	553	0.5649	0.06	0.9701	-0.0458	0.0902
chr16	24000000	25000000	0.4378	0.0353	0.0168	0	0.0594	0	1373	32.42	0.03314	-0.008902	1366	1089	0.7972	0.05882	1.109	1107	33.85	0.0265	-0.003772	1095	755	0.6895	0.05882	0.9592	1205	31.74	0.06482	-0.0006421	1191	755	0.6339	0.06098	0.8819	-0.02466	0.06711
chr16	25000000	26000000	0.4256	0.0217	0.0216	0	0.0591	0	1838	32.49	0.03603	0.006909	1832	1290	0.7041	0.06	1.101	1546	33.31	0.00338	-0.01244	1533	766	0.4997	0.05814	0.7812	1331	31.02	0.03165	-0.01576	1325	888	0.6702	0.0625	1.048	0	0.09213
chr16	26000000	27000000	0.418	0.0004	0.0218	0	0.0605	0	1485	31.79	0.004542	0.0009781	1475	717	0.4861	0.0625	0.6952	1578	32.71	-0.02263	-0.01462	1566	1074	0.6858	0.0625	0.9809	1797	30.45	0.004719	-0.0002495	1781	1159	0.6508	0.06	0.9307	0	0.09954
chr16	27000000	28000000	0.4765	0.0835	0.0264	0	0.0588	0	1128	34.57	0.1256	0.01643	1120	697	0.6223	0.05814	0.9841	1116	34.96	0.0733	0.007911	1093	609	0.5572	0.0625	0.8811	1345	33.71	0.1514	0.0229	1324	992	0.7492	0.06	1.185	0.02272	0.0614
chr16	28000000	29000000	0.4934	-0.0284	0.016	0	0.0637	0	1178	31.26	-0.01938	-0.02356	935	196	0.2096	0.06981	0.3416	1236	31.43	-0.08037	-0.03567	1009	632	0.6264	0.06787	1.021	1103	31.01	0.03129	0.004952	944	581	0.6155	0.0625	1.003	0.09434	0.07698
chr16	29000000	30000000	0.4901	0.1037	0.0406	0	0.06	0	1169	34.98	0.1426	0.009103	1091	472	0.4326	0.05814	0.6164	1301	35.31	0.08752	0.002937	1216	745	0.6127	0.05882	0.8729	1306	34.56	0.1874	0.02838	1235	909	0.736	0.0625	1.049	0.01963	0.03436
chr16	30000000	31000000	0.506	0.0639	0.037	0	0.0588	0	636	33.58	0.08377	-0.01856	590	278	0.4712	0.05882	0.8056	620	34.57	0.05707	0.01349	589	333	0.5654	0.05556	0.9666	611	33.16	0.1277	0.0002558	571	322	0.5639	0.05556	0.9641	0	0.07039
chr16	31000000	32000000	0.4594	0.0295	0.0162	0	0.0588	0	1008	32.33	0.02877	-0.01802	989	654	0.6613	0.06	1.046	927	34.1	0.03727	0.01983	904	536	0.5929	0.05556	0.9376	1233	31.76	0.06577	-0.003992	1218	869	0.7135	0.05556	1.128	0.02018	0.08489
chr16	32000000	33000000	0.4163	0.0342	0.0751	0	0.1	1	708	31.1	-0.02703	-0.0651	343	248	0.723	NA	0.9348	763	36.93	0.1522	0.1261	366	259	0.7077	NA	0.9149	665	30.78	0.02047	-0.01589	359	270	0.7521	NA	0.9723	-0.1019	0.25
chr16	33000000	34000000	0.4266	-0.1001	0.0766	0	0.0979	1	700	30.96	-0.0335	0.05918	332	250	0.753	NA	1.009	737	35.95	0.1136	0.2195	336	257	0.7649	NA	1.025	657	27.89	-0.1217	-0.0514	322	229	0.7112	NA	0.9532	0.09311	0.5057
chr16	34000000	35000000	0.3832	0.6829	0.0396	0	0.1025	1	1478	51.23	0.6931	0.01477	1208	1043	0.8634	NA	1.034	1487	53.28	0.6811	-0.001941	1145	977	0.8533	NA	1.021	1490	47.27	0.6392	-0.02602	1158	940	0.8117	NA	0.9717	0	0.1736
chr16	35000000	36000000	0.4083	-0.0408	0.0351	0	0.0674	0	439	31.58	-0.004821	0.04164	428	184	0.4299	0.07143	1.143	361	33.12	-0.004956	0.0342	353	102	0.289	0.05941	0.7683	452	28.66	-0.08267	-0.04447	438	185	0.4224	0.07895	1.123	0.1038	0.1699
chr16	36000000	37000000	0.3855	-0.3476	0.0679	0	0.1221	1	1027	24.05	-0.398	-0.04404	484	365	0.7541	NA	0.9418	1106	25.63	-0.3747	-0.02615	534	430	0.8052	NA	1.006	995	24.77	-0.293	0.08221	490	388	0.7918	NA	0.9889	-0.05166	0.2538
chr16	37000000	38000000	0.3949	-2.106	0.1193	1	0.1327	1	514	6.374	-2.314	NA	78	40	0.5128	NA	1.223	511	7.726	-2.105	NA	89	32	0.3596	NA	0.8575	414	7.94	-1.934	NA	96	32	0.3333	NA	0.795	-0.2895	0
chr16	38000000	39000000	0.3945	-1.631	0.1518	1	0.1244	1	192	11.82	-1.423	NA	52	43	0.8269	NA	1.15	193	10.36	-1.682	NA	46	34	0.7391	NA	1.028	241	9.386	-1.693	NA	55	40	0.7273	NA	1.011	0.074	0.152
chr16	39000000	40000000	NA	NA	NA	1	NA	0	0	NA	NA	NA	0	0	NA	NA	NA	0	NA	NA	NA	0	0	NA	NA	NA	0	NA	NA	NA	0	0	NA	NA	NA	NA	NA
chr16	40000000	41000000	NA	NA	NA	1	NA	0	0	NA	NA	NA	0	0	NA	NA	NA	0	NA	NA	NA	0	0	NA	NA	NA	0	NA	NA	NA	0	0	NA	NA	NA	NA	NA
chr16	41000000	42000000	NA	NA	NA	1	NA	0	0	NA	NA	NA	0	0	NA	NA	NA	0	NA	NA	NA	0	0	NA	NA	NA	0	NA	NA	NA	0	0	NA	NA	NA	NA	NA
chr16	42000000	43000000	NA	NA	NA	1	NA	0	0	NA	NA	NA	0	0	NA	NA	NA	0	NA	NA	NA	0	0	NA	NA	NA	0	NA	NA	NA	0	0	NA	NA	NA	NA	NA
chr16	43000000	44000000	NA	NA	NA	1	NA	0	0	NA	NA	NA	0	0	NA	NA	NA	0	NA	NA	NA	0	0	NA	NA	NA	0	NA	NA	NA	0	0	NA	NA	NA	NA	NA
chr16	44000000	45000000	NA	NA	NA	1	NA	0	0	NA	NA	NA	0	0	NA	NA	NA	0	NA	NA	NA	0	0	NA	NA	NA	0	NA	NA	NA	0	0	NA	NA	NA	NA	NA
chr16	45000000	46000000	NA	NA	NA	1	NA	0	0	NA	NA	NA	0	0	NA	NA	NA	0	NA	NA	NA	0	0	NA	NA	NA	0	NA	NA	NA	0	0	NA	NA	NA	NA	NA
chr16	46000000	47000000	0.4225	1.207	0.0877	0	0.0952	1	826	73.26	1.209	-0.002518	710	214	0.3014	NA	0.8274	763	79.8	1.264	0.06001	670	213	0.3179	NA	0.8727	775	77.25	1.348	0.1083	667	145	0.2174	NA	0.5967	-0.007417	0.04152
chr16	47000000	48000000	0.397	0.0547	0.0216	0	0.0594	0	199	32.22	0.02421	-0.02307	199	103	0.5176	0.05882	1.016	186	33.71	0.02091	-0.03532	182	83	0.456	0.06098	0.8954	204	32.11	0.08154	0.02734	204	108	0.5294	0.06066	1.039	-0.02647	0.1128
chr16	48000000	49000000	0.4367	0.0372	0.0263	0	0.0588	0	643	32.53	0.0381	-0.01028	635	428	0.674	0.05882	0.9921	710	33.75	0.02239	-0.01115	702	283	0.4031	0.05556	0.5934	457	31.89	0.07153	0.007448	454	306	0.674	0.07143	0.9921	-0.05752	0.05835
chr16	49000000	50000000	0.4701	0.0549	0.0279	0	0.0588	0	1040	33.49	0.07966	-0.004216	1035	613	0.5923	0.05882	0.886	1095	33.89	0.0283	-0.01761	1090	690	0.633	0.05882	0.9469	854	32.25	0.08773	-0.01503	852	550	0.6455	0.05882	0.9657	0.02076	0.07497
chr16	50000000	51000000	0.4588	0.0711	0.0223	0	0.0597	0	1173	33.27	0.07019	-0.01383	1169	662	0.5663	0.06098	1.228	1063	34.76	0.06494	0.005029	1057	565	0.5345	0.05319	1.159	1050	33.35	0.1362	0.0256	1046	502	0.4799	0.0625	1.04	-0.02915	0.0614
chr16	51000000	52000000	0.4169	-0.0192	0.0285	0	0.06	0	1250	30.95	-0.03416	-0.01813	1240	810	0.6532	0.06	1.157	1335	32.56	-0.02944	-0.001675	1319	778	0.5898	0.05882	1.044	1122	29.17	-0.05695	-0.04207	1107	646	0.5836	0.0633	1.033	0	0.1699
chr16	52000000	53000000	0.3949	-0.0321	0.0095	0	0.061	0	1466	30.65	-0.04784	-0.009755	1466	1138	0.7763	0.0625	1.26	1398	32.35	-0.03863	-0.002142	1396	761	0.5451	0.05882	0.8849	1335	29.15	-0.05794	-0.0166	1334	905	0.6784	0.06	1.101	0	0.1069
chr16	53000000	54000000	0.4002	0.0035	0.0182	0	0.0594	0	817	31.02	-0.03086	-0.03062	815	532	0.6528	0.06522	0.9392	780	33.59	0.01557	0.01316	779	542	0.6958	0.05814	1.001	827	31.37	0.04797	0.03304	825	435	0.5273	0.06	0.7587	-0.04811	0.1069
chr16	54000000	55000000	0.4347	-0.0248	0.0138	0	0.0588	0	1442	31.27	-0.01925	-0.002539	1437	734	0.5108	0.06049	0.8559	1515	32.09	-0.05027	-0.01762	1511	796	0.5268	0.06098	0.8827	1357	29.44	-0.04399	-0.0403	1351	852	0.6306	0.06522	1.057	0.02425	0.1186
chr16	55000000	56000000	0.4364	-0.0298	0.019	0	0.0605	0	2081	30.83	-0.03957	-0.02362	2053	1189	0.5792	0.0625	1.072	1971	32.21	-0.04492	-0.01146	1958	928	0.474	0.0641	0.8772	1927	29.43	-0.04434	-0.0416	1908	1035	0.5425	0.06	1.004	0	0.1171
chr16	56000000	57000000	0.4513	0.0914	0.0205	0	0.0562	0	1238	34.06	0.1042	-0.002052	1226	615	0.5016	0.05263	0.8781	1400	34.18	0.04059	-0.04752	1386	869	0.627	0.06	1.097	1404	33.77	0.1543	0.04287	1382	830	0.6006	0.05556	1.051	0	0.04731
chr16	57000000	58000000	0.4961	0.1485	0.0143	0	0.0572	0	1219	35.27	0.1545	-0.03052	1213	794	0.6546	0.05263	0.9679	1193	36.76	0.1459	0.008096	1182	788	0.6667	0.05814	0.9858	1195	35.36	0.2203	0.01473	1188	810	0.6818	0.0625	1.008	-0.03847	0.05445
chr16	58000000	59000000	0.4443	0.0276	0.0195	0	0.0625	0	1086	32.29	0.02727	-0.004003	1070	840	0.785	0.0625	1.121	1356	33.71	0.02073	0.01193	1343	1185	0.8824	0.05882	1.261	1677	31.43	0.05053	-0.002232	1659	1161	0.6998	0.0625	0.9997	0	0.09311
chr16	59000000	60000000	0.3728	-0.0852	0.0244	0	0.0617	0	1385	30.07	-0.07568	0.01858	1377	869	0.6311	0.06098	0.9853	1184	31.06	-0.09731	-0.01104	1179	1082	0.9177	0.0625	1.433	1571	27.38	-0.1482	-0.03267	1555	1047	0.6733	0.06667	1.051	0.026	0.1651
chr16	60000000	61000000	0.3659	-0.0979	0.0242	0	0.0636	0	1128	29.9	-0.08368	0.01526	1121	885	0.7895	0.06667	1.082	1438	30.79	-0.1099	-0.01863	1426	1181	0.8282	0.06	1.135	1195	26.34	-0.2044	-0.0585	1184	863	0.7289	0.07143	0.9987	0.05247	0.2224
chr16	61000000	62000000	0.3617	-0.1106	0.0342	0	0.0625	0	948	30.15	-0.07185	0.03608	940	357	0.3798	0.05556	0.434	1105	31.93	-0.05771	0.04468	1097	868	0.7912	0.05556	0.9042	932	26.19	-0.2128	-0.04346	922	848	0.9197	0.06522	1.051	0.05247	0.273
chr16	62000000	63000000	0.3695	-0.1001	0.0374	0	0.061	0	1093	30.2	-0.06922	0.0326	1090	786	0.7211	0.05882	1.121	1071	32.12	-0.04913	0.04501	1070	464	0.4336	0.05882	0.6739	1021	26.46	-0.1976	-0.06403	1018	740	0.7269	0.07143	1.13	0.01038	0.2483
chr16	63000000	64000000	0.361	-0.11	0.0415	0	0.0625	0	1082	29.74	-0.09133	0.02497	1082	621	0.5739	0.06757	0.9332	1139	31.05	-0.09774	0.005834	1132	910	0.8039	0.06	1.307	1292	26.19	-0.2124	-0.04706	1290	866	0.6713	0.06522	1.092	0.06711	0.241
chr16	64000000	65000000	0.3708	-0.1055	0.0334	0	0.06	0	1012	29.92	-0.08256	0.03264	1004	607	0.6046	0.0625	0.7848	943	30.89	-0.1051	-0.005577	934	622	0.666	0.05882	0.8644	1215	26.73	-0.1832	-0.0462	1207	934	0.7738	0.0625	1.004	0.05155	0.2224
chr16	65000000	66000000	0.4114	-0.0591	0.0295	0	0.0633	0	1304	30.45	-0.05731	0.0001787	1277	849	0.6648	0.0641	1.114	1137	31.41	-0.0813	-0.01746	1123	578	0.5147	0.06522	0.8623	1013	27.68	-0.1328	-0.08838	987	577	0.5846	0.07143	0.9794	0.03653	0.1651
chr16	66000000	67000000	0.4702	0.0477	0.0179	0	0.0591	0	768	33.11	0.0634	-0.01425	767	458	0.5971	0.05719	0.9136	730	34.09	0.03686	-0.002022	729	440	0.6036	0.05882	0.9234	1054	31.65	0.06066	-0.0349	1046	768	0.7342	0.06049	1.123	0.0199	0.1359
chr16	67000000	68000000	0.506	0.1138	0.0459	0	0.0589	0	107	35.22	0.1523	9.641e-05	107	83	0.7757	0.04545	1.011	114	34.76	0.06486	-0.02862	113	60	0.531	0.06066	0.6918	193	34.89	0.2012	0.02376	193	175	0.9067	0.05263	1.181	-0.004827	0
chr16	68000000	69000000	0.465	0.0845	0.0194	0	0.0585	0	932	33.88	0.09649	-0.007653	930	788	0.8473	0.06098	1.323	827	34.34	0.04761	-0.02957	822	687	0.8358	0.05556	1.305	1380	33.64	0.1485	0.02243	1370	932	0.6803	0.0625	1.062	-0.02203	0.0458
chr16	69000000	70000000	0.4436	0.0344	0.0344	0	0.0597	0	1066	32.21	0.02353	-0.01469	1018	665	0.6532	0.06	1.009	862	33.56	0.01429	-0.004385	813	488	0.6002	0.05882	0.9267	1173	32.46	0.0971	0.03827	1122	763	0.68	0.06522	1.05	-0.02385	0.07127
chr16	70000000	71000000	0.4758	0.136	0.0291	0	0.0676	0	1133	35.63	0.1692	0.01137	1020	852	0.8353	0.06466	1.009	1174	36.71	0.1439	0.02598	1036	875	0.8446	0.06667	1.02	1220	33.54	0.1444	-0.03974	1119	938	0.8382	0.07143	1.012	0	0.1905
chr16	71000000	72000000	0.4265	0.021	0.021	0	0.0625	0	1303	31.59	-0.004589	-0.03378	1282	1057	0.8245	0.06757	1.19	1227	33.17	-0.002765	-0.01788	1204	1015	0.843	0.0641	1.217	1268	31.47	0.05218	0.006178	1252	868	0.6933	0.06	1.001	-0.02554	0.07039
chr16	72000000	73000000	0.4114	0.0231	0.0314	0	0.0599	0	854	31.49	-0.008799	-0.03351	842	615	0.7304	0.0625	1.309	903	32.6	-0.0274	-0.04576	893	648	0.7256	0.05882	1.3	735	31.34	0.0464	0.008593	717	427	0.5955	0.05556	1.067	0	0.04439
chr16	73000000	74000000	0.4236	-0.0021	0.0159	0	0.0594	0	1342	31.66	-0.00122	-1.513e-06	1335	738	0.5528	0.05882	0.9477	1291	32.67	-0.02467	-0.01728	1281	750	0.5855	0.0641	1.004	1312	30.33	-0.0006867	-0.03191	1303	745	0.5718	0.0625	0.9802	-0.0217	0.1255
chr16	74000000	75000000	0.4371	0.0708	0.0102	0	0.0667	0	1809	33.36	0.07406	-0.003473	1731	1030	0.595	0.06757	0.9576	1716	34.86	0.06901	0.004153	1632	911	0.5582	0.0625	0.8983	1846	32.19	0.08494	-0.01493	1786	1239	0.6937	0.06757	1.116	0	0.1651
chr16	75000000	76000000	0.4401	0.0672	0.0279	0	0.0613	0	1145	33.33	0.07314	-0.004884	1139	483	0.4241	0.06	0.6906	1750	34.58	0.05769	-0.003461	1745	1155	0.6619	0.05882	1.078	1189	33.08	0.1243	0.03728	1188	848	0.7138	0.0625	1.163	-0.0344	0.078
chr16	76000000	77000000	0.3649	-0.0404	0.0172	0	0.0605	0	1587	30.09	-0.07449	-0.03191	1584	1005	0.6345	0.0625	0.9769	1801	31.98	-0.05542	-0.02102	1794	1420	0.7915	0.06	1.219	1300	28.52	-0.08948	-0.001393	1296	762	0.588	0.06466	0.9053	0.0199	0.1787
chr16	77000000	78000000	0.415	-0.0492	0.013	0	0.0594	0	2912	31.06	-0.02885	0.02201	2901	1961	0.676	0.05882	1.109	2272	32.34	-0.03912	0.01636	2260	1033	0.4571	0.05556	0.7498	2613	29.12	-0.05945	-0.005942	2597	1405	0.541	0.0625	0.8875	0.02467	0.1211
chr16	78000000	79000000	0.4258	-0.0412	0.0137	0	0.0625	0	2952	30.95	-0.03417	-0.00116	2943	2111	0.7173	0.0625	1.096	2822	32.41	-0.03616	0.01092	2812	1841	0.6547	0.06	1	2812	29.06	-0.06241	-0.04551	2796	1922	0.6874	0.0625	1.05	0	0.152
chr16	79000000	80000000	0.427	-0.0419	0.0225	0	0.0594	0	2413	31.1	-0.02719	0.007286	2412	1727	0.716	0.05882	1.153	1990	32.13	-0.04842	-0.0003212	1986	1237	0.6229	0.05882	1.003	2445	28.85	-0.07321	-0.06687	2439	1816	0.7446	0.06	1.199	0.02425	0.1751
chr16	80000000	81000000	0.4138	-0.0078	0.0209	0	0.06	0	1989	31.35	-0.01524	-0.01	1975	1415	0.7165	0.06	1.12	1604	32.66	-0.02471	-0.01225	1598	1085	0.679	0.0625	1.061	1984	29.07	-0.06226	-0.05623	1980	1258	0.6354	0.06	0.9932	0	0.1806
chr16	81000000	82000000	0.476	0.0886	0.0301	0	0.0588	0	2780	33.87	0.09627	-0.01589	2770	1489	0.5375	0.06	0.9494	2795	34.81	0.06694	-0.00355	2781	1803	0.6483	0.05882	1.145	2633	33.86	0.1578	0.02109	2614	1392	0.5325	0.06	0.9405	-0.02018	0.0458
chr16	82000000	83000000	0.4187	0.0062	0.0284	0	0.0625	0	2218	31.35	-0.01563	-0.02553	2211	1424	0.6441	0.0625	1.032	2180	32.65	-0.02541	-0.0274	2169	1090	0.5025	0.0625	0.8055	1882	30.45	0.004601	-0.008832	1874	915	0.4883	0.05882	0.7826	0	0.09622
chr16	83000000	84000000	0.4378	0.0022	0.0278	0	0.0605	0	2718	31.43	-0.01159	-0.02053	2694	1594	0.5917	0.06	1.013	2699	32.36	-0.0382	-0.03537	2678	1497	0.559	0.05882	0.9567	2678	29.92	-0.02048	-0.05284	2651	1414	0.5334	0.0625	0.9129	0	0.1069
chr16	84000000	85000000	0.4906	0.1069	0.0264	0	0.0588	0	2882	35.08	0.1468	0.01011	2868	1711	0.5966	0.05882	0.9745	2767	35.98	0.1147	0.0242	2757	1636	0.5934	0.05882	0.9693	2760	34.26	0.1751	0.01209	2746	1589	0.5787	0.05769	0.9452	-0.01749	0.074
chr16	85000000	86000000	0.5381	0.1453	0.0322	0	0.0581	0	2155	36.1	0.1883	-0.0102	2079	1180	0.5676	0.06049	0.9825	2059	36.39	0.1311	0.005223	1983	825	0.416	0.05814	0.7202	2178	35.27	0.2167	0	2084	1155	0.5542	0.05882	0.9594	0	0.04182
chr16	86000000	87000000	0.4876	0.0899	0.0185	0	0.0588	0	2125	33.79	0.09264	-0.02589	2101	1321	0.6287	0.05814	0.9428	2326	34.88	0.06985	-0.006928	2299	1468	0.6385	0.05291	0.9575	2159	32.81	0.1124	-0.02983	2142	1415	0.6606	0.06522	0.9905	-0.0217	0.08368
chr16	87000000	88000000	0.5079	0.1273	0.0192	0	0.0591	0	2661	34.88	0.1387	-0.02981	2621	1863	0.7108	0.05882	1.075	2024	35.81	0.1077	-0.003326	1997	1269	0.6355	0.05556	0.9606	2447	34.66	0.1918	0.006909	2401	1411	0.5877	0.0625	0.8884	-0.01597	0.06711
chr16	88000000	89000000	0.572	0.2096	0.0452	0	0.0556	0	2183	37.99	0.2618	-0.02699	2101	1307	0.6221	0.05882	0.969	2149	37.3	0.1667	-0.02074	2065	1167	0.5651	0.0614	0.8803	2346	37.45	0.3032	0.01134	2265	1461	0.645	0.05556	1.005	0.01886	0
chr16	89000000	90000000	0.5419	0.1233	0.061	0	0.0594	0	1762	35.08	0.1469	-0.03605	1654	765	0.4625	0.06098	0.823	1728	34.91	0.07117	-0.03271	1627	836	0.5138	0.05882	0.9143	1699	34.73	0.1947	0.001476	1576	798	0.5063	0.05882	0.901	0.01687	0.03565
chr16	90000000	90338345	0.4684	-0.0195	0.1263	1	0.0683	0	300	32.61	0.04148	NA	239	128	0.5356	0.0625	0.8434	305	32.95	-0.01237	NA	250	148	0.592	0.0668	0.9323	290	30.68	0.0156	NA	227	145	0.6388	0.08696	1.006	0.03037	0.03103
chr17	0	1000000	0.497	-0.0667	0.0337	0	0.0677	0	2259	31.03	-0.03018	-0.0003238	1922	1083	0.5635	0.07143	0.956	2197	29.78	-0.1583	-0.07947	1823	1022	0.5606	0.06514	0.9512	2139	29.75	-0.02886	-0.01988	1772	1032	0.5824	0.06522	0.9881	0.0614	0.04731
chr17	1000000	2000000	0.5208	0.0636	0.0425	0	0.0605	0	2001	34.62	0.1275	0.01375	1896	1196	0.6308	0.06098	0.933	2099	34.42	0.05068	0.001729	1988	1361	0.6846	0.0625	1.013	1864	34.15	0.1702	0.03513	1774	1154	0.6505	0.05882	0.9621	0	0
chr17	2000000	3000000	0.4887	0.0869	0.031	0	0.0588	0	1293	34.38	0.1176	0.001624	1276	670	0.5251	0.05556	0.8174	1349	34.72	0.06332	-0.007395	1328	714	0.5377	0.0625	0.8369	1400	33.24	0.1314	-0.009466	1380	953	0.6906	0.0625	1.075	0	0.04891
chr17	3000000	4000000	0.4698	0.0435	0.0133	0	0.06	0	2044	33.41	0.07624	0.007829	1979	1381	0.6978	0.06098	1.067	1988	34.15	0.03933	0.005753	1941	1279	0.6589	0.0625	1.008	2032	32.43	0.09577	0.005382	1951	1343	0.6884	0.0625	1.053	0	0.06711
chr17	4000000	5000000	0.4916	0.1075	0.0295	0	0.0588	0	1762	34.55	0.1248	-0.01336	1738	1006	0.5788	0.05662	0.9898	1943	35.2	0.08297	-0.008346	1924	1225	0.6367	0.0625	1.089	1530	33.99	0.1634	0	1506	782	0.5193	0.05882	0.8879	0	0.04977
chr17	5000000	6000000	0.456	0.0633	0.0206	0	0.0588	0	1562	33.2	0.06736	-0.01223	1548	1139	0.7358	0.05556	1.091	1478	33.81	0.02503	-0.03212	1469	975	0.6637	0.0625	0.9839	1635	32.29	0.08927	-0.01344	1622	1065	0.6566	0.06098	0.9733	0	0.04811
chr17	6000000	7000000	0.4626	0.0545	0.026	0	0.0605	0	1742	33.26	0.06982	-0.004569	1728	1253	0.7251	0.05814	1.077	1694	33.76	0.02296	-0.02031	1688	1037	0.6143	0.05556	0.9124	1669	31.8	0.06735	-0.02824	1651	1134	0.6869	0.06	1.02	0	0.09676
chr17	7000000	8000000	0.5105	0.0901	0.0506	0	0.0564	0	1235	34.64	0.1284	-0.00556	1219	776	0.6366	0.0641	1.074	1109	35.59	0.09917	0.02372	1103	628	0.5694	0.05556	0.9606	1388	34.13	0.1693	0.01531	1374	787	0.5728	0.05814	0.9664	-0.01707	0.05889
chr17	8000000	9000000	0.4724	0.0826	0.0343	0	0.0581	0	1396	34.01	0.1022	-0.00375	1385	646	0.4664	0.05882	0.821	1517	34.77	0.06555	-0.003734	1507	989	0.6563	0.05882	1.155	1431	33.32	0.1346	0.001815	1426	579	0.406	0.06098	0.7147	0.0177	0.06955
chr17	9000000	10000000	0.4599	0.0646	0.0207	0	0.0568	0	1519	33.55	0.08256	0.0006724	1509	1018	0.6746	0.0625	1.078	1427	34.14	0.03892	-0.01339	1403	766	0.546	0.05814	0.8722	1846	32.64	0.1049	-0.005419	1827	1321	0.723	0.05882	1.155	0.02018	0.07806
chr17	10000000	11000000	0.4386	0.0188	0.0231	0	0.06	0	1608	32.78	0.04914	0.01951	1601	1150	0.7183	0.06	1.177	1737	33.83	0.02566	0.01195	1727	1019	0.59	0.06	0.9671	1487	31.57	0.05679	0.0182	1471	970	0.6594	0.06049	1.081	0.02076	0.1069
chr17	11000000	12000000	0.4284	-0.0491	0.0305	0	0.0602	0	1333	31.46	-0.01022	0.03368	1326	634	0.4781	0.05882	0.8196	1401	31.86	-0.06056	-0.006104	1390	635	0.4568	0.06	0.7831	1352	28.12	-0.1102	-0.09917	1342	909	0.6773	0.06667	1.161	0.0614	0.1825
chr17	12000000	13000000	0.4062	-0.0454	0.0385	0	0.0602	0	1402	31.61	-0.00332	0.03905	1395	704	0.5047	0.0625	0.839	1313	32.64	-0.02581	0.02195	1306	596	0.4564	0.06098	0.7587	1441	28.65	-0.08332	-0.04274	1432	982	0.6858	0.06	1.14	0.0593	0.1651
chr17	13000000	14000000	0.4034	-0.0634	0.0121	0	0.0625	0	1958	31.17	-0.02376	0.04677	1933	1295	0.6699	0.0625	1.012	2020	31.86	-0.0606	0.007207	1993	1314	0.6593	0.06	0.9959	1723	28.09	-0.1116	-0.05016	1716	1124	0.655	0.06466	0.9894	0.07155	0.1769
chr17	14000000	15000000	0.4055	-0.0579	0.019	0	0.0625	0	2094	31.08	-0.02792	0.03379	2072	1496	0.722	0.06522	1.116	1842	31.87	-0.06026	0.001134	1827	1063	0.5818	0.05882	0.8993	2058	28.34	-0.09866	-0.04574	2033	1326	0.6522	0.0625	1.008	0.02203	0.1864
chr17	15000000	16000000	0.435	0.0046	0.0196	0	0.061	0	1700	32.28	0.02691	0.01554	1686	1118	0.6631	0.05882	0.9776	1660	33.48	0.01093	0.01081	1641	1115	0.6795	0.05882	1.002	1373	30.06	-0.01356	-0.03877	1342	1030	0.7675	0.06	1.132	0.02425	0.1333
chr17	16000000	17000000	0.444	0.1075	0.0314	0	0.0588	0	942	34.23	0.1116	0	926	496	0.5356	0.05556	0.7822	821	35.25	0.08507	-0.006499	798	527	0.6604	0.05556	0.9644	1066	33.13	0.1267	-0.006562	1046	806	0.7706	0.05719	1.125	0.02076	0.09569
chr17	17000000	18000000	0.514	0.1552	0.0333	0	0.0565	0	1169	35.8	0.1759	-0.02648	1156	799	0.6912	0.05556	1.182	909	36.27	0.1261	-0.01624	900	478	0.5311	0.05556	0.9083	1050	35.69	0.2337	0.01075	1046	510	0.4876	0.05882	0.8339	0	0
chr17	18000000	19000000	0.4781	0.035	0.0266	0	0.0617	0	1102	32.69	0.04491	-0.01781	989	567	0.5733	0.06667	0.8877	1389	33.69	0.01991	0.002122	1282	818	0.6381	0.05882	0.988	1004	33.31	0.1342	0.04956	973	713	0.7328	0.06098	1.135	-0.0199	0.03562
chr17	19000000	20000000	0.477	0.0647	0.0258	0	0.0584	0	609	33.1	0.0631	-0.02932	568	184	0.3239	0.05685	0.5831	662	34.38	0.04899	0.002577	617	346	0.5608	0.0625	1.009	732	32.22	0.08616	-0.02249	713	374	0.5245	0.06	0.9441	0.039	0.1155
chr17	20000000	21000000	0.4332	-0.0106	0.0312	0	0.0621	0	833	31.54	-0.006477	-0.00591	777	420	0.5405	0.06757	0.8347	786	32.68	-0.02404	-0.005587	732	298	0.4071	0.06098	0.6286	756	29.67	-0.03263	-0.04369	701	367	0.5235	0.0625	0.8084	-0.01937	0.1481
chr17	21000000	22000000	0.4668	0.9073	0.0519	0	0.0751	0	5493	59.5	0.9089	-0.0222	4993	4605	0.9223	0.07576	1.029	5390	58.83	0.824	-0.07408	4942	4507	0.912	0.07143	1.017	5006	57.65	0.9256	-0.02575	4515	4021	0.8906	0.07746	0.9934	0.04158	0.04809
chr17	22000000	23000000	0.4078	0.7362	0.2077	1	0.1569	1	2480	48.38	0.6104	NA	1873	1701	0.9082	NA	1.035	2607	48.75	0.5531	NA	2049	1835	0.8956	NA	1.021	2538	44.84	0.5632	NA	1907	1753	0.9192	NA	1.048	0.02539	0.2008
chr17	23000000	24000000	0.4091	-2.227	0.127	1	0.1129	1	704	6.675	-2.247	NA	113	36	0.3186	NA	1.137	660	6.336	-2.391	NA	93	29	0.3118	NA	1.113	683	6.786	-2.161	NA	121	35	0.2893	NA	1.033	0.3785	0
chr17	24000000	25000000	0.409	-2.841	0.3119	1	0.0921	1	176	5.085	-2.64	NA	31	12	0.3871	NA	NA	169	4.136	-3.006	NA	21	9	0.4286	NA	NA	160	5	-2.602	NA	15	6	0.4	NA	NA	0	0
chr17	25000000	26000000	0.4089	-2.294	0.2366	1	0.1433	1	272	6.951	-2.189	NA	73	21	0.2877	NA	0.7733	291	6.823	-2.284	NA	65	20	0.3077	NA	0.8271	273	7.255	-2.065	NA	76	39	0.5132	NA	1.379	-0.078	-0.175
chr17	26000000	27000000	0.4015	0.41	0.0524	0	0.1093	1	2160	37.91	0.2586	-0.148	1352	844	0.6243	NA	0.7792	2247	43.99	0.4049	-0.006963	1576	1355	0.8598	NA	1.073	2251	38.22	0.3327	-0.08445	1421	922	0.6488	NA	0.8098	0	0.1047
chr17	27000000	28000000	0.452	0.0836	0.0143	0	0.0599	0	926	34.44	0.12	0.02098	917	756	0.8244	0.05556	1.181	1344	35.11	0.07959	0	1334	936	0.7016	0.05882	1.005	697	33.62	0.1477	0.04106	693	401	0.5786	0.0625	0.8289	0	0.03953
chr17	28000000	29000000	0.4683	0.0787	0.063	0	0.0577	0	274	34.25	0.1121	0.008875	261	77	0.295	0.0641	0.4268	398	35.2	0.0833	0.01359	391	250	0.6394	0.05437	0.925	469	33.13	0.1266	0.003766	463	373	0.8056	0.0625	1.166	-0.02748	0.05063
chr17	29000000	30000000	0.4446	0.0642	0.0412	0	0.06	0	844	33.3	0.07177	0.003487	834	589	0.7062	0.05814	0.9237	703	34.04	0.03489	-0.01185	696	626	0.8994	0.0625	1.176	785	33.56	0.1453	0.05597	776	588	0.7577	0.0641	0.991	-0.02203	0.0451
chr17	30000000	31000000	0.4309	0.0577	0.0289	0	0.0607	0	533	33.48	0.07927	0.01331	526	362	0.6882	0.06667	0.8245	563	34.76	0.06502	0.01182	558	320	0.5735	0.05719	0.687	633	33.24	0.1311	0.04345	630	545	0.8651	0.0625	1.036	0	0.08246
chr17	31000000	32000000	0.4377	0.081	0.0224	0	0.0625	0	956	33.42	0.07667	-0.01107	955	450	0.4712	0.0625	0.7746	1166	34.61	0.05892	-0.01705	1161	931	0.8019	0.05882	1.318	1103	32.99	0.1204	0.005197	1099	555	0.505	0.0625	0.8302	0	0.04182
chr17	32000000	33000000	0.4324	0.0393	0.016	0	0.0594	0	828	32.91	0.05463	0.005664	814	475	0.5835	0.05556	0.88	809	33.96	0.03143	-0.001808	791	593	0.7497	0.0641	1.131	821	32.1	0.08112	0.01439	813	570	0.7011	0.05814	1.057	-0.02237	0.08246
chr17	33000000	34000000	0.4465	0.0195	0.0174	0	0.0594	0	1525	32.1	0.01852	-0.005066	1525	1096	0.7187	0.06522	1.075	1415	32.92	-0.01349	-0.02202	1415	870	0.6148	0.05882	0.9195	1565	30.43	0.004097	-0.03999	1564	1141	0.7295	0.0641	1.091	0.026	0.1155
chr17	34000000	35000000	0.4538	0.021	0.0149	0	0.059	0	1336	32.67	0.04401	0.008473	1328	666	0.5015	0.05882	0.8063	1288	33.66	0.01854	0.003689	1285	711	0.5533	0.0625	0.8896	1393	30.62	0.01298	-0.0396	1390	875	0.6295	0.05882	1.012	0.01911	0.1409
chr17	35000000	36000000	0.434	0.0611	0.029	0	0.0594	0	1029	33.02	0.05964	-0.01128	1024	712	0.6953	0.06	1.055	1219	34.62	0.05936	0.007996	1216	938	0.7714	0.05556	1.171	814	32.92	0.1174	0.04054	813	581	0.7146	0.05814	1.085	-0.032	0.08746
chr17	36000000	37000000	0.4708	0.0766	0.0843	0	0.0697	0	1376	33.22	0.06834	-0.03821	1302	811	0.6229	0.06522	1.005	1248	33.08	-0.006607	-0.07421	1189	582	0.4895	0.05882	0.7897	1226	34.34	0.1782	0.05575	1157	797	0.6889	0.06757	1.111	-0.02273	-0.1274
chr17	37000000	38000000	0.4302	0.0337	0.0258	0	0.0617	0	857	32.46	0.03496	-0.007002	807	439	0.544	0.05882	0.7004	674	32.73	-0.02188	-0.05217	654	427	0.6529	0.05882	0.8406	785	32.68	0.107	0.04428	755	669	0.8861	0.06098	1.141	-0.03562	0
chr17	38000000	39000000	0.4896	0.0364	0.0608	0	0.061	0	902	33.02	0.05963	-0.007731	809	347	0.4289	0.0641	0.8849	848	32.96	-0.01187	-0.03277	766	449	0.5862	0.06098	1.209	968	32.69	0.1073	0.01689	874	399	0.4565	0.05319	0.9419	0.0199	0
chr17	39000000	40000000	0.4777	0.0857	0.0325	0	0.057	0	946	34.69	0.1306	0.01722	943	546	0.579	0.05291	1.264	937	35.19	0.08279	0.0152	927	464	0.5005	0.05263	1.093	865	34.17	0.171	0.03723	858	345	0.4021	0.04762	0.8779	-0.01815	0.03847
chr17	40000000	41000000	0.4579	0.0695	0.0223	0	0.0588	0	793	33.69	0.08851	0.002811	781	585	0.749	0.0625	1.028	570	35.12	0.07996	0.01742	556	370	0.6655	0.05556	0.9134	891	32.48	0.09804	-0.01115	881	695	0.7889	0.0625	1.083	-0.0156	0.1019
chr17	41000000	42000000	0.4699	0.0566	0.0169	0	0.0588	0	1783	33.39	0.07575	-0.005842	1753	1207	0.6885	0.0625	1.372	1198	34.79	0.06612	0.01872	1192	228	0.1913	0.05556	0.3813	1850	31.89	0.07166	-0.03183	1811	958	0.529	0.06667	1.054	0.02076	0.09311
chr17	42000000	43000000	0.4887	0.0507	0.0503	0	0.0588	0	1006	34.09	0.1053	0.02556	995	586	0.5889	0.0625	1.053	1033	34.34	0.0475	0.01298	1017	538	0.529	0.06098	0.9457	724	34.06	0.1665	0.06185	714	157	0.2199	0.05556	0.3931	0	0.03171
chr17	43000000	44000000	0.4848	0.0526	0.0293	0	0.061	0	790	32.43	0.03356	-0.04449	757	381	0.5033	0.0625	1.049	1418	34.83	0.06792	0.02706	1349	1078	0.7991	0.06522	1.665	794	32.51	0.09948	0.0007405	749	304	0.4059	0.06466	0.8456	-0.02857	0.03242
chr17	44000000	45000000	0.4945	0.081	0.0315	0	0.06	0	685	33.7	0.0889	-0.02863	663	216	0.3258	0.0625	0.7195	929	35.11	0.07947	0.009603	914	569	0.6225	0.05882	1.375	1136	33.72	0.1521	0.01593	1123	854	0.7605	0.05882	1.679	0	0.04731
chr17	45000000	46000000	0.4975	0.0958	0.0241	0	0.0588	0	2483	34.84	0.137	0.004501	2457	2209	0.8991	0.05814	1.375	2498	35.27	0.0858	0.006505	2465	2228	0.9039	0.05792	1.382	659	34.43	0.1822	0.02868	648	412	0.6358	0.05556	0.9722	-0.01886	0
chr17	46000000	47000000	0.4365	0.1441	0.0595	0	0.0833	0	1655	35.95	0.1821	0.02681	1554	1190	0.7658	0.09375	1.429	1747	36.54	0.1372	-0.003278	1610	1366	0.8484	0.08537	1.583	768	33.7	0.1511	-0.02006	673	394	0.5854	0.07634	1.092	-0.1069	-0.03953
chr17	47000000	48000000	0.4487	0.091	0.0471	0	0.0588	0	1300	34.67	0.1298	0.02399	1292	1001	0.7748	0.05814	1.067	1055	35.4	0.09135	0.004367	1048	580	0.5534	0.06	0.7619	1177	34.03	0.1654	0.0409	1165	981	0.8421	0.05882	1.159	-0.01749	0.037
chr17	48000000	49000000	0.4517	0.0676	0.0256	0	0.0577	0	982	33.31	0.07223	-0.01188	961	459	0.4776	0.05556	0.8934	974	34.74	0.06432	0.001979	959	509	0.5308	0.05556	0.9928	1172	33.43	0.1395	0.05306	1155	595	0.5152	0.05882	0.9636	-0.03747	0.0458
chr17	49000000	50000000	0.4791	0.0887	0.0354	0	0.0588	0	1104	34.25	0.1124	0.0008406	1098	698	0.6357	0.05556	0.9546	1096	35.04	0.07647	0.002856	1095	785	0.7169	0.0625	1.077	996	33.27	0.1327	-0.002022	989	678	0.6855	0.06098	1.029	0	0.07595
chr17	50000000	51000000	0.4994	0.0984	0.0304	0	0.0591	0	1299	34.95	0.1415	0.005429	1275	811	0.6361	0.0625	1.022	1270	35.78	0.1065	0.0183	1258	722	0.5739	0.05556	0.922	1265	33.97	0.1627	0.006634	1252	827	0.6605	0.0625	1.061	0	0.04064
chr17	51000000	52000000	0.4143	0.0076	0.0169	0	0.0591	0	1073	31.47	-0.009704	-0.01023	1060	651	0.6142	0.0641	0.9233	1237	33.08	-0.006516	-0.007786	1229	937	0.7624	0.0625	1.146	1169	30.42	0.003527	0.0001182	1168	624	0.5342	0.0633	0.8031	0	0.1293
chr17	52000000	53000000	0.3719	-0.0734	0.019	0	0.0625	0	1549	29.66	-0.09518	-0.0171	1548	1116	0.7209	0.06667	1.105	1206	31.5	-0.07703	-0.006902	1206	444	0.3682	0.06667	0.5644	1532	27.2	-0.1578	-0.0562	1532	1107	0.7226	0.0625	1.108	0.03747	0.2141
chr17	53000000	54000000	0.3567	-0.0983	0.0236	0	0.0605	0	1503	29.74	-0.09133	0.005223	1499	1027	0.6851	0.06522	1.38	1416	30.83	-0.1083	-0.01803	1414	1116	0.7893	0.06	1.589	1205	26.51	-0.1948	-0.02711	1193	305	0.2557	0.06522	0.5148	0.05247	0.1926
chr17	54000000	55000000	0.3754	-0.0377	0.0174	0	0.0613	0	1192	30.38	-0.06097	-0.02077	1184	670	0.5659	0.06	0.887	1159	31.92	-0.0582	-0.02281	1151	845	0.7341	0.06522	1.151	1280	28.37	-0.09732	-0.0173	1273	652	0.5122	0.0633	0.8028	0.02346	0.1806
chr17	55000000	56000000	0.3995	0.0196	0.0188	0	0.0629	0	1094	31.37	-0.01446	-0.02785	1072	753	0.7024	0.0641	1.082	962	33.89	0.02853	0.005964	945	724	0.7661	0.0625	1.18	920	31.4	0.04934	0.02232	908	510	0.5617	0.0641	0.8654	-0.05856	0.1126
chr17	56000000	57000000	0.4189	0.0258	0.0134	0	0.0625	0	1280	31.63	-0.002759	-0.03225	1264	805	0.6369	0.0641	1.015	935	34.18	0.04055	0.01915	933	658	0.7053	0.05882	1.124	1306	30.86	0.02405	-0.006316	1301	786	0.6042	0.06667	0.9633	-0.02347	0.1255
chr17	57000000	58000000	0.4667	0.0803	0.0145	0	0.0585	0	1366	33.79	0.09277	-0.01136	1356	783	0.5774	0.06	0.9414	1444	34.91	0.0711	0	1436	966	0.6727	0.05882	1.097	1372	33.25	0.1318	0.00763	1370	887	0.6474	0.06	1.056	-0.02046	0.074
chr17	58000000	59000000	0.4376	0.0441	0.0132	0	0.0587	0	799	33.15	0.06502	0.01418	797	530	0.665	0.0633	1.003	744	34.33	0.04685	0.008719	740	655	0.8851	0.05556	1.335	787	32.8	0.112	0.03834	779	605	0.7766	0.05882	1.171	-0.04307	0.09954
chr17	59000000	60000000	0.4188	0.0221	0.0295	0	0.0605	0	825	32.42	0.03283	0.007034	818	551	0.6736	0.06522	1.071	410	33.33	0.004516	-0.01338	410	109	0.2659	0.06522	0.4227	874	32.24	0.08722	0.0608	870	549	0.631	0.0625	1.003	-0.01972	0.0458
chr17	60000000	61000000	0.4152	0.008	0.0111	0	0.0667	0	631	31.21	-0.02195	-0.036	618	561	0.9078	0.07143	1.638	234	32.99	-0.0106	-0.01227	228	38	0.1667	0.05364	0.3007	630	31.13	0.03655	0.03263	617	559	0.906	0.06667	1.634	-0.05889	0.09954
chr17	61000000	62000000	0.4051	0.0371	0.0199	0	0.0602	0	833	32.39	0.03145	0.001835	830	478	0.5759	0.05263	1.035	1020	33.76	0.02307	-0.01054	1015	587	0.5783	0.0625	1.039	906	31.75	0.06531	0.0181	900	594	0.66	0.06667	1.186	-0.02106	0.0458
chr17	62000000	63000000	0.4343	0.0353	0.0205	0	0.0617	0	871	32.22	0.02415	-0.01923	865	313	0.3618	0.0625	0.6858	954	34.18	0.04068	0.01418	952	489	0.5137	0.06	0.9736	1074	32.03	0.07772	0.02181	1062	643	0.6055	0.0625	1.148	-0.04307	0.08489
chr17	63000000	64000000	0.4417	0.0867	0.0395	0	0.0597	0	973	33.5	0.08046	-0.0207	967	840	0.8687	0.05882	1.103	600	35.35	0.08937	0.01162	599	474	0.7913	0.0625	1.005	1012	32.96	0.1191	0.0117	1003	530	0.5284	0.05941	0.6711	-0.05005	0.09466
chr17	64000000	65000000	0.446	0.0594	0.0486	0	0.0578	0	488	33.7	0.08889	0.02582	486	132	0.2716	0.0625	0.6492	743	34.84	0.06834	0.0236	734	374	0.5095	0.06667	1.218	730	33.1	0.1252	0.03306	715	386	0.5399	0.0625	1.29	0	0.04064
chr17	65000000	66000000	0.4289	0.0317	0.0142	0	0.0594	0	1325	32.32	0.02863	-0.01089	1317	735	0.5581	0.06	0.9466	1352	33.96	0.03131	0.004105	1343	745	0.5547	0.05814	0.9409	1434	31.07	0.034	-0.03568	1423	874	0.6142	0.0625	1.042	-0.01773	0.1186
chr17	66000000	67000000	0.4352	0.0014	0.0124	0	0.0594	0	1663	31.6	-0.003932	-0.01475	1650	1174	0.7115	0.05556	1.12	1502	32.6	-0.02754	-0.02446	1492	941	0.6307	0.05882	0.9931	1782	30.06	-0.01395	-0.03171	1767	1290	0.7301	0.06522	1.15	0	0.1312
chr17	67000000	68000000	0.4352	0.0558	0.0206	0	0.0556	0	1034	33.25	0.06964	0.004427	1033	617	0.5973	0.06667	1.044	1214	33.77	0.02334	-0.02798	1205	790	0.6556	0.05556	1.146	854	32.17	0.0839	0.01175	849	402	0.4735	0.06	0.8274	0	0.04439
chr17	68000000	69000000	0.4284	0.0606	0.0131	0	0.06	0	1314	33.31	0.07191	0.006108	1307	779	0.596	0.06	0.8861	1514	34.21	0.0421	-0.01315	1507	1053	0.6987	0.05882	1.039	1256	32.71	0.108	0.009408	1249	870	0.6966	0.0641	1.036	-0.04307	0.08489
chr17	69000000	70000000	0.3815	-0.0079	0.0077	0	0.0621	0	1211	31.46	-0.01045	0.01218	1202	910	0.7571	0.06667	1.222	1328	32.96	-0.01185	-0.006283	1317	858	0.6515	0.06	1.052	1326	30.3	-0.002281	0.01362	1316	873	0.6634	0.0625	1.071	0	0.1186
chr17	70000000	71000000	0.3723	-0.064	0.0081	0	0.0613	0	1444	30.29	-0.06514	0.004399	1433	806	0.5625	0.0625	0.9165	1332	31.8	-0.06365	-0.002103	1315	839	0.638	0.05882	1.04	1555	27.88	-0.1222	-0.02263	1527	850	0.5566	0.05882	0.907	0.02272	0.1901
chr17	71000000	72000000	0.3809	-0.0731	0.0169	0	0.0619	0	1385	30.68	-0.04682	0.03076	1378	803	0.5827	0.0625	1.003	1364	31.95	-0.05674	0.01037	1360	753	0.5537	0.06	0.953	1105	27.7	-0.132	-0.04515	1101	537	0.4877	0.06	0.8395	0.05247	0.1864
chr17	72000000	73000000	0.4574	0.0345	0.0169	0	0.0617	0	1251	32.39	0.03173	-0.01548	1241	713	0.5745	0.05814	0.8899	1211	34.22	0.04251	0.01511	1201	803	0.6686	0.0625	1.036	1268	31.25	0.04221	-0.0317	1262	793	0.6284	0.0625	0.9733	-0.02046	0.142
chr17	73000000	74000000	0.4917	0.0736	0.0332	0	0.0594	0	1414	33.92	0.09815	-0.004862	1402	835	0.5956	0.06	0.981	1610	35.16	0.08163	0.02269	1599	1039	0.6498	0.05814	1.07	1442	32.94	0.1181	-0.01134	1433	920	0.642	0.05556	1.058	0	0.08746
chr17	74000000	75000000	0.5144	0.1221	0.0266	0	0.0574	0	1523	34.94	0.1409	-0.02904	1519	879	0.5787	0.05814	0.9367	1448	35.76	0.1058	-0.00343	1442	794	0.5506	0.05556	0.8913	1429	33.91	0.1602	-0.02975	1420	974	0.6859	0.05685	1.11	0	0.07215
chr17	75000000	76000000	0.5122	0.1042	0.0587	0	0.0588	0	1450	35.83	0.1771	0.02905	1432	670	0.4679	0.05769	0.984	1153	35.06	0.0774	-0.01397	1138	180	0.1582	0.05556	0.3326	1324	35.34	0.2198	0.0511	1313	754	0.5743	0.05882	1.208	0.01937	0.03477
chr17	76000000	77000000	0.5049	0.104	0.034	0	0.0588	0	1507	34.52	0.1235	-0.019	1493	1059	0.7093	0.0625	1.079	1733	35.46	0.09383	0.007758	1718	1136	0.6612	0.05882	1.006	1468	34.4	0.181	0.01341	1451	1002	0.6906	0.05556	1.05	0	0
chr17	77000000	78000000	0.5003	0.1157	0.0489	0	0.0567	0	1331	35.27	0.1545	0.002245	1310	726	0.5542	0.05882	0.8167	1464	35.37	0.09	-0.01552	1445	984	0.681	0.05882	1.003	1213	34.62	0.19	0.01544	1177	754	0.6406	0.05556	0.944	0	0.03653
chr17	78000000	79000000	0.5079	0.1439	0.0309	0	0.0568	0	1526	35.82	0.1767	-0.008374	1520	1143	0.752	0.05556	1.155	1537	36.36	0.1298	0.002163	1527	1134	0.7426	0.05556	1.141	1328	35.17	0.2126	0.01109	1303	846	0.6493	0.05556	0.9975	0	0.03847
chr17	79000000	80000000	0.54	0.1415	0.034	0	0.0568	0	1735	36.19	0.1917	-0.007689	1710	897	0.5246	0.05814	0.892	1690	36.13	0.1209	-0.001206	1663	719	0.4324	0.05556	0.7352	1909	33.63	0.1479	-0.065	1873	1235	0.6594	0.0625	1.121	0.04182	0.09954
chr17	80000000	81000000	0.5109	0.1163	0.0342	0	0.0591	0	1980	34.92	0.1403	-0.02105	1908	1273	0.6672	0.05556	0.9779	2052	35.35	0.08935	-0.01285	1991	1312	0.659	0.05556	0.9658	1776	33.96	0.1621	-0.01802	1694	1255	0.7409	0.0641	1.086	0	0.039
chr17	81000000	82000000	0.5786	0.2064	0.0673	0	0.0556	0	1428	39.16	0.3054	0.01857	1406	976	0.6942	0.05263	1.054	1416	37.28	0.166	-0.01587	1389	816	0.5875	0.05556	0.8921	1391	37.36	0.2998	0.01253	1360	886	0.6515	0.06098	0.9893	0.074	0
chr17	82000000	83000000	0.5406	0.1316	0.0491	0	0.0594	0	1535	36.01	0.1843	-0.005135	1468	655	0.4462	0.06	0.6909	1783	35.86	0.1099	-0.001087	1711	1200	0.7013	0.05662	1.086	1650	34.11	0.1687	-0.0343	1567	813	0.5188	0.0625	0.8034	0.03653	0.03653
chr17	83000000	83257441	0.5339	-0.065	0.0755	0	0.067	0	552	30.14	-0.07213	-0.06029	417	255	0.6115	0.06522	0.833	465	31.34	-0.08442	-0.003519	379	270	0.7124	0.06757	0.9704	755	29.32	-0.04983	-0.05626	576	462	0.8021	0.0625	1.093	0.06505	0
chr18	0	1000000	0.423	0.0232	0.0165	0	0.0667	0	2023	32.66	0.04361	0.01507	1879	1187	0.6317	0.07143	0.9501	1971	33.8	0.02456	0.006643	1848	1255	0.6791	0.07692	1.021	1623	32.06	0.07914	0.02787	1512	912	0.6032	0.07143	0.9072	0	0.04655
chr18	1000000	2000000	0.3658	-0.0305	0.0257	0	0.061	0	1832	30.35	-0.06236	-0.03223	1815	1173	0.6463	0.06522	1.005	1750	32.33	-0.03951	-0.01501	1743	964	0.5531	0.0625	0.8603	1569	29.01	-0.06519	0.01333	1551	1145	0.7382	0.06522	1.148	0	0.1699
chr18	2000000	3000000	0.3906	0.0445	0.0161	0	0.0625	0	1705	32.2	0.02302	-0.02148	1699	1001	0.5892	0.06522	0.9917	1825	34.05	0.03533	-0.003028	1822	1257	0.6899	0.0625	1.161	1675	32.31	0.09035	0.06561	1670	864	0.5174	0.06712	0.8708	0	0.074
chr18	3000000	4000000	0.4164	0.029	0.0089	0	0.0588	0	1848	32.35	0.03006	-0.002805	1837	1071	0.583	0.06	0.9122	1710	33.65	0.01824	-0.002589	1705	1015	0.5953	0.0625	0.9315	1832	31.24	0.04162	0.009478	1824	1247	0.6837	0.06	1.07	0	0.111
chr18	4000000	5000000	0.3763	-0.0532	0.0289	0	0.0625	0	1390	31.4	-0.01326	0.04668	1389	859	0.6184	0.0625	0.9928	1374	32.75	-0.02103	0.0249	1373	790	0.5754	0.05882	0.9237	1571	28.85	-0.07296	0.01602	1570	876	0.558	0.06667	0.8957	0.02272	0.1993
chr18	5000000	6000000	0.3989	-0.0364	0.017	0	0.0597	0	1329	31.52	-0.007472	0.0298	1318	813	0.6168	0.05556	0.9807	1399	32.87	-0.01556	0.01788	1395	842	0.6036	0.0641	0.9596	1529	29.57	-0.03731	-0.004498	1517	1162	0.766	0.06	1.218	0	0.1468
chr18	6000000	7000000	0.3988	-0.0245	0.0367	0	0.0605	0	1172	31.94	0.0115	0.043	1163	808	0.6948	0.0625	1.034	1276	33.31	0.003366	0.02513	1267	866	0.6835	0.06098	1.017	1302	30.39	0.001987	0.02223	1292	945	0.7314	0.06	1.088	0.02385	0.1255
chr18	7000000	8000000	0.4178	-0.051	0.0357	0	0.0625	0	1334	30.88	-0.03737	0.01048	1327	924	0.6963	0.05814	0.9953	1268	32.04	-0.0526	0.006956	1261	825	0.6542	0.0625	0.9352	1283	28.52	-0.0897	-0.04302	1274	903	0.7088	0.06	1.013	0.02272	0.1844
chr18	8000000	9000000	0.4264	0.0399	0.0095	0	0.0605	0	1727	32.74	0.04732	-0.0007707	1726	1099	0.6367	0.0625	0.9235	1876	33.82	0.02538	-0.008641	1867	1383	0.7408	0.06	1.074	1704	31.3	0.04454	-0.01966	1697	1223	0.7207	0.06	1.045	0	0.09311
chr18	9000000	10000000	0.4108	0.0496	0.0262	0	0.0588	0	1321	33.21	0.06765	0.01644	1317	800	0.6074	0.06522	0.9796	1435	34.37	0.04872	0.002375	1423	961	0.6753	0.05556	1.089	1443	32.24	0.08713	0.02367	1438	792	0.5508	0.06522	0.8882	0.0217	0.09311
chr18	10000000	11000000	0.4264	0.0396	0.0306	0	0.0617	0	2078	33.1	0.06309	0.0153	2073	1248	0.602	0.0625	0.9494	2036	34.9	0.07085	0.03713	2026	1033	0.5099	0.05556	0.8041	2039	31.68	0.062	-0.001901	2027	1304	0.6433	0.06098	1.015	-0.006773	0.152
chr18	11000000	12000000	0.424	0.0141	0.0205	0	0.0605	0	1511	32.42	0.03286	0.01202	1497	1071	0.7154	0.05882	1.109	1970	33.96	0.03125	0.01862	1943	1456	0.7494	0.05814	1.162	1417	30.74	0.01863	-0.02695	1396	830	0.5946	0.0625	0.9216	0.02697	0.1468
chr18	12000000	13000000	0.4371	0.0414	0.013	0	0.061	0	2109	33.24	0.06921	0.02107	2080	1432	0.6885	0.06098	1.077	1604	34.66	0.06103	0.02557	1581	496	0.3137	0.05263	0.4909	1956	32.01	0.07708	0.006601	1925	1307	0.679	0.0625	1.062	0	0.09311
chr18	13000000	14000000	0.4387	0.0645	0.0112	0	0.0609	0	1561	32.97	0.05714	-0.02041	1532	918	0.5992	0.06049	0.9793	1615	34.77	0.06543	0.00602	1591	1032	0.6486	0.05556	1.06	1649	32.54	0.1006	0.01635	1616	1062	0.6572	0.06098	1.074	-0.03847	0.0902
chr18	14000000	15000000	0.4082	-0.0391	0.0198	0	0.0625	0	2103	31.28	-0.01859	0.02329	2062	1156	0.5606	0.06098	1.07	2182	32.27	-0.04218	-0.003742	2127	1147	0.5393	0.06522	1.03	2128	28.87	-0.07188	-0.03538	2083	1186	0.5694	0.06594	1.087	0.03747	0.1699
chr18	15000000	16000000	0.3863	-0.7447	0.0638	0	0.0876	0	2873	20.26	-0.645	0.101	1459	1162	0.7964	0.07447	1.652	2805	18.96	-0.8094	-0.06111	1327	575	0.4333	0.08621	0.899	2838	17.86	-0.7648	-0.003226	1346	1084	0.8053	0.07735	1.671	0.08246	0.2141
chr18	16000000	17000000	0.3966	-2.105	0.0775	0	0.1095	1	747	7.192	-2.14	-0.02349	87	48	0.5517	NA	1.105	717	8.325	-1.997	0.1067	101	47	0.4653	NA	0.932	718	6.958	-2.125	-0.02935	80	50	0.625	NA	1.252	-0.2155	0.839
chr18	17000000	18000000	0.3968	-2.169	0.0743	0	0.1143	1	760	6.827	-2.215	-0.03474	85	47	0.5529	NA	1.227	754	7.733	-2.103	0.06432	113	57	0.5044	NA	1.119	698	6.462	-2.232	-0.07223	76	31	0.4079	NA	0.905	-0.263	0.585
chr18	18000000	19000000	0.3967	-2.168	0.0568	0	0.125	1	959	7.279	-2.122	0.05701	122	79	0.6475	NA	1.225	886	7.556	-2.137	0.03005	140	73	0.5214	NA	0.9868	875	6.99	-2.118	0.03984	108	65	0.6019	NA	1.139	-0.3479	0.415
chr18	19000000	20000000	0.3962	-2.249	0.1777	1	0.1125	1	848	6.259	-2.34	NA	96	54	0.5625	NA	1.092	876	7.118	-2.223	NA	143	64	0.4476	NA	0.8689	815	6.286	-2.271	NA	105	59	0.5619	NA	1.091	0	0.6374
chr18	20000000	21000000	0.3918	-1.823	0.1614	1	0.111	1	1012	8.347	-1.925	NA	331	177	0.5347	NA	1.038	1173	9.255	-1.844	NA	388	200	0.5155	NA	1	1015	7.874	-1.947	NA	316	154	0.4873	NA	0.9456	-0.4524	0.585
chr18	21000000	22000000	0.4047	0.0023	0.0309	0	0.0556	0	730	32.1	0.01871	0.02389	728	541	0.7431	0.05814	1.936	328	33.21	-0.00074	0.0004541	327	99	0.3028	0.0641	0.7886	752	31.17	0.03877	0.0215	748	393	0.5254	0.0625	1.369	0.01963	0.09516
chr18	22000000	23000000	0.4078	0.0189	0.0086	0	0.0613	0	1095	32.24	0.02506	0.00638	1087	290	0.2668	0.0641	0.6069	1264	33.3	0.003186	-0.01468	1254	603	0.4809	0.0625	1.094	1191	30.73	0.01817	-0.006326	1178	527	0.4474	0.06	1.018	0.01815	0.111
chr18	23000000	24000000	0.4416	0.07	0.0288	0	0.0572	0	1044	33.58	0.0837	0.005744	1041	849	0.8156	0.06098	1.226	1073	35.03	0.07612	0.01548	1068	858	0.8034	0.05848	1.208	927	33.27	0.1327	0.04285	922	709	0.769	0.05556	1.156	0	0.08017
chr18	24000000	25000000	0.413	0.0089	0.0146	0	0.06	0	1335	31.83	0.006569	-0.00709	1328	409	0.308	0.06	0.5404	1542	33.06	-0.007578	-0.01142	1524	836	0.5486	0.06	0.9625	1615	30.64	0.0137	-0.003864	1600	1133	0.7081	0.0625	1.243	-0.0217	0.1255
chr18	25000000	26000000	0.3918	-0.0282	0.0112	0	0.06	0	1058	31.22	-0.02141	0.02109	1058	503	0.4754	0.05882	0.726	1288	32.53	-0.03081	0.003558	1286	860	0.6687	0.0641	1.021	1062	29.17	-0.05724	-0.01833	1056	731	0.6922	0.06522	1.057	0.02346	0.1699
chr18	26000000	27000000	0.4	0.0058	0.0097	0	0.0588	0	892	31.71	0.0009216	0.0003489	887	621	0.7001	0.0641	1.065	927	33.37	0.00625	0.001731	923	632	0.6847	0.0625	1.042	916	30.71	0.01723	0.00401	910	659	0.7242	0.05556	1.102	0.02237	0.1195
chr18	27000000	28000000	0.3749	-0.0613	0.0248	0	0.0625	0	934	30.39	-0.06013	0.009633	924	641	0.6937	0.0625	1.046	961	31.32	-0.08518	-0.02437	950	659	0.6937	0.06	1.046	858	27.06	-0.1655	-0.06312	850	616	0.7247	0.07143	1.093	0.04891	0.1993
chr18	28000000	29000000	0.3626	-0.1009	0.0148	0	0.0659	0	1565	29.83	-0.08714	0.01284	1557	834	0.5356	0.06667	0.8833	1717	31.06	-0.09725	-0.005786	1709	1063	0.622	0.06	1.026	1401	26.45	-0.1986	-0.03937	1380	807	0.5848	0.07143	0.9644	0.05514	0.237
chr18	29000000	30000000	0.3458	-0.0956	0.0164	0	0.0641	0	1371	29.96	-0.08109	0.007037	1362	794	0.583	0.06	1.093	1355	31.14	-0.0939	-0.01239	1350	779	0.577	0.06	1.082	1285	26.02	-0.2222	-0.04124	1276	701	0.5494	0.07143	1.03	0.07943	0.2801
chr18	30000000	31000000	0.3531	-0.0798	0.0219	0	0.06	0	1552	30.19	-0.07002	0.007966	1542	1137	0.7374	0.0641	1.154	1698	31.8	-0.06329	0.001964	1678	1031	0.6144	0.06	0.9612	1613	26.8	-0.1793	-0.02811	1604	1066	0.6646	0.06522	1.04	0.04182	0.2775
chr18	31000000	32000000	0.3877	-0.0117	0.0135	0	0.0625	0	1316	31.15	-0.02468	-0.00331	1311	649	0.495	0.0641	0.7787	1349	33.47	0.01041	0.01873	1347	757	0.562	0.05882	0.884	1353	29.82	-0.02531	0.003723	1349	921	0.6827	0.06522	1.074	-0.04182	0.1699
chr18	32000000	33000000	0.3915	-0.0169	0.0229	0	0.0556	0	1160	31.43	-0.01189	0.01841	1155	812	0.703	0.05882	1.202	879	32.38	-0.03743	-0.01301	877	525	0.5986	0.05556	1.023	1055	28.95	-0.068	-0.0405	1048	493	0.4704	0.06	0.8041	0.01963	0.2065
chr18	33000000	34000000	0.3553	-0.08	0.0104	0	0.0642	0	463	29.8	-0.08878	-0.01355	463	259	0.5594	0.06667	0.9056	722	31.44	-0.08006	-0.007486	720	431	0.5986	0.06098	0.9691	417	27.17	-0.1597	-0.009131	415	259	0.6241	0.07143	1.01	0.03847	0.2157
chr18	34000000	35000000	0.3685	-0.0434	0.0323	0	0.0606	0	723	30.38	-0.06079	-0.015	715	355	0.4965	0.0625	0.8496	792	32.48	-0.03276	0	790	410	0.519	0.0633	0.8881	694	28.96	-0.06734	0.009608	689	371	0.5385	0.07143	0.9214	-0.026	0.1354
chr18	35000000	36000000	0.4058	0.0206	0.0208	0	0.0582	0	790	31.82	0.005985	-0.01327	788	348	0.4416	0.05218	0.7696	831	33.85	0.02686	0.008624	825	442	0.5358	0.05556	0.9337	816	31.11	0.03559	0.01	812	482	0.5936	0.05882	1.034	-0.03953	0.1103
chr18	36000000	37000000	0.4138	0.0055	0.0144	0	0.0625	0	1107	32.37	0.03097	0.0229	1104	442	0.4004	0.05556	0.6237	1159	33.68	0.01963	0.01879	1156	720	0.6228	0.0625	0.9703	1296	30.35	0.0001284	-0.007137	1292	896	0.6935	0.06466	1.08	0	0.1568
chr18	37000000	38000000	0.4436	-0.02	0.0145	0	0.0625	0	1150	32.32	0.02836	0.04454	1147	467	0.4071	0.06098	0.7168	1110	33.26	0.001393	0.03712	1103	482	0.437	0.05556	0.7693	1149	29.72	-0.03028	-0.03471	1140	690	0.6053	0.07143	1.066	0.04731	0.1829
chr18	38000000	39000000	0.3719	-0.0865	0.0249	0	0.0647	0	1059	29.41	-0.1075	-0.01633	1048	764	0.729	0.06522	1.045	1119	31.69	-0.06858	0.01465	1113	798	0.717	0.06667	1.028	1119	27.38	-0.1487	-0.03403	1114	797	0.7154	0.06667	1.026	-0.02466	0.241
chr18	39000000	40000000	0.3668	-0.0964	0.0254	0	0.0625	0	1191	30.3	-0.0648	0.03522	1179	741	0.6285	0.0625	0.9513	1142	31.1	-0.09551	-0.003052	1130	819	0.7248	0.06	1.097	1139	26.71	-0.1845	-0.04983	1131	625	0.5526	0.07692	0.8364	0.0593	0.2224
chr18	40000000	41000000	0.3586	-0.1032	0.0265	0	0.0633	0	1382	29.64	-0.09623	0.00899	1369	507	0.3703	0.0625	0.5379	1445	31.06	-0.09734	-0.0004342	1433	1073	0.7488	0.06098	1.088	1530	26.64	-0.1882	-0.01618	1520	562	0.3697	0.06712	0.537	0.05445	0.2283
chr18	41000000	42000000	0.3687	-0.0811	0.0339	0	0.0625	0	931	30.24	-0.06752	0.01334	928	418	0.4504	0.05685	0.851	1071	32.1	-0.04983	0.02063	1068	586	0.5487	0.0641	1.037	1190	27.71	-0.1311	-0.01419	1176	889	0.756	0.06522	1.428	0.02425	0.1864
chr18	42000000	43000000	0.371	-0.0754	0.0254	0	0.06	0	1347	29.71	-0.09308	-0.01299	1341	1008	0.7517	0.06	1.095	959	31.95	-0.05641	0.01303	958	414	0.4322	0.05556	0.6294	1210	27.67	-0.1335	-0.0263	1203	883	0.734	0.0625	1.069	0	0.2141
chr18	43000000	44000000	0.3605	-0.086	0.0233	0	0.0617	0	1225	29.62	-0.09736	-0.006656	1217	742	0.6097	0.06594	0.8785	1342	31.44	-0.07994	0.004433	1335	614	0.4599	0.06667	0.6627	1287	27.27	-0.1541	-0.01331	1277	878	0.6875	0.07143	0.9907	0	0.2224
chr18	44000000	45000000	0.3871	-0.0448	0.0246	0	0.0572	0	567	31.17	-0.02359	0.02063	557	183	0.3285	0.06	0.4706	911	32.06	-0.05174	-0.0105	904	692	0.7655	0.05882	1.096	833	28.95	-0.06814	-0.007081	829	631	0.7612	0.0625	1.09	0.05658	0.1468
chr18	45000000	46000000	0.4219	0.0136	0.0221	0	0.0588	0	1020	32.17	0.02176	0.005918	1018	709	0.6965	0.05882	0.9923	1233	34.36	0.04824	0.03753	1228	889	0.7239	0.05556	1.031	1055	30.16	-0.00892	-0.04887	1048	729	0.6956	0.06522	0.991	0.01771	0.1751
chr18	46000000	47000000	0.445	0.0257	0.0171	0	0.0594	0	1168	33.06	0.0612	0.03322	1160	897	0.7733	0.06	1.178	1146	33.68	0.01927	0.01236	1134	729	0.6429	0.0625	0.9789	1089	31.83	0.06887	0.01677	1080	878	0.813	0.06522	1.238	0.01751	0.04736
chr18	47000000	48000000	0.427	0.0036	0.0144	0	0.0605	0	1214	31.88	0.008805	-0.002219	1191	677	0.5684	0.05882	0.9664	1343	32.24	-0.04341	-0.04081	1314	679	0.5167	0.06098	0.8785	1251	30.21	-0.006376	-0.04554	1224	855	0.6985	0.06	1.188	0	0.09954
chr18	48000000	49000000	0.4812	0.0997	0.0219	0	0.0572	0	1182	33.87	0.09596	-0.0271	1166	781	0.6698	0.05556	1.107	1176	35.11	0.07951	-0.008447	1159	631	0.5444	0.05882	0.8996	1163	33.44	0.1399	-0.003782	1148	854	0.7439	0.05556	1.229	-0.02308	0.0902
chr18	49000000	50000000	0.4244	0.0532	0.0187	0	0.06	0	1730	32.85	0.05208	-0.008153	1715	1245	0.7259	0.06	1.423	1906	33.43	0.008697	-0.04118	1899	1309	0.6893	0.06	1.351	1285	32.53	0.1002	0.0231	1281	681	0.5316	0.0625	1.042	-0.01937	0.06726
chr18	50000000	51000000	0.4304	0.0237	0.0241	0	0.0588	0	1473	32.17	0.02166	-0.009871	1455	564	0.3876	0.05882	0.7974	1636	33.75	0.02246	0.003798	1630	770	0.4724	0.0641	0.9718	1456	31.47	0.05254	-0.00116	1445	730	0.5052	0.06098	1.039	0	0.09622
chr18	51000000	52000000	0.4051	-0.0228	0.0214	0	0.0617	0	1193	31.24	-0.02049	0.009788	1187	512	0.4313	0.06667	0.7567	1278	33.39	0.006993	0.03329	1271	851	0.6696	0.06	1.175	1284	29.88	-0.02245	-0.009766	1280	721	0.5633	0.06757	0.9882	-0.01966	0.159
chr18	52000000	53000000	0.3757	-0.0716	0.0202	0	0.0612	0	1535	30.14	-0.07205	0.003099	1532	839	0.5477	0.0625	1.019	1382	31.94	-0.05726	0.008984	1379	417	0.3024	0.06	0.5626	1748	27.26	-0.1547	-0.04043	1730	1062	0.6139	0.07143	1.142	0.02425	0.2157
chr18	53000000	54000000	0.3677	-0.04	0.007	0	0.0641	0	1756	30.42	-0.05903	-0.01184	1747	1360	0.7785	0.06667	1.048	1436	32.03	-0.05297	-0.01773	1420	239	0.1683	0.05556	0.2267	1308	28.91	-0.07019	0.01222	1300	821	0.6315	0.06522	0.8506	-0.04439	0.1392
chr18	54000000	55000000	0.3827	0.0171	0.0121	0	0.0605	0	815	32.14	0.02054	0.01082	804	293	0.3644	0.06	0.6056	1424	33.1	-0.005547	-0.02026	1408	923	0.6555	0.0625	1.089	1607	30.93	0.02742	0.02471	1593	1296	0.8136	0.05882	1.352	0	0.09622
chr18	55000000	56000000	0.3836	-0.0219	0.0119	0	0.0597	0	796	31.16	-0.02433	0	794	538	0.6776	0.05263	1.086	916	32.75	-0.02083	-0.001831	915	564	0.6164	0.06563	0.9883	880	29.52	-0.03978	0.007198	872	561	0.6433	0.06667	1.032	0	0.1294
chr18	56000000	57000000	0.3834	-0.0269	0.0155	0	0.0625	0	995	31.18	-0.02338	0.00711	988	680	0.6883	0.0625	1.179	821	32.1	-0.05009	-0.02331	820	485	0.5915	0.06098	1.013	1051	29.27	-0.05198	-0.006047	1045	630	0.6029	0.0625	1.032	0	0.152
chr18	57000000	58000000	0.4306	0.0309	0.0147	0	0.0594	0	1669	32.14	0.02033	-0.0184	1653	1133	0.6854	0.0625	1.138	1556	33.81	0.02484	-0.001293	1540	858	0.5571	0.06	0.925	1415	31.64	0.06001	-0.002617	1402	881	0.6284	0.05882	1.043	-0.03495	0.09466
chr18	58000000	59000000	0.4357	0.0795	0.0335	0	0.0566	0	1441	33.51	0.08085	-0.008068	1433	982	0.6853	0.06	1.104	1423	34.75	0.0647	-0.01046	1403	744	0.5303	0.05882	0.8542	1308	33.3	0.134	0.03902	1296	907	0.6998	0.05556	1.127	-0.03953	0.08746
chr18	59000000	60000000	0.4261	0.0555	0.0221	0	0.06	0	1535	32.76	0.04786	-0.01776	1519	1088	0.7163	0.06098	1.033	1641	34.39	0.04962	0	1624	1102	0.6786	0.0625	0.9788	1614	32.74	0.1094	0.03026	1591	1164	0.7316	0.0625	1.055	-0.02106	0.09954
chr18	60000000	61000000	0.3609	-0.0023	0.0229	0	0.0594	0	775	31	-0.03152	-0.02291	768	259	0.3372	0.06522	0.516	1300	32.88	-0.01515	-0.01893	1286	829	0.6446	0.06667	0.9863	868	30.06	-0.01361	0.04639	863	400	0.4635	0.06667	0.7091	-0.02308	0.1118
chr18	61000000	62000000	0.3943	-0.0287	0.0154	0	0.0599	0	1254	30.99	-0.03223	0.002449	1249	770	0.6165	0.05556	0.9924	1285	33.53	0.01302	0.04424	1276	722	0.5658	0.0625	0.9109	1423	29	-0.06567	-0.02628	1393	977	0.7014	0.06522	1.129	-0.02308	0.1993
chr18	62000000	63000000	0.4016	0.0362	0.0183	0	0.0564	0	1004	31.55	-0.00641	-0.03674	992	672	0.6774	0.0633	0.9708	1181	34.17	0.04013	0.002108	1164	518	0.445	0.05291	0.6377	1165	31.95	0.07401	0.03177	1148	861	0.75	0.05556	1.075	-0.078	0.06871
chr18	63000000	64000000	0.4051	0.058	0.0234	0	0.06	0	1367	32.23	0.02458	-0.02593	1355	865	0.6384	0.05814	1.013	1154	34.02	0.034	-0.0205	1153	279	0.242	0.06098	0.3838	1374	32.04	0.0781	0.009984	1357	777	0.5726	0.0625	0.9083	-0.02554	0.08246
chr18	64000000	65000000	0.3672	-0.0464	0.0209	0	0.0605	0	1695	30.15	-0.07152	-0.02028	1676	1046	0.6241	0.06466	1.07	1308	31.94	-0.0569	-0.01376	1291	448	0.347	0.05882	0.5951	1396	28.24	-0.1038	-0.01384	1383	465	0.3362	0.0625	0.5766	0.02107	0.1854
chr18	65000000	66000000	0.3469	-0.1071	0.0322	0	0.0625	0	1602	29.64	-0.09632	0.00361	1589	974	0.613	0.0625	0.9673	1663	30.86	-0.1068	-0.009056	1648	1092	0.6626	0.06049	1.046	1202	26.62	-0.1892	0.004092	1187	666	0.5611	0.06712	0.8854	0.06819	0.2224
chr18	66000000	67000000	0.3438	-0.104	0.0345	0	0.0625	0	1866	29.41	-0.1076	-0.004428	1858	1401	0.754	0.06667	1.152	1569	31.07	-0.09708	-0.01023	1565	1081	0.6907	0.06667	1.055	1935	26.4	-0.2008	-0.01051	1926	1400	0.7269	0.07143	1.11	0.04439	0.2295
chr18	67000000	68000000	0.3514	-0.1156	0.0339	0	0.0629	0	1884	29.08	-0.1237	-0.01587	1877	788	0.4198	0.06174	0.8246	1904	31.26	-0.08819	0.0204	1900	863	0.4542	0.0625	0.8922	1984	26.69	-0.1853	0.007065	1975	937	0.4744	0.06522	0.9319	0	0.2224
chr18	68000000	69000000	0.3548	-0.096	0.0381	0	0.06	0	1874	29.54	-0.1013	-0.009883	1852	1157	0.6247	0.0625	1.191	1756	31.38	-0.08258	0.005498	1746	1126	0.6449	0.06098	1.229	1603	27.4	-0.1476	0.01424	1579	689	0.4364	0.06522	0.8318	0.02697	0.1751
chr18	69000000	70000000	0.3621	-0.0286	0.0203	0	0.0596	0	1609	30.48	-0.05598	-0.02914	1606	875	0.5448	0.05882	1.212	1533	32.85	-0.01645	0.003602	1528	698	0.4568	0.0641	1.016	1516	29.56	-0.03773	0.04844	1508	562	0.3727	0.06667	0.8293	-0.02385	0.152
chr18	70000000	71000000	0.3866	-0.0314	0.0123	0	0.0641	0	1485	31.09	-0.0276	0.003495	1476	532	0.3604	0.06712	0.7073	1434	32.52	-0.03129	0.001093	1432	564	0.3939	0.06667	0.7729	1602	29.15	-0.05787	-0.007507	1587	769	0.4846	0.0625	0.9509	0	0.142
chr18	71000000	72000000	0.3535	-0.1011	0.011	0	0.06	0	1920	29.45	-0.1058	-0.005449	1909	1053	0.5516	0.06667	1.024	1846	31.2	-0.09101	-0.005441	1837	781	0.4251	0.05556	0.7895	2091	26.5	-0.1955	-0.02551	2077	1183	0.5696	0.07143	1.058	0.02697	0.2345
chr18	72000000	73000000	0.366	-0.0986	0.0177	0	0.0633	0	2363	29.52	-0.102	-0.00324	2271	1299	0.572	0.0625	1.188	2166	31.37	-0.08314	0.008813	2116	1023	0.4835	0.06667	1.004	2489	27.44	-0.1451	0.001471	2409	1449	0.6015	0.06667	1.249	0	0.1854
chr18	73000000	74000000	0.3772	-0.0673	0.019	0	0.0633	0	1651	30.22	-0.06828	0.01544	1648	808	0.4903	0.06522	0.8431	1789	31.72	-0.06727	-0.001008	1784	917	0.514	0.0625	0.8839	1823	27.73	-0.1299	-0.03684	1813	1140	0.6288	0.06667	1.081	0.02272	0.1854
chr18	74000000	75000000	0.4119	-0.0032	0.0181	0	0.0591	0	1664	31.77	0.003645	0.005054	1656	1188	0.7174	0.05556	1.202	1566	33.81	0.0248	0.03125	1549	919	0.5933	0.05319	0.9938	1663	29.89	-0.02191	-0.03337	1650	1092	0.6618	0.06667	1.109	0	0.1769
chr18	75000000	76000000	0.4242	0.0037	0.0128	0	0.0588	0	1753	32.28	0.02693	0.0179	1741	1061	0.6094	0.0625	1.091	1631	33.32	0.003926	0.001744	1624	658	0.4052	0.06	0.7251	1592	30.13	-0.01037	-0.03978	1578	860	0.545	0.0625	0.9753	0	0.1333
chr18	76000000	77000000	0.4381	0.026	0.0154	0	0.0605	0	1778	32.85	0.05218	0.01949	1742	864	0.496	0.06667	0.8735	1943	33.1	-0.005645	-0.02656	1917	1241	0.6474	0.0625	1.14	1776	30.71	0.01688	-0.03423	1748	985	0.5635	0.06098	0.9924	0.06055	0.09954
chr18	77000000	78000000	0.4222	0.0069	0.0064	0	0.061	0	2220	31.84	0.006824	-0.002279	2186	1026	0.4694	0.0641	0.8695	2387	33.42	0.008296	0.004293	2362	1160	0.4911	0.05882	0.9098	2322	30.67	0.01542	-0.02425	2284	1235	0.5407	0.0641	1.002	0	0.1083
chr18	78000000	79000000	0.4564	-0.0283	0.02	0	0.0625	0	2237	32.2	0.02319	0.03603	2088	1280	0.613	0.0641	0.9884	2321	32.6	-0.02738	0.007874	2194	1521	0.6933	0.0625	1.118	2073	28.89	-0.07092	-0.07571	1939	1153	0.5946	0.0641	0.9588	0.078	0.1444
chr18	79000000	80000000	0.4912	0.0079	0.0428	0	0.0625	0	1981	33.49	0.08001	0.04114	1678	1101	0.6561	0.06757	1.023	1777	32.75	-0.02084	-0.01232	1501	799	0.5323	0.06098	0.8301	2165	31.53	0.05517	-0.008849	1873	1412	0.7539	0.06049	1.176	0.07478	0.04891
chr18	80000000	80373285	0.4602	0.0073	0.0317	0	0.0572	0	408	32.54	0.03836	0.0131	395	372	0.9418	0.06667	1.295	433	33.64	0.01756	0.02192	410	327	0.7976	0.06098	1.097	497	31.51	0.05412	0	473	380	0.8034	0.05556	1.105	-0.02395	0.1432
chr19	0	1000000	0.5461	0.0318	0.0512	0	0.0638	0	2068	34.44	0.1202	0.02188	1831	1150	0.6281	0.0625	0.9376	2011	33.6	0.0159	0.003519	1776	1166	0.6565	0.06098	0.98	2129	32.4	0.0944	-0.008835	1874	1302	0.6948	0.0625	1.037	0.05004	0.02975
chr19	1000000	2000000	0.5912	0.1881	0.0869	0	0.0581	0	1621	38.57	0.2837	0.01386	1566	1155	0.7375	0.05556	1.069	1472	37.74	0.1837	0.01986	1423	738	0.5186	0.05556	0.7518	1314	36.84	0.2795	0.009094	1273	946	0.7431	0.05814	1.077	0.0581	-0.02858
chr19	2000000	3000000	0.5459	0.117	0.0481	0	0.0585	0	1541	35.1	0.1477	-0.03453	1463	904	0.6179	0.05882	1.008	1420	35.77	0.1061	0.008531	1383	583	0.4215	0.05556	0.6879	1393	35.23	0.2151	0.0267	1338	687	0.5135	0.06522	0.8379	-0.01749	0
chr19	3000000	4000000	0.5554	0.1163	0.0479	0	0.0588	0	1534	36.01	0.1846	-0.009422	1483	881	0.5941	0.06	0.8645	1541	35.29	0.08671	-0.008541	1497	953	0.6366	0.0625	0.9264	1496	34.44	0.1827	-0.01062	1446	825	0.5705	0.05814	0.8302	0.037	0.03906
chr19	4000000	5000000	0.541	0.0772	0.0412	0	0.0617	0	1621	35.81	0.1766	0.04157	1592	1141	0.7167	0.0641	1.064	1600	34.97	0.07353	0.01744	1562	1075	0.6882	0.05882	1.022	1486	34.41	0.181	0.03242	1466	997	0.6801	0.0625	1.01	0.06319	0.03953
chr19	5000000	6000000	0.5311	0.1094	0.0516	0	0.0556	0	1175	34.97	0.1421	-0.02038	1162	885	0.7616	0.05263	1.067	1504	35.05	0.07691	-0.01866	1486	1158	0.7793	0.0641	1.091	1301	33.48	0.1416	-0.04109	1275	941	0.738	0.06	1.034	0.03797	0.04244
chr19	6000000	7000000	0.4902	0.0645	0.0448	0	0.0599	0	1638	33.92	0.09811	0.004571	1615	995	0.6161	0.0625	0.9661	1412	34.26	0.0439	-0.001477	1395	828	0.5935	0.05882	0.9308	1603	32.67	0.1065	-0.01384	1581	1114	0.7046	0.05941	1.105	0.02272	0.04439
chr19	7000000	8000000	0.507	0.0646	0.0328	0	0.0609	0	2173	34.1	0.1058	0.002652	2105	1306	0.6204	0.05882	1.004	2001	34.52	0.05486	0.008192	1962	1193	0.6081	0.05556	0.9836	2131	32.95	0.1188	-0.003547	2079	1392	0.6696	0.0625	1.083	0.02272	0.04182
chr19	8000000	9000000	0.4978	0.022	0.0279	0	0.0654	0	1703	32.39	0.0318	-0.02789	1596	989	0.6197	0.06757	0.9929	1749	33.63	0.01709	0.00583	1656	1080	0.6522	0.0641	1.045	1899	31.97	0.07531	-0.005517	1792	1122	0.6261	0.07003	1.003	0	0.0902
chr19	9000000	10000000	0.4545	0.0195	0.0376	0	0.0594	0	1492	32.66	0.04348	0.006033	1490	1154	0.7745	0.05556	1.003	1238	32.75	-0.02095	-0.03348	1227	943	0.7685	0.05814	0.9949	1569	30.76	0.01966	-0.03293	1555	1220	0.7846	0.06	1.016	0.04891	0.09954
chr19	10000000	11000000	0.5237	0.0989	0.0575	0	0.0591	0	934	35.04	0.1449	-0.007014	921	678	0.7362	0.05556	1.078	776	35.05	0.07694	-0.007804	764	417	0.5458	0.06757	0.7993	894	34.7	0.1934	0.0231	888	680	0.7658	0.06667	1.121	0	0
chr19	11000000	12000000	0.4905	0.0765	0.0471	0	0.0572	0	820	33.77	0.09179	-0.0145	819	592	0.7228	0.05556	1.189	1080	34.14	0.03903	-0.02105	1077	637	0.5915	0.0625	0.9733	659	33.06	0.1236	-0.009012	651	348	0.5346	0.06757	0.8796	0.01911	0.06413
chr19	12000000	13000000	0.4771	0.0213	0.0544	0	0.0625	0	1027	33.47	0.07899	0.02948	1018	659	0.6473	0.0641	0.9864	1039	32.81	-0.01819	-0.0211	1021	226	0.2214	0.05556	0.3373	617	32.89	0.1161	0.04987	614	510	0.8306	0.06	1.266	0.02274	0
chr19	13000000	14000000	0.5062	0.0526	0.0363	0	0.0583	0	1228	34.07	0.1045	0.01477	1214	835	0.6878	0.06	0.9574	1078	34.44	0.05169	0.01748	1063	818	0.7695	0.05882	1.071	1069	32.99	0.1204	0.008991	1057	605	0.5724	0.05556	0.7967	0.02274	0.04665
chr19	14000000	15000000	0.4898	0.0451	0.0338	0	0.0594	0	1389	33.17	0.06579	-0.009974	1364	921	0.6752	0.06098	0.9243	1464	33.97	0.03198	0.003295	1449	1102	0.7605	0.05814	1.041	1503	32.43	0.0957	-0.003516	1480	1174	0.7932	0.0641	1.086	0	0.08246
chr19	15000000	16000000	0.4796	0.0338	0.0096	0	0.06	0	1403	32.83	0.0513	-0.005366	1370	1072	0.7825	0.0625	1.208	2054	33.93	0.03009	0.01138	2026	1639	0.809	0.0625	1.249	1802	32.26	0.0882	0.008432	1752	952	0.5434	0.05882	0.8389	0	0.08746
chr19	16000000	17000000	0.5058	0.0944	0.0498	0	0.0556	0	1369	35.01	0.144	0.01085	1361	677	0.4974	0.05319	0.8241	1276	34.88	0.06989	-0.006576	1266	657	0.519	0.05882	0.8598	1481	34.37	0.1794	0.02146	1468	997	0.6792	0.0625	1.125	0	0.03562
chr19	17000000	18000000	0.5273	0.0975	0.0528	0	0.0568	0	1510	34.72	0.132	-0.01859	1503	914	0.6081	0.05662	0.9545	1423	34.29	0.04554	-0.03781	1407	903	0.6418	0.0641	1.007	1684	34.16	0.1708	0.001894	1667	1082	0.6491	0.05814	1.019	0.02018	0
chr19	18000000	19000000	0.5459	0.1407	0.0627	0	0.0568	0	824	35.74	0.1738	-0.03206	824	542	0.6578	0.06	0.9885	1145	36.42	0.1324	0.01109	1140	762	0.6684	0.05263	1.005	977	35.42	0.223	0.01086	972	725	0.7459	0.05556	1.121	0.01937	0.06715
chr19	19000000	20000000	0.4934	0.0908	0.0402	0	0.0572	0	1087	34.97	0.1424	0.01902	1080	894	0.8278	0.06098	1.25	720	34.72	0.06351	-0.01099	716	292	0.4078	0.06174	0.6159	1158	34.2	0.1725	0.02696	1143	909	0.7953	0.05882	1.201	0.02346	0.05247
chr19	20000000	21000000	0.4067	-0.0177	0.0248	0	0.0613	0	1399	31.09	-0.02758	-0.01472	1387	219	0.1579	0.05556	0.2471	2090	32.8	-0.01894	0	2062	997	0.4835	0.0641	0.7568	2011	29.23	-0.05431	-0.03768	1989	1390	0.6988	0.0625	1.094	0	0.1575
chr19	21000000	22000000	0.4096	-0.042	0.014	0	0.0625	0	2507	31.51	-0.008152	0.02929	2459	1575	0.6405	0.06522	1.111	2601	32.03	-0.05288	-0.01517	2534	1235	0.4874	0.06522	0.8455	2268	28.91	-0.07009	-0.02987	2241	1451	0.6475	0.06667	1.123	0.02801	0.1333
chr19	22000000	23000000	0.4101	-0.0818	0.0201	0	0.0633	0	1545	31.04	-0.02961	0.04881	1527	1232	0.8068	0.0625	1.143	1247	31.59	-0.07316	0.008553	1231	1030	0.8367	0.05882	1.185	1231	27.84	-0.1244	-0.0493	1207	1013	0.8393	0.06522	1.189	0.07155	0.1561
chr19	23000000	24000000	0.4158	-0.078	0.0168	0	0.0613	0	2012	31.33	-0.01644	0.05769	2002	487	0.2433	0.05882	0.6398	2238	31.05	-0.09773	-0.01173	2224	837	0.3763	0.0625	0.9899	1928	28.51	-0.09012	-0.01243	1914	584	0.3051	0.06757	0.8025	0.05889	0.1155
chr19	24000000	25000000	0.3931	0.5497	0.0429	0	0.0804	0	1442	46.81	0.563	0.02745	1311	779	0.5942	0.05556	0.6645	1512	50.15	0.5937	0.04406	1358	1209	0.8903	0.06	0.9956	1612	43.68	0.5254	-0.0331	1377	1255	0.9114	0.07895	1.019	0.01187	0.2205
chr19	25000000	26000000	0.3919	NA	NA	1	NA	0	0	NA	NA	NA	0	0	NA	NA	NA	0	NA	NA	NA	0	0	NA	NA	NA	0	NA	NA	NA	0	0	NA	NA	NA	NA	NA
chr19	26000000	27000000	0.3923	NA	NA	1	NA	0	0	NA	NA	NA	0	0	NA	NA	NA	0	NA	NA	NA	0	0	NA	NA	NA	0	NA	NA	NA	0	0	NA	NA	NA	NA	NA
chr19	27000000	28000000	0.3917	0.9339	0.1256	1	0.1358	1	2212	64.4	1.023	NA	2162	1318	0.6096	NA	0.8249	2387	63.14	0.9261	NA	2317	1653	0.7134	NA	0.9654	2418	55	0.8579	NA	2268	1798	0.7928	NA	1.073	0.03847	0.2053
chr19	28000000	29000000	0.4298	-0.0179	0.0138	0	0.06	0	2111	32.79	0.04948	0.05951	2105	1433	0.6808	0.06098	1.136	2077	33.35	0.00536	0.02682	2073	1016	0.4901	0.05882	0.8179	1501	28.75	-0.07787	-0.09438	1496	1400	0.9358	0.06522	1.562	0.06926	0.2224
chr19	29000000	30000000	0.4743	0.0458	0.034	0	0.0594	0	1482	33.1	0.063	-0.01439	1447	832	0.575	0.06667	0.8981	1686	34.59	0.05794	0.02919	1662	1290	0.7762	0.05556	1.212	1195	32.02	0.0774	-0.01635	1176	421	0.358	0.06	0.5592	0.02425	0.1186
chr19	30000000	31000000	0.4532	0.0054	0.0205	0	0.06	0	720	32.2	0.02334	0.00306	716	335	0.4679	0.05556	0.6935	912	32.98	-0.01094	-0.01019	903	610	0.6755	0.05882	1.001	689	30.15	-0.009366	-0.04524	679	327	0.4816	0.05882	0.7138	0.02107	0.105
chr19	31000000	32000000	0.4342	-0.0403	0.0355	0	0.0617	0	714	31.78	0.004193	0.03773	710	610	0.8592	0.06522	1.183	767	31.83	-0.06212	-0.01041	762	666	0.874	0.06098	1.204	537	29	-0.06571	-0.04631	529	80	0.1512	0.07143	0.2083	0.06926	0.1333
chr19	32000000	33000000	0.4454	0.0147	0.0234	0	0.061	0	1470	33.14	0.06467	0.04779	1461	1003	0.6865	0.0641	1.064	1134	33.23	4.534e-05	0.001276	1126	695	0.6172	0.06098	0.9569	1124	31.59	0.05807	0.01932	1119	3	0.002681	NA	0.004157	0.02648	0.08017
chr19	33000000	34000000	0.4956	0.0737	0.0236	0	0.0597	0	961	35.57	0.1669	0.0567	955	760	0.7958	0.05882	1.118	788	34.98	0.07404	0.01147	780	547	0.7013	0.05882	0.9849	972	32.8	0.1121	-0.0175	966	304	0.3147	0.06125	0.442	0.04634	0.1083
chr19	34000000	35000000	0.4427	0.0618	0.0223	0	0.0594	0	1443	32.97	0.05722	-0.009574	1436	1127	0.7848	0.06667	1.17	1103	34.31	0.04627	-0.006989	1091	728	0.6673	0.0625	0.9945	1184	32.44	0.09621	0.01067	1175	560	0.4766	0.05814	0.7103	0	0.0451
chr19	35000000	36000000	0.5157	0.0852	0.0363	0	0.0566	0	1001	35.2	0.1517	0.0135	987	611	0.619	0.06	0.8894	1232	35.24	0.08495	0.01294	1210	916	0.757	0.05556	1.088	1100	34.63	0.1902	0.03442	1085	725	0.6682	0.06098	0.9601	0	0
chr19	36000000	37000000	0.4485	0.024	0.0206	0	0.0594	0	1255	32.13	0.01992	-0.01808	1228	854	0.6954	0.06667	1.036	1472	33.44	0.009322	-0.007491	1394	1235	0.8859	0.0641	1.32	1556	30.57	0.01064	-0.04614	1494	900	0.6024	0.05882	0.8972	0	0.152
chr19	37000000	38000000	0.4329	0.0285	0.0457	0	0.0595	0	1156	32.63	0.04217	0.003431	1047	883	0.8434	0.05556	1.158	1302	32.26	-0.04255	-0.0632	1156	1002	0.8668	0.05882	1.19	1560	31.01	0.0313	-0.01959	1432	903	0.6306	0.06757	0.8661	0.02076	0.1031
chr19	38000000	39000000	0.5182	0.0676	0.0372	0	0.0588	0	809	33.9	0.0972	-0.02356	781	394	0.5045	0.06522	0.6962	1052	35.39	0.0908	0.03865	1024	726	0.709	0.05319	0.9784	1292	33.54	0.1443	0.006105	1259	998	0.7927	0.05882	1.094	-0.01708	0.05346
chr19	39000000	40000000	0.4796	0.0454	0.0217	0	0.0625	0	1581	33.22	0.06827	0	1499	789	0.5264	0.05882	0.9149	1299	34.23	0.04267	0.01236	1229	632	0.5142	0.0625	0.8939	1759	33.15	0.1275	0.03609	1665	1054	0.633	0.0625	1.1	0	0
chr19	40000000	41000000	0.4895	0.0508	0.0287	0	0.06	0	981	33.44	0.07768	-0.002909	974	765	0.7854	0.05556	1.185	1093	34.13	0.03844	0.002455	1080	851	0.788	0.0625	1.188	948	33.04	0.1225	0.01767	939	451	0.4803	0.05882	0.7244	-0.00943	0.05667
chr19	41000000	42000000	0.4878	0.0614	0.0335	0	0.0597	0	1214	33.7	0.08886	-0.001162	1197	1031	0.8613	0.05882	1.304	1071	33.89	0.02852	-0.01806	1051	852	0.8107	0.05556	1.227	1107	33.78	0.1547	0.03931	1089	620	0.5693	0.06	0.8618	0	0
chr19	42000000	43000000	0.4788	0.0499	0.0449	0	0.0602	0	1348	26.71	-0.2466	-0.3222	1327	688	0.5185	0.05556	0.579	828	33.68	0.01939	-0.0133	813	749	0.9213	0.06098	1.029	1344	25.66	-0.242	-0.3416	1322	686	0.5189	0.06098	0.5795	0.03747	0.04439
chr19	43000000	44000000	0.4543	0.0398	0.0159	0	0.0607	0	2102	32.5	0.03638	-0.02117	2049	1630	0.7955	0.0625	1.139	1769	33.99	0.03285	0.0007032	1730	995	0.5751	0.06818	0.8233	2160	31.35	0.0469	-0.02447	2126	1689	0.7944	0.0625	1.137	0	0.09165
chr19	44000000	45000000	0.4553	0.044	0.0212	0	0.061	0	1269	32.95	0.0564	-0.003054	1263	1147	0.9082	0.06	1.244	1132	34.05	0.03539	-0.001654	1129	607	0.5376	0.05882	0.7365	1024	32.43	0.09565	0.01213	1022	751	0.7348	0.0625	1.007	0	0.06413
chr19	45000000	46000000	0.5267	0.0967	0.0536	0	0.0556	0	1209	35.15	0.1498	0	1196	933	0.7801	0.05882	1.113	1308	35.02	0.07559	-0.006956	1298	915	0.7049	0.05556	1.006	1278	34.71	0.1938	0.0257	1267	1026	0.8098	0.05556	1.155	0.02242	0
chr19	46000000	47000000	0.4835	0.0746	0.0402	0	0.0602	0	1392	33.85	0.09509	0	1384	721	0.521	0.05882	0.7826	1439	33.93	0.03019	-0.0349	1429	872	0.6102	0.06	0.9167	1524	32.81	0.1125	-0.00826	1511	995	0.6585	0.0625	0.9892	0	0.039
chr19	47000000	48000000	0.5046	0.0212	0.0376	0	0.0587	0	1644	33.5	0.08023	0.0207	1517	958	0.6315	0.0625	1.087	1580	33.17	-0.002395	-0.005663	1452	1009	0.6949	0.05882	1.196	1667	32	0.07651	-0.006429	1557	976	0.6268	0.05882	1.079	0.03037	0.04439
chr19	48000000	49000000	0.5131	0.0448	0.0482	0	0.0607	0	1639	33.54	0.08192	-0.009125	1624	1166	0.718	0.0625	1.012	1360	33.78	0.02375	-0.008225	1340	823	0.6142	0.07143	0.8653	1611	32.88	0.1154	0.006772	1604	1194	0.7444	0.05882	1.049	0	0.04439
chr19	49000000	50000000	0.5276	0.1053	0.0786	0	0.0591	0	1348	35.63	0.1693	0.01131	1331	1178	0.885	0.05882	1.174	1173	34.45	0.05216	-0.03898	1154	904	0.7834	0.06098	1.039	986	35.01	0.2061	0.02898	978	760	0.7771	0.05769	1.031	0.03847	0.02915
chr19	50000000	51000000	0.5135	0.0461	0.0448	0	0.0607	0	1484	33.29	0.07122	-0.02112	1398	981	0.7017	0.0625	1.088	1570	33.38	0.006352	-0.02692	1477	870	0.589	0.05814	0.9137	1349	32.15	0.08323	-0.02739	1271	831	0.6538	0.06	1.014	0	0.03607
chr19	51000000	52000000	0.4641	0.0482	0.033	0	0.0594	0	1859	33.51	0.08064	0.01279	1845	1217	0.6596	0.05882	1.004	1643	34.64	0.05979	0.01802	1616	1090	0.6745	0.05882	1.027	1947	31.39	0.04866	-0.0429	1935	1112	0.5747	0.0625	0.8751	0.02425	0.1333
chr19	52000000	53000000	0.4432	-0.0205	0.015	0	0.0625	0	2327	32.01	0.01461	0.0311	2295	1550	0.6754	0.06	1.017	2000	32.14	-0.04827	-0.01707	1955	1459	0.7463	0.06098	1.123	2463	30.08	-0.01262	-0.01546	2428	1489	0.6133	0.0625	0.923	0.03655	0.08368
chr19	53000000	54000000	0.4649	-0.0121	0.0295	0	0.0625	0	2461	31.92	0.01043	0.002902	2410	1443	0.5988	0.05882	0.9116	2627	32.19	-0.0458	-0.02672	2599	1792	0.6895	0.0625	1.05	2621	29.48	-0.04169	-0.07157	2573	1981	0.7699	0.06757	1.172	0.05063	0.1312
chr19	54000000	55000000	0.4876	0.028	0.0369	0	0.0602	0	2004	33.15	0.06525	0.008621	1947	1248	0.641	0.06	1.009	2194	33.17	-0.00254	-0.01742	2119	1133	0.5347	0.06	0.842	2441	33.07	0.1237	0.04345	2378	1657	0.6968	0.06667	1.097	0.03317	0
chr19	55000000	56000000	0.5125	0.0091	0.0127	0	0.06	0	1710	33.21	0.0678	0.01246	1618	1098	0.6786	0.06522	1.086	1718	33.4	0.007532	0.01253	1642	1014	0.6175	0.0641	0.9884	1852	31.61	0.05896	-0.01399	1780	1339	0.7522	0.0625	1.204	0.03847	0.09954
chr19	56000000	57000000	0.4495	-0.015	0.0261	0	0.0612	0	1624	32.49	0.03592	0.0329	1591	1189	0.7473	0.0625	1.199	1738	32.61	-0.0273	-0.008283	1690	1175	0.6953	0.0625	1.115	1747	30.27	-0.003506	-0.01121	1705	1246	0.7308	0.0641	1.172	0.0458	0.09311
chr19	57000000	58000000	0.4477	-0.0045	0.0195	0	0.061	0	1335	32.27	0.02646	0.0247	1317	896	0.6803	0.05882	1.172	1175	32.88	-0.01508	-0.003335	1151	534	0.4639	0.0625	0.7992	1082	30.76	0.01952	0.001312	1058	570	0.5388	0.0625	0.9281	0.03953	0.08489
chr19	58000000	58617616	0.5029	0.0561	0.0314	0	0.06	0	816	34.22	0.1111	0.01652	791	524	0.6625	0.0625	1.085	814	34.65	0.06045	0.01652	785	515	0.6561	0.06	1.075	940	32.97	0.1197	0.001857	908	545	0.6002	0.0625	0.9832	0.03519	0.06791
chr20	0	1000000	0.4617	0.0688	0.0273	0	0.0625	0	1601	33.62	0.08562	-0.003054	1583	1060	0.6696	0.0641	1.001	1731	33.99	0.03255	-0.02479	1716	1262	0.7354	0.0625	1.1	1509	33.16	0.1278	0.01677	1490	1018	0.6832	0.06049	1.022	0	0.04307
chr20	1000000	2000000	0.4488	0.0259	0.0197	0	0.0581	0	1188	32.46	0.03456	-0.006172	1150	797	0.693	0.05882	1.051	1491	34.37	0.04869	0.02611	1474	1099	0.7456	0.05556	1.13	1181	31.02	0.03158	-0.02558	1142	681	0.5963	0.06	0.9041	-0.01749	0.1255
chr20	2000000	3000000	0.4493	0.0391	0.0206	0	0.0591	0	1445	32.97	0.05712	0.001916	1434	771	0.5377	0.06	0.9418	1272	34.22	0.04228	0.00956	1253	909	0.7255	0.06	1.271	1417	31.59	0.05769	-0.002041	1401	777	0.5546	0.05814	0.9715	-0.01843	0.1293
chr20	3000000	4000000	0.4685	0.066	0.0152	0	0.0575	0	1074	34.17	0.1089	0.01795	1074	485	0.4516	0.05882	0.8841	1116	34.88	0.0701	0.01491	1114	536	0.4811	0.05086	0.942	1060	33.08	0.1243	0.01621	1059	527	0.4976	0.05882	0.9742	0	0.04064
chr20	4000000	5000000	0.4442	0.0514	0.0254	0	0.0597	0	1721	32.78	0.04877	-0.006337	1700	1052	0.6188	0.0625	1.005	1715	33.98	0.03234	-0.001594	1703	973	0.5713	0.05882	0.928	1787	32.17	0.08392	0.006125	1769	1124	0.6354	0.05556	1.032	0	0.08746
chr20	5000000	6000000	0.434	0.0517	0.0177	0	0.0597	0	1474	33.17	0.06611	0.004587	1469	965	0.6569	0.06098	0.9272	1571	34.38	0.04924	0.007276	1556	1265	0.813	0.06098	1.147	1549	32.95	0.1188	0.0514	1541	1230	0.7982	0.05556	1.127	-0.04064	0.05247
chr20	6000000	7000000	0.3954	-0.002	0.0175	0	0.0588	0	1227	31.11	-0.02632	-0.01542	1221	561	0.4595	0.05556	0.7329	1485	32.68	-0.02394	-0.02091	1477	1058	0.7163	0.06667	1.143	1192	30.46	0.005149	0	1188	458	0.3855	0.06	0.615	-0.02466	0.1069
chr20	7000000	8000000	0.3695	-0.0727	0.015	0	0.0615	0	1658	30.13	-0.07247	0.001953	1649	1274	0.7726	0.06098	1.248	1515	31.42	-0.08091	-0.01417	1503	1020	0.6786	0.06	1.097	1243	27.56	-0.1391	-0.03287	1241	672	0.5415	0.06667	0.8749	0.04123	0.2224
chr20	8000000	9000000	0.381	-0.0533	0.0148	0	0.06	0	1311	30.58	-0.05114	0.008575	1297	820	0.6322	0.0625	0.8724	1321	32.45	-0.03439	0.01347	1314	807	0.6142	0.0625	0.8475	1269	28.63	-0.08393	-0.02174	1260	861	0.6833	0.06098	0.9429	0	0.1926
chr20	9000000	10000000	0.3925	-0.038	0.0253	0	0.0629	0	1119	31.44	-0.01129	0.04609	1105	697	0.6308	0.05882	0.9788	856	33.63	0.01723	0.05712	851	515	0.6052	0.06	0.9391	1230	28.78	-0.07645	-0.04725	1219	801	0.6571	0.07143	1.02	0.02107	0.2295
chr20	10000000	11000000	0.4035	-0.0249	0.018	0	0.06	0	1363	31.39	-0.01371	0.01831	1363	973	0.7139	0.0641	1.003	1240	33.43	0.008756	0.03695	1234	885	0.7172	0.05882	1.008	1147	29.64	-0.03399	-0.01104	1136	659	0.5801	0.0641	0.8152	0	0.1699
chr20	11000000	12000000	0.3844	-0.0599	0.0146	0	0.0613	0	1342	30.99	-0.03208	0.03486	1329	673	0.5064	0.06098	0.8172	1492	32.09	-0.05016	0.00562	1487	799	0.5373	0.05882	0.8671	1178	28.74	-0.07862	0.007047	1171	620	0.5295	0.06522	0.8544	0	0.1635
chr20	12000000	13000000	0.3872	-0.0647	0.0228	0	0.0625	0	1383	30.45	-0.05721	0.01065	1379	887	0.6432	0.05882	0.9525	1311	31.58	-0.07347	-0.01232	1294	834	0.6445	0.0625	0.9544	1361	27.74	-0.1298	-0.04885	1351	1048	0.7757	0.07143	1.149	0	0.1806
chr20	13000000	14000000	0.3978	-0.0166	0.0105	0	0.061	0	1551	31.34	-0.01591	0.008142	1541	1029	0.6677	0.06	1.157	1338	33.31	0.0036	0.02134	1333	914	0.6857	0.05882	1.188	1731	29.94	-0.01961	-0.007932	1725	1208	0.7003	0.06522	1.214	-0.02385	0.1293
chr20	14000000	15000000	0.3719	-0.0616	0.012	0	0.0591	0	1218	30.86	-0.03818	0.02811	1214	732	0.603	0.0633	1.073	1263	32.82	-0.01766	0.04067	1258	778	0.6184	0.05882	1.101	1304	28.92	-0.06962	0.02015	1297	808	0.623	0.06667	1.109	0	0.1725
chr20	15000000	16000000	0.3855	-0.0372	0.0161	0	0.0607	0	1650	30.51	-0.0546	-0.01101	1647	1274	0.7735	0.0641	1.198	1420	32.77	-0.02023	0.01795	1412	677	0.4795	0.05882	0.7425	1579	28.6	-0.08567	-0.02088	1572	1110	0.7061	0.06522	1.094	-0.03242	0.1864
chr20	16000000	17000000	0.4073	-0.0453	0.0172	0	0.0625	0	1272	31.15	-0.02457	0.01736	1261	831	0.659	0.06	0.9727	1613	32.2	-0.04538	0.0001989	1596	972	0.609	0.06	0.8989	1492	28.66	-0.08237	-0.0434	1474	1047	0.7103	0.06522	1.048	0.0451	0.1605
chr20	17000000	18000000	0.4363	0.0144	0.0192	0	0.0597	0	1369	32.35	0.02988	0.002966	1366	755	0.5527	0.06667	0.9306	1523	33.46	0.01018	-0.0002787	1523	1054	0.6921	0.05814	1.165	1279	31.67	0.06173	0.02132	1278	685	0.536	0.06098	0.9025	-0.02076	0.08883
chr20	18000000	19000000	0.4267	0.012	0.0149	0	0.0588	0	1958	32.45	0.03418	0.01495	1934	1319	0.682	0.06	1.083	2023	33.5	0.01184	0.00453	2002	1325	0.6618	0.06098	1.051	1585	31.43	0.05058	0.007406	1558	910	0.5841	0.06667	0.9273	-0.01792	0.08017
chr20	19000000	20000000	0.4342	0.0051	0.0136	0	0.0585	0	1246	31.48	-0.009328	-0.0212	1240	751	0.6056	0.0625	0.8714	1522	33.17	-0.002732	0.003587	1518	1201	0.7912	0.05882	1.138	1412	29.96	-0.01875	-0.04475	1409	1072	0.7608	0.06	1.095	0	0.1643
chr20	20000000	21000000	0.4183	0.0095	0.0144	0	0.0621	0	899	31.36	-0.01511	-0.02789	881	652	0.7401	0.06667	1.257	873	33.6	0.01585	0.01138	858	474	0.5524	0.0625	0.9381	953	31.08	0.03447	0.01934	937	794	0.8474	0.0641	1.439	-0.03953	0.1125
chr20	21000000	22000000	0.4141	-0.0106	0.0233	0	0.061	0	986	31.74	0.002566	0.0106	979	331	0.3381	0.05882	0.537	997	33.64	0.01792	0.0344	991	297	0.2997	0.0625	0.476	844	29.36	-0.04794	-0.03668	837	148	0.1768	0.06712	0.2808	0.01963	0.1806
chr20	22000000	23000000	0.413	-0.059	0.0176	0	0.06	0	1305	31.42	-0.01202	0.04222	1296	862	0.6651	0.06098	1.036	1148	33.49	0.01134	0.0754	1144	551	0.4816	0.06	0.75	1286	28.53	-0.08908	-0.03874	1279	862	0.674	0.06522	1.049	0	0.2224
chr20	23000000	24000000	0.4508	-0.0092	0.0261	0	0.0612	0	1698	32.31	0.02813	0.02191	1681	787	0.4682	0.0641	0.881	1822	33.89	0.02858	0.04106	1801	1099	0.6102	0.06098	1.148	1648	30.01	-0.01607	-0.03114	1634	973	0.5955	0.0625	1.121	0	0.176
chr20	24000000	25000000	0.4515	0.0356	0.0136	0	0.0587	0	1772	33.03	0.05994	0.008917	1764	1403	0.7954	0.06	1.128	1224	33.15	-0.003642	-0.03564	1215	623	0.5128	0.05556	0.7271	1887	31.12	0.03607	-0.01842	1878	1341	0.7141	0.06	1.013	0.07039	0.1409
chr20	25000000	26000000	0.454	0.1141	0.0725	0	0.0673	0	1157	35.56	0.1663	0.03767	979	892	0.9111	0.0641	1.276	904	37.1	0.1592	0.05203	723	139	0.1923	0.1139	0.2692	1122	34.01	0.1646	0.01943	900	598	0.6644	0.06757	0.9303	0.02425	0.05247
chr20	26000000	27000000	0.3941	-0.6553	0.0453	0	0.0882	0	1651	19.59	-0.6937	-0.03239	798	353	0.4424	0.1	0.7639	1645	17.4	-0.9331	-0.2727	718	185	0.2577	0.1111	0.4449	1701	19.7	-0.6233	0.04251	837	451	0.5388	0.09259	0.9305	-0.07464	-0.03103
chr20	27000000	28000000	0.3926	-2.55	0.1754	1	0.1202	1	487	6.249	-2.342	NA	46	13	0.2826	NA	0.654	543	5.664	-2.553	NA	62	19	0.3065	NA	0.7092	511	6.046	-2.328	NA	54	27	0.5	NA	1.157	0.2784	0.3219
chr20	28000000	29000000	0.3819	0.9833	0.062	0	0.1218	1	4993	58.45	0.8834	-0.08708	3750	3196	0.8523	NA	0.96	4971	63.07	0.9245	-0.05913	3687	3255	0.8828	NA	0.9944	5105	55.05	0.8591	-0.1227	3833	3366	0.8782	NA	0.9891	0.01862	0.1736
chr20	29000000	30000000	0.3927	1.02	0.1053	1	0.0948	1	9793	64.24	1.02	NA	7701	7003	0.9094	NA	1.028	9772	67.04	1.013	NA	7861	7156	0.9103	NA	1.029	9914	49.4	0.7029	NA	7314	6404	0.8756	NA	0.99	0.1057	0.3561
chr20	30000000	31000000	0.4062	0.822	0.1172	1	0.1087	1	4913	51.89	0.7115	NA	3968	3342	0.8422	NA	0.9425	4434	59.05	0.8294	NA	3633	3065	0.8437	NA	0.9441	4563	45.29	0.5775	NA	3582	2999	0.8372	NA	0.9369	0.07011	0.2534
chr20	31000000	32000000	0.4513	1.137	0.2248	1	0.0923	1	1680	64.53	1.026	NA	1465	1139	0.7775	NA	1.03	1606	68.57	1.045	NA	1404	1118	0.7963	NA	1.055	1915	60.22	0.9887	NA	1654	1395	0.8434	NA	1.118	-0.1027	0.1836
chr20	32000000	33000000	0.4842	0.0714	0.0306	0	0.0583	0	1088	33.89	0.09684	0.002157	1073	690	0.6431	0.06	0.9606	1134	34.91	0.07109	0.01144	1115	871	0.7812	0.05814	1.167	1005	33.17	0.1282	0.01086	990	629	0.6354	0.0625	0.9491	-0.02647	0.07595
chr20	33000000	34000000	0.4773	0.0961	0.0258	0	0.0572	0	1034	34.3	0.1144	-0.009405	1030	757	0.735	0.06522	1.025	1058	34.66	0.06071	-0.01689	1049	806	0.7684	0.05882	1.072	1014	32.9	0.1163	-0.02793	1005	755	0.7512	0.06522	1.048	0	0.04182
chr20	34000000	35000000	0.4489	0.0647	0.0189	0	0.0613	0	728	33.46	0.0787	-0.0004171	720	477	0.6625	0.05814	0.9277	921	34.53	0.05554	-0.003955	920	708	0.7696	0.0641	1.078	813	33.27	0.1328	0.03963	803	586	0.7298	0.05882	1.022	-0.03653	0.04891
chr20	35000000	36000000	0.454	0.0592	0.0263	0	0.0585	0	1263	33.26	0.06977	-0.003965	1256	1143	0.91	0.06098	1.557	1162	34.15	0.03927	-0.01295	1146	538	0.4695	0.06098	0.8032	602	32.87	0.1152	0.02494	595	74	0.1244	0.06125	0.2128	0	0.03562
chr20	36000000	37000000	0.4874	0.0599	0.0466	0	0.0614	0	574	32.92	0.05517	-0.03112	570	460	0.807	0.06712	1.095	622	34.18	0.04078	-0.005996	611	480	0.7856	0.0625	1.066	517	32.68	0.1069	-0.003633	507	365	0.7199	0.06098	0.9771	-0.06054	0.03653
chr20	37000000	38000000	0.4663	0.0951	0.029	0	0.0588	0	1348	34.41	0.1189	0.0005598	1331	836	0.6281	0.06	0.9167	1362	35.4	0.09149	0.005588	1353	970	0.7169	0.05882	1.046	1123	33.25	0.132	-0.004241	1116	826	0.7401	0.05556	1.08	0	0.08489
chr20	38000000	39000000	0.4598	0.0694	0.0275	0	0.0593	0	1243	33.78	0.09219	0.0055	1235	931	0.7538	0.05814	1.124	1342	34.57	0.0571	-0.000121	1323	1011	0.7642	0.05814	1.14	790	33.07	0.1239	0.01242	780	499	0.6397	0.06098	0.954	0	0.07039
chr20	39000000	40000000	0.4141	0.0014	0.0309	0	0.06	0	1279	31.53	-0.007133	-0.0111	1275	861	0.6753	0.06522	0.9828	1168	33.06	-0.007184	-0.002705	1167	519	0.4447	0.05882	0.6473	1186	29.78	-0.02729	-0.02803	1184	760	0.6419	0.06466	0.9342	0	0.142
chr20	40000000	41000000	0.4245	0.0479	0.0067	0	0.0594	0	1167	32.47	0.03513	-0.02068	1167	849	0.7275	0.0625	1.104	1233	33.99	0.03274	-0.009284	1229	868	0.7063	0.05882	1.072	1077	31.56	0.05646	-0.01602	1076	686	0.6375	0.06522	0.9673	-0.03562	0.122
chr20	41000000	42000000	0.4309	0.0294	0.0221	0	0.0585	0	696	32.61	0.04143	0.00377	692	606	0.8757	0.06098	1.154	305	32.59	-0.02801	-0.05292	304	225	0.7401	0.05882	0.9753	853	31.7	0.06286	0.003468	844	659	0.7808	0.05882	1.029	0	0.1468
chr20	42000000	43000000	0.4224	-0.0218	0.028	0	0.0629	0	990	30.56	-0.05205	-0.03528	977	556	0.5691	0.0625	0.784	1329	31.96	-0.0563	-0.03173	1321	1096	0.8297	0.05882	1.143	1202	29.27	-0.05218	-0.06415	1195	966	0.8084	0.0625	1.114	-0.02046	0.1575
chr20	43000000	44000000	0.4547	0.0339	0.0207	0	0.0588	0	1331	33.17	0.066	0.01416	1312	722	0.5503	0.06	0.9156	1296	33.94	0.03046	0.004222	1281	846	0.6604	0.05792	1.099	1386	31.93	0.07342	0.003266	1372	817	0.5955	0.05882	0.9908	0	0.08746
chr20	44000000	45000000	0.4651	0.0691	0.0249	0	0.0588	0	1255	33.74	0.09039	0	1244	1024	0.8232	0.05556	1.232	967	34.45	0.05217	-0.009614	959	731	0.7623	0.0625	1.141	1295	32.82	0.1128	0.0004176	1285	705	0.5486	0.05814	0.8211	0	0.08746
chr20	45000000	46000000	0.4428	0.0453	0.02	0	0.0588	0	1334	32.75	0.04753	-0.002766	1330	1002	0.7534	0.06174	1.009	1491	34.91	0.07112	0.03436	1480	1100	0.7432	0.05556	0.9955	1389	32.53	0.09997	0.03174	1383	1173	0.8482	0.0641	1.136	-0.03953	0.09622
chr20	46000000	47000000	0.4647	0.0759	0.0256	0	0.0566	0	1035	33.86	0.09556	0	1033	660	0.6389	0.05263	0.9535	1096	34.96	0.07315	0.003956	1093	775	0.7091	0.06	1.058	1026	32.85	0.1143	-0.002682	1021	605	0.5926	0.06098	0.8843	-0.0199	0.04891
chr20	47000000	48000000	0.4652	0.0714	0.0344	0	0.0594	0	1022	33.2	0.06717	-0.02388	996	526	0.5281	0.06522	0.7552	1522	34.74	0.06404	0	1498	1005	0.6709	0.05882	0.9594	1068	33.81	0.1559	0.04115	1043	512	0.4909	0.06712	0.702	-0.04439	0
chr20	48000000	49000000	0.478	0.0746	0.0312	0	0.061	0	1478	33.45	0.07829	-0.02452	1389	971	0.6991	0.06522	1.036	1484	34.04	0.03499	-0.02241	1388	1002	0.7219	0.05814	1.07	1333	33.43	0.1396	0.01304	1304	842	0.6457	0.06	0.9573	0.01728	0.1125
chr20	49000000	50000000	0.4607	0.0771	0.0283	0	0.0587	0	1314	33.85	0.09514	7.396e-05	1303	688	0.528	0.06098	0.8005	1321	34.41	0.05032	-0.01532	1306	635	0.4862	0.05556	0.7371	1284	33.23	0.1308	0.008059	1270	812	0.6394	0.05882	0.9693	0.01649	0.0458
chr20	50000000	51000000	0.4878	0.1086	0.0364	0	0.0594	0	1270	34.99	0.1431	0.005866	1259	1042	0.8276	0.05556	1.186	1199	35.74	0.1049	0.01117	1192	839	0.7039	0.0625	1.008	1069	34.29	0.1763	0.01368	1065	452	0.4244	0.05882	0.608	0.01688	0.03519
chr20	51000000	52000000	0.4659	0.0387	0.0144	0	0.0594	0	1351	32.66	0.04357	-0.01841	1345	829	0.6164	0.06	0.9625	1646	33.1	-0.005477	-0.03637	1630	974	0.5975	0.05814	0.9331	1494	31.67	0.06137	-0.01842	1491	1009	0.6767	0.05882	1.057	0	0.08489
chr20	52000000	53000000	0.4106	-0.0061	0.0268	0	0.0594	0	1530	31.53	-0.007285	-0.004084	1520	1110	0.7303	0.06	1.17	1521	32.44	-0.03461	-0.02632	1513	1254	0.8288	0.0625	1.328	999	29.72	-0.03032	-0.03455	996	464	0.4659	0.05556	0.7462	0	0.1375
chr20	53000000	54000000	0.4286	0.0522	0.0206	0	0.0587	0	1221	33.03	0.06007	0.002667	1207	852	0.7059	0.06049	0.9524	1575	34.05	0.03506	-0.01179	1557	1156	0.7425	0.05848	1.002	1078	32.44	0.09595	0.005768	1067	798	0.7479	0.05556	1.009	-0.02046	0.05063
chr20	54000000	55000000	0.3947	0.027	0.0182	0	0.0585	0	1415	31.75	0.00294	-0.01976	1405	1015	0.7224	0.05882	0.9915	1735	33.29	0.002519	-0.02196	1732	1394	0.8048	0.05882	1.105	1286	30.72	0.01776	0.0006478	1280	982	0.7672	0.0625	1.053	0.01815	0.111
chr20	55000000	56000000	0.3802	-0.0711	0.0101	0	0.061	0	1842	29.92	-0.08262	-0.007109	1813	1068	0.5891	0.0625	1.032	1439	31.35	-0.08381	-0.01649	1415	843	0.5958	0.06	1.044	1956	27.6	-0.1368	-0.03964	1912	1036	0.5418	0.07143	0.9491	0.02203	0.152
chr20	56000000	57000000	0.4499	0.0313	0.0131	0	0.0607	0	1559	32.42	0.03278	-0.01653	1543	969	0.628	0.0625	1.188	1595	33.44	0.009031	-0.02066	1585	1020	0.6435	0.05882	1.217	1554	31.35	0.04676	-0.01173	1527	1014	0.664	0.0633	1.256	0	0.0902
chr20	57000000	58000000	0.492	0.1117	0.02	0	0.0583	0	1334	34.7	0.1312	-0.01025	1328	892	0.6717	0.05814	0.9869	1498	35.88	0.1106	0.01202	1496	1118	0.7473	0.05556	1.098	1558	33.85	0.1575	-0.0101	1547	1118	0.7227	0.0625	1.062	-0.01707	0.04891
chr20	58000000	59000000	0.4626	0.0716	0.01	0	0.0564	0	1256	33.65	0.0866	-0.004888	1241	893	0.7196	0.0625	1.095	1290	35.1	0.07921	0.01884	1279	920	0.7193	0.05814	1.095	919	32.79	0.1117	-0.001038	912	460	0.5044	0.05556	0.7675	0.02203	0.08746
chr20	59000000	60000000	0.4502	0.0468	0.0222	0	0.0585	0	1112	33.43	0.07705	0.01255	1103	751	0.6809	0.05882	1.023	1449	33.86	0.02732	-0.01756	1435	1144	0.7972	0.0625	1.198	1115	31.67	0.06142	-0.01333	1102	758	0.6878	0.0625	1.034	0	0.08489
chr20	60000000	61000000	0.4318	-0.0386	0.0158	0	0.0621	0	1221	31.75	0.002888	0.03212	1211	771	0.6367	0.0641	1.074	1383	31.97	-0.05552	-0.01203	1369	964	0.7042	0.06174	1.188	1076	28.58	-0.08658	-0.0787	1072	582	0.5429	0.06522	0.9158	0.06926	0.1651
chr20	61000000	62000000	0.5059	0.0442	0.0358	0	0.0625	0	1896	34.02	0.1026	0.01986	1812	1262	0.6965	0.06098	1.094	1778	33.46	0.009855	-0.01596	1695	1059	0.6248	0.06098	0.981	1898	31.24	0.04172	-0.06607	1805	1166	0.646	0.06667	1.014	0.0798	0.08489
chr20	62000000	63000000	0.5642	0.1996	0.0602	0	0.0556	0	1743	38.6	0.2847	0.007361	1712	1072	0.6262	0.05848	1.076	1780	38.05	0.1954	0.01688	1743	1060	0.6081	0.0625	1.045	1698	36.64	0.2719	-0.004722	1656	843	0.5091	0.05556	0.8751	0.04307	0.04307
chr20	63000000	64000000	0.5723	0.1849	0.0707	0	0.0585	0	1887	37.94	0.2597	-0.003698	1795	1183	0.6591	0.05814	0.9799	1840	36.71	0.1438	-0.01952	1746	1212	0.6942	0.06098	1.032	2091	36.45	0.2643	-0.00145	2008	1467	0.7306	0.06	1.086	0.05247	0
chr20	64000000	64444167	0.5314	0.0084	0.0733	0	0.0667	0	467	33.4	0.0759	0.01445	361	242	0.6704	0.06496	1.021	384	35.14	0.08076	0.08651	325	291	0.8954	0.07143	1.363	602	32.78	0.111	0.02931	512	415	0.8105	0.06757	1.234	0.05971	-0.078
chr21	0	1000000	NA	NA	NA	1	NA	0	0	NA	NA	NA	0	0	NA	NA	NA	0	NA	NA	NA	0	0	NA	NA	NA	0	NA	NA	NA	0	0	NA	NA	NA	NA	NA
chr21	1000000	2000000	NA	NA	NA	1	NA	0	0	NA	NA	NA	0	0	NA	NA	NA	0	NA	NA	NA	0	0	NA	NA	NA	0	NA	NA	NA	0	0	NA	NA	NA	NA	NA
chr21	2000000	3000000	NA	NA	NA	1	NA	0	0	NA	NA	NA	0	0	NA	NA	NA	0	NA	NA	NA	0	0	NA	NA	NA	0	NA	NA	NA	0	0	NA	NA	NA	NA	NA
chr21	3000000	4000000	NA	NA	NA	1	NA	0	0	NA	NA	NA	0	0	NA	NA	NA	0	NA	NA	NA	0	0	NA	NA	NA	0	NA	NA	NA	0	0	NA	NA	NA	NA	NA
chr21	4000000	5000000	NA	NA	NA	1	NA	0	0	NA	NA	NA	0	0	NA	NA	NA	0	NA	NA	NA	0	0	NA	NA	NA	0	NA	NA	NA	0	0	NA	NA	NA	NA	NA
chr21	5000000	6000000	0.4339	0.7923	0.4733	1	0.1083	1	2134	46.82	0.5633	NA	1411	646	0.4578	NA	0.8108	2164	45.89	0.4658	NA	1380	651	0.4717	NA	0.8354	2120	42.24	0.4769	NA	1353	669	0.4945	NA	0.8756	0.04206	0.1454
chr21	6000000	7000000	0.4614	-0.8384	0.4564	1	0.1256	1	166	16.78	-0.9171	NA	68	34	0.5	NA	0.8505	139	11.61	-1.517	NA	44	25	0.5682	NA	0.9665	165	22.4	-0.4379	NA	64	44	0.6875	NA	1.169	0.1645	0.1423
chr21	7000000	8000000	0.4077	1.742	0.2282	1	0.1528	1	2054	90.88	1.52	NA	1601	1490	0.9307	NA	1.015	2132	89.61	1.431	NA	1661	1507	0.9073	NA	0.9898	2070	81.9	1.432	NA	1596	1514	0.9486	NA	1.035	0.0868	0.1587
chr21	8000000	9000000	0.4367	0.937	0.208	1	0.1362	1	1856	67.91	1.1	NA	1247	933	0.7482	NA	1.061	1928	67.67	1.026	NA	1291	805	0.6235	NA	0.8843	1577	77.98	1.361	NA	1041	877	0.8425	NA	1.195	0.004932	-0.03847
chr21	9000000	10000000	0.413	0.8953	0.1799	1	0.1317	1	5612	51.44	0.6989	NA	3556	1880	0.5287	NA	0.8065	6002	52.73	0.6661	NA	3778	2160	0.5717	NA	0.8722	5488	55.76	0.8777	NA	3625	2492	0.6874	NA	1.049	-0.01057	-0.08964
chr21	10000000	11000000	0.3868	1.835	0.0731	0	0.1567	1	5210	114.6	1.855	0.0196	4197	2963	0.706	NA	0.8286	5429	123.2	1.89	0.05454	4318	3146	0.7286	NA	0.8551	5235	94.14	1.633	-0.1827	4113	2959	0.7194	NA	0.8444	0.05407	0.2996
chr21	11000000	12000000	0.3861	NA	NA	1	NA	0	0	NA	NA	NA	0	0	NA	NA	NA	0	NA	NA	NA	0	0	NA	NA	NA	0	NA	NA	NA	0	0	NA	NA	NA	NA	NA
chr21	12000000	13000000	0.3863	1.186	0.0222	0	0.1834	1	286	72.28	1.19	0.004863	209	208	0.9952	NA	0.9999	255	76.67	1.206	0.02362	210	209	0.9952	NA	0.9999	286	68.94	1.184	0.01438	195	193	0.9897	NA	0.9944	0.0156	0.09954
chr21	13000000	14000000	0.3911	0.0511	0.0909	0	0.0714	0	1835	30.94	-0.03445	-0.07512	1734	1222	0.7047	0.06667	1.035	1651	32.31	-0.04025	-0.08383	1580	1056	0.6684	0.05966	0.9819	1635	29.98	-0.01783	-0.0581	1545	1008	0.6524	0.07044	0.9585	0.02076	0.142
chr21	14000000	15000000	0.377	0.0202	0.0167	0	0.0594	0	1640	31.1	-0.02713	-0.0309	1636	1007	0.6155	0.06667	0.9064	1941	33.7	0.02024	-0.002026	1937	1214	0.6267	0.05882	0.9229	1534	29.79	-0.02696	-0.02135	1523	958	0.629	0.06757	0.9263	0	0.1605
chr21	15000000	16000000	0.3732	-0.0301	0.0132	0	0.0597	0	879	30.84	-0.03929	-0.0009571	876	772	0.8813	0.0625	1.328	1036	32.3	-0.04089	-0.0114	1026	675	0.6579	0.05882	0.9917	706	29.5	-0.04078	0.02152	699	590	0.8441	0.05941	1.272	-0.02048	0.1375
chr21	16000000	17000000	0.3544	-0.092	0.0181	0	0.0615	0	1573	30.2	-0.06923	0.02178	1557	841	0.5401	0.05556	1.115	1407	31.34	-0.08457	-0.002658	1390	538	0.3871	0.06	0.7987	1669	27.3	-0.1528	0.01237	1651	970	0.5875	0.06522	1.212	0.04182	0.1806
chr21	17000000	18000000	0.3929	-0.0757	0.0143	0	0.061	0	1545	30.38	-0.06078	0.02912	1537	1110	0.7222	0.06667	1.03	1634	31.68	-0.06891	0.004526	1618	966	0.597	0.06098	0.8514	1832	28.34	-0.09882	-0.03194	1807	1322	0.7316	0.07143	1.043	0.01937	0.1635
chr21	18000000	19000000	0.3566	-0.0794	0.0278	0	0.06	0	1865	30.09	-0.0748	0.002851	1851	1179	0.637	0.06	1.023	2162	31.82	-0.06267	0.009918	2151	1532	0.7122	0.06	1.144	1891	27.22	-0.1569	-0.008068	1880	1144	0.6085	0.07143	0.9774	0.02272	0.2105
chr21	19000000	20000000	0.3479	-0.1018	0.0303	0	0.0625	0	1523	29.72	-0.09265	0.004998	1500	1029	0.686	0.0625	1.046	1639	31.05	-0.09806	-0.00066	1631	833	0.5107	0.06667	0.7787	1068	26.25	-0.2093	-0.02054	1056	592	0.5606	0.07143	0.8547	0.04891	0.241
chr21	20000000	21000000	0.3542	-0.107	0.0326	0	0.0625	0	1526	29.74	-0.09163	0.0136	1513	460	0.304	0.06522	0.5442	1784	31.04	-0.09827	-0.003104	1766	1150	0.6512	0.05941	1.166	1912	26.31	-0.2059	-0.03064	1893	1069	0.5647	0.06522	1.011	0.04731	0.2545
chr21	21000000	22000000	0.3463	-0.1051	0.0331	0	0.0625	0	1800	29.82	-0.0875	0.01095	1794	779	0.4342	0.06	0.8383	1741	30.69	-0.1147	-0.02414	1726	653	0.3783	0.06522	0.7304	2016	26.68	-0.1857	0.00483	2009	1141	0.5679	0.0625	1.096	0.0458	0.2115
chr21	22000000	23000000	0.3498	-0.1199	0.0229	0	0.0625	0	1287	29.03	-0.1261	-0.00952	1275	614	0.4816	0.06594	0.8314	1540	30.47	-0.1252	-0.009993	1537	1018	0.6623	0.06	1.144	1531	26.34	-0.2042	0.0003516	1523	991	0.6507	0.06667	1.123	0.05063	0.2224
chr21	23000000	24000000	0.3518	-0.0931	0.0296	0	0.0628	0	1612	29.74	-0.09134	-0.005046	1610	837	0.5199	0.06522	0.7809	1685	31.09	-0.09586	-0.01163	1679	992	0.5908	0.0625	0.8875	1675	27.51	-0.1416	0.02427	1664	1238	0.744	0.06522	1.118	0	0.172
chr21	24000000	25000000	0.3505	-0.0224	0.031	0	0.0614	0	1942	30.72	-0.04469	-0.02711	1938	1231	0.6352	0.05882	1.085	1695	31.57	-0.07393	-0.0604	1693	688	0.4064	0.0625	0.6942	2039	28.86	-0.0724	0.03431	2034	1316	0.647	0.06594	1.105	0.02346	0.142
chr21	25000000	26000000	0.3818	0.0448	0.0262	0	0.0588	0	1295	32.38	0.03138	0.001867	1292	889	0.6881	0.06522	1.111	1086	33.88	0.02793	-0.01831	1080	631	0.5843	0.0625	0.9437	1258	32.12	0.0817	0.0376	1253	875	0.6983	0.05556	1.128	-0.0217	0.1186
chr21	26000000	27000000	0.3853	-0.0276	0.0363	0	0.0591	0	1604	30.55	-0.05253	-0.01534	1594	1218	0.7641	0.06667	1.145	1400	32.13	-0.04854	-0.02115	1388	681	0.4906	0.0625	0.7349	1279	29.05	-0.06291	-0.01693	1272	837	0.658	0.06	0.9856	-0.02466	0.1468
chr21	27000000	28000000	0.3616	-0.0762	0.028	0	0.061	0	1695	30.44	-0.05798	0.01721	1693	872	0.5151	0.0625	0.8798	1686	31.36	-0.0834	-0.0154	1682	962	0.5719	0.06	0.977	1773	27.18	-0.1589	-0.02388	1761	1040	0.5906	0.06	1.009	0.08573	0.2224
chr21	28000000	29000000	0.3752	-0.0113	0.0286	0	0.0605	0	1257	30.87	-0.03748	-0.02369	1253	518	0.4134	0.05882	0.7067	1243	32.9	-0.01415	-0.005159	1240	554	0.4468	0.06098	0.7637	2002	29.8	-0.02652	0.0271	1989	1203	0.6048	0.06	1.034	0	0.1575
chr21	29000000	30000000	0.3916	0.042	0.0248	0	0.0568	0	1106	31.69	6.424e-05	-0.03061	1087	693	0.6375	0.05882	1.239	1032	34.22	0.04243	0.008466	1025	632	0.6166	0.05647	1.198	1034	31.52	0.05448	0.02319	1028	508	0.4942	0.06	0.9605	-0.04439	0.1155
chr21	30000000	31000000	0.3702	-0.046	0.0255	0	0.0591	0	1416	30.7	-0.04587	0	1409	1056	0.7495	0.0625	1.031	1416	31.75	-0.06583	-0.02327	1407	1053	0.7484	0.0625	1.03	1516	28.16	-0.1078	-0.02828	1504	395	0.2626	0.06	0.3615	0.02272	0.1699
chr21	31000000	32000000	0.4361	-0.0057	0.0188	0	0.0591	0	1050	32.26	0.02573	0.0197	1042	709	0.6804	0.0625	0.9956	1372	32.79	-0.01941	-0.009765	1362	957	0.7026	0.06098	1.028	1039	30.76	0.01959	0	1037	705	0.6798	0.05882	0.9948	0	0.0902
chr21	32000000	33000000	0.4333	0.0411	0.0314	0	0.0611	0	1196	32.92	0.05511	0.004182	1184	956	0.8074	0.06174	1.173	957	33.38	0.006647	-0.02699	957	714	0.7461	0.05556	1.084	1339	31.62	0.05922	-0.002776	1328	898	0.6762	0.06522	0.9826	0	0.07921
chr21	33000000	34000000	0.4384	0.0706	0.0237	0	0.0591	0	1177	32.91	0.0545	-0.0228	1143	624	0.5459	0.0641	0.8494	1306	34.8	0.06647	0.0009575	1293	827	0.6396	0.05172	0.9952	1159	33.36	0.1366	0.04544	1143	679	0.5941	0.05882	0.9243	-0.04064	0.04891
chr21	34000000	35000000	0.4379	0.0688	0.0213	0	0.06	0	904	32.89	0.05367	-0.02187	899	474	0.5273	0.05685	0.8223	955	34.58	0.05768	-0.006987	950	534	0.5621	0.05941	0.8766	853	32.31	0.09019	-0.0128	847	542	0.6399	0.06	0.998	-0.0458	0.08489
chr21	35000000	36000000	0.411	-0.0036	0.0125	0	0.0597	0	1359	31.29	-0.01795	-0.01725	1354	838	0.6189	0.05882	0.992	1441	33.07	-0.006854	-0.001062	1423	1093	0.7681	0.06	1.231	1474	29.56	-0.03803	-0.05076	1460	914	0.626	0.0625	1.003	0	0.1751
chr21	36000000	37000000	0.4588	0.0647	0.0217	0	0.0583	0	1320	33.59	0.08402	0.006405	1309	719	0.5493	0.05882	0.8399	1333	34.31	0.04622	-0.007293	1324	615	0.4645	0.05556	0.7102	1686	32.63	0.1044	0.0001379	1677	1086	0.6476	0.05882	0.9902	0.02346	0.06224
chr21	37000000	38000000	0.4219	0.0255	0.0162	0	0.0588	0	1606	31.96	0.01218	-0.01556	1590	1138	0.7157	0.06098	1.091	1396	33.85	0.02654	0.003935	1379	907	0.6577	0.0625	1.003	1561	31.7	0.06307	0.01122	1544	1051	0.6807	0.06098	1.038	-0.039	0.09311
chr21	38000000	39000000	0.4257	0.0008	0.0078	0	0.0591	0	1665	31.9	0.009623	0.000772	1658	1072	0.6466	0.0625	0.9646	1646	32.99	-0.01038	-0.0053	1641	1271	0.7745	0.05882	1.155	1627	30.44	0.004266	-0.02153	1622	869	0.5358	0.06522	0.7993	0	0.1155
chr21	39000000	40000000	0.4306	0.0029	0.0143	0	0.0625	0	1560	32.19	0.02283	0.0121	1551	399	0.2573	0.06667	0.4303	2060	33.04	-0.008287	-0.006419	2048	1201	0.5864	0.0625	0.981	2006	30.73	0.01804	-0.01659	1994	1321	0.6625	0.0625	1.108	0	0.09622
chr21	40000000	41000000	0.4102	-0.0465	0.0099	0	0.06	0	2102	30.78	-0.04194	0.0007763	2057	1380	0.6709	0.06	1.008	1823	32.18	-0.04641	0.001272	1768	805	0.4553	0.0625	0.6839	1961	28.26	-0.1029	-0.06368	1909	1029	0.539	0.06522	0.8096	0.03797	0.1541
chr21	41000000	42000000	0.4721	0.0804	0.023	0	0.0568	0	1698	34.75	0.1332	0.02941	1685	1079	0.6404	0.05556	0.9497	1771	35.08	0.07808	0.008523	1752	1158	0.661	0.05882	0.9802	1641	32.78	0.1112	-0.02119	1609	1026	0.6377	0.06049	0.9457	0.01729	0.05929
chr21	42000000	43000000	0.4971	0.12	0.0265	0	0.0588	0	2058	35.07	0.1463	-0.01142	2009	1069	0.5321	0.06098	0.8964	2017	29.76	-0.1591	-0.267	1916	1000	0.5219	0.08974	0.8792	2081	34.13	0.1694	-0.009415	2039	1036	0.5081	0.05882	0.856	0.1216	-0.1776
chr21	43000000	44000000	0.5176	0.134	0.06	0	0.0568	0	829	36.13	0.1893	0	760	503	0.6618	0.06	1.091	905	23.86	-0.4777	-0.5986	786	480	0.6107	0.2419	1.007	1004	35.55	0.2281	0.02228	948	662	0.6983	0.05882	1.152	0.271	-0.5663
chr21	44000000	45000000	0.5301	0.1597	0.0471	0	0.0589	0	1515	37.13	0.2287	0.01587	1477	768	0.52	0.05556	0.9169	1684	23.92	-0.4745	-0.6203	1512	768	0.5079	0.2333	0.8957	1458	35.97	0.2451	0.01355	1417	773	0.5455	0.05814	0.9619	0.297	-0.5683
chr21	45000000	46000000	0.5109	0.1231	0.0369	0	0.0594	0	1429	36.33	0.1973	0.02914	1343	849	0.6322	0.05882	0.8879	1350	23.59	-0.4943	-0.6033	1134	794	0.7002	0.2308	0.9834	1647	34.26	0.1747	-0.01221	1535	1233	0.8033	0.0625	1.128	0.337	-0.5208
chr21	46000000	46709983	0.4932	0.027	0.0476	0	0.0647	0	1709	33.75	0.09099	0.03311	1599	1075	0.6723	0.0625	0.9648	1661	22.22	-0.5807	-0.5913	1387	856	0.6172	0.2273	0.8857	1070	32.17	0.0841	0.001741	987	294	0.2979	0.06712	0.4275	0.3479	-0.5406
chr22	0	1000000	NA	NA	NA	1	NA	0	0	NA	NA	NA	0	0	NA	NA	NA	0	NA	NA	NA	0	0	NA	NA	NA	0	NA	NA	NA	0	0	NA	NA	NA	NA	NA
chr22	1000000	2000000	NA	NA	NA	1	NA	0	0	NA	NA	NA	0	0	NA	NA	NA	0	NA	NA	NA	0	0	NA	NA	NA	0	NA	NA	NA	0	0	NA	NA	NA	NA	NA
chr22	2000000	3000000	NA	NA	NA	1	NA	0	0	NA	NA	NA	0	0	NA	NA	NA	0	NA	NA	NA	0	0	NA	NA	NA	0	NA	NA	NA	0	0	NA	NA	NA	NA	NA
chr22	3000000	4000000	NA	NA	NA	1	NA	0	0	NA	NA	NA	0	0	NA	NA	NA	0	NA	NA	NA	0	0	NA	NA	NA	0	NA	NA	NA	0	0	NA	NA	NA	NA	NA
chr22	4000000	5000000	NA	NA	NA	1	NA	0	0	NA	NA	NA	0	0	NA	NA	NA	0	NA	NA	NA	0	0	NA	NA	NA	0	NA	NA	NA	0	0	NA	NA	NA	NA	NA
chr22	5000000	6000000	NA	NA	NA	1	NA	0	0	NA	NA	NA	0	0	NA	NA	NA	0	NA	NA	NA	0	0	NA	NA	NA	0	NA	NA	NA	0	0	NA	NA	NA	NA	NA
chr22	6000000	7000000	NA	NA	NA	1	NA	0	0	NA	NA	NA	0	0	NA	NA	NA	0	NA	NA	NA	0	0	NA	NA	NA	0	NA	NA	NA	0	0	NA	NA	NA	NA	NA
chr22	7000000	8000000	NA	NA	NA	1	NA	0	0	NA	NA	NA	0	0	NA	NA	NA	0	NA	NA	NA	0	0	NA	NA	NA	0	NA	NA	NA	0	0	NA	NA	NA	NA	NA
chr22	8000000	9000000	NA	NA	NA	1	NA	0	0	NA	NA	NA	0	0	NA	NA	NA	0	NA	NA	NA	0	0	NA	NA	NA	0	NA	NA	NA	0	0	NA	NA	NA	NA	NA
chr22	9000000	10000000	NA	NA	NA	1	NA	0	0	NA	NA	NA	0	0	NA	NA	NA	0	NA	NA	NA	0	0	NA	NA	NA	0	NA	NA	NA	0	0	NA	NA	NA	NA	NA
chr22	10000000	11000000	0.3849	1.737	0.1541	1	0.1367	1	2523	117.6	1.892	NA	1688	1374	0.814	NA	0.9895	2587	125.6	1.918	NA	1798	1461	0.8126	NA	0.9878	2465	98.36	1.696	NA	1672	1550	0.927	NA	1.127	0.007573	0.3262
chr22	11000000	12000000	0.4235	1.163	0.1589	1	0.1181	1	2682	81.83	1.369	NA	1947	1817	0.9332	NA	1.041	2895	73.57	1.147	NA	2045	1881	0.9198	NA	1.026	2700	70	1.206	NA	1586	1411	0.8897	NA	0.9927	0.1081	0.0902
chr22	12000000	13000000	0.3863	0.9357	0.1087	1	0.1147	1	4591	55.61	0.8115	NA	2894	2328	0.8044	NA	0.9091	4317	63.21	0.9277	NA	2887	2673	0.9259	NA	1.046	4306	54.06	0.8329	NA	2843	2510	0.8829	NA	0.9977	-0.03562	0.154
chr22	13000000	14000000	0.3834	NA	NA	1	NA	0	0	NA	NA	NA	0	0	NA	NA	NA	0	NA	NA	NA	0	0	NA	NA	NA	0	NA	NA	NA	0	0	NA	NA	NA	NA	NA
chr22	14000000	15000000	0.387	NA	NA	1	NA	0	0	NA	NA	NA	0	0	NA	NA	NA	0	NA	NA	NA	0	0	NA	NA	NA	0	NA	NA	NA	0	0	NA	NA	NA	NA	NA
chr22	15000000	16000000	0.4063	-0.3582	0.0953	0	0.1	1	1687	30.35	-0.06198	0.2929	1003	436	0.4347	NA	0.8145	1711	27.86	-0.2544	0.1061	1078	385	0.3571	NA	0.6692	1645	24.7	-0.2971	0.05863	940	461	0.4904	NA	0.9189	0.2086	0.2115
chr22	16000000	17000000	0.3967	0.0431	0.0555	0	0.0769	0	3957	31.85	0.007243	-0.02499	3106	2065	0.6648	0.07692	0.9966	4066	32.82	-0.01791	-0.06248	3284	2332	0.7101	0.07692	1.064	3685	30.66	0.0147	-0.03861	3005	2009	0.6686	0.08065	1.002	0.02122	0.2224
chr22	17000000	18000000	0.4724	0.0605	0.0241	0	0.0621	0	1534	34.02	0.1024	0.01853	1496	956	0.639	0.06	0.9309	1440	34.29	0.04516	-0.002023	1405	807	0.5744	0.0625	0.8367	1910	32.66	0.1058	-0.004844	1871	1404	0.7504	0.06098	1.093	0	0.08746
chr22	18000000	19000000	0.481	-0.4985	0.1169	1	0.0768	0	1330	22.83	-0.4731	NA	864	427	0.4942	0.075	0.9829	1279	21.33	-0.6399	NA	797	337	0.4228	0.08065	0.841	1218	21.43	-0.5022	NA	817	374	0.4578	0.07143	0.9104	0.1926	0.263
chr22	19000000	20000000	0.5035	0.1063	0.0185	0	0.0583	0	1063	35.4	0.1597	0.01507	1047	820	0.7832	0.05769	1.207	956	35.32	0.08792	-0.006208	947	690	0.7286	0.05556	1.123	1133	34.17	0.1709	0.001056	1123	688	0.6126	0.06174	0.9443	0.02346	0.04891
chr22	20000000	21000000	0.5212	0.1209	0.041	0	0.06	0	1837	36.75	0.2139	0.04026	1802	967	0.5366	0.05556	0.8083	1880	36.07	0.1185	0.01221	1801	1360	0.7551	0.0625	1.137	1873	34.94	0.2034	0.01103	1814	1263	0.6963	0.05556	1.049	0.03524	0.03477
chr22	21000000	22000000	0.4983	-0.1593	0.1059	1	0.069	0	1886	32.26	0.02589	NA	1522	806	0.5296	0.06667	1.123	1881	31.42	-0.08057	NA	1483	638	0.4302	0.07143	0.912	1715	30.32	-0.001169	NA	1404	557	0.3967	0.06863	0.8411	0.04307	0.078
chr22	22000000	23000000	0.4527	-0.072	0.1772	1	0.0653	0	2517	33.72	0.08992	NA	2487	1881	0.7563	0.0625	1.267	2734	35.42	0.09192	NA	2690	1843	0.6851	0.06	1.148	1692	19.76	-0.619	NA	1458	350	0.2401	0.05882	0.4022	0.2787	0.8931
chr22	23000000	24000000	0.5086	0.1207	0.0401	0	0.0605	0	1322	35.19	0.1512	-0.0134	1292	502	0.3885	0.0633	0.6674	2020	36.05	0.1174	0.01138	1959	1175	0.5998	0.0625	1.03	1485	34.22	0.1734	-0.004937	1453	802	0.552	0.06174	0.9481	-0.01792	0.03953
chr22	24000000	25000000	0.4812	0.058	0.0277	0	0.0613	0	690	33.26	0.06994	-0.01142	678	522	0.7699	0.05882	1.046	1049	34.83	0.0679	0.02164	1031	870	0.8438	0.06	1.147	1005	32.94	0.1182	0.01629	980	819	0.8357	0.05882	1.135	0.05185	0.0458
chr22	25000000	26000000	0.4608	0.0666	0.0201	0	0.061	0	1443	33.31	0.07188	-0.01268	1436	775	0.5397	0.06098	0.8502	1674	34.9	0.07068	0.01554	1665	1086	0.6523	0.05556	1.027	1395	33.01	0.1212	0.01127	1386	846	0.6104	0.07143	0.9615	-0.02106	0.08017
chr22	26000000	27000000	0.4542	0.0543	0.0237	0	0.06	0	1527	33.41	0.07635	0.007168	1520	994	0.6539	0.05882	1.024	1422	34.56	0.05679	0.01083	1413	921	0.6518	0.05556	1.021	1676	32.18	0.08477	-0.001106	1668	1085	0.6505	0.0625	1.019	-0.02046	0.07595
chr22	27000000	28000000	0.4664	0.0316	0.0246	0	0.06	0	1511	32.94	0.05588	0.0004415	1506	867	0.5757	0.05814	0.8315	1527	33.26	0.001318	-0.02247	1526	867	0.5682	0.06	0.8206	1369	30.77	0.01976	-0.05382	1364	659	0.4831	0.0625	0.6978	0.0458	0.1155
chr22	28000000	29000000	0.4129	0.0191	0.0135	0	0.0617	0	646	32.47	0.03541	0.009953	638	521	0.8166	0.05882	1.296	654	33.56	0.01444	0.000349	637	391	0.6138	0.06	0.974	423	31.51	0.05419	0.02448	415	251	0.6048	0.06	0.9597	0	0.09165
chr22	29000000	30000000	0.4763	0.0928	0.0239	0	0.0594	0	1120	34.55	0.1246	0.006163	1113	781	0.7017	0.05556	0.98	1319	34.98	0.07423	-0.0002825	1315	1015	0.7719	0.05882	1.078	1202	33.89	0.1593	0.01838	1196	901	0.7533	0.05556	1.052	0	0.039
chr22	30000000	31000000	0.4804	0.1045	0.0299	0	0.0588	0	1052	34.46	0.1209	-0.006926	1050	669	0.6371	0.0641	0.9774	1071	35.16	0.08168	-0.01059	1063	768	0.7225	0.06	1.108	941	33.54	0.1443	-0.006208	933	636	0.6817	0.0625	1.046	0.01911	0.06413
chr22	31000000	32000000	0.4709	0.0591	0.0389	0	0.0591	0	869	33.55	0.08246	-0.006591	854	681	0.7974	0.06	1.08	481	33.92	0.02985	-0.01844	474	162	0.3418	0.07143	0.463	926	32.87	0.1149	0.007895	913	688	0.7536	0.06667	1.021	-0.008537	0.04322
chr22	32000000	33000000	0.4503	0.0195	0.0115	0	0.0602	0	1548	32.4	0.03206	-0.005242	1524	1012	0.664	0.05848	0.9642	1496	33.42	0.008206	-0.008009	1479	492	0.3327	0.06049	0.483	1536	31.18	0.03901	-0.004762	1521	1062	0.6982	0.06522	1.014	0	0.1031
chr22	33000000	34000000	0.4367	0.0102	0.016	0	0.0594	0	1208	32.46	0.03484	0.01346	1204	660	0.5482	0.06	0.7658	1540	33.72	0.02119	0.01465	1533	1024	0.668	0.06	0.9332	1324	30.79	0.02068	-0.0164	1315	846	0.6433	0.06667	0.8988	0	0.1468
chr22	34000000	35000000	0.4126	-0.014	0.0133	0	0.06	0	1666	31.36	-0.01505	-0.005551	1656	726	0.4384	0.06	0.7211	1281	32.48	-0.03279	-0.01517	1276	7	0.005486	0.07143	0.009023	1761	29.62	-0.03505	-0.03574	1756	835	0.4755	0.0625	0.7821	0.02272	0.1375
chr22	35000000	36000000	0.4561	0.0761	0.0358	0	0.0581	0	1308	34.02	0.1025	0.01012	1301	871	0.6695	0.05556	1.011	1243	34.76	0.06483	-0.005123	1235	385	0.3117	0.05556	0.471	1211	33.46	0.141	0.02862	1198	777	0.6486	0.05882	0.9799	-0.02046	0.078
chr22	36000000	37000000	0.4853	0.1041	0.0273	0	0.0588	0	1148	34.51	0.123	-0.006526	1136	560	0.493	0.05848	0.7887	1203	35.07	0.0777	-0.01689	1184	617	0.5211	0.0625	0.8338	1495	33.98	0.1629	0.01181	1471	915	0.622	0.06	0.9952	0	0.04307
chr22	37000000	38000000	0.5384	0.1633	0.0471	0	0.0588	0	1247	36.44	0.2016	-0.01858	1241	700	0.5641	0.05685	0.8865	1354	36.71	0.1439	4.084e-05	1346	553	0.4108	0.06098	0.6457	1143	36.34	0.2601	0.02352	1136	744	0.6549	0.0625	1.029	-0.03317	0
chr22	38000000	39000000	0.5009	0.1179	0.0404	0	0.0568	0	1201	35.26	0.1542	-0.001409	1195	847	0.7088	0.05882	1.08	1153	35.39	0.0907	-0.009311	1142	807	0.7067	0.05319	1.077	1286	34.69	0.193	0.01622	1279	989	0.7733	0.05882	1.179	0	0
chr22	39000000	40000000	0.5	0.1558	0.0374	0	0.0568	0	1208	36.29	0.1955	0.00317	1198	769	0.6419	0.05814	1.031	1097	36.89	0.1507	0.005064	1089	751	0.6896	0.05172	1.108	1088	35.73	0.2356	0.02211	1078	697	0.6466	0.05556	1.039	0	0.03436
chr22	40000000	41000000	0.441	0.042	0.0306	0	0.0622	0	599	32.8	0.04996	0	581	341	0.5869	0.06098	1.012	562	33.62	0.01693	-0.01654	553	448	0.8101	0.06667	1.397	606	32.86	0.1147	0.05426	594	413	0.6953	0.07143	1.199	-0.02237	0.03653
chr22	41000000	42000000	0.4966	0.089	0.0398	0	0.0588	0	700	34.25	0.1122	-0.01363	695	115	0.1655	0.05	0.2588	1118	35.13	0.08035	0.001353	1110	735	0.6622	0.05814	1.036	730	34.38	0.1799	0.0348	721	210	0.2913	0.0625	0.4556	0	0
chr22	42000000	43000000	0.5021	0.1266	0.0335	0	0.0607	0	1023	35.93	0.1814	0.01632	1016	486	0.4783	0.06	0.6256	1649	36.08	0.1189	0.01019	1629	1458	0.895	0.06098	1.171	1695	34.77	0.1964	0.008098	1648	1208	0.733	0.05882	0.9587	0.0165	0
chr22	43000000	44000000	0.4984	0.0979	0.0241	0	0.0588	0	1402	34.75	0.1333	-0.002336	1380	1001	0.7254	0.05882	1.053	1500	35.44	0.09284	0.004937	1462	999	0.6833	0.05882	0.9917	1391	33.2	0.1298	-0.02695	1354	944	0.6972	0.05556	1.012	0.02203	0.09954
chr22	44000000	45000000	0.5155	0.1052	0.0288	0	0.0568	0	2071	35.19	0.1514	-0.002379	2057	1385	0.6733	0.05556	1.019	1985	35.84	0.1091	0.018	1967	1071	0.5445	0.06	0.824	1962	33.97	0.1628	-0.01301	1939	1360	0.7014	0.05556	1.061	0	0.08746
chr22	45000000	46000000	0.4862	0.0925	0.0234	0	0.0572	0	1754	34.61	0.1271	0.00773	1742	1321	0.7583	0.05882	1.138	1393	35.34	0.08902	0.008262	1373	829	0.6038	0.05556	0.9063	1527	33.16	0.1278	-0.01494	1515	1180	0.7789	0.05882	1.169	0.02467	0.08132
chr22	46000000	47000000	0.5206	0.1261	0.033	0	0.0588	0	1135	35.97	0.1829	0.007975	1093	399	0.3651	0.06098	0.615	1468	36.74	0.145	0.0336	1416	1012	0.7147	0.05556	1.204	1588	34.89	0.2012	0.003712	1558	1074	0.6893	0.0625	1.161	0.03395	0.05445
chr22	47000000	48000000	0.4695	0.0591	0.0204	0	0.06	0	1524	34.25	0.112	0.02803	1508	902	0.5981	0.0625	0.8732	1801	34.34	0.04757	-0.002326	1779	1213	0.6818	0.0641	0.9954	1480	31.59	0.05786	-0.04533	1454	683	0.4697	0.06	0.6857	0.04439	0.122
chr22	48000000	49000000	0.5033	0.0608	0.0342	0	0.06	0	2490	34.81	0.1357	0.03724	2452	1630	0.6648	0.06	1.011	2393	33.92	0.02977	-0.01885	2347	1602	0.6826	0.06098	1.038	2076	31.74	0.06465	-0.05788	2028	843	0.4157	0.06667	0.6324	0.07943	0.08246
chr22	49000000	50000000	0.5152	0.1194	0.05	0	0.0587	0	2463	35.48	0.1633	-0.004731	2407	1471	0.6111	0.05882	1.048	2101	34.59	0.05784	-0.04838	2040	953	0.4672	0.05102	0.8009	2316	33.81	0.1557	-0.03238	2272	1391	0.6122	0.06098	1.05	0.05312	0.05951
chr22	50000000	50818468	0.5433	0.1239	0.053	0	0.0613	0	1488	36.7	0.2119	0.02832	1393	1089	0.7818	0.06098	1.11	1209	35.57	0.09808	-0.006401	1117	538	0.4816	0.06	0.6836	1123	35.6	0.2301	0.0363	1066	724	0.6792	0.05882	0.9639	0.05125	0
chrX	0	1000000	0.4898	NA	NA	1	NA	0	2830	30.67	-0.04702	NA	2513	1862	0.7409	0.07143	NA	2838	29.31	-0.1812	NA	2403	1425	0.593	0.075	NA	2774	28.49	-0.09126	NA	2453	1785	0.7277	0.075	NA	0.06413	0.04307
chrX	1000000	2000000	0.4827	NA	NA	1	NA	0	3311	31.85	0.007411	NA	3063	1971	0.6435	0.0641	NA	3354	31.63	-0.07108	NA	3101	1929	0.6221	0.06667	NA	3225	29.93	-0.02003	NA	2929	1936	0.661	0.06667	NA	0.04731	0.09622
chrX	2000000	3000000	0.4605	0.0233	0.0483	0	0.0625	0	1891	31.16	-0.02397	-0.06523	1840	871	0.4734	0.0625	1.225	1752	31	-0.1003	-0.112	1703	690	0.4052	0.0625	1.048	1800	30.87	0.02457	-0.04442	1756	948	0.5399	0.06981	1.397	0	0
chrX	3000000	4000000	0.4286	-0.0455	0.0131	0	0.0652	0	1096	15.37	-1.043	-1.003	1054	0	0	NA	0	962	16.11	-1.044	-0.9936	932	0	0	NA	0	1380	29.36	-0.04753	-0.04001	1342	744	0.5544	0.0625	1.063	-0.5334	-0.8745
chrX	4000000	5000000	0.3776	-0.086	0.0077	0	0.0625	0	605	15.1	-1.069	-0.9699	593	0	0	NA	0	604	15.72	-1.08	-0.9942	589	0	0	NA	0	1182	27.54	-0.1403	-0.02878	1175	778	0.6621	0.06667	1.62	-0.5272	-0.795
chrX	5000000	6000000	0.3771	-0.1125	0.0244	0	0.0667	0	1058	14.72	-1.106	-0.9769	1018	0	0	NA	0	1371	15.45	-1.105	-0.9932	1325	0	0	NA	0	1475	26.4	-0.2011	-0.06283	1460	1021	0.6993	0.06522	1.44	-0.5146	-0.7776
chrX	6000000	7000000	0.3977	-0.0746	0.0336	0	0.06	0	634	14.98	-1.081	-0.9972	603	0	0	NA	0	533	15.38	-1.112	-1.036	509	0	0	NA	0	980	28.38	-0.09695	-0.02353	964	765	0.7936	0.0625	1.306	-0.4695	-0.8625
chrX	7000000	8000000	0.4001	-0.0658	0.0225	0	0.0625	0	327	15.72	-1.011	-0.9404	319	0	0	NA	0	300	15.44	-1.106	-1.039	291	0	0	NA	0	345	29.13	-0.05932	-0.001194	341	57	0.1672	0.08333	0.5076	-0.6383	-0.8337
chrX	8000000	9000000	0.3918	-0.1126	0.0268	0	0.0625	0	719	14.56	-1.122	-0.9946	676	0	0	NA	0	614	15.33	-1.116	-0.9976	582	0	0	NA	0	1155	27.33	-0.1513	-0.02802	1119	724	0.647	0.07143	1.076	-0.5272	-0.848
chrX	9000000	10000000	0.4422	0.0266	0.0109	0	0.0641	0	833	16.21	-0.9667	-1.001	773	0	0	NA	0	807	16.9	-0.9752	-0.9934	760	0	0	NA	0	1074	30.83	0.02286	-0.02581	1021	650	0.6366	0.0688	1.05	-0.5525	-0.9125
chrX	10000000	11000000	0.4092	-0.0202	0.0434	0	0.0641	0	295	15.78	-1.006	-0.9858	290	0	0	NA	0	249	17.24	-0.9468	-0.9313	246	0	0	NA	0	420	30.63	0.01338	0.02704	415	195	0.4699	0.06667	1.33	-0.5359	-0.8301
chrX	11000000	12000000	0.3924	0.0051	0.0538	0	0.06	0	430	15.41	-1.04	-1.026	423	0	0	NA	0	216	16.5	-1.01	-1.013	214	0	0	NA	0	624	31.32	0.04556	0.03712	616	575	0.9334	0.0641	3.116	-0.6088	-0.9461
chrX	12000000	13000000	0.3986	0.0406	0.0197	0	0.06	0	610	16.15	-0.9721	-1.012	601	0	0	NA	0	657	17.09	-0.959	-1.002	650	0	0	NA	0	930	31.45	0.05144	0.008457	926	514	0.5551	0.0625	1.092	-0.585	-0.9125
chrX	13000000	14000000	0.411	0.0593	0.0257	0	0.0581	0	552	16.15	-0.9723	-1.034	544	0	0	NA	0	721	17.31	-0.9409	-0.998	710	0	0	NA	0	908	32.75	0.1098	0.03421	906	599	0.6611	0.06667	1.449	-0.6114	-0.9175
chrX	14000000	15000000	0.38	-0.0283	0.0214	0	0.0625	0	345	14.86	-1.093	-1.06	338	0	0	NA	0	525	16.51	-1.009	-0.9864	519	0	0	NA	0	510	29.63	-0.03468	0.01971	508	465	0.9154	0.06	1.748	-0.6167	-0.9097
chrX	15000000	16000000	0.3956	0.0222	0.0237	0	0.0625	0	570	16.21	-0.9667	-0.9759	562	0	0	NA	0	444	16.67	-0.9954	-1.017	442	0	0	NA	0	733	31.03	0.03192	0.002574	717	658	0.9177	0.06098	1.875	-0.4919	-0.8301
chrX	16000000	17000000	0.4117	-0.0239	0.0245	0	0.0625	0	235	15.11	-1.068	-1.047	228	0	0	NA	0	521	16.39	-1.02	-0.991	510	0	0	NA	0	569	30.36	0.0007715	0.009964	558	517	0.9265	0.06667	1.712	-0.585	-0.8829
chrX	17000000	18000000	0.4177	-0.0278	0.0284	0	0.0588	0	92	15.16	-1.064	-1.039	88	0	0	NA	0	204	16.79	-0.9848	-0.9473	202	0	0	NA	0	259	30.2	-0.007184	0.01605	258	189	0.7326	0.06	1.49	-0.5272	-0.8194
chrX	18000000	19000000	0.4206	-0.0056	0.0493	0	0.0625	0	292	16.28	-0.9609	-0.9584	286	0	0	NA	0	204	16.69	-0.9932	-0.981	200	0	0	NA	0	404	29.83	-0.02475	-0.02926	401	224	0.5586	0.0625	2.395	-0.5334	-0.8845
chrX	19000000	20000000	0.4286	-0.0384	0.0608	0	0.0588	0	78	16.46	-0.9451	-0.9119	75	0	0	NA	0	158	16.68	-0.9946	-0.9508	152	0	0	NA	0	147	30.06	-0.01395	-0.01353	147	121	0.8231	0.06522	1.602	-0.4112	-1.019
chrX	20000000	21000000	0.3948	-0.0404	0.05	0	0.0652	0	144	16.66	-0.9276	-0.8812	142	0	0	NA	0	46	15.89	-1.064	-1.022	45	0	0	NA	0	346	28.94	-0.06867	-0.02029	341	318	0.9326	0.0695	1.765	-0.3356	-0.7843
chrX	21000000	22000000	0.3774	-0.0758	0.041	0	0.0676	0	67	15.41	-1.04	-0.9474	65	0	0	NA	0	301	16.09	-1.046	-0.9707	294	0	0	NA	0	157	27.39	-0.148	-0.04654	156	116	0.7436	0.07143	1.531	-0.3785	-0.7225
chrX	22000000	23000000	0.383	-0.0693	0.0362	0	0.0625	0	789	15.2	-1.06	-0.9862	765	0	0	NA	0	479	15.89	-1.064	-0.9944	463	0	0	NA	0	1234	27.8	-0.1264	-0.03965	1231	848	0.6889	0.06667	1.093	-0.5025	-0.848
chrX	23000000	24000000	0.4076	-0.0044	0.0301	0	0.0613	0	548	15.75	-1.008	-1.006	536	0	0	NA	0	652	16.88	-0.9776	-0.9721	642	0	0	NA	0	1158	29.85	-0.02392	-0.02213	1152	839	0.7283	0.06667	2.08	-0.585	-0.848
chrX	24000000	25000000	0.4127	-0.0077	0.0201	0	0.0641	0	460	15.71	-1.012	-1.011	448	0	0	NA	0	334	17.16	-0.9535	-0.9412	326	0	0	NA	0	736	30.32	-0.001173	-0.008141	728	601	0.8255	0.0625	1.455	-0.585	-0.8404
chrX	25000000	26000000	0.381	-0.0655	0.0361	0	0.0641	0	488	14.85	-1.094	-1.022	481	0	0	NA	0	396	15.94	-1.06	-1	387	0	0	NA	0	682	27.56	-0.1391	-0.06472	681	517	0.7592	0.07143	1.221	-0.585	-0.8171
chrX	26000000	27000000	0.3637	-0.1044	0.0228	0	0.0641	0	101	14.84	-1.095	-0.9817	96	0	0	NA	0	656	15.6	-1.091	-0.9949	630	0	0	NA	0	646	27.02	-0.1674	-0.007677	635	560	0.8819	0.06667	1.273	-0.5236	-0.8208
chrX	27000000	28000000	0.3645	-0.1126	0.0442	0	0.0625	0	307	14.6	-1.118	-0.9967	291	0	0	NA	0	772	15.47	-1.103	-0.996	751	0	0	NA	0	961	26.48	-0.1968	-0.04151	953	752	0.7891	0.06522	1.692	-0.4854	-0.8231
chrX	28000000	29000000	0.3633	-0.1149	0.0177	0	0.06	0	639	14.68	-1.11	-0.996	617	0	0	NA	0	684	15.5	-1.1	-0.9927	673	0	0	NA	0	985	26.83	-0.1778	-0.005146	973	655	0.6732	0.06	1.24	-0.5272	-0.759
chrX	29000000	30000000	0.3642	-0.0698	0.0284	0	0.0625	0	326	15.09	-1.071	-0.9922	306	0	0	NA	0	273	15.9	-1.064	-1.003	265	0	0	NA	0	637	27.98	-0.1171	0.001755	631	455	0.7211	0.0641	1.004	-0.5264	-0.839
chrX	30000000	31000000	0.3931	-0.0067	0.008	0	0.0625	0	500	15.73	-1.01	-0.9895	486	0	0	NA	0	756	16.67	-0.9952	-0.9885	739	0	0	NA	0	867	30.61	0.01259	0.01047	854	608	0.7119	0.07143	1.056	-0.585	-0.8301
chrX	31000000	32000000	0.3775	-0.0484	0.0174	0	0.0641	0	493	16.08	-0.9782	-0.9143	481	0	0	NA	0	309	16.36	-1.022	-0.9741	303	0	0	NA	0	935	29.2	-0.05557	0.01843	930	743	0.7989	0.0641	1.132	-0.4594	-0.9005
chrX	32000000	33000000	0.3579	-0.1045	0.0236	0	0.0625	0	672	14.75	-1.103	-0.9919	653	0	0	NA	0	585	15.49	-1.101	-1.004	567	0	0	NA	0	1005	27.18	-0.1589	0.01187	1002	748	0.7465	0.07143	1.206	-0.5254	-0.8074
chrX	33000000	34000000	0.3574	-0.1323	0.0255	0	0.0667	0	806	14.33	-1.145	-1.01	774	0	0	NA	0	721	14.97	-1.15	-1.023	703	0	0	NA	0	963	26.35	-0.2039	-0.002154	952	304	0.3193	0.07576	1.132	-0.4919	-0.8231
chrX	34000000	35000000	0.3623	-0.1236	0.0535	0	0.0652	0	342	15.44	-1.038	-0.9161	331	0	0	NA	0	392	15.73	-1.079	-0.9631	380	0	0	NA	0	860	26.32	-0.2054	-0.02419	859	629	0.7322	0.06522	2.331	-0.4975	-0.8074
chrX	35000000	36000000	0.3676	-0.1061	0.0351	0	0.0613	0	469	14.39	-1.139	-1.024	459	0	0	NA	0	515	15.78	-1.074	-0.9719	510	0	0	NA	0	810	27.13	-0.1619	-0.01748	807	361	0.4473	0.05882	1.854	-0.6088	-0.6781
chrX	36000000	37000000	0.3677	-0.0924	0.019	0	0.06	0	401	14.62	-1.116	-1.017	388	0	0	NA	0	122	15.55	-1.095	-1.008	119	0	0	NA	0	452	28.16	-0.1081	0.02675	452	359	0.7942	0.07143	1.236	-0.6813	-0.9717
chrX	37000000	38000000	0.39	-0.0336	0.0279	0	0.06	0	106	15.09	-1.07	-1.035	104	0	0	NA	0	113	17.29	-0.9425	-0.9045	109	0	0	NA	0	190	29.37	-0.04735	-0.00393	190	151	0.7947	0.06667	1.335	-0.6724	-0.8301
chrX	38000000	39000000	0.3952	-0.0127	0.0252	0	0.0588	0	445	15.72	-1.012	-0.9925	436	0	0	NA	0	291	16.82	-0.982	-0.9683	283	0	0	NA	0	624	29.51	-0.04064	-0.02483	621	469	0.7552	0.0625	1.096	-0.6571	-0.8194
chrX	39000000	40000000	0.4517	0.0306	0.015	0	0.0588	0	228	16.57	-0.9351	-0.9822	226	0	0	NA	0	490	17.05	-0.9623	-0.9876	483	0	0	NA	0	463	31.02	0.03166	-0.01783	462	325	0.7035	0.0641	1.085	-0.527	-0.881
chrX	40000000	41000000	0.4553	0.0294	0.0201	0	0.0633	0	447	16.48	-0.9432	-0.9881	434	0	0	NA	0	414	17.14	-0.9554	-0.9779	389	0	0	NA	0	692	31.12	0.03646	-0.03246	681	353	0.5184	0.06757	1.024	-0.55	-0.8688
chrX	41000000	42000000	0.4116	-0.0013	0.0155	0	0.061	0	582	15.72	-1.011	-1.014	569	0	0	NA	0	222	16.46	-1.013	-1.009	213	0	0	NA	0	900	31.44	0.05077	0.03553	891	766	0.8597	0.06	1.233	-0.6333	-1.051
chrX	42000000	43000000	0.3875	-0.047	0.0175	0	0.0652	0	328	15.42	-1.039	-0.9844	313	0	0	NA	0	212	16.07	-1.048	-1.006	204	0	0	NA	0	657	28.76	-0.07757	-0.01053	652	568	0.8712	0.0625	1.58	-0.5525	-0.8301
chrX	43000000	44000000	0.3875	-0.0648	0.0228	0	0.0625	0	430	15.3	-1.05	-0.9781	416	0	0	NA	0	462	15.51	-1.099	-1.039	452	0	0	NA	0	556	28.25	-0.1033	-0.01844	546	232	0.4249	0.06	1.486	-0.5	-0.8903
chrX	44000000	45000000	0.4108	-0.0887	0.0198	0	0.0659	0	600	15.48	-1.033	-0.9463	582	0	0	NA	0	598	15.78	-1.075	-0.9826	563	0	0	NA	0	727	28.86	-0.07275	0.002087	703	297	0.4225	0.06522	0.8334	-0.5475	-0.8365
chrX	45000000	46000000	0.3916	-0.0185	0.0274	0	0.0625	0	444	15.74	-1.01	-0.9797	433	0	0	NA	0	240	16.2	-1.036	-1.01	227	0	0	NA	0	566	29.4	-0.04565	-0.01644	561	235	0.4189	0.06667	1.074	-0.5475	-0.8348
chrX	46000000	47000000	0.4078	0.0038	0.0217	0	0.0652	0	447	15.97	-0.9888	-0.9924	438	0	0	NA	0	422	16.98	-0.9683	-0.971	417	0	0	NA	0	610	30.79	0.02096	0.01156	605	494	0.8165	0.06522	2.271	-0.585	-0.848
chrX	47000000	48000000	0.4412	-0.0119	0.0314	0	0.0667	0	313	16.34	-0.9551	-0.9512	304	0	0	NA	0	586	16.84	-0.9807	-0.9603	574	0	0	NA	0	392	30.71	0.01719	0.009199	391	180	0.4604	0.07143	0.9887	-0.5564	-0.9125
chrX	48000000	49000000	0.4671	-0.0142	0.0325	0	0.0647	0	688	16.29	-0.9601	-0.97	653	0	0	NA	0	748	16.29	-1.028	-1.005	705	0	0	NA	0	999	29.9	-0.02162	-0.05151	964	580	0.6017	0.06667	2.745	-0.48	-0.858
chrX	49000000	50000000	0.4517	0.0149	0.0473	0	0.0556	0	297	16.76	-0.9189	-0.9503	277	0	0	NA	0	300	17.06	-0.9617	-0.9714	271	0	0	NA	0	354	30.85	0.02346	-0.01032	309	58	0.1877	0.08899	1.208	-0.5254	-0.8845
chrX	50000000	51000000	0.4001	-0.0731	0.0379	0	0.06	0	324	14.96	-1.083	-1.005	318	0	0	NA	0	481	15.96	-1.058	-0.9836	469	0	0	NA	0	472	27.81	-0.1258	-0.0604	471	233	0.4947	0.06667	3.361	-0.556	-0.8779
chrX	51000000	52000000	0.3967	-0.0917	0.0253	0	0.0652	0	626	14.93	-1.086	-0.9833	613	0	0	NA	0	639	15.26	-1.123	-1.032	607	0	0	NA	0	937	27.95	-0.1188	-0.03735	925	543	0.587	0.0625	3.389	-0.5564	-0.8745
chrX	52000000	53000000	0.4268	-0.0859	0.0286	0	0.0604	0	580	15.18	-1.061	-0.9827	543	0	0	NA	0	257	15.92	-1.061	-0.9696	238	0	0	NA	0	637	28.15	-0.1087	-0.05327	607	382	0.6293	0.05882	3.672	-0.585	-0.8183
chrX	53000000	54000000	0.4391	-0.0293	0.0087	0	0.0556	0	496	15.47	-1.035	-1.018	474	0	0	NA	0	483	16.26	-1.031	-0.9957	461	0	0	NA	0	573	30.03	-0.01539	-0.005542	552	154	0.279	0.07143	0.8516	-0.5191	-0.8968
chrX	54000000	55000000	0.4231	-0.0534	0.0476	0	0.0605	0	257	15.7	-1.013	-0.9655	245	0	0	NA	0	411	16.27	-1.03	-0.9718	402	0	0	NA	0	294	28.72	-0.0796	-0.05318	289	47	0.1626	0.08824	1.069	-0.5546	-0.8194
chrX	55000000	56000000	0.3962	-0.0433	0.0196	0	0.0556	0	709	16.04	-0.9824	-0.9294	693	0	0	NA	0	812	16.12	-1.044	-1.002	789	0	0	NA	0	723	28.8	-0.07543	-0.03448	722	21	0.02909	0.04054	0.8455	-0.4671	-0.8634
chrX	56000000	57000000	0.3948	-0.0579	0.0148	0	0.0617	0	1103	15.25	-1.055	-0.9907	1062	0	0	NA	0	517	16.14	-1.042	-0.9818	508	0	0	NA	0	1119	28.93	-0.06896	-0.003079	1111	29	0.0261	0.0625	0.8106	-0.5546	-0.8301
chrX	57000000	58000000	0.3841	-0.0705	0.0381	0	0.0578	0	360	14.94	-1.085	-1.007	350	0	0	NA	0	614	16.12	-1.043	-0.9767	599	0	0	NA	0	389	28.22	-0.1048	-0.01119	376	31	0.08245	0.05172	0.7523	-0.585	-0.8194
chrX	58000000	59000000	0.4078	-0.5265	0.2179	1	0.0568	0	202	12.02	-1.398	NA	135	0	0	NA	0	183	12.8	-1.376	NA	131	0	0	NA	0	318	18.45	-0.7177	NA	176	30	0.1705	0.06261	0.8048	-0.6439	-0.8845
chrX	59000000	60000000	0.4063	-2.29	0.1761	1	0.0833	0	100	3.533	-3.165	NA	6	0	0	NA	NA	121	3.26	-3.349	NA	11	0	0	NA	NA	299	6.061	-2.324	NA	29	1	0.03448	NA	NA	-1.379	-1
chrX	60000000	61000000	0.406	-2.395	0.1585	1	0.1012	1	118	3.444	-3.202	NA	14	0	0	NA	NA	133	2.975	-3.481	NA	11	0	0	NA	NA	319	5.969	-2.346	NA	26	6	0.2308	NA	NA	-0.8074	-1.17
chrX	61000000	62000000	0.4061	-2.332	0.1666	1	0.1028	1	120	2.944	-3.428	NA	10	0	0	NA	0	170	3.902	-3.09	NA	20	0	0	NA	0	350	5.41	-2.488	NA	25	3	0.12	NA	0.375	-1	-0.4232
chrX	62000000	63000000	0.3876	-0.5569	0.1559	1	0.0909	1	374	13.25	-1.258	NA	246	0	0	NA	0	392	10.53	-1.657	NA	232	0	0	NA	0	591	20.9	-0.5382	NA	298	106	0.3557	NA	1.005	-0.372	-1
chrX	63000000	64000000	0.3915	-0.1028	0.0585	0	0.0714	0	76	14.8	-1.098	-0.9817	73	0	0	NA	0	63	17.23	-0.9475	-0.8371	62	0	0	NA	0	87	26.72	-0.1839	-0.07046	80	23	0.2875	0.05556	0.5981	-0.6781	-0.6323
chrX	64000000	65000000	0.3935	-0.0999	0.021	0	0.0652	0	88	14.41	-1.137	-1.032	83	0	0	NA	0	83	15.45	-1.105	-1.005	82	0	0	NA	0	112	26.71	-0.1845	-0.07599	111	51	0.4595	0.08621	1.096	-0.5126	-0.6112
chrX	65000000	66000000	0.4048	-0.0822	0.0432	0	0.0556	0	91	15.22	-1.058	-0.9684	83	0	0	NA	0	48	15.67	-1.085	-0.9991	45	0	0	NA	0	116	28.84	-0.0734	-0.00375	116	71	0.6121	0.07143	1.416	-0.3959	-0.8194
chrX	66000000	67000000	0.3825	-0.0666	0.0251	0	0.0625	0	840	14.85	-1.094	-1.015	808	0	0	NA	0	824	16.09	-1.046	-0.9761	808	0	0	NA	0	887	27.88	-0.1226	-0.04797	883	104	0.1178	0.0625	1.363	-0.585	-0.8074
chrX	67000000	68000000	0.3784	-0.1009	0.0222	0	0.06	0	581	14.53	-1.125	-1.017	559	0	0	NA	0	588	15.65	-1.087	-0.987	576	0	0	NA	0	1026	27.06	-0.1656	-0.04246	1013	694	0.6851	0.06667	7.812	-0.5475	-0.791
chrX	68000000	69000000	0.429	-0.085	0.018	0	0.0641	0	591	15.1	-1.069	-0.9921	575	0	0	NA	0	491	14.98	-1.149	-1.06	461	0	0	NA	0	814	28.1	-0.111	-0.06402	805	630	0.7826	0.07143	1.518	-0.5525	-0.9069
chrX	69000000	70000000	0.4297	-0.0544	0.0312	0	0.0652	0	657	15.57	-1.025	-0.9788	644	0	0	NA	0	632	15.81	-1.072	-1.013	617	0	0	NA	0	905	28.54	-0.08874	-0.06433	899	560	0.6229	0.06712	2.509	-0.5118	-0.8602
chrX	70000000	71000000	0.4147	-0.0494	0.0202	0	0.0625	0	670	15.76	-1.008	-0.9514	643	0	0	NA	0	745	16.16	-1.04	-0.9846	707	0	0	NA	0	769	28.99	-0.06599	-0.01228	764	132	0.1728	0.08065	0.892	-0.5	-0.8333
chrX	71000000	72000000	0.4505	-0.0265	0.0213	0	0.06	0	439	15.75	-1.009	-0.9993	407	0	0	NA	0	410	16.42	-1.017	-0.9873	389	0	0	NA	0	478	29.92	-0.02049	-0.02045	463	183	0.3952	0.05882	1.124	-0.5564	-0.8779
chrX	72000000	73000000	0.4233	-0.0665	0.0134	0	0.06	0	325	15.32	-1.049	-0.9889	297	0	0	NA	0	301	15.94	-1.059	-0.9875	283	0	0	NA	0	363	29.29	-0.05109	-0.01836	320	46	0.1437	0.075	1.359	-0.512	-0.924
chrX	73000000	74000000	0.3906	-0.0864	0.0429	0	0.0556	0	406	15.36	-1.044	-0.9579	382	0	0	NA	0	398	14.99	-1.149	-1.056	379	0	0	NA	0	446	27.11	-0.1627	-0.05652	436	73	0.1674	0.06	1.088	-0.4361	-0.8667
chrX	74000000	75000000	0.4045	-0.0379	0.0178	0	0.0625	0	268	15.77	-1.007	-0.963	264	0	0	NA	0	316	16.47	-1.013	-0.9696	308	0	0	NA	0	285	28.52	-0.08961	-0.06427	284	32	0.1127	0.06905	0.7326	-0.4886	-0.8122
chrX	75000000	76000000	0.3885	-0.0793	0.0292	0	0.0625	0	737	15.32	-1.049	-0.9576	716	0	0	NA	0	734	15.96	-1.058	-0.9818	722	0	0	NA	0	752	27.54	-0.1403	-0.05056	749	37	0.0494	0.05556	0.7955	-0.5402	-0.7809
chrX	76000000	77000000	0.3841	-0.0878	0.0315	0	0.0617	0	1583	15.26	-1.054	-0.9589	1545	0	0	NA	0	1568	15.95	-1.059	-0.9754	1532	0	0	NA	0	1615	27.43	-0.1457	-0.03479	1608	70	0.04353	0.07143	0.9126	-0.5146	-0.7935
chrX	77000000	78000000	0.3957	-0.066	0.0299	0	0.0556	0	485	14.76	-1.103	-1.026	470	0	0	NA	0	487	16.08	-1.048	-0.9806	478	0	0	NA	0	512	28.7	-0.08066	-0.02181	507	55	0.1085	0.06	1.257	-0.6178	-0.8231
chrX	78000000	79000000	0.3779	-0.0364	0.0389	0	0.0627	0	470	15.15	-1.065	-1.021	449	0	0	NA	0	337	16.54	-1.006	-0.9682	316	0	0	NA	0	532	28.29	-0.1014	-0.04624	525	275	0.5238	0.07576	3.95	-0.5722	-0.7843
chrX	79000000	80000000	0.3658	-0.0415	0.0248	0	0.0625	0	1184	15.09	-1.07	-1.029	1144	0	0	NA	0	1150	16.29	-1.029	-0.9932	1126	0	0	NA	0	1306	28.77	-0.07703	0.01249	1305	296	0.2268	0.0625	0.6781	-0.6147	-0.8171
chrX	80000000	81000000	0.3736	-0.0842	0.0468	0	0.0625	0	543	15.27	-1.054	-0.9605	530	0	0	NA	0	524	15.67	-1.084	-1.003	510	0	0	NA	0	1096	27.38	-0.1487	-0.03145	1088	765	0.7031	0.06522	2.251	-0.4975	-0.7776
chrX	81000000	82000000	0.3644	-0.1113	0.03	0	0.0652	0	611	14.65	-1.113	-0.9898	582	0	0	NA	0	612	15.65	-1.087	-0.9813	603	0	0	NA	0	1249	26.5	-0.1954	-0.04138	1239	1161	0.937	0.06667	5.312	-0.5194	-0.7843
chrX	82000000	83000000	0.3598	-0.1433	0.0361	0	0.0641	0	519	14.64	-1.114	-0.9656	502	0	0	NA	0	437	15.39	-1.111	-0.9699	425	0	0	NA	0	1234	26.24	-0.2097	-0.006279	1222	788	0.6448	0.06594	2.911	-0.511	-0.7935
chrX	83000000	84000000	0.3611	-0.1297	0.0462	0	0.0674	0	344	14.65	-1.113	-0.9767	329	0	0	NA	0	409	15.62	-1.089	-0.9655	401	0	0	NA	0	532	26.08	-0.2188	-0.0315	528	311	0.589	0.06522	1.381	-0.4044	-0.7225
chrX	84000000	85000000	0.3628	-0.1072	0.0359	0	0.0625	0	759	15.12	-1.067	-0.9608	739	0	0	NA	0	741	15.76	-1.076	-0.9785	717	0	0	NA	0	1008	26.9	-0.1738	-0.008541	1006	593	0.5895	0.06667	2.346	-0.4827	-0.7843
chrX	85000000	86000000	0.3685	-0.116	0.0345	0	0.0641	0	433	14.79	-1.099	-0.9809	412	0	0	NA	0	290	15.56	-1.095	-0.9895	277	0	0	NA	0	1176	26.73	-0.1834	-0.03386	1167	1005	0.8612	0.06522	1.523	-0.5475	-0.7445
chrX	86000000	87000000	0.3632	-0.1202	0.0285	0	0.0647	0	732	14.95	-1.084	-0.9648	703	0	0	NA	0	857	15.26	-1.123	-1.01	825	0	0	NA	0	1062	26.78	-0.1806	-0.00236	1041	649	0.6234	0.06667	1.249	-0.5146	-0.7935
chrX	87000000	88000000	0.3596	-0.1347	0.0374	0	0.061	0	1246	14.91	-1.087	-0.9459	1204	0	0	NA	0	1163	15.29	-1.12	-0.9862	1135	0	0	NA	0	1775	26.2	-0.2119	-0.01712	1763	886	0.5026	0.06522	1.915	-0.4739	-0.7521
chrX	88000000	89000000	0.3575	-0.1275	0.0358	0	0.0625	0	628	14.4	-1.137	-1.007	601	0	0	NA	0	613	15.36	-1.113	-0.9918	597	0	0	NA	0	1303	26.31	-0.2058	-0.01364	1287	980	0.7615	0.06522	1.119	-0.585	-0.8183
chrX	89000000	90000000	0.3562	-0.1369	0.0434	0	0.0667	0	1039	14.6	-1.118	-0.9853	982	0	0	NA	0	1105	14.8	-1.167	-1.036	1044	0	0	NA	0	1502	26.21	-0.2115	0.001916	1448	1267	0.875	0.07143	3.287	-0.4919	-0.8074
chrX	90000000	91000000	0.3585	-0.1372	0.039	0	0.0667	0	1327	14.34	-1.144	-1.004	1250	0	0	NA	0	422	15.63	-1.088	-0.9568	412	0	0	NA	0	1531	26.05	-0.2206	-0.01347	1490	1312	0.8805	0.06667	2.005	-0.5024	-0.7705
chrX	91000000	92000000	0.3613	-0.1292	0.0353	0	0.0652	0	543	14.47	-1.131	-0.9958	523	0	0	NA	0	298	15.07	-1.141	-1.02	286	0	0	NA	0	563	25.98	-0.2244	-0.03986	560	335	0.5982	0.06522	1.331	-0.585	-0.7742
chrX	92000000	93000000	0.3608	-0.1309	0.0305	0	0.0667	0	975	14.39	-1.139	-1.003	942	0	0	NA	0	838	15.11	-1.137	-1.012	817	0	0	NA	0	1193	26.07	-0.2192	-0.03291	1169	699	0.5979	0.07143	1.033	-0.5272	-0.7885
chrX	93000000	94000000	0.364	-0.1372	0.0203	0	0.0625	0	605	14.71	-1.107	-0.961	593	0	0	NA	0	800	15.11	-1.137	-1.009	783	0	0	NA	0	922	26.47	-0.1975	-0.006654	920	591	0.6424	0.07143	1.246	-0.5047	-0.791
chrX	94000000	95000000	0.3611	-0.106	0.0646	0	0.0652	0	741	15.19	-1.061	-0.9489	715	0	0	NA	0	455	16.11	-1.045	-0.9449	437	0	0	NA	0	982	26.72	-0.1835	-0.01992	977	600	0.6141	0.06522	2.962	-0.5194	-0.7655
chrX	95000000	96000000	0.3591	-0.1071	0.0396	0	0.0652	0	413	14.71	-1.107	-0.9903	397	0	0	NA	0	775	15.59	-1.092	-0.9898	755	0	0	NA	0	656	26.31	-0.2062	-0.0401	644	311	0.4829	0.06	1.212	-0.479	-0.737
chrX	96000000	97000000	0.37	-0.1044	0.0314	0	0.0641	0	420	14.88	-1.09	-0.9848	413	0	0	NA	0	766	15.63	-1.088	-0.9887	746	0	0	NA	0	1101	27.94	-0.1193	0.01858	1092	927	0.8489	0.06667	1.377	-0.585	-0.9569
chrX	97000000	98000000	0.3777	-0.0653	0.0372	0	0.0625	0	443	15.69	-1.014	-0.9428	433	0	0	NA	0	393	16.1	-1.046	-0.9804	378	0	0	NA	0	554	28.94	-0.06854	0.02067	549	303	0.5519	0.06	1.77	-0.5254	-0.8171
chrX	98000000	99000000	0.365	-0.119	0.025	0	0.0652	0	523	14.55	-1.123	-1.003	492	0	0	NA	0	691	15.73	-1.079	-0.9639	663	0	0	NA	0	953	26.24	-0.21	-0.04297	935	716	0.7658	0.07143	2.386	-0.5194	-0.6521
chrX	99000000	100000000	0.36	-0.1288	0.0321	0	0.0639	0	328	14.59	-1.119	-0.9845	312	0	0	NA	0	426	15.31	-1.118	-0.995	411	0	0	NA	0	464	26.54	-0.1937	-0.007175	464	222	0.4784	0.06594	3.405	-0.5339	-0.8231
chrX	100000000	101000000	0.3987	-0.0582	0.0302	0	0.0625	0	610	15.41	-1.04	-0.981	592	0	0	NA	0	730	16.24	-1.033	-0.977	716	0	0	NA	0	839	28.25	-0.1033	-0.04867	835	494	0.5916	0.06667	1.507	-0.5475	-0.7655
chrX	101000000	102000000	0.4088	-0.043	0.0138	0	0.0588	0	387	16.3	-0.9594	-0.915	382	0	0	NA	0	554	16.25	-1.032	-0.9908	542	0	0	NA	0	1137	29.24	-0.05381	-0.01257	1132	967	0.8542	0.06522	1.878	-0.5163	-0.8074
chrX	102000000	103000000	0.4027	-0.1002	0.0231	0	0.061	0	212	15.08	-1.071	-0.963	188	0	0	NA	0	407	15.74	-1.078	-0.9745	386	0	0	NA	0	514	27.72	-0.1309	-0.03211	477	415	0.87	0.0625	5.475	-0.4739	-0.9125
chrX	103000000	104000000	0.4079	-0.0583	0.0337	0	0.0641	0	451	14.27	-1.151	-1.091	385	0	0	NA	0	506	15.41	-1.109	-1.051	432	0	0	NA	0	740	28.84	-0.07354	-0.02157	715	572	0.8	0.07143	2.644	-0.5514	-0.9125
chrX	104000000	105000000	0.3991	-0.098	0.0421	0	0.0625	0	330	14.62	-1.116	-1.017	305	0	0	NA	0	381	15.58	-1.093	-0.9982	374	0	0	NA	0	654	27.62	-0.1358	-0.04522	646	431	0.6672	0.0625	2.841	-0.585	-0.8646
chrX	105000000	106000000	0.3703	-0.1087	0.0297	0	0.0572	0	234	14.94	-1.085	-0.9755	219	0	0	NA	0	271	15.26	-1.123	-1.018	262	0	0	NA	0	404	27.2	-0.1582	-0.01786	402	320	0.796	0.06667	2.248	-0.6157	-0.7535
chrX	106000000	107000000	0.3806	-0.1079	0.0283	0	0.0667	0	166	14.63	-1.115	-1.003	159	0	0	NA	0	154	15.18	-1.13	-1.028	143	0	0	NA	0	219	28.12	-0.11	0.01569	212	120	0.566	0.06594	4.884	-0.5555	-0.7683
chrX	107000000	108000000	0.4169	-0.0175	0.0269	0	0.0585	0	106	15.62	-1.02	-1.006	103	0	0	NA	0	134	16.29	-1.028	-1.002	131	0	0	NA	0	111	28.97	-0.06704	-0.05386	111	9	0.08108	0.1538	0.3608	-0.4972	-0.7237
chrX	108000000	109000000	0.3793	-0.0491	0.0351	0	0.0556	0	347	14.9	-1.088	-1.035	334	0	0	NA	0	478	16.28	-1.029	-0.9831	462	0	0	NA	0	376	28.19	-0.1064	-0.02944	370	42	0.1135	0.05556	1.167	-0.5525	-0.8365
chrX	109000000	110000000	0.3941	-0.0214	0.0175	0	0.0625	0	620	15.47	-1.034	-1.007	608	0	0	NA	0	627	16.86	-0.9789	-0.9524	614	0	0	NA	0	725	28.83	-0.07393	-0.04199	719	180	0.2503	0.05364	1.084	-0.585	-0.7549
chrX	110000000	111000000	0.3989	-0.0154	0.0348	0	0.0633	0	263	15.47	-1.035	-1.019	259	0	0	NA	0	687	17.02	-0.9655	-0.953	678	0	0	NA	0	702	29.59	-0.03638	-0.02457	698	474	0.6791	0.07143	2.18	-0.6114	-0.8194
chrX	111000000	112000000	0.3886	-0.0747	0.0271	0	0.0699	0	198	15.3	-1.05	-0.9634	191	0	0	NA	0	195	16.43	-1.016	-0.9449	187	0	0	NA	0	229	27.61	-0.1363	-0.05183	225	51	0.2267	0.07143	0.9233	-0.5563	-0.7843
chrX	112000000	113000000	0.3927	-0.1006	0.0271	0	0.0641	0	958	15.56	-1.026	-0.9073	937	0	0	NA	0	356	15.07	-1.141	-1.038	345	0	0	NA	0	1065	28.2	-0.1057	-0.01395	1052	836	0.7947	0.06667	1.248	-0.5272	-0.8365
chrX	113000000	114000000	0.3698	-0.0837	0.0285	0	0.0594	0	922	14.9	-1.089	-1.004	896	0	0	NA	0	809	15.91	-1.062	-0.9838	795	0	0	NA	0	1280	27.64	-0.1348	-0.01629	1276	812	0.6364	0.06522	2.364	-0.585	-0.7705
chrX	114000000	115000000	0.3609	-0.1264	0.0332	0	0.0652	0	1045	14.44	-1.134	-1.001	1003	0	0	NA	0	1184	15.44	-1.105	-0.9851	1150	0	0	NA	0	1411	26.83	-0.1776	0.006463	1394	1201	0.8615	0.06667	2.785	-0.5564	-0.7776
chrX	115000000	116000000	0.4107	-0.0763	0.0307	0	0.0605	0	513	15.45	-1.036	-0.9629	488	0	0	NA	0	500	16.54	-1.007	-0.9277	470	0	0	NA	0	752	28.06	-0.113	-0.04862	719	257	0.3574	0.05556	1.12	-0.5555	-0.759
chrX	116000000	117000000	0.3658	-0.087	0.0158	0	0.061	0	965	14.45	-1.133	-1.046	925	0	0	NA	0	892	15.42	-1.108	-1.027	869	0	0	NA	0	1450	29.37	-0.04709	0.08793	1435	849	0.5916	0.08621	1.388	-0.6674	-0.9005
chrX	117000000	118000000	0.374	-0.0705	0.0312	0	0.0633	0	1297	14.71	-1.107	-1.028	1243	0	0	NA	0	1144	15.64	-1.087	-1.019	1125	0	0	NA	0	1429	27.25	-0.1555	-0.0452	1410	420	0.2979	0.06667	0.7907	-0.5475	-0.8194
chrX	118000000	119000000	0.407	-0.0083	0.0348	0	0.0625	0	473	15.98	-0.9874	-0.9836	457	0	0	NA	0	341	16.82	-0.9819	-0.9727	331	0	0	NA	0	802	29.42	-0.04496	-0.04178	794	625	0.7872	0.07143	1.327	-0.5488	-0.7535
chrX	119000000	120000000	0.4411	0.0408	0.0342	0	0.0633	0	650	16.72	-0.9225	-0.9703	637	0	0	NA	0	438	16.98	-0.9688	-1.001	433	0	0	NA	0	1030	31.45	0.05144	-0.009244	1019	650	0.6379	0.05556	2.105	-0.532	-0.8931
chrX	120000000	121000000	0.416	-0.035	0.0303	0	0.0714	0	450	14.93	-1.086	-1.053	405	0	0	NA	0	225	16.5	-1.01	-0.9672	218	0	0	NA	0	608	29.54	-0.03876	-0.004069	572	304	0.5315	0.0695	1.303	-0.613	-0.858
chrX	121000000	122000000	0.3703	-0.0615	0.0232	0	0.06	0	774	15.44	-1.037	-0.9749	755	0	0	NA	0	938	16.12	-1.044	-0.9861	926	0	0	NA	0	1015	28.12	-0.1098	-0.01665	1011	879	0.8694	0.0641	2.121	-0.4919	-0.8365
chrX	122000000	123000000	0.3688	-0.0955	0.0495	0	0.0652	0	866	14.87	-1.092	-0.9956	843	0	0	NA	0	506	15.6	-1.091	-1.005	493	0	0	NA	0	991	27.43	-0.1458	-0.0145	988	479	0.4848	0.06667	0.9763	-0.5555	-0.7935
chrX	123000000	124000000	0.4011	-0.0772	0.0119	0	0.0667	0	441	15.18	-1.061	-0.9841	418	0	0	NA	0	583	15.52	-1.098	-1.021	552	0	0	NA	0	905	27.98	-0.1171	-0.05509	898	588	0.6548	0.06594	1.482	-0.509	-0.858
chrX	124000000	125000000	0.3781	-0.0756	0.0296	0	0.0625	0	358	15.27	-1.053	-0.9721	347	0	0	NA	0	324	16.27	-1.031	-0.9534	313	0	0	NA	0	455	27.92	-0.1205	-0.01928	452	281	0.6217	0.06	1.17	-0.5475	-0.737
chrX	125000000	126000000	0.3652	-0.1199	0.0299	0	0.0594	0	964	14.39	-1.139	-1.019	937	0	0	NA	0	603	15.29	-1.119	-1.004	586	0	0	NA	0	1427	26.56	-0.1925	-0.01959	1419	1059	0.7463	0.07143	1.469	-0.5236	-0.8301
chrX	126000000	127000000	0.3598	-0.149	0.0313	0	0.06	0	558	14.3	-1.148	-0.993	527	0	0	NA	0	577	15.3	-1.119	-0.9724	549	0	0	NA	0	931	25.8	-0.2345	-0.02534	916	702	0.7664	0.07143	1.431	-0.5443	-0.7549
chrX	127000000	128000000	0.3547	-0.1292	0.033	0	0.06	0	599	14.09	-1.169	-1.041	578	0	0	NA	0	401	15.24	-1.124	-1.003	388	0	0	NA	0	866	26.49	-0.1964	0.003549	864	584	0.6759	0.06	2.006	-0.5601	-0.7935
chrX	128000000	129000000	0.3696	-0.0871	0.0236	0	0.0652	0	519	14.61	-1.117	-1.029	477	0	0	NA	0	531	15.7	-1.081	-1	510	0	0	NA	0	816	26.85	-0.1767	-0.05573	804	621	0.7724	0.0625	2.537	-0.5514	-0.7809
chrX	129000000	130000000	0.4218	-0.0319	0.0253	0	0.0646	0	148	15.32	-1.048	-1.02	145	0	0	NA	0	304	16.2	-1.037	-1.002	298	0	0	NA	0	495	28.52	-0.08971	-0.08396	489	405	0.8282	0.0641	1.511	-0.4488	-0.8219
chrX	130000000	131000000	0.415	-0.0083	0.0288	0	0.0556	0	188	15.37	-1.044	-1.034	181	0	0	NA	0	179	16.52	-1.008	-0.9934	169	0	0	NA	0	214	30.34	-0.000463	0.01215	210	44	0.2095	0.05719	1.13	-0.6235	-0.8624
chrX	131000000	132000000	0.393	-0.0594	0.0218	0	0.06	0	658	15.19	-1.061	-0.9864	633	0	0	NA	0	703	15.81	-1.072	-1.013	681	0	0	NA	0	980	28.51	-0.09022	-0.03961	973	851	0.8746	0.06	1.89	-0.5475	-0.8745
chrX	132000000	133000000	0.3947	-0.0741	0.023	0	0.06	0	315	15.58	-1.024	-0.9456	308	0	0	NA	0	173	16.09	-1.047	-0.9701	166	0	0	NA	0	344	28.28	-0.1016	-0.01765	335	310	0.9254	0.06	3.232	-0.4263	-0.8231
chrX	133000000	134000000	0.4098	-0.0891	0.042	0	0.0588	0	169	14.93	-1.085	-0.9992	166	0	0	NA	0	86	16.04	-1.051	-0.9658	83	0	0	NA	0	193	28.21	-0.1052	-0.01789	190	136	0.7158	0.06049	1.919	-0.585	-0.7648
chrX	134000000	135000000	0.4104	-0.0227	0.0255	0	0.0556	0	237	16.33	-0.9565	-0.938	236	0	0	NA	0	386	16.66	-0.9961	-0.9714	377	0	0	NA	0	383	29.41	-0.04545	-0.03522	382	208	0.5445	0.05556	1.083	-0.5146	-0.8931
chrX	135000000	136000000	0.4169	-0.0377	0.0149	0	0.0625	0	512	15.66	-1.017	-0.982	466	0	0	NA	0	562	16.06	-1.049	-1.003	502	0	0	NA	0	612	28.62	-0.08475	-0.05137	559	94	0.1682	0.06	0.6943	-0.4971	-0.8931
chrX	136000000	137000000	0.4118	-0.0251	0.0298	0	0.0625	0	408	16.15	-0.9727	-0.9506	394	0	0	NA	0	438	16.8	-0.9837	-0.9557	427	0	0	NA	0	529	29.21	-0.05515	-0.04473	528	211	0.3996	0.06	1.084	-0.5025	-0.7705
chrX	137000000	138000000	0.4004	-0.0492	0.0213	0	0.0652	0	584	15.42	-1.039	-0.9894	561	0	0	NA	0	552	16.24	-1.033	-0.9826	535	0	0	NA	0	753	28.33	-0.09945	-0.06168	742	242	0.3261	0.07143	1.641	-0.5236	-0.7843
chrX	138000000	139000000	0.3817	-0.0896	0.039	0	0.0641	0	494	14.55	-1.122	-1.018	481	0	0	NA	0	487	15.46	-1.104	-1.016	466	0	0	NA	0	777	27.15	-0.1606	-0.0726	773	567	0.7335	0.06667	2.629	-0.5194	-0.8667
chrX	139000000	140000000	0.3908	-0.0796	0.0109	0	0.0652	0	465	14.91	-1.087	-1.006	454	0	0	NA	0	555	15.85	-1.068	-0.9818	540	0	0	NA	0	633	28.21	-0.1053	-0.009507	627	418	0.6667	0.06522	1.856	-0.585	-0.8231
chrX	140000000	141000000	0.3954	-0.1123	0.035	0	0.0617	0	577	14.97	-1.082	-0.9605	545	0	0	NA	0	578	15.67	-1.084	-0.9709	559	0	0	NA	0	780	26.77	-0.181	-0.07588	766	429	0.5601	0.06522	1.17	-0.5305	-0.8074
chrX	141000000	142000000	0.385	-0.1464	0.0557	0	0.0654	0	881	14.41	-1.137	-0.9839	781	0	0	NA	0	868	14.96	-1.151	-1.005	795	0	0	NA	0	1176	25.89	-0.2291	-0.05692	1097	461	0.4202	0.06667	1.13	-0.5	-0.791
chrX	142000000	143000000	0.3751	-0.1307	0.0236	0	0.0647	0	1002	14.39	-1.139	-1.008	956	0	0	NA	0	933	15.41	-1.109	-0.9804	896	0	0	NA	0	1342	25.86	-0.2306	-0.05787	1321	803	0.6079	0.06	1.367	-0.5058	-0.737
chrX	143000000	144000000	0.3727	-0.1205	0.0286	0	0.06	0	796	15.08	-1.072	-0.9437	776	0	0	NA	0	835	15.39	-1.111	-0.989	815	0	0	NA	0	1120	26.24	-0.2099	-0.06168	1104	475	0.4303	0.06667	0.9364	-0.4594	-0.737
chrX	144000000	145000000	0.3634	-0.2015	0.0439	0	0.0667	0	766	14.32	-1.146	-0.9456	707	0	0	NA	0	1025	14.72	-1.175	-0.9835	956	0	0	NA	0	1230	25.46	-0.2531	0.006693	1175	648	0.5515	0.07692	1.489	-0.478	-0.7843
chrX	145000000	146000000	0.3765	-0.1261	0.0423	0	0.0625	0	751	15.03	-1.076	-0.9343	734	0	0	NA	0	955	14.77	-1.17	-1.049	916	0	0	NA	0	1105	25.95	-0.2257	-0.06627	1088	679	0.6241	0.07895	1.317	-0.4263	-0.8074
chrX	146000000	147000000	0.3745	-0.1223	0.0303	0	0.0625	0	720	14.64	-1.114	-0.9845	686	0	0	NA	0	802	15.11	-1.137	-1.017	762	0	0	NA	0	1066	25.87	-0.2302	-0.07484	1043	714	0.6846	0.06712	1.591	-0.4854	-0.8074
chrX	147000000	148000000	0.3758	-0.1246	0.0478	0	0.0625	0	525	14.94	-1.085	-0.9566	499	0	0	NA	0	513	15.39	-1.111	-0.9925	479	0	0	NA	0	749	26.51	-0.1952	-0.03023	738	409	0.5542	0.06522	1.076	-0.4817	-0.7297
chrX	148000000	149000000	0.3881	-0.0881	0.0265	0	0.0659	0	517	15.14	-1.066	-0.9658	500	0	0	NA	0	567	15.72	-1.08	-0.9953	559	0	0	NA	0	875	27.21	-0.1573	-0.05293	864	600	0.6944	0.07143	1.935	-0.4854	-0.7776
chrX	149000000	150000000	0.4214	-0.0667	0.0473	0	0.0646	0	653	15.64	-1.018	-0.9538	622	0	0	NA	0	621	16.46	-1.013	-0.9437	605	0	0	NA	0	805	27.8	-0.1267	-0.08532	766	224	0.2924	0.07143	8.078	-0.5194	-0.737
chrX	150000000	151000000	0.4357	-0.0136	0.0243	0	0.0594	0	605	15.88	-0.9963	-0.9921	584	0	0	NA	0	619	16.72	-0.9905	-0.9726	594	0	0	NA	0	814	29.68	-0.03224	-0.03415	804	383	0.4764	0.0625	1.12	-0.5555	-0.8122
chrX	151000000	152000000	0.419	-0.0587	0.0444	0	0.061	0	808	15.54	-1.028	-0.9733	771	0	0	NA	0	557	15.7	-1.082	-1.019	539	0	0	NA	0	1157	28.16	-0.1078	-0.05275	1143	714	0.6247	0.06667	1.142	-0.5146	-0.8074
chrX	152000000	153000000	0.4153	-0.0747	0.0399	0	0.06	0	360	14.71	-1.107	-1.038	345	0	0	NA	0	536	16.31	-1.026	-0.9453	512	0	0	NA	0	479	27.29	-0.1532	-0.07472	466	198	0.4249	0.07143	1.311	-0.5194	-0.7776
chrX	153000000	154000000	0.5194	0.0909	0.0674	0	0.0588	0	446	17.98	-0.8177	-0.9617	431	0	0	NA	0	585	18.64	-0.8344	-0.911	567	0	0	NA	0	712	31.32	0.04548	-0.116	692	338	0.4884	0.06	0.9997	-0.4657	-0.832
chrX	154000000	155000000	0.4832	0.0363	0.0533	0	0.0556	0	269	17.5	-0.8563	-0.9154	255	0	0	NA	0	340	17.49	-0.9259	-0.9527	308	0	0	NA	0	359	30.3	-0.002315	-0.08459	330	144	0.4364	0.08199	3.667	-0.48	-0.7776
chrX	155000000	156000000	0.3885	-0.0513	0.0401	0	0.0667	0	806	21.52	-0.5582	-0.4951	775	119	0.1535	0.06757	3.782	883	22.88	-0.5383	-0.4903	858	266	0.31	0.0625	7.636	851	28.83	-0.07395	-0.01219	832	225	0.2704	0.0625	6.661	-0.273	-0.3785
chrX	156000000	156040895	0.5521	NA	NA	1	NA	0	63	31.44	-0.01147	NA	40	9	0.225	0.1117	NA	66	30.52	-0.1225	NA	41	9	0.2195	0.1034	NA	97	29.59	-0.03634	NA	66	38	0.5758	0.06696	NA	0.1394	-0.03847
chrY	0	1000000	0.4898	NA	NA	1	NA	0	0	NA	NA	NA	0	0	NA	NA	NA	0	NA	NA	NA	0	0	NA	NA	NA	0	NA	NA	NA	0	0	NA	NA	NA	NA	NA
chrY	1000000	2000000	0.4827	NA	NA	1	NA	0	0	NA	NA	NA	0	0	NA	NA	NA	0	NA	NA	NA	0	0	NA	NA	NA	0	NA	NA	NA	0	0	NA	NA	NA	NA	NA
chrY	2000000	3000000	0.4465	NA	NA	1	NA	0	27	12.12	-1.387	NA	26	0	0	NA	NA	16	19	-0.8065	NA	15	0	0	NA	NA	0	NA	NA	NA	0	0	NA	NA	NA	NA	NA
chrY	3000000	4000000	0.3606	-0.074	0.1037	1	NA	0	132	19.55	-0.6967	NA	129	0	0	NA	NA	82	16	-1.054	NA	77	0	0	NA	NA	0	NA	NA	NA	0	0	NA	NA	NA	NA	NA
chrY	4000000	5000000	0.3603	-0.1699	0.1483	1	NA	0	88	14.04	-1.175	NA	82	0	0	NA	NA	87	14.09	-1.237	NA	80	0	0	NA	NA	0	NA	NA	NA	0	0	NA	NA	NA	NA	NA
chrY	5000000	6000000	0.3595	-0.178	0.0415	0	NA	0	95	15.3	-1.051	-0.8655	87	0	0	NA	NA	102	14.87	-1.16	-0.9827	95	0	0	NA	NA	0	NA	NA	NA	0	0	NA	NA	NA	NA	NA
chrY	6000000	7000000	0.3888	-0.119	0.0615	0	NA	0	80	13.88	-1.191	-1.061	69	0	0	NA	NA	81	15.84	-1.069	-0.9529	70	0	0	NA	NA	0	NA	NA	NA	0	0	NA	NA	NA	NA	NA
chrY	7000000	8000000	0.4144	-0.0244	0.1181	1	NA	0	94	15.84	-0.9999	NA	91	0	0	NA	NA	96	15.53	-1.097	NA	92	0	0	NA	NA	0	NA	NA	NA	0	0	NA	NA	NA	NA	NA
chrY	8000000	9000000	0.4069	-0.1073	0.0533	0	NA	0	89	14.29	-1.149	-1.046	88	0	0	NA	NA	89	16.16	-1.04	-0.9319	88	0	0	NA	NA	0	NA	NA	NA	0	0	NA	NA	NA	NA	NA
chrY	9000000	10000000	0.4187	-0.1153	0.0131	0	NA	0	112	14.78	-1.1	-0.9887	81	0	0	NA	NA	106	15.11	-1.137	-1.017	82	0	0	NA	NA	0	NA	NA	NA	0	0	NA	NA	NA	NA	NA
chrY	10000000	11000000	0.411	0.4313	0.1314	1	NA	0	463	21.8	-0.5394	NA	337	0	0	NA	NA	467	22.16	-0.5847	NA	356	0	0	NA	NA	0	NA	NA	NA	0	0	NA	NA	NA	NA	NA
chrY	11000000	12000000	0.4146	2.017	0.0808	0	NA	0	1768	64.48	1.025	-0.9847	1427	0	0	NA	NA	1861	67.33	1.019	-0.9915	1506	0	0	NA	NA	0	NA	NA	NA	0	0	NA	NA	NA	NA	NA
chrY	12000000	13000000	0.4065	-0.1031	0.0415	0	NA	0	98	15.27	-1.053	-0.9543	91	0	0	NA	NA	96	15.05	-1.143	-1.038	84	0	0	NA	NA	0	NA	NA	NA	0	0	NA	NA	NA	NA	NA
chrY	13000000	14000000	0.3883	-0.0531	0.0509	0	NA	0	85	16.12	-0.9752	-0.9104	85	0	0	NA	NA	85	16.57	-1.004	-0.9541	84	0	0	NA	NA	0	NA	NA	NA	0	0	NA	NA	NA	NA	NA
chrY	14000000	15000000	0.3858	-0.1173	0.0248	0	NA	0	90	14.61	-1.117	-0.9996	88	0	0	NA	NA	88	15.07	-1.14	-1.021	84	0	0	NA	NA	0	NA	NA	NA	0	0	NA	NA	NA	NA	NA
chrY	15000000	16000000	0.3893	-0.1388	0.0171	0	NA	0	111	14.88	-1.09	-0.9415	105	0	0	NA	NA	112	15.76	-1.076	-0.9369	107	0	0	NA	NA	0	NA	NA	NA	0	0	NA	NA	NA	NA	NA
chrY	16000000	17000000	0.3762	-0.1359	0.0321	0	NA	0	93	15.26	-1.054	-0.912	89	0	0	NA	NA	97	15.2	-1.128	-1.006	96	0	0	NA	NA	0	NA	NA	NA	0	0	NA	NA	NA	NA	NA
chrY	17000000	18000000	0.3898	-0.1857	0.0233	0	NA	0	50	12.73	-1.315	-1.124	45	0	0	NA	NA	50	13.67	-1.282	-1.096	44	0	0	NA	NA	0	NA	NA	NA	0	0	NA	NA	NA	NA	NA
chrY	18000000	19000000	0.3891	NA	NA	1	NA	0	29	11.53	-1.459	NA	22	0	0	NA	NA	24	14.19	-1.228	NA	21	0	0	NA	NA	0	NA	NA	NA	0	0	NA	NA	NA	NA	NA
chrY	19000000	20000000	0.3862	-0.0877	0.0227	0	NA	0	101	15.57	-1.025	-0.9371	99	0	0	NA	NA	101	16.23	-1.034	-0.9451	101	0	0	NA	NA	0	NA	NA	NA	0	0	NA	NA	NA	NA	NA
chrY	20000000	21000000	0.3968	-0.6567	0.1212	1	NA	0	621	10.02	-1.662	NA	316	0	0	NA	NA	662	10.75	-1.628	NA	346	0	0	NA	NA	0	NA	NA	NA	0	0	NA	NA	NA	NA	NA
chrY	21000000	22000000	0.3979	-0.1316	0.0128	0	NA	0	64	12.45	-1.348	-1.209	41	0	0	NA	NA	56	14.56	-1.191	-1.058	47	0	0	NA	NA	0	NA	NA	NA	0	0	NA	NA	NA	NA	NA
chrY	22000000	23000000	0.3997	-0.8208	NA	1	NA	0	34	10.5	-1.593	NA	23	0	0	NA	NA	33	12.38	-1.424	NA	22	0	0	NA	NA	0	NA	NA	NA	0	0	NA	NA	NA	NA	NA
chrY	23000000	24000000	0.3804	NA	NA	1	NA	0	14	6.4	-2.308	NA	5	0	0	NA	NA	13	7.778	-2.095	NA	6	0	0	NA	NA	0	NA	NA	NA	0	0	NA	NA	NA	NA	NA
chrY	24000000	25000000	0.4021	NA	NA	1	NA	0	15	8.778	-1.852	NA	7	0	0	NA	NA	22	6.714	-2.307	NA	5	0	0	NA	NA	0	NA	NA	NA	0	0	NA	NA	NA	NA	NA
chrY	25000000	26000000	0.3982	NA	NA	1	NA	0	15	4.667	-2.763	NA	2	0	0	NA	NA	15	4.444	-2.902	NA	3	0	0	NA	NA	0	NA	NA	NA	0	0	NA	NA	NA	NA	NA
chrY	26000000	27000000	0.3897	2.089	0.1808	1	NA	0	187	70.56	1.155	NA	133	0	0	NA	NA	201	73.45	1.144	NA	148	0	0	NA	NA	0	NA	NA	NA	0	0	NA	NA	NA	NA	NA
chrY	27000000	28000000	NA	NA	NA	1	NA	0	0	NA	NA	NA	0	0	NA	NA	NA	0	NA	NA	NA	0	0	NA	NA	NA	0	NA	NA	NA	0	0	NA	NA	NA	NA	NA
chrY	28000000	29000000	NA	NA	NA	1	NA	0	0	NA	NA	NA	0	0	NA	NA	NA	0	NA	NA	NA	0	0	NA	NA	NA	0	NA	NA	NA	0	0	NA	NA	NA	NA	NA
chrY	29000000	30000000	NA	NA	NA	1	NA	0	0	NA	NA	NA	0	0	NA	NA	NA	0	NA	NA	NA	0	0	NA	NA	NA	0	NA	NA	NA	0	0	NA	NA	NA	NA	NA
chrY	30000000	31000000	NA	NA	NA	1	NA	0	0	NA	NA	NA	0	0	NA	NA	NA	0	NA	NA	NA	0	0	NA	NA	NA	0	NA	NA	NA	0	0	NA	NA	NA	NA	NA
chrY	31000000	32000000	NA	NA	NA	1	NA	0	0	NA	NA	NA	0	0	NA	NA	NA	0	NA	NA	NA	0	0	NA	NA	NA	0	NA	NA	NA	0	0	NA	NA	NA	NA	NA
chrY	32000000	33000000	NA	NA	NA	1	NA	0	0	NA	NA	NA	0	0	NA	NA	NA	0	NA	NA	NA	0	0	NA	NA	NA	0	NA	NA	NA	0	0	NA	NA	NA	NA	NA
chrY	33000000	34000000	NA	NA	NA	1	NA	0	0	NA	NA	NA	0	0	NA	NA	NA	0	NA	NA	NA	0	0	NA	NA	NA	0	NA	NA	NA	0	0	NA	NA	NA	NA	NA
chrY	34000000	35000000	NA	NA	NA	1	NA	0	0	NA	NA	NA	0	0	NA	NA	NA	0	NA	NA	NA	0	0	NA	NA	NA	0	NA	NA	NA	0	0	NA	NA	NA	NA	NA
chrY	35000000	36000000	NA	NA	NA	1	NA	0	0	NA	NA	NA	0	0	NA	NA	NA	0	NA	NA	NA	0	0	NA	NA	NA	0	NA	NA	NA	0	0	NA	NA	NA	NA	NA
chrY	36000000	37000000	NA	NA	NA	1	NA	0	0	NA	NA	NA	0	0	NA	NA	NA	0	NA	NA	NA	0	0	NA	NA	NA	0	NA	NA	NA	0	0	NA	NA	NA	NA	NA
chrY	37000000	38000000	NA	NA	NA	1	NA	0	0	NA	NA	NA	0	0	NA	NA	NA	0	NA	NA	NA	0	0	NA	NA	NA	0	NA	NA	NA	0	0	NA	NA	NA	NA	NA
chrY	38000000	39000000	NA	NA	NA	1	NA	0	0	NA	NA	NA	0	0	NA	NA	NA	0	NA	NA	NA	0	0	NA	NA	NA	0	NA	NA	NA	0	0	NA	NA	NA	NA	NA
chrY	39000000	40000000	NA	NA	NA	1	NA	0	0	NA	NA	NA	0	0	NA	NA	NA	0	NA	NA	NA	0	0	NA	NA	NA	0	NA	NA	NA	0	0	NA	NA	NA	NA	NA
chrY	40000000	41000000	NA	NA	NA	1	NA	0	0	NA	NA	NA	0	0	NA	NA	NA	0	NA	NA	NA	0	0	NA	NA	NA	0	NA	NA	NA	0	0	NA	NA	NA	NA	NA
chrY	41000000	42000000	NA	NA	NA	1	NA	0	0	NA	NA	NA	0	0	NA	NA	NA	0	NA	NA	NA	0	0	NA	NA	NA	0	NA	NA	NA	0	0	NA	NA	NA	NA	NA
chrY	42000000	43000000	NA	NA	NA	1	NA	0	0	NA	NA	NA	0	0	NA	NA	NA	0	NA	NA	NA	0	0	NA	NA	NA	0	NA	NA	NA	0	0	NA	NA	NA	NA	NA
chrY	43000000	44000000	NA	NA	NA	1	NA	0	0	NA	NA	NA	0	0	NA	NA	NA	0	NA	NA	NA	0	0	NA	NA	NA	0	NA	NA	NA	0	0	NA	NA	NA	NA	NA
chrY	44000000	45000000	NA	NA	NA	1	NA	0	0	NA	NA	NA	0	0	NA	NA	NA	0	NA	NA	NA	0	0	NA	NA	NA	0	NA	NA	NA	0	0	NA	NA	NA	NA	NA
chrY	45000000	46000000	NA	NA	NA	1	NA	0	0	NA	NA	NA	0	0	NA	NA	NA	0	NA	NA	NA	0	0	NA	NA	NA	0	NA	NA	NA	0	0	NA	NA	NA	NA	NA
chrY	46000000	47000000	NA	NA	NA	1	NA	0	0	NA	NA	NA	0	0	NA	NA	NA	0	NA	NA	NA	0	0	NA	NA	NA	0	NA	NA	NA	0	0	NA	NA	NA	NA	NA
chrY	47000000	48000000	NA	NA	NA	1	NA	0	0	NA	NA	NA	0	0	NA	NA	NA	0	NA	NA	NA	0	0	NA	NA	NA	0	NA	NA	NA	0	0	NA	NA	NA	NA	NA
chrY	48000000	49000000	NA	NA	NA	1	NA	0	0	NA	NA	NA	0	0	NA	NA	NA	0	NA	NA	NA	0	0	NA	NA	NA	0	NA	NA	NA	0	0	NA	NA	NA	NA	NA
chrY	49000000	50000000	NA	NA	NA	1	NA	0	0	NA	NA	NA	0	0	NA	NA	NA	0	NA	NA	NA	0	0	NA	NA	NA	0	NA	NA	NA	0	0	NA	NA	NA	NA	NA
chrY	50000000	51000000	NA	NA	NA	1	NA	0	0	NA	NA	NA	0	0	NA	NA	NA	0	NA	NA	NA	0	0	NA	NA	NA	0	NA	NA	NA	0	0	NA	NA	NA	NA	NA
chrY	51000000	52000000	NA	NA	NA	1	NA	0	0	NA	NA	NA	0	0	NA	NA	NA	0	NA	NA	NA	0	0	NA	NA	NA	0	NA	NA	NA	0	0	NA	NA	NA	NA	NA
chrY	52000000	53000000	NA	NA	NA	1	NA	0	0	NA	NA	NA	0	0	NA	NA	NA	0	NA	NA	NA	0	0	NA	NA	NA	0	NA	NA	NA	0	0	NA	NA	NA	NA	NA
chrY	53000000	54000000	NA	NA	NA	1	NA	0	0	NA	NA	NA	0	0	NA	NA	NA	0	NA	NA	NA	0	0	NA	NA	NA	0	NA	NA	NA	0	0	NA	NA	NA	NA	NA
chrY	54000000	55000000	NA	NA	NA	1	NA	0	0	NA	NA	NA	0	0	NA	NA	NA	0	NA	NA	NA	0	0	NA	NA	NA	0	NA	NA	NA	0	0	NA	NA	NA	NA	NA
chrY	55000000	56000000	NA	NA	NA	1	NA	0	0	NA	NA	NA	0	0	NA	NA	NA	0	NA	NA	NA	0	0	NA	NA	NA	0	NA	NA	NA	0	0	NA	NA	NA	NA	NA
chrY	56000000	57000000	0.3917	3.481	0.1475	1	NA	0	830	186	2.553	NA	721	0	0	NA	NA	872	202.2	2.605	NA	761	0	0	NA	NA	0	NA	NA	NA	0	0	NA	NA	NA	NA	NA
chrY	57000000	57227415	0.4203	NA	NA	1	NA	0	0	NA	NA	NA	0	0	NA	NA	NA	0	NA	NA	NA	0	0	NA	NA	NA	0	NA	NA	NA	0	0	NA	NA	NA	NA	NA
