chrom	start	end	gc	panel_median	panel_rsd	masked	panel_bdev	masked_bands	child_n_sites	child_depth	child_lrr	child_lrr_gc	child_n_called	child_n_het	child_het_rate	child_bdev	child_het_rel	father_n_sites	father_depth	father_lrr	father_lrr_gc	father_n_called	father_n_het	father_het_rate	father_bdev	father_het_rel	mother_n_sites	mother_depth	mother_lrr	mother_lrr_gc	mother_n_called	mother_n_het	mother_het_rate	mother_bdev	mother_het_rel	child_vs_mid	father_vs_mother
chr1	0	1000000	0.4565	-0.0698	0.0792	0	0.0756	0	1518	31.81	-0.004258	0.08016	1084	612	0.5646	0.07447	1.4	1309	35.94	0.05831	0.1097	945	357	0.3778	0.1	0.9367	1486	34.54	-0.0298	0.0355	1098	584	0.5319	0.07517	1.319	-0.1876	0
chr1	1000000	2000000	0.5729	0.1623	0.044	0	0.0599	0	2132	34.95	0.1317	0.01557	1997	1591	0.7967	0.0625	1.444	1701	41.34	0.2605	0.03192	1604	1061	0.6615	0.05556	1.199	2009	40.49	0.1993	0.02605	1884	1439	0.7638	0.05882	1.385	-0.2288	0.05445
chr1	2000000	3000000	0.5837	0.1363	0.0704	0	0.0609	0	1788	34.33	0.1057	0.01404	1541	1057	0.6859	0.0625	0.9968	1606	40.43	0.2284	0.02776	1365	924	0.6769	0.05371	0.9838	1927	39.24	0.154	0.007892	1693	1374	0.8116	0.05882	1.179	-0.2446	0.05247
chr1	3000000	4000000	0.5647	0.1493	0.0317	0	0.0581	0	1923	34.75	0.1231	0.01982	1871	1336	0.7141	0.06	1.101	1856	40.39	0.227	0.01264	1791	1226	0.6845	0.05556	1.055	2085	39.56	0.1656	0.006331	2011	1462	0.727	0.05319	1.121	-0.2105	0.04123
chr1	4000000	5000000	0.479	0.007	0.0106	0	0.0605	0	1735	32	0.004147	0.01544	1701	1159	0.6814	0.0625	1.059	1886	35.3	0.03251	-0.004708	1843	1177	0.6386	0.05556	0.9924	1747	35.14	-0.005029	-0.01946	1707	950	0.5565	0.05814	0.8649	-0.1234	0.03037
chr1	5000000	6000000	0.4723	0.0276	0.0233	0	0.0594	0	1802	32.69	0.03524	0.02653	1790	1206	0.6737	0.0625	0.9895	1866	36.79	0.09215	0.03375	1856	1409	0.7592	0.06	1.115	1709	35.72	0.01857	-0.01979	1691	1192	0.7049	0.05882	1.035	-0.1411	0.03477
chr1	6000000	7000000	0.5163	0.0934	0.0403	0	0.0614	0	874	33.27	0.06063	-0.002725	848	526	0.6203	0.05556	0.9218	953	38.75	0.167	0.02269	935	486	0.5198	0.05814	0.7725	1138	39.42	0.1605	0.05469	1112	727	0.6538	0.05814	0.9716	-0.2016	-0.02857
chr1	7000000	8000000	0.4778	0.0628	0.0311	0	0.0588	0	1324	32.93	0.04569	0.001186	1312	574	0.4375	0.05882	0.7061	1500	37.09	0.1038	0.01292	1488	986	0.6626	0.05	1.069	1292	36.75	0.05938	-0.01403	1270	712	0.5606	0.05556	0.9048	-0.1745	0
chr1	8000000	9000000	0.4455	0.0435	0.0459	0	0.0585	0	1142	32.26	0.01578	-0.01635	1129	476	0.4216	0.06125	0.6966	1204	36.31	0.07326	0.01403	1196	640	0.5351	0.05882	0.8842	1003	37.6	0.09229	0.04209	996	620	0.6225	0.05556	1.029	-0.208	-0.04244
chr1	9000000	10000000	0.5015	0.112	0.0388	0	0.0585	0	1211	33.41	0.06652	-0.02108	1173	676	0.5763	0.05291	0.9417	1415	37.71	0.128	-0.02079	1401	1058	0.7552	0.05814	1.234	1202	38.7	0.134	0.007529	1180	796	0.6746	0.05882	1.102	-0.1876	-0.04811
chr1	10000000	11000000	0.4808	0.0868	0.0348	0	0.0556	0	1160	33.56	0.07294	0.005449	1151	851	0.7394	0.05556	1.083	908	38.15	0.1444	0.02675	906	710	0.7837	0.05319	1.148	1210	37.91	0.1043	0.008631	1201	610	0.5079	0.05263	0.7443	-0.1912	0
chr1	11000000	12000000	0.5004	0.1144	0.0504	0	0.0556	0	1192	33.27	0.06051	-0.02266	1181	446	0.3776	0.05556	0.7654	1547	37.93	0.1363	-0.01486	1542	1096	0.7108	0.05769	1.441	1276	38.99	0.145	0.01822	1268	647	0.5103	0.05319	1.034	-0.2123	-0.04307
chr1	12000000	13000000	0.4658	0.0345	0.0452	0	0.0599	0	1275	32.28	0.01682	0.005293	1225	919	0.7502	0.0625	1.037	1003	35.41	0.03694	-0.02185	956	673	0.704	0.05263	0.9731	1074	35.36	0.003754	-0.04314	1015	713	0.7025	0.05319	0.9711	-0.1651	-0.03171
chr1	13000000	14000000	0.452	-0.0397	0.0363	0	0.0714	0	1715	30.37	-0.07128	-0.02483	1464	939	0.6414	0.05882	1.074	1917	33.33	-0.05023	-0.03051	1611	725	0.45	0.08065	0.7536	1235	34.8	-0.01906	0.0136	1115	518	0.4646	0.05882	0.7779	-0.1699	-0.03953
chr1	14000000	15000000	0.4499	0.0191	0.0245	0	0.0588	0	1504	32.56	0.02944	0.01557	1502	1095	0.729	0.06667	1.114	1323	35.12	0.02519	-0.01031	1318	751	0.5698	0.05556	0.8703	1412	36.26	0.04023	0.01254	1405	930	0.6619	0.05556	1.011	-0.1598	-0.03653
chr1	15000000	16000000	0.4838	0.088	0.0374	0	0.0585	0	1445	33.46	0.06869	0.004791	1440	1032	0.7167	0.06098	1.025	1362	37.71	0.128	0.006279	1359	825	0.6071	0.05263	0.8685	1548	38.42	0.1237	0.02805	1546	1225	0.7924	0.05263	1.134	-0.1605	-0.03395
chr1	16000000	17000000	0.5012	0.8413	0.125	1	0.1026	1	3135	56.46	0.8234	NA	2599	1939	0.7461	NA	1.051	3122	63.98	0.8905	NA	2625	1984	0.7558	NA	1.064	3218	59.52	0.7551	NA	2643	2036	0.7703	NA	1.085	-0.0984	0.03747
chr1	17000000	18000000	0.5026	0.0576	0.0389	0	0.0587	0	1824	32.76	0.03839	0.0131	1813	1257	0.6933	0.05882	1.116	1879	36.62	0.08557	-0.0089	1856	1320	0.7112	0.05263	1.144	1694	37.7	0.09643	0.02555	1682	1228	0.7301	0.05814	1.175	-0.1806	-0.0614
chr1	18000000	19000000	0.4975	0.0647	0.0145	0	0.0591	0	1609	33.01	0.04899	0.01797	1601	976	0.6096	0.0625	1.003	1535	37.03	0.1014	0.006128	1533	1049	0.6843	0.05814	1.126	1865	36.93	0.0665	-0.0101	1855	1281	0.6906	0.05814	1.137	-0.1745	0.03103
chr1	19000000	20000000	0.4717	0.0699	0.033	0	0.0585	0	1554	33.15	0.05511	0.002757	1540	1010	0.6558	0.05556	1.008	1277	36.75	0.0908	-0.01014	1266	703	0.5553	0.05882	0.8534	1482	38.1	0.1114	0.03079	1481	1023	0.6907	0.05882	1.062	-0.1699	-0.03653
chr1	20000000	21000000	0.461	0.0432	0.0135	0	0.0592	0	1263	32.92	0.0452	0.01378	1250	598	0.4784	0.06174	0.8235	1105	36.02	0.06153	-0.002665	1104	553	0.5009	0.05814	0.8623	1479	36.66	0.05578	0.0006753	1472	938	0.6372	0.05792	1.097	-0.1592	-0.03207
chr1	21000000	22000000	0.4832	0.0769	0.0431	0	0.0615	0	1793	32.42	0.02332	-0.03226	1772	931	0.5254	0.06667	0.9586	1668	37.19	0.1079	0	1651	898	0.5439	0.05556	0.9924	1531	37.86	0.1023	0.01652	1510	509	0.3371	0.05263	0.615	-0.2065	0
chr1	22000000	23000000	0.4944	0.0855	0.0261	0	0.0591	0	1732	33.29	0.06115	0.0001222	1713	1047	0.6112	0.06098	1.011	1636	37.44	0.1174	-0.001172	1619	930	0.5744	0.05685	0.9504	1599	37.32	0.08166	-0.01619	1581	832	0.5262	0.05319	0.8707	-0.1793	0
chr1	23000000	24000000	0.4607	0.0641	0.0453	0	0.0588	0	1313	32.22	0.01406	-0.03861	1293	854	0.6605	0.05882	1.237	1539	36.61	0.08509	0.0004396	1520	1057	0.6954	0.05814	1.302	1255	37.79	0.09969	0.02411	1231	669	0.5435	0.05882	1.018	-0.2224	-0.0458
chr1	24000000	25000000	0.4692	0.1042	0.0256	0	0.0556	0	1772	33.35	0.06396	-0.02317	1762	1133	0.643	0.06	0.9905	1667	37.76	0.1298	0	1656	1124	0.6787	0.05814	1.046	1520	38.25	0.1174	0.001888	1505	763	0.507	0.05263	0.7809	-0.1938	-0.03653
chr1	25000000	26000000	0.4771	0.0782	0.0278	0	0.0594	0	1356	33.31	0.06213	0.00132	1326	938	0.7074	0.05556	1.218	1449	37.79	0.1307	0.02263	1429	1056	0.739	0.05263	1.273	1159	36.61	0.05379	-0.03501	1133	836	0.7379	0.05882	1.271	-0.1699	0
chr1	26000000	27000000	0.4863	0.0853	0.0467	0	0.0588	0	985	32.58	0.03003	-0.02317	976	730	0.748	0.06098	1.202	995	37.64	0.1252	0.002383	990	780	0.7879	0.05662	1.266	915	37.96	0.1061	0.007662	911	590	0.6476	0.05437	1.041	-0.216	0
chr1	27000000	28000000	0.486	0.0627	0.0268	0	0.0613	0	1268	32.78	0.03916	0.00602	1253	850	0.6784	0.05556	1.354	1246	36.65	0.08672	-0.01152	1237	986	0.7971	0.05848	1.591	951	37.73	0.09726	0.02278	943	613	0.6501	0.05556	1.297	-0.1993	0
chr1	28000000	29000000	0.4531	0.0582	0.015	0	0.0617	0	608	32.32	0.01878	-0.02479	603	540	0.8955	0.0625	1.128	645	36.93	0.09757	0.01872	641	567	0.8846	0.0625	1.114	815	36.89	0.06479	0.003254	808	712	0.8812	0.05848	1.11	-0.2395	0.0458
chr1	29000000	30000000	0.4734	0.0657	0.0347	0	0.0605	0	1451	32.96	0.04681	-0.0006749	1439	965	0.6706	0.05882	1.055	1536	37.54	0.1211	0.02483	1530	1187	0.7758	0.05769	1.22	1160	36.66	0.05609	-0.02074	1150	754	0.6557	0.06098	1.031	-0.1699	0.03747
chr1	30000000	31000000	0.4824	0.0881	0.0293	0	0.0581	0	2025	33.21	0.05808	-0.008964	2005	1468	0.7322	0.05556	1.116	2192	37.7	0.1273	0.008369	2175	1580	0.7264	0.05556	1.108	1694	37.78	0.09928	0	1686	1100	0.6524	0.05556	0.9947	-0.1743	0
chr1	31000000	32000000	0.4732	0.0939	0.0408	0	0.0591	0	1426	32.92	0.04529	-0.02972	1412	818	0.5793	0.06	0.7838	1628	37.63	0.1247	0.0004032	1618	1062	0.6564	0.06098	0.8881	1379	38.11	0.1121	0.007072	1366	1125	0.8236	0.05556	1.114	-0.2051	-0.03747
chr1	32000000	33000000	0.4729	0.0382	0.0197	0	0.0567	0	445	31.69	-0.009763	-0.02907	441	136	0.3084	0.0633	0.8364	498	35.91	0.05738	-0.01122	494	194	0.3927	0.04951	1.065	445	36.55	0.05148	0.002174	440	130	0.2955	0.05	0.8013	-0.1864	-0.03847
chr1	33000000	34000000	0.459	0.0387	0.0233	0	0.0602	0	1209	32.76	0.03833	0.01606	1191	830	0.6969	0.06	1.063	1275	36.18	0.06786	0.006851	1256	791	0.6298	0.06098	0.9603	1093	35.61	0.01403	-0.0336	1078	842	0.7811	0.0625	1.191	-0.1293	0.03317
chr1	34000000	35000000	0.448	0.0136	0.0141	0	0.0588	0	1437	32.22	0.01442	0.01111	1417	901	0.6359	0.06098	1.024	1623	35.54	0.04225	0.01018	1598	1035	0.6477	0.05263	1.043	1188	35.35	0.003278	-0.01591	1168	562	0.4812	0.05556	0.7746	-0.1509	0
chr1	35000000	36000000	0.4239	0.024	0.0211	0	0.0585	0	951	32.25	0.01541	-0.003321	949	587	0.6185	0.05556	1.086	786	35.86	0.05533	0.02544	786	528	0.6718	0.05263	1.179	951	36.76	0.05994	0.03186	949	679	0.7155	0.05882	1.256	-0.1829	-0.04064
chr1	36000000	37000000	0.4845	0.0718	0.0444	0	0.0587	0	1193	32.94	0.04615	-0.001553	1178	853	0.7241	0.06	1.224	1202	37.35	0.1138	0.00993	1184	838	0.7078	0.05882	1.196	897	37.75	0.09805	0.01507	878	518	0.59	0.05556	0.9969	-0.1956	-0.03477
chr1	37000000	38000000	0.4729	0.0534	0.0172	0	0.062	0	1440	32.71	0.03586	0.00135	1430	959	0.6706	0.05882	1.047	1612	37.28	0.1113	0.0275	1605	1172	0.7302	0.06098	1.14	1018	36.94	0.06703	0.002522	1011	501	0.4955	0.05357	0.7739	-0.1836	-0.03356
chr1	38000000	39000000	0.4547	0.062	0.0252	0	0.0556	0	1359	32.86	0.0426	-0.005877	1355	1010	0.7454	0.06098	1.102	1252	36.84	0.09426	0.01282	1246	970	0.7785	0.05882	1.151	1194	36.83	0.06267	-0.004702	1193	791	0.663	0.05556	0.9807	-0.1751	0
chr1	39000000	40000000	0.4583	0.0587	0.0307	0	0.0594	0	1248	32.42	0.02307	-0.02101	1218	780	0.6404	0.06098	1.085	1274	36.58	0.08406	0.001368	1256	924	0.7357	0.06	1.247	1214	37.98	0.1072	0.04049	1190	823	0.6916	0.05556	1.172	-0.1979	-0.04439
chr1	40000000	41000000	0.4441	0.0741	0.018	0	0.0585	0	1023	32.53	0.02781	-0.03606	1015	614	0.6049	0.0625	0.9322	1168	36.82	0.09343	0.001182	1165	687	0.5897	0.05172	0.9088	862	37.87	0.1028	0.02134	855	434	0.5076	0.05685	0.7823	-0.2141	-0.03103
chr1	41000000	42000000	0.4625	0.101	0.0226	0	0.0585	0	1366	33.88	0.08686	-0.003066	1356	961	0.7087	0.05556	1.172	1244	37.76	0.1299	0.00396	1241	726	0.585	0.05848	0.9671	1274	38.23	0.1166	0.004142	1269	939	0.74	0.05556	1.223	-0.1767	0
chr1	42000000	43000000	0.4244	0.0352	0.0299	0	0.0588	0	959	32.52	0.02765	-0.002282	952	308	0.3235	0.06049	0.5012	1350	35.61	0.04509	0.004154	1345	940	0.6989	0.05882	1.083	967	36.29	0.04127	0.002088	960	517	0.5385	0.06522	0.8343	-0.1699	0
chr1	43000000	44000000	0.475	0.0802	0.0124	0	0.0577	0	933	33.53	0.07168	0.01057	929	678	0.7298	0.05556	1.244	926	36.87	0.09512	-0.0154	920	627	0.6815	0.05882	1.161	962	37.93	0.1052	0.01393	954	352	0.369	0.05882	0.6288	-0.1592	0
chr1	44000000	45000000	0.4654	0.062	0.02	0	0.06	0	1094	32.66	0.03362	-0.007675	1088	803	0.7381	0.06098	1.011	848	36.43	0.07812	-0.008465	843	593	0.7034	0.05102	0.9639	1293	37.21	0.07742	0.003788	1278	961	0.752	0.05556	1.03	-0.1699	0
chr1	45000000	46000000	0.4263	0.049	0.0255	0	0.0607	0	995	32.24	0.01508	-0.02925	966	476	0.4928	0.06098	0.6445	919	35.67	0.04747	-0.007925	885	243	0.2746	0.05172	0.3592	958	36.88	0.06444	0.009432	948	739	0.7795	0.05556	1.02	-0.1699	0
chr1	46000000	47000000	0.4568	0.0611	0.0316	0	0.0588	0	944	32.48	0.02559	-0.02071	931	360	0.3867	0.05556	0.6505	1103	36.71	0.08905	0.005641	1093	632	0.5782	0.0625	0.9728	1018	36.66	0.05595	-0.0114	1011	597	0.5905	0.05556	0.9934	-0.1751	0
chr1	47000000	48000000	0.4606	0.0377	0.0183	0	0.0594	0	1310	32.35	0.01989	-0.006022	1299	554	0.4265	0.06	0.7073	1425	35.86	0.05518	-0.003073	1404	701	0.4993	0.06098	0.828	1196	36.46	0.0482	-0.0009867	1187	684	0.5762	0.05556	0.9556	-0.1699	0
chr1	48000000	49000000	0.4152	-0.0312	0.0206	0	0.0621	0	1331	31.66	-0.01128	0.02055	1323	752	0.5684	0.0625	1.074	1278	33.84	-0.02858	-0.002916	1267	800	0.6314	0.06098	1.194	1234	34.24	-0.04276	-0.0139	1227	546	0.445	0.05556	0.8412	-0.1009	0
chr1	49000000	50000000	0.3757	-0.0715	0.022	0	0.0605	0	597	30.98	-0.04226	0.02386	594	519	0.8737	0.06	1.019	601	32.86	-0.07074	0.0107	599	524	0.8748	0.06522	1.02	600	33.2	-0.0872	-0.01169	595	531	0.8924	0.05814	1.041	-0.0902	0
chr1	50000000	51000000	0.4006	0.0166	0.0273	0	0.0625	0	716	32.39	0.02172	0.00502	710	520	0.7324	0.05941	1.094	727	35.62	0.04537	0.02886	720	529	0.7347	0.05263	1.098	794	35.46	0.007937	-0.009873	786	581	0.7392	0.06	1.104	-0.1255	0
chr1	51000000	52000000	0.4111	0.0454	0.0192	0	0.0588	0	499	33.19	0.05697	0.01227	497	421	0.8471	0.0625	1.111	557	35.87	0.05571	0.004283	554	479	0.8646	0.05882	1.134	371	36.61	0.05414	0.009918	365	288	0.789	0.05662	1.035	-0.09622	-0.08246
chr1	52000000	53000000	0.4235	0.0319	0.0131	0	0.0585	0	1059	32.3	0.01756	-0.007357	1057	845	0.7994	0.0625	1.099	1054	35.65	0.04695	0.009619	1052	860	0.8175	0.06079	1.124	710	36.38	0.0447	0.008715	704	508	0.7216	0.05882	0.9917	-0.1605	-0.08017
chr1	53000000	54000000	0.473	0.0997	0.0194	0	0.0588	0	1771	33.74	0.0806	0	1762	1354	0.7684	0.05882	1.23	1747	37.24	0.1098	-0.02026	1742	1376	0.7899	0.06	1.265	1062	38.16	0.1137	0.002866	1061	517	0.4873	0.05357	0.7803	-0.1699	0
chr1	54000000	55000000	0.4849	0.0603	0.0186	0	0.0577	0	1650	32.81	0.04048	0.007131	1645	1069	0.6498	0.0641	1.019	1853	36.66	0.08694	-0.005865	1848	1264	0.684	0.05792	1.072	1651	37.45	0.0867	0.01511	1641	1131	0.6892	0.05263	1.08	-0.1656	0
chr1	55000000	56000000	0.4125	0.0078	0.0266	0	0.0591	0	1646	32.08	0.008057	0.004217	1638	1108	0.6764	0.05882	1.279	1617	35.71	0.04918	0.0386	1608	1175	0.7307	0.05556	1.382	1420	35.77	0.02034	0.009278	1406	666	0.4737	0.0625	0.8956	-0.1745	0
chr1	56000000	57000000	0.4044	-0.0528	0.016	0	0.061	0	1612	30.87	-0.04741	0.007195	1606	1043	0.6494	0.0625	1.024	1583	33.34	-0.04981	0.005859	1570	922	0.5873	0.05556	0.9258	1497	34.03	-0.0516	0.001017	1493	914	0.6122	0.05882	0.9651	-0.142	-0.0458
chr1	57000000	58000000	0.4061	-0.0534	0.0249	0	0.0617	0	1472	31.42	-0.02198	0.03242	1466	905	0.6173	0.0625	0.947	1408	33.72	-0.03354	0.01843	1406	861	0.6124	0.05882	0.9394	1606	34.15	-0.04649	0.004948	1604	963	0.6004	0.05556	0.921	-0.1125	0
chr1	58000000	59000000	0.417	0.0186	0.0085	0	0.0625	0	1850	32.82	0.04066	0.01966	1832	1422	0.7762	0.06	1.137	1693	34.55	0.001741	-0.02408	1678	1313	0.7825	0.0625	1.146	1583	35.91	0.02627	0.004308	1562	1081	0.6921	0.05882	1.014	-0.1155	-0.04244
chr1	59000000	60000000	0.4029	0.0212	0.011	0	0.0594	0	850	32.19	0.01287	-0.009715	848	561	0.6616	0.05556	0.9951	783	34.92	0.01698	-0.007904	779	519	0.6662	0.05882	1.002	1051	35.86	0.02426	0	1048	666	0.6355	0.05556	0.9559	-0.1793	-0.06413
chr1	60000000	61000000	0.3859	-0.0564	0.03	0	0.0625	0	1089	30.96	-0.04355	0.004294	1086	591	0.5442	0.05882	0.9639	1278	33.17	-0.05729	0.003151	1273	960	0.7541	0.05848	1.336	1097	33.83	-0.05996	0.003046	1096	648	0.5912	0.05814	1.047	-0.122	0
chr1	61000000	62000000	0.3999	-0.0225	0.0145	0	0.0605	0	1253	31.52	-0.01758	0.004669	1251	752	0.6011	0.0633	1.138	1354	33.13	-0.05904	-0.03543	1349	776	0.5752	0.05882	1.089	1149	34.7	-0.02325	-0.001574	1148	548	0.4774	0.06	0.9036	-0.1069	-0.08246
chr1	62000000	63000000	0.407	-0.0081	0.0124	0	0.0613	0	1352	31.82	-0.003865	0.004589	1345	554	0.4119	0.06466	0.6692	1574	34.05	-0.01949	-0.01186	1568	1178	0.7513	0.05882	1.221	1421	35.7	0.01746	0.02146	1413	831	0.5881	0.05319	0.9555	-0.1278	-0.06871
chr1	63000000	64000000	0.4035	-0.0296	0.0173	0	0.0625	0	1387	31.42	-0.02201	0.007739	1373	557	0.4057	0.06522	0.7291	1397	33.74	-0.03246	-0.006056	1388	801	0.5771	0.06098	1.037	1295	34.02	-0.05186	-0.02298	1282	259	0.202	0.05556	0.3631	-0.1054	-0.03847
chr1	64000000	65000000	0.4063	-0.0275	0.0116	0	0.0625	0	1412	31.31	-0.02701	0.001682	1402	935	0.6669	0.06667	1.101	1098	33.97	-0.02308	0.003952	1095	517	0.4721	0.05882	0.7796	1417	34.7	-0.02346	0.001824	1410	715	0.5071	0.05556	0.8373	-0.1481	-0.04307
chr1	65000000	66000000	0.3925	0.0008	0.0148	0	0.0594	0	1558	31.8	-0.004909	-0.00669	1547	980	0.6335	0.0625	1.026	1174	34.63	0.004841	0.01165	1164	568	0.488	0.05556	0.7902	1620	35.14	-0.005113	-0.006207	1604	988	0.616	0.05662	0.9975	-0.1414	-0.03436
chr1	66000000	67000000	0.3776	0.0504	0.02	0	0.06	0	1483	33.12	0.0541	0.001433	1476	934	0.6328	0.05882	0.9935	1601	35.49	0.04037	0.0003508	1598	930	0.582	0.05882	0.9138	1524	36.55	0.05153	0.005283	1521	969	0.6371	0.06	1	-0.1237	-0.04064
chr1	67000000	68000000	0.409	0.0316	0.0127	0	0.06	0	1668	32.32	0.01887	-0.009911	1652	1111	0.6725	0.06	1.134	1364	34.71	0.008105	-0.02078	1345	803	0.597	0.05814	1.006	1633	36.23	0.03889	0.002567	1624	922	0.5677	0.05556	0.9569	-0.1325	-0.07595
chr1	68000000	69000000	0.3868	-0.0542	0.0191	0	0.0602	0	1062	31.49	-0.01897	0.02941	1058	464	0.4386	0.05882	0.9974	1133	33.52	-0.04218	0.01738	1125	447	0.3973	0.05882	0.9036	1640	33.86	-0.05865	-0.002704	1631	1276	0.7823	0.05848	1.779	-0.09527	0
chr1	69000000	70000000	0.3618	-0.0701	0.0269	0	0.0633	0	881	30.33	-0.07324	-0.01223	873	436	0.4994	0.0625	0.787	938	32.78	-0.07439	0.01814	934	524	0.561	0.0625	0.8841	1099	32.95	-0.09812	-0.0172	1090	672	0.6165	0.0625	0.9715	-0.1069	0
chr1	70000000	71000000	0.3761	-0.0201	0.018	0	0.0588	0	1300	31.37	-0.0244	-0.01038	1281	995	0.7767	0.06	1.151	1193	33.49	-0.04336	-0.01291	1184	864	0.7297	0.0625	1.082	1136	34.68	-0.02427	0.0005657	1128	780	0.6915	0.05814	1.025	-0.1155	0
chr1	71000000	72000000	0.3616	-0.0784	0.0264	0	0.0625	0	991	30.22	-0.07824	-0.01061	988	687	0.6953	0.0625	1.051	967	32.05	-0.1068	-0.01062	954	666	0.6981	0.06522	1.056	1172	32.38	-0.1234	-0.03307	1145	860	0.7511	0.05882	1.136	-0.09311	0
chr1	72000000	73000000	0.3477	-0.1148	0.0148	0	0.0609	0	1356	29.37	-0.1195	-0.014	1353	654	0.4834	0.07143	1.033	1253	32	-0.1091	0.03322	1251	539	0.4309	0.0625	0.9208	1518	32.55	-0.1154	0.02449	1514	1103	0.7285	0.05814	1.557	-0.1155	0
chr1	73000000	74000000	0.3519	-0.1056	0.029	0	0.0659	0	1886	29.65	-0.1058	-0.01453	1878	1454	0.7742	0.06667	1.125	1609	31.5	-0.1319	0.002952	1598	698	0.4368	0.05941	0.6346	1477	32.86	-0.1018	0.02736	1472	1139	0.7738	0.06	1.124	-0.122	-0.05063
chr1	74000000	75000000	0.3645	-0.0609	0.0108	0	0.0625	0	1227	30.53	-0.06331	-0.01704	1222	690	0.5646	0.06757	1.021	1219	32.65	-0.07984	-0.006535	1218	682	0.5599	0.06	1.013	1223	34.01	-0.05221	0.02096	1221	648	0.5307	0.05882	0.96	-0.1155	-0.04307
chr1	75000000	76000000	0.3762	-0.0578	0.0135	0	0.0619	0	1489	30.57	-0.06159	-0.009518	1464	967	0.6605	0.06098	1.092	1563	32.62	-0.08139	-0.01344	1526	850	0.557	0.05882	0.9205	1625	33.84	-0.05936	0.002782	1606	1259	0.7839	0.05814	1.296	-0.1193	-0.04182
chr1	76000000	77000000	0.3868	-0.0341	0.0154	0	0.0639	0	1396	31.31	-0.02723	0.001054	1395	901	0.6459	0.06667	1.025	1316	33.59	-0.039	0.0004615	1314	750	0.5708	0.06049	0.906	1566	34.06	-0.05034	-0.01449	1566	1184	0.7561	0.05882	1.2	-0.1255	0
chr1	77000000	78000000	0.3882	0.0096	0.0159	0	0.0588	0	1115	31.79	-0.005078	-0.01961	1111	700	0.6301	0.05556	1.213	1211	34.55	0.001731	9.871e-05	1208	781	0.6465	0.06098	1.245	1139	35.71	0.01804	0.009651	1136	940	0.8275	0.05319	1.593	-0.1283	-0.04731
chr1	78000000	79000000	0.3723	-0.0182	0.0149	0	0.061	0	1362	31.86	-0.001866	0.01049	1351	737	0.5455	0.06	0.871	1480	33.93	-0.02437	0.001198	1475	969	0.6569	0.05882	1.049	1488	34.55	-0.02966	-0.006742	1474	970	0.6581	0.05882	1.051	-0.1155	-0.03747
chr1	79000000	80000000	0.3569	-0.0616	0.0086	0	0.0607	0	1941	30.68	-0.05666	-0.006244	1931	1503	0.7784	0.0625	1.221	1642	32.35	-0.09355	-0.008386	1638	1206	0.7363	0.05882	1.155	1547	33.55	-0.07177	0.01233	1535	973	0.6339	0.0625	0.994	-0.119	-0.08246
chr1	80000000	81000000	0.3504	-0.0983	0.0229	0	0.0625	0	1287	30.22	-0.07807	0.01002	1283	530	0.4131	0.05556	0.7365	1256	31.38	-0.1372	-0.007533	1245	753	0.6048	0.05556	1.078	1967	32.46	-0.1198	0.005851	1955	1416	0.7243	0.0641	1.291	-0.09569	-0.04307
chr1	81000000	82000000	0.3664	-0.0861	0.0365	0	0.0603	0	1331	30.73	-0.05388	0.02037	1329	689	0.5184	0.05556	0.7855	1345	32.17	-0.1014	-0.0006451	1345	643	0.4781	0.06098	0.7243	1419	33.47	-0.07544	0.02465	1416	997	0.7041	0.05556	1.067	-0.1031	-0.063
chr1	82000000	83000000	0.3662	-0.0882	0.0214	0	0.0641	0	1346	30.32	-0.07357	0.002014	1339	977	0.7296	0.05882	1.049	1772	31.9	-0.1134	-0.009918	1755	1345	0.7664	0.05882	1.102	1694	32.77	-0.1059	-0.003746	1689	1377	0.8153	0.06	1.172	-0.09311	-0.04307
chr1	83000000	84000000	0.3738	-0.0541	0.0219	0	0.0625	0	1653	31.18	-0.03326	0.008251	1647	1083	0.6576	0.0625	0.9875	1398	33.47	-0.04446	0.01947	1393	923	0.6626	0.05814	0.995	1565	34.02	-0.05178	0.01245	1562	1018	0.6517	0.06522	0.9787	-0.122	0
chr1	84000000	85000000	0.3891	0.0016	0.0226	0	0.061	0	919	31.73	-0.007797	-0.01122	915	415	0.4536	0.0625	0.8695	1021	34.21	-0.0127	-0.004894	1017	516	0.5074	0.0641	0.9727	1240	35.78	0.02082	0.02001	1236	879	0.7112	0.06098	1.363	-0.1493	-0.04307
chr1	85000000	86000000	0.3871	-0.0115	0.0091	0	0.061	0	1584	31.61	-0.01326	-0.007581	1557	976	0.6268	0.0625	1.04	1473	34.11	-0.01686	-0.0002307	1445	737	0.51	0.06	0.8465	1667	35.06	-0.008237	0.004804	1641	1146	0.6984	0.05848	1.159	-0.1054	-0.0458
chr1	86000000	87000000	0.3816	-0.018	0.017	0	0.0588	0	974	31.44	-0.02114	-0.007773	950	467	0.4916	0.05882	0.8406	1205	33.76	-0.03173	-0.005557	1195	685	0.5732	0.0625	0.9802	1013	34.66	-0.02513	0	996	467	0.4689	0.0641	0.8018	-0.1497	0
chr1	87000000	88000000	0.3923	-0.0073	0.0087	0	0.0588	0	986	31.88	-0.001021	0.005299	984	463	0.4705	0.05882	0.7833	965	34.5	-0.0007194	0.01263	961	632	0.6576	0.05172	1.095	1083	35.33	0.002638	0.01008	1081	494	0.457	0.0625	0.7608	-0.152	-0.04307
chr1	88000000	89000000	0.3775	-0.0038	0.024	0	0.0599	0	907	31.74	-0.007558	-0.006577	904	475	0.5254	0.06667	0.9413	1100	34.76	0.01044	0.02525	1091	767	0.703	0.0625	1.259	927	34.91	-0.01469	-0.006736	927	536	0.5782	0.05882	1.036	-0.1325	-0.03653
chr1	89000000	90000000	0.3971	0.0437	0.0113	0	0.0588	0	1222	32.98	0.04764	0.008515	1220	426	0.3492	0.05685	0.5696	1312	35.62	0.04557	0.009462	1306	781	0.598	0.0625	0.9755	1507	36.38	0.04506	0.001264	1502	1084	0.7217	0.05263	1.177	-0.1293	-0.03653
chr1	90000000	91000000	0.3858	-0.01	0.0131	0	0.0625	0	836	31.87	-0.001439	-0.003016	831	426	0.5126	0.06098	0.7992	1020	34.15	-0.01537	-0.001335	1006	647	0.6431	0.0625	1.003	933	35.07	-0.008122	0.007927	929	459	0.4941	0.05769	0.7703	-0.1298	-0.06023
chr1	91000000	92000000	0.4079	0.005	0.0067	0	0.0625	0	1857	32.12	0.009889	0.0007926	1838	992	0.5397	0.0625	1.005	1908	34.85	0.01416	0.00925	1900	1025	0.5395	0.06098	1.004	1760	35.49	0.009168	0	1754	971	0.5536	0.05882	1.031	-0.1304	-0.03477
chr1	92000000	93000000	0.3933	0.0295	0.0106	0	0.0568	0	1226	32.33	0.01895	-0.0109	1220	711	0.5828	0.05882	1.29	1208	35.43	0.03799	0.0147	1200	568	0.4733	0.05882	1.048	1025	36	0.02986	-0.0004577	1023	446	0.436	0.05882	0.965	-0.1255	0
chr1	93000000	94000000	0.4064	0.0378	0.0264	0	0.0585	0	1180	32.24	0.01498	-0.02182	1173	830	0.7076	0.05882	1.233	1064	35.25	0.0303	-0.007895	1056	461	0.4366	0.05556	0.7608	985	36.44	0.04712	0.007107	979	745	0.761	0.05263	1.326	-0.1461	-0.03477
chr1	94000000	95000000	0.4168	0.0165	0.0249	0	0.0585	0	1469	32.57	0.02978	0.01009	1467	939	0.6401	0.05556	1.128	1455	35.22	0.0294	0.006253	1451	891	0.6141	0.05882	1.083	1468	35.79	0.02135	0.0009713	1460	842	0.5767	0.05814	1.017	-0.152	0
chr1	95000000	96000000	0.3827	-0.0502	0.0155	0	0.0597	0	1086	31.09	-0.03749	0.009708	1082	456	0.4214	0.05556	0.7737	1187	33.54	-0.04107	0.02247	1184	616	0.5203	0.06174	0.9552	1113	33.77	-0.0624	-0.008113	1109	445	0.4013	0.06098	0.7367	-0.1333	0
chr1	96000000	97000000	0.3733	-0.076	0.0136	0	0.0625	0	1065	30.24	-0.0771	-0.0165	1060	64	0.06038	0.06594	0.09049	1290	32.45	-0.08876	-0.003581	1288	804	0.6242	0.0625	0.9356	1062	33.22	-0.08624	-0.0008073	1054	44	0.04175	0.06955	0.06257	-0.111	-0.04439
chr1	97000000	98000000	0.3528	-0.0664	0.0142	0	0.0639	0	971	30.44	-0.06766	-0.01564	963	501	0.5202	0.06667	0.935	849	32.21	-0.09965	-0.006068	845	376	0.445	0.0633	0.7997	954	33.52	-0.07328	0.01586	941	451	0.4793	0.05556	0.8614	-0.1085	-0.07595
chr1	98000000	99000000	0.3631	-0.0656	0.0185	0	0.0613	0	1580	30.81	-0.05015	0.005336	1580	1067	0.6753	0.06098	1.117	1549	32.59	-0.08281	0.0005576	1543	974	0.6312	0.06522	1.044	1524	33.89	-0.05732	0.01939	1510	1013	0.6709	0.06	1.11	-0.1333	-0.08017
chr1	99000000	100000000	0.3773	0.0159	0.0183	0	0.0591	0	955	32.24	0.0149	-0.004257	953	455	0.4774	0.05556	0.7606	1034	33.93	-0.02461	-0.03012	1029	571	0.5549	0.0625	0.884	1143	35.11	-0.006418	-0.01781	1143	704	0.6159	0.05792	0.9812	-0.1142	0
chr1	100000000	101000000	0.3815	0.0445	0.0262	0	0.06	0	907	32.77	0.03857	-0.01056	900	263	0.2922	0.06757	0.5359	1063	35.48	0.03989	0.003946	1062	472	0.4444	0.05172	0.815	1209	36.71	0.05795	0.01859	1205	873	0.7245	0.05814	1.329	-0.1568	-0.03747
chr1	101000000	102000000	0.3724	0.0423	0.0205	0	0.0566	0	1490	32.6	0.03095	-0.01719	1482	991	0.6687	0.05882	1.037	1402	35.55	0.04271	0.008592	1393	1017	0.7301	0.05814	1.132	1729	36.04	0.03131	-0.007141	1720	1205	0.7006	0.05556	1.087	-0.1497	0
chr1	102000000	103000000	0.3481	-0.0277	0.0369	0	0.0588	0	2028	31.58	-0.01494	0.003614	2023	1418	0.7009	0.05882	1.727	1761	33.82	-0.02921	0.0241	1755	593	0.3379	0.06	0.8327	1604	33.79	-0.06187	-0.009033	1599	718	0.449	0.06098	1.107	-0.08169	0
chr1	103000000	104000000	0.3467	-0.0892	0.0276	0	0.0626	0	1258	30.07	-0.08529	-0.005529	1232	950	0.7711	0.06667	1.23	958	32.26	-0.0976	0.01914	941	589	0.6259	0.05882	0.9981	1653	32.59	-0.114	-0.0005246	1621	890	0.549	0.05882	0.8755	-0.1339	-0.04064
chr1	104000000	105000000	0.3514	-0.0846	0.0197	0	0.0617	0	1899	30.25	-0.07687	-0.00748	1892	1163	0.6147	0.0625	0.9898	2348	31.99	-0.1097	0.004071	2325	1920	0.8258	0.06	1.33	1892	33.28	-0.08377	0.02561	1876	1187	0.6327	0.05882	1.019	-0.1085	-0.07595
chr1	105000000	106000000	0.3437	-0.1	0.0188	0	0.0625	0	1969	29.87	-0.09494	-0.007246	1961	1422	0.7251	0.0625	1.281	2150	31.39	-0.137	-0.003186	2143	1489	0.6948	0.06667	1.228	1720	32.06	-0.1374	-0.01195	1713	845	0.4933	0.06	0.8715	-0.08618	0
chr1	106000000	107000000	0.3547	-0.082	0.0253	0	0.0625	0	1088	30.47	-0.06632	0.004307	1085	553	0.5097	0.0625	0.9912	1740	32.2	-0.1002	0.004628	1740	1280	0.7356	0.0625	1.431	1363	32.53	-0.1166	-0.01216	1358	827	0.609	0.05556	1.184	-0.1125	0
chr1	107000000	108000000	0.3792	-0.0314	0.0223	0	0.0625	0	1545	31.66	-0.01093	0.0134	1541	982	0.6372	0.06098	1.13	1617	33.61	-0.03844	0.004659	1616	1007	0.6231	0.05882	1.105	1337	34.51	-0.03133	0.00539	1337	699	0.5228	0.05882	0.9273	-0.0982	-0.0458
chr1	108000000	109000000	0.4004	-0.0111	0.0188	0	0.0625	0	1514	31.42	-0.02213	-0.009807	1436	995	0.6929	0.05882	1.198	1455	34.25	-0.01119	0.002415	1381	1051	0.761	0.05814	1.316	1459	35.01	-0.01044	-0.001253	1393	796	0.5714	0.0625	0.9879	-0.1293	-0.04182
chr1	109000000	110000000	0.4617	0.0366	0.0317	0	0.0581	0	1171	32.88	0.04367	0.01903	1161	628	0.5409	0.05792	0.9501	1220	36.76	0.09082	0.03323	1197	616	0.5146	0.05685	0.904	1199	37.14	0.07487	0.02637	1096	629	0.5739	0.05556	1.008	-0.1656	-0.03037
chr1	110000000	111000000	0.4445	0.0724	0.0207	0	0.0588	0	1357	33.37	0.06461	0.003976	1350	967	0.7163	0.05882	1.044	1486	37.39	0.1155	0.02506	1482	1023	0.6903	0.05556	1.006	1108	37.21	0.07737	-0.001555	1107	520	0.4697	0.05556	0.6847	-0.1481	0
chr1	111000000	112000000	0.4224	0.0797	0.0318	0	0.0561	0	1468	33.19	0.05682	-0.01879	1464	1094	0.7473	0.0625	1.082	1491	36.57	0.08339	-0.004991	1489	1071	0.7193	0.06	1.041	1503	37.58	0.0918	0.00112	1499	1090	0.7272	0.05556	1.052	-0.1633	-0.03171
chr1	112000000	113000000	0.4339	0.0377	0.0158	0	0.0588	0	1467	32.45	0.02454	-0.003618	1444	1147	0.7943	0.0625	1.353	1187	36.05	0.06283	0.01086	1172	659	0.5623	0.05814	0.9577	1391	36	0.02978	-0.008482	1381	847	0.6133	0.06098	1.045	-0.1783	0
chr1	113000000	114000000	0.3994	0.0119	0.0277	0	0.0597	0	1279	32.24	0.01518	0.001632	1262	983	0.7789	0.06	1.339	1119	34.59	0.003091	-0.005224	1106	800	0.7233	0.05882	1.243	1017	35.87	0.02434	0.01172	1009	536	0.5312	0.05882	0.9131	-0.1234	-0.04731
chr1	114000000	115000000	0.4063	0.0245	0.0177	0	0.0588	0	1011	32.13	0.009954	-0.01335	1011	519	0.5134	0.06098	0.7842	1147	35.46	0.03918	0.01421	1144	779	0.6809	0.05882	1.04	1102	35.59	0.01311	-0.0136	1096	734	0.6697	0.05556	1.023	-0.1613	-0.037
chr1	115000000	116000000	0.4174	0.0021	0.0125	0	0.0597	0	1593	32.22	0.01427	0.009774	1592	849	0.5333	0.06	0.9709	1985	34.83	0.01335	0.003265	1982	1296	0.6539	0.05792	1.19	1466	35.27	0.0001477	-0.004409	1465	671	0.458	0.06098	0.8338	-0.122	0
chr1	116000000	117000000	0.4307	0.0404	0.019	0	0.057	0	759	32.75	0.03796	0.001039	756	588	0.7778	0.06098	1.23	758	35.86	0.05514	0.006921	757	453	0.5984	0.05814	0.9463	651	36.63	0.05493	0.008574	648	474	0.7315	0.05437	1.157	-0.1497	-0.06158
chr1	117000000	118000000	0.4057	0.0078	0.0125	0	0.0572	0	1422	32.02	0.005164	-0.001633	1414	878	0.6209	0.0625	0.9992	1173	35.26	0.031	0.02273	1165	564	0.4841	0.05882	0.7791	1295	36.31	0.04206	0.03322	1290	819	0.6349	0.05556	1.022	-0.1844	-0.03073
chr1	118000000	119000000	0.3802	-0.048	0.0212	0	0.0599	0	1442	31.27	-0.02875	0.01045	1434	946	0.6597	0.06	0.9569	1181	33.6	-0.03852	0.01951	1176	843	0.7168	0.06	1.04	1650	34.36	-0.03768	0.0146	1640	1162	0.7085	0.05556	1.028	-0.122	-0.03847
chr1	119000000	120000000	0.4164	0.0162	0.0187	0	0.0594	0	1375	32.59	0.03069	0.01209	1366	1079	0.7899	0.0625	1.147	961	34.77	0.01054	-0.01037	956	507	0.5303	0.05556	0.7698	1295	36.29	0.04119	0.02111	1287	706	0.5486	0.05	0.7963	-0.1215	-0.04123
chr1	120000000	121000000	0.4062	-0.4045	0.0513	0	0.0714	0	647	25.09	-0.3466	0.05905	505	76	0.1505	0.08248	0.2963	1968	26.63	-0.3741	0.02923	1604	919	0.5729	0.075	1.128	1726	26.56	-0.4091	-0.006529	1401	751	0.536	0.0625	1.055	-0.1941	-0.04182
chr1	121000000	122000000	0.4118	-0.6306	0.1272	1	0.0858	0	2434	18.02	-0.8244	NA	1253	583	0.4653	0.08065	0.7966	2746	23.9	-0.5302	NA	1623	727	0.4479	0.07692	0.7669	2665	22.16	-0.6704	NA	1503	951	0.6327	0.07692	1.083	-0.3626	0.263
chr1	122000000	123000000	0.4048	-1.901	0.0787	0	0.1129	1	3703	8.386	-1.928	-0.02455	646	324	0.5015	NA	1.091	4221	9.228	-1.903	0.0003988	824	322	0.3908	NA	0.8499	4252	9.491	-1.894	0.006178	831	360	0.4332	NA	0.9422	-0.3334	-0.1675
chr1	123000000	124000000	0.3921	-1.869	0.1133	1	0.1132	1	5722	8.816	-1.856	NA	1062	521	0.4906	NA	1.03	6313	9.451	-1.869	NA	1229	494	0.402	NA	0.8443	6718	9.749	-1.855	NA	1341	636	0.4743	NA	0.9962	-0.3536	-0.273
chr1	124000000	125000000	0.3956	-1.55	0.1128	1	0.1056	1	5556	10.31	-1.63	NA	1210	648	0.5355	NA	1.087	6052	11.14	-1.631	NA	1482	569	0.3839	NA	0.7789	6196	12.49	-1.497	NA	1545	758	0.4906	NA	0.9954	-0.3785	-0.1569
chr1	125000000	126000000	0.381	0.7531	0.0305	0	0.13	1	1352	54.44	0.7708	0.009663	1090	1053	0.9661	NA	1.009	1387	50.85	0.559	-0.1861	1106	936	0.8463	NA	0.8839	1292	60.22	0.772	0.02402	1038	996	0.9595	NA	1.002	-0.06251	-0.2065
chr1	126000000	127000000	NA	NA	NA	1	NA	0	0	NA	NA	NA	0	0	NA	NA	NA	0	NA	NA	NA	0	0	NA	NA	NA	0	NA	NA	NA	0	0	NA	NA	NA	NA	NA
chr1	127000000	128000000	NA	NA	NA	1	NA	0	0	NA	NA	NA	0	0	NA	NA	NA	0	NA	NA	NA	0	0	NA	NA	NA	0	NA	NA	NA	0	0	NA	NA	NA	NA	NA
chr1	128000000	129000000	NA	NA	NA	1	NA	0	0	NA	NA	NA	0	0	NA	NA	NA	0	NA	NA	NA	0	0	NA	NA	NA	0	NA	NA	NA	0	0	NA	NA	NA	NA	NA
chr1	129000000	130000000	NA	NA	NA	1	NA	0	0	NA	NA	NA	0	0	NA	NA	NA	0	NA	NA	NA	0	0	NA	NA	NA	0	NA	NA	NA	0	0	NA	NA	NA	NA	NA
chr1	130000000	131000000	NA	NA	NA	1	NA	0	0	NA	NA	NA	0	0	NA	NA	NA	0	NA	NA	NA	0	0	NA	NA	NA	0	NA	NA	NA	0	0	NA	NA	NA	NA	NA
chr1	131000000	132000000	NA	NA	NA	1	NA	0	0	NA	NA	NA	0	0	NA	NA	NA	0	NA	NA	NA	0	0	NA	NA	NA	0	NA	NA	NA	0	0	NA	NA	NA	NA	NA
chr1	132000000	133000000	NA	NA	NA	1	NA	0	0	NA	NA	NA	0	0	NA	NA	NA	0	NA	NA	NA	0	0	NA	NA	NA	0	NA	NA	NA	0	0	NA	NA	NA	NA	NA
chr1	133000000	134000000	NA	NA	NA	1	NA	0	0	NA	NA	NA	0	0	NA	NA	NA	0	NA	NA	NA	0	0	NA	NA	NA	0	NA	NA	NA	0	0	NA	NA	NA	NA	NA
chr1	134000000	135000000	NA	NA	NA	1	NA	0	0	NA	NA	NA	0	0	NA	NA	NA	0	NA	NA	NA	0	0	NA	NA	NA	0	NA	NA	NA	0	0	NA	NA	NA	NA	NA
chr1	135000000	136000000	NA	NA	NA	1	NA	0	0	NA	NA	NA	0	0	NA	NA	NA	0	NA	NA	NA	0	0	NA	NA	NA	0	NA	NA	NA	0	0	NA	NA	NA	NA	NA
chr1	136000000	137000000	NA	NA	NA	1	NA	0	0	NA	NA	NA	0	0	NA	NA	NA	0	NA	NA	NA	0	0	NA	NA	NA	0	NA	NA	NA	0	0	NA	NA	NA	NA	NA
chr1	137000000	138000000	NA	NA	NA	1	NA	0	0	NA	NA	NA	0	0	NA	NA	NA	0	NA	NA	NA	0	0	NA	NA	NA	0	NA	NA	NA	0	0	NA	NA	NA	NA	NA
chr1	138000000	139000000	NA	NA	NA	1	NA	0	0	NA	NA	NA	0	0	NA	NA	NA	0	NA	NA	NA	0	0	NA	NA	NA	0	NA	NA	NA	0	0	NA	NA	NA	NA	NA
chr1	139000000	140000000	NA	NA	NA	1	NA	0	0	NA	NA	NA	0	0	NA	NA	NA	0	NA	NA	NA	0	0	NA	NA	NA	0	NA	NA	NA	0	0	NA	NA	NA	NA	NA
chr1	140000000	141000000	NA	NA	NA	1	NA	0	0	NA	NA	NA	0	0	NA	NA	NA	0	NA	NA	NA	0	0	NA	NA	NA	0	NA	NA	NA	0	0	NA	NA	NA	NA	NA
chr1	141000000	142000000	NA	NA	NA	1	NA	0	0	NA	NA	NA	0	0	NA	NA	NA	0	NA	NA	NA	0	0	NA	NA	NA	0	NA	NA	NA	0	0	NA	NA	NA	NA	NA
chr1	142000000	143000000	NA	NA	NA	1	NA	0	0	NA	NA	NA	0	0	NA	NA	NA	0	NA	NA	NA	0	0	NA	NA	NA	0	NA	NA	NA	0	0	NA	NA	NA	NA	NA
chr1	143000000	144000000	0.4186	-0.1408	0.154	1	0.104	1	2140	31.57	-0.01523	NA	1265	936	0.7399	NA	1.442	2351	29.36	-0.2332	NA	1359	713	0.5247	NA	1.022	1922	30.2	-0.2237	NA	1092	520	0.4762	NA	0.9279	0.07943	0.2563
chr1	144000000	145000000	0.4227	-0.6433	0.1029	1	0.0969	1	551	21.13	-0.5947	NA	374	125	0.3342	NA	0.956	649	22.63	-0.6088	NA	412	151	0.3665	NA	1.048	612	21.15	-0.7376	NA	383	123	0.3211	NA	0.9186	-0.0982	0.03049
chr1	145000000	146000000	0.4311	-0.036	0.0251	0	0.0618	0	417	31.07	-0.03834	0.003274	371	140	0.3774	0.0625	0.6685	483	34.17	-0.01447	0.01355	436	315	0.7225	0.05556	1.28	492	34.7	-0.02322	0.009426	421	188	0.4466	0.06066	0.7911	-0.1592	-0.08017
chr1	146000000	147000000	0.4176	-0.1892	0.0381	0	0.0763	0	1311	27.92	-0.1927	-0.005852	1042	691	0.6631	0.07692	1.021	1336	31.03	-0.1536	0.02687	1086	742	0.6832	0.07895	1.052	940	31.99	-0.1407	0.0449	720	523	0.7264	0.06757	1.118	-0.1699	-0.04519
chr1	147000000	148000000	0.4114	-0.0074	0.0126	0	0.0602	0	1769	32.12	0.009908	0.01821	1754	1178	0.6716	0.05882	0.8036	1696	34.19	-0.01345	-0.01225	1687	1200	0.7113	0.06049	0.8512	1111	35.24	-0.0009956	0.004254	1109	981	0.8846	0.05882	1.058	-0.1333	-0.04731
chr1	148000000	149000000	0.4154	-0.3384	0.087	0	0.0754	0	444	24.03	-0.4091	-0.0698	318	98	0.3082	0.08199	0.5063	471	26.5	-0.3812	-0.04786	312	206	0.6603	0.07576	1.085	493	27.02	-0.3842	-0.04764	355	150	0.4225	0.06466	0.6942	-0.1751	-0.03705
chr1	149000000	150000000	0.4216	-0.2317	0.0434	0	0.0782	0	508	26.22	-0.2833	-0.0467	368	267	0.7255	0.08065	0.9999	486	30.36	-0.1851	0.03926	363	251	0.6915	0.07895	0.9529	899	27.9	-0.338	-0.1154	629	513	0.8156	0.08491	1.124	-0.1255	-0.03037
chr1	150000000	151000000	0.4369	0.0573	0.0447	0	0.0612	0	959	32.29	0.01746	-0.03162	949	491	0.5174	0.06	0.8185	1004	36.31	0.07341	0.002738	997	866	0.8686	0.05882	1.374	840	37.08	0.07235	0.007366	833	599	0.7191	0.05882	1.138	-0.1829	0
chr1	151000000	152000000	0.4574	0.0706	0.0245	0	0.0556	0	954	33.27	0.06062	0.004088	951	451	0.4742	0.05556	1.08	996	36.95	0.09863	0.007688	992	361	0.3639	0.05556	0.8286	1089	37.3	0.08094	0.002655	1088	714	0.6562	0.05814	1.494	-0.1553	0
chr1	152000000	153000000	0.4152	-0.0161	0.0195	0	0.0625	0	1337	32.08	0.008133	0.02486	1308	848	0.6483	0.0625	1.011	1583	34.76	0.01043	0.021	1536	909	0.5918	0.0625	0.923	1696	35.2	-0.002674	0.01109	1662	1220	0.7341	0.0625	1.145	-0.1255	0
chr1	153000000	154000000	0.454	0.0568	0.0144	0	0.0625	0	1264	32.36	0.02037	-0.02198	1248	908	0.7276	0.06522	1.091	1420	36.16	0.06729	-0.009011	1406	808	0.5747	0.05882	0.8618	952	36.55	0.05143	-0.007696	940	444	0.4723	0.06049	0.7084	-0.1745	0
chr1	154000000	155000000	0.4664	0.0971	0.0286	0	0.0594	0	1060	33.64	0.07649	0	1056	610	0.5777	0.06	0.9832	1095	37.41	0.1163	-0.005193	1082	723	0.6682	0.05556	1.137	1054	38.35	0.1211	0.01242	1051	348	0.3311	0.06174	0.5636	-0.1844	0
chr1	155000000	156000000	0.4733	0.0679	0.0423	0	0.0588	0	886	32.17	0.0121	-0.03691	844	529	0.6268	0.06098	1.005	690	36.31	0.0733	-0.02501	657	341	0.519	0.05814	0.8322	893	37.59	0.09224	0.01318	857	584	0.6814	0.05556	1.093	-0.2157	-0.03562
chr1	156000000	157000000	0.5063	0.1143	0.0372	0	0.0594	0	1001	34.07	0.09475	0.01194	993	553	0.5569	0.0625	0.965	1016	38.39	0.1537	-0.001849	1004	528	0.5259	0.05437	0.9113	977	38.65	0.1324	0.005604	973	505	0.519	0.06098	0.8993	-0.195	0
chr1	157000000	158000000	0.4211	0.0631	0.0221	0	0.0583	0	1387	32.98	0.04793	-0.01164	1381	751	0.5438	0.0625	0.786	1393	36.05	0.06301	-0.006702	1388	878	0.6326	0.05556	0.9142	1626	37.43	0.08602	0.01813	1626	1115	0.6857	0.05556	0.9911	-0.1561	-0.07127
chr1	158000000	159000000	0.3918	-0.0061	0.0146	0	0.0621	0	2294	31.88	-0.000957	0.003449	2291	1696	0.7403	0.0625	1.324	2299	34.08	-0.01841	0	2296	1081	0.4708	0.05882	0.8423	2201	35.27	0	0.003631	2200	1456	0.6618	0.06098	1.184	-0.1333	-0.04439
chr1	159000000	160000000	0.4099	0.0306	0.025	0	0.0585	0	1234	32.17	0.0119	-0.01804	1228	691	0.5627	0.06098	1.218	1049	35.08	0.02368	-0.007865	1047	471	0.4499	0.06	0.9739	1356	35.41	0.005954	-0.02709	1349	827	0.613	0.05556	1.327	-0.1255	-0.03562
chr1	160000000	161000000	0.4393	0.094	0.0333	0	0.0588	0	1542	33.49	0.07008	-0.02023	1515	444	0.2931	0.0625	0.4567	1551	37.07	0.103	-0.003026	1528	706	0.462	0.05882	0.72	1591	38.09	0.1113	0.0154	1570	1023	0.6516	0.05556	1.015	-0.1722	-0.03172
chr1	161000000	162000000	0.4459	0.0048	0.0282	0	0.061	0	1358	31.47	-0.01969	-0.01317	1262	514	0.4073	0.0633	0.7669	1428	36.05	0.06278	0.04225	1326	737	0.5558	0.06098	1.047	1368	36.93	0.06651	0.05467	1297	645	0.4973	0.05333	0.9364	-0.1844	0
chr1	162000000	163000000	0.4138	0.0271	0.0209	0	0.061	0	1498	32.27	0.01664	-0.01113	1492	940	0.63	0.0625	1.158	1530	35.85	0.05474	0.01871	1526	936	0.6134	0.05882	1.128	1571	36.11	0.03423	0.003559	1567	846	0.5399	0.06098	0.9926	-0.1444	-0.03395
chr1	163000000	164000000	0.3765	-0.0455	0.026	0	0.06	0	1242	31.41	-0.02233	0.01726	1236	864	0.699	0.06522	1.034	1288	33.15	-0.05819	-0.00403	1281	1026	0.8009	0.0641	1.184	1321	33.88	-0.05772	-0.006362	1317	885	0.672	0.05814	0.9936	-0.1234	-0.04244
chr1	164000000	165000000	0.3936	-0.072	0.0235	0	0.0633	0	1004	31	-0.04148	0.02947	1001	604	0.6034	0.0625	0.9176	1040	33.43	-0.04588	0.03372	1039	541	0.5207	0.0641	0.7918	1208	33.63	-0.06854	0.001577	1207	812	0.6727	0.0625	1.023	-0.1155	-0.0375
chr1	165000000	166000000	0.421	0.0054	0.008	0	0.0588	0	1606	31.96	0.002542	0.001229	1593	795	0.4991	0.06	0.9187	1516	34.47	-0.001872	-0.01408	1507	709	0.4705	0.05814	0.8661	1568	35.47	0.008431	0	1557	897	0.5761	0.05556	1.061	-0.142	-0.04064
chr1	166000000	167000000	0.4033	-0.0151	0.0159	0	0.0607	0	1477	31.84	-0.002813	0.0109	1473	597	0.4053	0.06098	0.7001	1337	34.43	-0.003641	0.007775	1333	403	0.3023	0.05882	0.5222	1634	34.66	-0.02513	-0.01364	1620	773	0.4772	0.0625	0.8243	-0.1278	0
chr1	167000000	168000000	0.4188	0.0653	0.0155	0	0.0588	0	1025	32.99	0.04807	-0.0158	1022	760	0.7436	0.06	1.092	1114	36.31	0.07343	-0.000791	1111	539	0.4851	0.05882	0.7126	1222	36.99	0.06878	0.002249	1215	899	0.7399	0.06	1.087	-0.1454	-0.03477
chr1	168000000	169000000	0.4033	0.0275	0.0186	0	0.0607	0	1249	32.56	0.02943	0.0005492	1241	1041	0.8388	0.06	1.257	1255	35.25	0.03069	-0.0004921	1246	1087	0.8724	0.06098	1.307	1319	35.45	0.007681	-0.02343	1309	1030	0.7869	0.05882	1.179	-0.1193	0
chr1	169000000	170000000	0.3826	0.0243	0.0178	0	0.0585	0	1387	32.54	0.02853	0.001467	1365	652	0.4777	0.05941	0.7265	1200	34.5	-0.000597	-0.01156	1196	931	0.7784	0.05556	1.184	1467	35.96	0.028	0.007793	1462	927	0.6341	0.05814	0.9644	-0.111	-0.07219
chr1	170000000	171000000	0.3774	-0.0139	0.0133	0	0.0594	0	1612	31.61	-0.01339	-0.002313	1609	984	0.6116	0.05556	0.9293	1486	34.01	-0.02136	0.002922	1470	867	0.5898	0.05882	0.8962	1623	34.61	-0.02711	-0.009054	1618	1020	0.6304	0.05556	0.9579	-0.1312	-0.0458
chr1	171000000	172000000	0.3981	-0.0016	0.0187	0	0.0621	0	1373	31.9	-0.0002776	0.002049	1364	1026	0.7522	0.06667	0.9853	1394	33.59	-0.03923	-0.03133	1388	1226	0.8833	0.0625	1.157	779	35.29	0.00108	0.001695	778	511	0.6568	0.05172	0.8604	-0.1186	-0.07215
chr1	172000000	173000000	0.3813	0.0179	0.0347	0	0.0605	0	1024	32.34	0.01975	-0.003573	1015	751	0.7399	0.05882	1.1	1018	34.13	-0.01593	-0.02538	1007	665	0.6604	0.0625	0.9821	911	35.41	0.006094	-0.00761	905	578	0.6387	0.06098	0.9498	-0.1122	-0.04186
chr1	173000000	174000000	0.3946	0.0431	0.0198	0	0.0594	0	1280	32.17	0.01216	-0.0319	1276	993	0.7782	0.0625	1.193	1096	35.69	0.04851	0.007976	1094	753	0.6883	0.05882	1.055	736	36.76	0.05997	0.01999	733	400	0.5457	0.05556	0.8367	-0.1956	-0.04519
chr1	174000000	175000000	0.3835	-0.0017	0.0255	0	0.0605	0	1154	32.03	0.005878	0.003273	1129	1094	0.969	0.06	1.078	1157	34.55	0.001596	0.009419	1143	1107	0.9685	0.05556	1.077	240	35.96	0.02806	0.03599	228	97	0.4254	0.05319	0.4732	-0.2002	-0.1211
chr1	175000000	176000000	0.4296	0.0304	0.0225	0	0.0588	0	1778	32.88	0.04342	0.01546	1767	1026	0.5806	0.06	1.018	1734	35.17	0.02732	-0.008226	1723	979	0.5682	0.05882	0.9958	1687	36.61	0.05413	0.01453	1680	795	0.4732	0.05	0.8293	-0.152	-0.074
chr1	176000000	177000000	0.3908	-0.0388	0.0091	0	0.0619	0	1030	31.24	-0.03023	0.006744	1021	755	0.7395	0.05556	1.097	917	33.63	-0.03724	0.01034	914	534	0.5842	0.05556	0.8666	1378	34.42	-0.03485	0.006342	1367	1042	0.7623	0.05556	1.131	-0.1193	0
chr1	177000000	178000000	0.4076	-0.0431	0.0121	0	0.0625	0	1408	30.9	-0.04611	-0.003032	1397	913	0.6535	0.06098	0.9037	1372	33.31	-0.05136	-0.008102	1364	1162	0.8519	0.05882	1.178	1482	34.52	-0.03068	0.00869	1470	1036	0.7048	0.06098	0.9745	-0.1375	0
chr1	178000000	179000000	0.3966	0.0174	0.0199	0	0.0594	0	1126	31.99	0.003987	-0.006808	1117	884	0.7914	0.0625	1.037	1206	34.59	0.003211	-0.01233	1201	983	0.8185	0.0625	1.072	805	36.1	0.03379	0.01482	793	549	0.6923	0.05263	0.907	-0.122	-0.08746
chr1	179000000	180000000	0.4112	0.0399	0.0072	0	0.0587	0	1936	32.81	0.04034	0.001209	1933	1241	0.642	0.0625	0.9266	1901	35.59	0.04433	-0.001595	1897	1475	0.7775	0.05556	1.122	1837	36.72	0.05833	0.01961	1835	873	0.4757	0.05882	0.6866	-0.124	-0.03847
chr1	180000000	181000000	0.4098	0.075	0.0067	0	0.0577	0	1320	33.69	0.07854	0.004727	1310	873	0.6664	0.05882	1.06	1420	36.22	0.06972	-0.00546	1405	996	0.7089	0.05556	1.128	1348	37.2	0.07718	-0.0008385	1332	945	0.7095	0.05556	1.128	-0.1444	-0.0458
chr1	181000000	182000000	0.4338	0.0787	0.0203	0	0.0588	0	1687	33.08	0.05208	-0.01709	1680	1245	0.7411	0.05882	1.322	1597	36.55	0.08264	-0.01033	1596	1228	0.7694	0.05882	1.373	1541	37.29	0.08047	0	1536	1045	0.6803	0.05882	1.214	-0.1454	-0.03562
chr1	182000000	183000000	0.4192	0.036	0.0194	0	0.0588	0	1439	32.64	0.03301	-0.0014	1431	918	0.6415	0.06757	0.9854	1353	35.85	0.05498	0.01239	1344	969	0.721	0.05556	1.107	1246	36.62	0.05422	0.01826	1239	746	0.6021	0.05556	0.9249	-0.1375	0
chr1	183000000	184000000	0.4119	0.0489	0.0122	0	0.0588	0	1542	32.77	0.03858	-0.006697	1525	1145	0.7508	0.0625	1.075	1037	35.51	0.04104	-0.01321	1028	825	0.8025	0.05882	1.149	1786	37.04	0.07097	0.01569	1779	1109	0.6234	0.05263	0.8922	-0.1509	-0.07595
chr1	184000000	185000000	0.3983	0.0228	0.0201	0	0.0588	0	1155	32.19	0.01301	-0.007593	1154	799	0.6924	0.06	1.03	1296	35.51	0.04126	0.02407	1292	823	0.637	0.06	0.9472	1358	36.04	0.0312	0.007685	1355	1099	0.8111	0.05882	1.206	-0.152	-0.03562
chr1	185000000	186000000	0.3792	0.0012	0.0137	0	0.06	0	1000	31.92	0.0008595	-0.007411	996	829	0.8323	0.05882	1.048	1194	34.13	-0.01629	-0.005797	1188	1067	0.8981	0.06	1.131	1203	35.27	0.0001637	0.004285	1200	948	0.79	0.05556	0.9946	-0.114	-0.03847
chr1	186000000	187000000	0.3666	-0.0363	0.0151	0	0.0588	0	1325	31.12	-0.03599	-0.01064	1316	925	0.7029	0.06	1.106	1191	33.4	-0.04747	0.002823	1184	707	0.5971	0.06098	0.9392	1644	33.99	-0.05329	-0.003198	1628	1189	0.7303	0.05882	1.149	-0.1255	-0.04307
chr1	187000000	188000000	0.3572	-0.0711	0.0126	0	0.0613	0	1977	30.45	-0.06748	-0.006268	1956	1266	0.6472	0.06	1.108	1748	32.37	-0.09246	-0.003139	1726	882	0.511	0.05556	0.875	1881	33.4	-0.07821	0.01538	1868	1076	0.576	0.05814	0.9863	-0.1155	-0.03477
chr1	188000000	189000000	0.3434	-0.0992	0.031	0	0.0615	0	2188	30.35	-0.07216	0.01575	2179	1209	0.5548	0.0641	1.14	2208	31.33	-0.1397	-0.004965	2196	1272	0.5792	0.06466	1.19	1549	32.62	-0.1124	0.01391	1545	546	0.3534	0.06098	0.7258	-0.06817	-0.04182
chr1	189000000	190000000	0.3395	-0.1062	0.0288	0	0.0625	0	2218	30.02	-0.08774	0.004791	2213	1188	0.5368	0.06174	0.692	2203	31.46	-0.1337	0.007427	2196	1178	0.5364	0.0625	0.6915	1940	31.72	-0.1527	-0.01538	1930	1287	0.6668	0.0625	0.8596	-0.05063	0
chr1	190000000	191000000	0.3359	-0.1096	0.0355	0	0.0632	0	1708	30.01	-0.08823	0.01213	1703	890	0.5226	0.06522	0.9573	1709	31.42	-0.1353	0.009165	1706	890	0.5217	0.0625	0.9556	1483	31.84	-0.1473	-0.00964	1480	1054	0.7122	0.06	1.305	-0.0902	0
chr1	191000000	192000000	0.3442	-0.0657	0.0258	0	0.0602	0	1440	30.91	-0.04553	0.007004	1432	999	0.6976	0.06	1.067	1442	32.95	-0.06664	0.03045	1438	1005	0.6989	0.06098	1.068	1100	32.81	-0.1042	-0.01513	1097	805	0.7338	0.05556	1.122	-0.08746	0
chr1	192000000	193000000	0.3618	0.0236	0.0226	0	0.0625	0	1548	31.73	-0.007997	-0.04069	1533	902	0.5884	0.0625	0.9172	1427	34.06	-0.01903	-0.02019	1400	898	0.6414	0.0625	0.9999	1248	35.42	0.006407	-0.006374	1243	841	0.6766	0.05556	1.055	-0.1155	-0.05063
chr1	193000000	194000000	0.3639	-0.0358	0.0132	0	0.0594	0	1482	31.07	-0.03835	-0.01536	1464	1118	0.7637	0.06098	1.253	1422	33.54	-0.04121	0.01208	1407	879	0.6247	0.05882	1.025	1137	34.13	-0.04721	0.0007017	1124	491	0.4368	0.06	0.7167	-0.1013	0
chr1	194000000	195000000	0.345	-0.0821	0.0136	0	0.0615	0	1842	30.19	-0.07986	-0.007194	1825	1297	0.7107	0.0625	1.276	1966	31.69	-0.1231	-0.01076	1957	1600	0.8176	0.0625	1.468	1365	33.26	-0.08442	0.02109	1355	672	0.4959	0.06522	0.8904	-0.09622	-0.08017
chr1	195000000	196000000	0.342	-0.0876	0.0272	0	0.0633	0	2137	30.52	-0.06422	0.009347	2123	1268	0.5973	0.06174	0.9912	2001	31.72	-0.1215	0.000956	1991	1589	0.7981	0.0625	1.324	1827	32.38	-0.123	-0.007339	1813	585	0.3227	0.0625	0.5355	-0.08746	-0.04182
chr1	196000000	197000000	0.3489	-0.1155	0.0262	0	0.0646	0	1519	30.17	-0.08044	0.02631	1458	1085	0.7442	0.06667	1.385	1035	31.75	-0.1205	0.0236	1020	564	0.5529	0.0625	1.029	1470	32.54	-0.1163	0.02437	1445	756	0.5232	0.0641	0.9735	-0.09686	0
chr1	197000000	198000000	0.3623	-0.0342	0.0146	0	0.0605	0	1145	31.15	-0.03446	-0.004848	1140	595	0.5219	0.06522	1.216	1167	33.71	-0.03406	0.02401	1164	603	0.518	0.05882	1.207	1104	33.99	-0.05331	-0.008299	1102	496	0.4501	0.05848	1.049	-0.1333	0
chr1	198000000	199000000	0.36	0.039	0.0145	0	0.0588	0	1286	32.9	0.04412	-0.009899	1281	1054	0.8228	0.05556	1.074	1062	34.93	0.01737	-0.002201	1058	909	0.8592	0.05556	1.121	1059	36.17	0.03651	0.01329	1055	830	0.7867	0.05882	1.027	-0.1274	-0.05013
chr1	199000000	200000000	0.3703	0.0113	0.0315	0	0.06	0	1204	32	0.004133	-0.01669	1198	854	0.7129	0.06049	0.9057	1262	34.12	-0.01663	-0.01444	1253	1008	0.8045	0.0625	1.022	1018	34.72	-0.02247	-0.02686	1005	550	0.5473	0.05882	0.6953	-0.1054	0
chr1	200000000	201000000	0.4184	0.0427	0.0149	0	0.0556	0	1868	32.75	0.03761	-0.003826	1853	1167	0.6298	0.0625	0.9948	1688	35.64	0.04628	-0.006126	1673	1045	0.6246	0.05556	0.9866	1649	36.42	0.04654	0.001111	1625	1000	0.6154	0.05556	0.972	-0.1409	0
chr1	201000000	202000000	0.4887	0.0898	0.023	0	0.0588	0	1536	33.6	0.07461	0.0148	1525	706	0.463	0.06	0.8128	1609	37.91	0.1355	0.01133	1600	888	0.555	0.05263	0.9744	1638	37.88	0.103	-0.003078	1619	940	0.5806	0.06098	1.019	-0.1898	0
chr1	202000000	203000000	0.4575	0.0784	0.0175	0	0.0556	0	1334	32.78	0.03925	-0.02535	1316	875	0.6649	0.0625	1.008	1249	37.05	0.1025	0.003776	1240	798	0.6435	0.05556	0.9755	1246	37.85	0.1019	0.0158	1235	885	0.7166	0.05556	1.086	-0.1905	0
chr1	203000000	204000000	0.4637	0.0643	0.0298	0	0.0588	0	1316	32.87	0.043	-0.01022	1304	696	0.5337	0.05941	0.9962	1333	37.07	0.1033	0.01305	1325	712	0.5374	0.05882	1.003	1523	37.95	0.1057	0.03062	1510	1020	0.6755	0.05556	1.261	-0.2088	-0.03043
chr1	204000000	205000000	0.4755	0.0828	0.0202	0	0.0591	0	1077	33.38	0.06538	0.001469	1066	717	0.6726	0.05882	1.025	1170	37.88	0.1343	0.02106	1164	611	0.5249	0.05556	0.8001	913	37.64	0.09391	0	912	529	0.58	0.05814	0.8841	-0.1898	0
chr1	205000000	206000000	0.4729	0.0815	0.0271	0	0.0581	0	1325	33.12	0.05415	-0.008458	1321	572	0.433	0.05882	0.6886	1400	37.6	0.1237	0.01179	1397	905	0.6478	0.05556	1.03	1486	37.56	0.09104	-0.001568	1485	798	0.5374	0.05814	0.8546	-0.1699	0
chr1	206000000	207000000	0.4475	0.0911	0.0469	0	0.057	0	782	32.92	0.04536	-0.03447	770	560	0.7273	0.06098	1.039	738	37.73	0.1285	0.01931	726	483	0.6653	0.05556	0.9501	677	38.24	0.1168	0.0214	669	156	0.2332	0.05556	0.333	-0.2035	-0.03847
chr1	207000000	208000000	0.4044	0.0513	0.0315	0	0.06	0	1176	32.23	0.01463	-0.03487	1162	646	0.5559	0.05848	0.9542	1197	35.47	0.03964	-0.008798	1173	606	0.5166	0.06	0.8868	706	36.29	0.0415	-0.009987	703	5	0.007112	0.1	0.01221	-0.1615	0
chr1	208000000	209000000	0.4242	0.0243	0.017	0	0.0621	0	1115	32.67	0.034	0.01668	1114	530	0.4758	0.05556	0.8228	1313	35.42	0.03741	0.007221	1309	794	0.6066	0.06049	1.049	924	35.96	0.02829	0	922	237	0.257	0.05882	0.4446	-0.1497	0.01374
chr1	209000000	210000000	0.4218	0.0018	0.0267	0	0.0617	0	1243	31.84	-0.003123	0	1232	754	0.612	0.06	1.04	1385	35.13	0.02557	0.01651	1373	924	0.673	0.05556	1.144	1138	35.88	0.02474	0.01447	1130	779	0.6894	0.05814	1.171	-0.1699	-0.03356
chr1	210000000	211000000	0.4105	-0.0045	0.0132	0	0.06	0	1568	32.01	0.004846	0.009462	1559	1257	0.8063	0.0625	1.188	1511	34.86	0.01457	0.01324	1507	1125	0.7465	0.05814	1.1	1350	35.36	0.003772	0.007626	1346	1061	0.7883	0.05814	1.161	-0.1027	-0.01551
chr1	211000000	212000000	0.4215	0.079	0.0158	0	0.0594	0	1414	33.43	0.06732	-0.006762	1407	1003	0.7129	0.05556	1.03	1310	36.58	0.08398	-0.002744	1305	931	0.7134	0.06098	1.031	1204	37.2	0.0771	-0.01018	1198	662	0.5526	0.05556	0.7985	-0.1492	0
chr1	212000000	213000000	0.4313	0.0676	0.0327	0	0.0556	0	1735	32.87	0.0432	-0.01576	1712	1285	0.7506	0.05882	0.9674	1561	36.17	0.06748	-0.01031	1552	1253	0.8073	0.05556	1.041	1412	37.13	0.07435	0.003399	1407	412	0.2928	0.05137	0.3774	-0.1651	-0.03953
chr1	213000000	214000000	0.4079	0.0333	0.0307	0	0.0585	0	1026	33.26	0.06017	0.02277	1024	720	0.7031	0.05882	1.29	1098	35.84	0.05429	0.02107	1094	796	0.7276	0.05882	1.335	895	35.64	0.01541	-0.02206	893	469	0.5252	0.05882	0.9638	-0.09788	0
chr1	214000000	215000000	0.4017	-0.0315	0.0162	0	0.0617	0	1427	31.83	-0.003275	0.02835	1418	1068	0.7532	0.05882	1.196	1303	33.72	-0.03363	-0.003358	1291	842	0.6522	0.06	1.035	1120	34.38	-0.03659	-0.002818	1112	632	0.5683	0.0633	0.9023	-0.1266	-0.03653
chr1	215000000	216000000	0.3677	-0.0728	0.0196	0	0.0613	0	1254	30.55	-0.0625	0.002168	1247	914	0.733	0.0625	1.22	1275	32.59	-0.08278	0.001027	1262	787	0.6236	0.06667	1.038	1079	33.4	-0.07832	0.008076	1073	682	0.6356	0.05882	1.058	-0.1054	0
chr1	216000000	217000000	0.3679	-0.0949	0.0225	0	0.0625	0	1456	30.41	-0.06944	0.01624	1451	832	0.5734	0.0625	1.052	1499	32.09	-0.1052	0.0006959	1497	958	0.6399	0.05882	1.174	1347	32.46	-0.1194	-0.01223	1343	716	0.5331	0.05556	0.9782	-0.0902	-0.03747
chr1	217000000	218000000	0.377	-0.0691	0.0188	0	0.0605	0	1207	30.47	-0.06628	-0.002191	1207	853	0.7067	0.0641	1.043	1164	32.66	-0.07948	0.0006247	1163	903	0.7764	0.06098	1.146	1620	33.51	-0.07362	-0.0006051	1609	1171	0.7278	0.05882	1.074	-0.1193	-0.04244
chr1	218000000	219000000	0.384	-0.0448	0.0071	0	0.0617	0	1477	31.07	-0.03829	0.003013	1476	1056	0.7154	0.0625	1.027	1554	33.5	-0.04316	0.00826	1545	1145	0.7411	0.0625	1.064	1570	33.87	-0.05833	-0.007931	1560	1228	0.7872	0.06	1.13	-0.1171	0
chr1	219000000	220000000	0.381	-0.043	0.0163	0	0.0615	0	1640	31.07	-0.03837	-0.003411	1627	1266	0.7781	0.06	1.359	1738	34.39	-0.005072	0.04588	1728	1192	0.6898	0.06522	1.204	1575	34.35	-0.03786	0.01028	1542	860	0.5577	0.05882	0.9738	-0.1278	0
chr1	220000000	221000000	0.4031	-0.0042	0.0154	0	0.06	0	1259	32.3	0.01772	0.02206	1256	794	0.6322	0.05556	1.047	1294	35.09	0.02398	0.02458	1293	755	0.5839	0.06	0.9674	1027	35.58	0.01261	0.01375	1025	475	0.4634	0.0641	0.7678	-0.1454	0
chr1	221000000	222000000	0.3906	0.0352	0.0111	0	0.0607	0	1310	32.85	0.0423	0.005279	1307	862	0.6595	0.05882	1.022	1176	35.12	0.02535	-0.001075	1176	783	0.6658	0.0625	1.032	1117	36.06	0.03212	-0.000685	1116	786	0.7043	0.05814	1.092	-0.1155	-0.03519
chr1	222000000	223000000	0.3993	0.0263	0.0116	0	0.0605	0	1523	32.72	0.03633	0.008672	1511	1099	0.7273	0.0625	1.195	1490	35.31	0.03312	0.0104	1482	895	0.6039	0.05882	0.9921	1422	35.56	0.01198	-0.0149	1409	830	0.5891	0.05263	0.9678	-0.1375	0
chr1	223000000	224000000	0.4463	0.0241	0.0101	0	0.0594	0	1571	32.25	0.01546	0.002736	1544	1069	0.6924	0.06522	1.129	1375	35.71	0.04935	0.007186	1358	830	0.6112	0.05263	0.9971	1599	35.86	0.02422	-0.006586	1565	1024	0.6543	0.05814	1.067	-0.1592	-0.03477
chr1	224000000	225000000	0.423	0.0491	0.0085	0	0.0588	0	1456	33.04	0.05031	0.006483	1450	824	0.5683	0.06	1.119	1547	35.9	0.05689	0.0005811	1524	850	0.5577	0.05882	1.098	1359	36.95	0.0674	0.007322	1349	703	0.5211	0.05882	1.026	-0.1454	-0.04064
chr1	225000000	226000000	0.4189	0.0392	0.0115	0	0.0591	0	1515	32.84	0.04192	0.003985	1509	1062	0.7038	0.06049	1.175	1461	35.96	0.05922	0.01308	1449	1023	0.706	0.05882	1.179	1267	35.92	0.02646	-0.0143	1262	788	0.6244	0.06098	1.043	-0.1293	0.03562
chr1	226000000	227000000	0.464	0.1034	0.0217	0	0.0556	0	1063	33.68	0.07797	-0.01347	1060	489	0.4613	0.05769	0.7295	1232	37.49	0.1192	-0.00916	1225	845	0.6898	0.05556	1.091	1138	38.35	0.1211	0.006076	1134	812	0.716	0.05792	1.132	-0.1783	-0.03395
chr1	227000000	228000000	0.426	0.0273	0.0148	0	0.06	0	1671	32.67	0.03443	0.0104	1639	927	0.5656	0.05882	0.8956	1569	35.32	0.03323	-0.0002732	1530	860	0.5621	0.06	0.8901	1714	35.69	0.01707	-0.01621	1696	1100	0.6486	0.05882	1.027	-0.1155	-0.02915
chr1	228000000	229000000	0.496	0.0678	0.0171	0	0.058	0	1220	33.78	0.08254	0.03921	1175	856	0.7285	0.05556	1.147	1242	36.46	0.07928	-0.02387	1213	799	0.6587	0.05814	1.037	922	37.21	0.07761	-0.0022	891	580	0.651	0.05	1.025	-0.1454	0
chr1	229000000	230000000	0.4358	0.0372	0.0085	0	0.0583	0	956	33.09	0.05244	0.02306	953	642	0.6737	0.05556	0.9325	1144	35.24	0.03025	-0.01713	1137	738	0.6491	0.05882	0.8985	839	36.89	0.06508	0.02739	834	603	0.723	0.05263	1.001	-0.142	-0.074
chr1	230000000	231000000	0.4461	0.0431	0.0078	0	0.0594	0	1614	32.83	0.04126	0.00953	1601	1096	0.6846	0.06	1.026	1882	35.71	0.04925	-0.01136	1873	1302	0.6951	0.05882	1.042	1529	36.44	0.04711	-0.004566	1525	1176	0.7711	0.05556	1.156	-0.1333	0
chr1	231000000	232000000	0.4242	-0.0006	0.0111	0	0.061	0	1322	31.89	-0.0005714	0.007007	1314	728	0.554	0.05882	0.8111	1262	34.62	0.004528	-0.0007603	1256	811	0.6457	0.05882	0.9453	1332	35.71	0.01791	0.01452	1327	723	0.5448	0.06	0.7976	-0.1489	-0.04064
chr1	232000000	233000000	0.4187	-0.0223	0.0074	0	0.0594	0	1589	31.42	-0.02188	0.002007	1579	886	0.5611	0.0625	0.9358	1523	34.08	-0.01836	-0.005767	1516	1004	0.6623	0.05882	1.105	1580	34.81	-0.01867	0.00103	1572	983	0.6253	0.05556	1.043	-0.1543	-0.04009
chr1	233000000	234000000	0.4023	0.0133	0.0073	0	0.0588	0	1590	32.11	0.009415	-0.004697	1580	1002	0.6342	0.0625	0.9861	1690	34.73	0.00912	-0.007778	1679	1098	0.654	0.0625	1.017	1598	35.32	0.002381	-0.01373	1596	1110	0.6955	0.05556	1.081	-0.1193	-0.03747
chr1	234000000	235000000	0.4374	0.1104	0.0265	0	0.0617	0	1551	34.06	0.0942	-0.009576	1524	1073	0.7041	0.06522	1.004	1540	37.77	0.1302	0.00793	1500	1098	0.732	0.06098	1.044	1419	38.41	0.1231	0.004967	1371	1035	0.7549	0.05882	1.077	-0.1582	-0.03562
chr1	235000000	236000000	0.4243	0.0698	0.0177	0	0.0605	0	1094	33.24	0.05931	-0.003181	1089	868	0.7971	0.0641	1.311	926	36.55	0.08261	0.006762	916	242	0.2642	0.0625	0.4347	937	36.98	0.06843	-0.005361	927	727	0.7843	0.06098	1.29	-0.1444	0
chr1	236000000	237000000	0.4287	0.0289	0.0121	0	0.0588	0	2176	32.15	0.01117	-0.01382	2139	1226	0.5732	0.06049	0.9058	2561	35.94	0.05864	0.02289	2525	1649	0.6531	0.05882	1.032	2145	35.89	0.02521	-0.01278	2124	1638	0.7712	0.06	1.219	-0.188	0
chr1	237000000	238000000	0.3898	-0.0525	0.0238	0	0.0594	0	1674	30.6	-0.06001	-0.008505	1626	829	0.5098	0.07143	0.9265	1723	32.94	-0.06712	-0.006555	1686	804	0.4769	0.0625	0.8666	1633	33.22	-0.08621	-0.03291	1612	739	0.4584	0.05556	0.8331	-0.114	0
chr1	238000000	239000000	0.3684	-0.0965	0.0411	0	0.0617	0	1704	30.33	-0.07319	0.01607	1695	1062	0.6265	0.06	1.036	1504	31.54	-0.1298	-0.01907	1496	903	0.6036	0.0641	0.9984	1679	32.16	-0.1329	-0.02514	1666	911	0.5468	0.05882	0.9044	-0.07039	-0.03562
chr1	239000000	240000000	0.3822	-0.1028	0.0257	0	0.0619	0	1669	29.9	-0.09383	0.00621	1648	1099	0.6669	0.0625	1.039	1250	32.22	-0.09912	0.01703	1240	691	0.5573	0.0625	0.8679	1706	32.65	-0.1113	-0.003939	1696	1203	0.7093	0.05882	1.105	-0.1155	0
chr1	240000000	241000000	0.3973	-0.0637	0.0203	0	0.0625	0	1363	30.48	-0.0659	0.001528	1356	92	0.06785	0.06667	0.09957	1741	32.92	-0.06798	0.002694	1724	1165	0.6758	0.06098	0.9917	1618	33.17	-0.08822	-0.02534	1607	1133	0.705	0.05882	1.035	-0.1155	0
chr1	241000000	242000000	0.3993	-0.0096	0.0198	0	0.0597	0	1759	31.62	-0.01276	-0.004518	1754	1172	0.6682	0.0641	1.07	1412	33.8	-0.02993	-0.01675	1409	645	0.4578	0.05882	0.733	1849	34.96	-0.01247	-0.003447	1845	1134	0.6146	0.05556	0.9842	-0.1085	-0.04439
chr1	242000000	243000000	0.4079	-0.0239	0.0303	0	0.0588	0	2277	31.74	-0.007602	0.0122	2266	1256	0.5543	0.05882	0.9769	1522	34.08	-0.01826	0.005724	1517	2	0.001318	NA	0.002324	2257	35.26	-0.000152	0.01958	2250	1106	0.4916	0.0625	0.8663	-0.1414	-0.03477
chr1	243000000	244000000	0.3907	0.0009	0.0062	0	0.0588	0	652	31.77	-0.006068	-0.008437	645	158	0.245	0.05556	0.5527	599	33.99	-0.02195	-0.013	594	1	0.001684	NA	0.003799	659	35.4	0.005401	0.006898	655	286	0.4366	0.06098	0.9852	-0.1255	-0.05013
chr1	244000000	245000000	0.4253	0.0168	0.0186	0	0.0625	0	1455	32.19	0.01266	0	1441	867	0.6017	0.06	1.023	1364	34.57	0.002365	-0.0214	1353	578	0.4272	0.05941	0.7262	1112	36.02	0.03069	0.0098	1107	546	0.4932	0.06098	0.8384	-0.1375	-0.04736
chr1	245000000	246000000	0.4381	0.0156	0.0181	0	0.0594	0	2225	32.14	0.01066	0	2174	1408	0.6477	0.05882	1.097	2048	35.05	0.02243	-0.00559	2004	1375	0.6861	0.05882	1.162	2279	35.99	0.02926	0.008494	2225	1281	0.5757	0.05556	0.975	-0.1375	-0.04064
chr1	246000000	247000000	0.4134	-0.0085	0.0174	0	0.0613	0	1707	31.73	-0.007827	0.001026	1646	734	0.4459	0.0625	0.8126	1690	34.24	-0.01155	-0.01394	1641	892	0.5436	0.05814	0.9905	2069	35.67	0.01642	0.02119	1980	1305	0.6591	0.05814	1.201	-0.1375	-0.04811
chr1	247000000	248000000	0.412	-0.0106	0.0078	0	0.0605	0	2284	32.06	0.006848	0.02141	2245	1072	0.4775	0.0625	0.9537	2364	34.63	0.004987	0.01023	2334	1166	0.4996	0.06387	0.9977	2173	34.84	-0.01772	-0.01349	2137	1140	0.5335	0.05556	1.065	-0.1024	0
chr1	248000000	248956422	0.3947	-0.0782	0.0414	0	0.0676	0	2119	29.38	-0.1191	-0.04171	1902	1441	0.7576	0.06667	1.563	1846	31.24	-0.1439	-0.06272	1653	1320	0.7985	0.06049	1.648	2089	32.62	-0.1127	-0.03075	1923	1442	0.7499	0.07143	1.547	-0.1155	0
chr2	0	1000000	0.4409	-0.0637	0.0164	0	0.0636	0	1522	30.37	-0.07111	-0.004553	1374	625	0.4549	0.05882	0.7263	1788	33.94	-0.02421	0.03034	1662	1079	0.6492	0.0641	1.037	2041	33.35	-0.08039	-0.02174	1892	1326	0.7008	0.06098	1.119	-0.152	0
chr2	1000000	2000000	0.4658	-0.0843	0.0324	0	0.0641	0	2074	29.59	-0.1085	-0.001178	1870	608	0.3251	0.07143	0.5059	2554	32.87	-0.07049	-0.01049	2336	1358	0.5813	0.06098	0.9045	2295	33.5	-0.07418	-0.002277	2102	1474	0.7012	0.0625	1.091	-0.1497	0
chr2	2000000	3000000	0.4432	-0.009	0.0237	0	0.0612	0	1334	32.09	0.00853	0.02586	1312	735	0.5602	0.06098	1.002	1430	34.54	0.0009712	-0.0031	1400	873	0.6236	0.05556	1.115	1676	34.85	-0.01719	-0.01499	1648	1128	0.6845	0.05882	1.224	-0.1304	0
chr2	3000000	4000000	0.4654	0.0266	0.0218	0	0.0625	0	1862	32.71	0.03619	0.03029	1810	1123	0.6204	0.0625	0.9598	2189	35.34	0.03401	-0.01718	2114	1549	0.7327	0.06098	1.134	1993	36.29	0.0414	0.003173	1929	1117	0.5791	0.0625	0.8958	-0.1375	-0.04064
chr2	4000000	5000000	0.3853	-0.0656	0.0208	0	0.0621	0	1318	30.91	-0.04566	0.01415	1313	756	0.5758	0.06757	0.9198	1532	32.99	-0.06519	0.005782	1525	822	0.539	0.06	0.861	1605	33.49	-0.07457	-0.002926	1603	1212	0.7561	0.05882	1.208	-0.07698	0
chr2	5000000	6000000	0.4039	-0.0591	0.015	0	0.0617	0	1278	30.9	-0.04597	0.01493	1272	564	0.4434	0.06667	0.7178	1526	33.04	-0.063	-0.005508	1518	858	0.5652	0.05941	0.915	1390	33.47	-0.07519	-0.01627	1384	972	0.7023	0.06098	1.137	-0.1085	0
chr2	6000000	7000000	0.4022	-0.0125	0.0241	0	0.0594	0	1481	31.53	-0.01719	-0.006074	1471	829	0.5636	0.0625	0.9861	1535	33.72	-0.03372	-0.0239	1530	663	0.4333	0.0641	0.7582	1421	34.52	-0.03066	-0.02106	1407	735	0.5224	0.05882	0.9141	-0.1031	0
chr2	7000000	8000000	0.4092	0.0004	0.0162	0	0.06	0	1356	31.73	-0.007693	-0.005273	1346	755	0.5609	0.06667	0.9152	1355	34.25	-0.01115	-0.008334	1344	867	0.6451	0.05882	1.053	1351	35.58	0.01278	0.007376	1342	651	0.4851	0.05882	0.7915	-0.152	-0.04897
chr2	8000000	9000000	0.4367	0.0764	0.0265	0	0.0592	0	1094	33.08	0.05223	-0.01635	1090	612	0.5615	0.06125	1.049	1172	36.61	0.08513	-0.002303	1171	767	0.655	0.05882	1.224	1070	37.37	0.08364	-0.0004204	1068	558	0.5225	0.05662	0.9762	-0.1699	0
chr2	9000000	10000000	0.4492	0.0698	0.0219	0	0.0585	0	1285	33.36	0.06456	0.004497	1273	895	0.7031	0.05882	1.021	1418	36.37	0.07579	-0.01215	1407	1108	0.7875	0.05556	1.144	1576	37.97	0.1067	0.03201	1559	1002	0.6427	0.05556	0.9338	-0.1592	-0.05247
chr2	10000000	11000000	0.4913	0.0888	0.0285	0	0.0588	0	1903	33.87	0.08635	0.02755	1881	1380	0.7337	0.05556	1.069	2294	37.38	0.115	-0.008035	2237	1483	0.6629	0.05556	0.9655	1822	38.77	0.1367	0.03486	1786	1174	0.6573	0.05556	0.9574	-0.1905	0
chr2	11000000	12000000	0.4433	0.0404	0.0157	0	0.0572	0	1419	32.81	0.04059	0.009068	1406	971	0.6906	0.05814	1.112	1580	36.18	0.0679	0.01443	1566	1189	0.7593	0.05357	1.222	1616	36.52	0.05028	0.00318	1601	1114	0.6958	0.05769	1.12	-0.1468	0
chr2	12000000	13000000	0.4034	-0.0097	0.022	0	0.0625	0	1513	31.52	-0.01767	-0.009354	1507	804	0.5335	0.06667	0.9006	1801	33.89	-0.0262	-0.02003	1796	1242	0.6915	0.0625	1.167	1307	34.55	-0.02973	-0.0238	1298	647	0.4985	0.05556	0.8414	-0.1171	0
chr2	13000000	14000000	0.3553	-0.0617	0.0176	0	0.0646	0	1431	30.53	-0.06348	-0.01166	1421	1216	0.8557	0.0625	1.336	1590	32.54	-0.08474	0.002682	1581	931	0.5889	0.06757	0.9192	1346	33.72	-0.06481	0.02021	1339	1283	0.9582	0.05882	1.496	-0.1155	-0.04182
chr2	14000000	15000000	0.3808	-0.0738	0.0074	0	0.0625	0	745	30.65	-0.05782	0.006727	742	544	0.7332	0.06	1.066	869	32.41	-0.09056	-0.01097	867	403	0.4648	0.0625	0.676	579	34.06	-0.05018	0.02841	578	378	0.654	0.06757	0.9511	-0.1077	-0.07136
chr2	15000000	16000000	0.4211	-0.0031	0.0182	0	0.061	0	1896	31.95	0.001941	0.008572	1891	772	0.4082	0.05848	0.6199	1960	34.38	-0.005776	-0.009292	1953	927	0.4747	0.06098	0.7207	1609	35.49	0.00928	0.007588	1605	1194	0.7439	0.05556	1.13	-0.1375	-0.04439
chr2	16000000	17000000	0.42	-0.0244	0.0124	0	0.0605	0	1526	31.5	-0.01845	0.007538	1507	1085	0.72	0.0625	1.1	1250	33.82	-0.0292	-0.01193	1236	802	0.6489	0.05882	0.9917	1512	34.56	-0.02914	-0.004987	1502	840	0.5593	0.05882	0.8547	-0.08246	0
chr2	17000000	18000000	0.3889	-0.0002	0.0111	0	0.0597	0	1247	31.63	-0.01257	-0.01466	1223	821	0.6713	0.0641	1.049	1102	34.32	-0.008266	0.0009851	1087	427	0.3928	0.06757	0.6137	1143	35.35	0.003596	0.004701	1139	706	0.6198	0.05319	0.9684	-0.1575	-0.04182
chr2	18000000	19000000	0.3875	-0.0218	0.0162	0	0.061	0	1450	31.55	-0.01598	-0.0002768	1439	1069	0.7429	0.06098	1.093	1291	33.74	-0.03287	-0.005707	1283	922	0.7186	0.06098	1.057	1597	34.62	-0.02651	-0.003368	1582	1149	0.7263	0.05814	1.068	-0.09433	-0.04064
chr2	19000000	20000000	0.4115	0.0066	0.0195	0	0.06	0	1419	32.4	0.02202	0.01905	1418	753	0.531	0.06098	0.8996	1314	34.91	0.0163	0.003676	1306	765	0.5858	0.05556	0.9923	1438	35.78	0.02103	0.01318	1426	833	0.5842	0.0625	0.9896	-0.1255	0
chr2	20000000	21000000	0.4512	0.0968	0.0191	0	0.0588	0	1598	34.23	0.1013	0.01124	1595	1115	0.6991	0.05882	1.065	1316	37.42	0.1168	0.002166	1314	850	0.6469	0.05556	0.9855	1465	38.77	0.1368	0.02999	1465	1069	0.7297	0.05556	1.112	-0.1615	-0.03747
chr2	21000000	22000000	0.3866	-0.04	0.0225	0	0.0572	0	1152	31.48	-0.01919	0.01443	1146	751	0.6553	0.05556	1.17	1012	33.81	-0.02951	0.01585	1011	600	0.5935	0.06	1.06	1183	33.98	-0.05375	-0.01036	1180	707	0.5992	0.05814	1.07	-0.09686	0
chr2	22000000	23000000	0.3736	-0.0533	0.0282	0	0.0625	0	1141	30.79	-0.05137	-0.01115	1129	948	0.8397	0.06098	1.193	727	33.8	-0.02998	0.0348	723	322	0.4454	0.05556	0.633	1120	33.44	-0.07648	-0.01302	1110	834	0.7514	0.0625	1.068	-0.09954	0
chr2	23000000	24000000	0.4459	0.0725	0.0108	0	0.0588	0	1540	33.66	0.07715	0.01597	1520	1016	0.6684	0.0625	1.01	1387	36.38	0.07584	-0.01239	1370	925	0.6752	0.05556	1.021	1487	36.88	0.06449	-0.01505	1465	970	0.6621	0.05556	1.001	-0.1293	-0.03318
chr2	24000000	25000000	0.4213	0.0843	0.0259	0	0.0591	0	1564	33.66	0.0774	-0.002811	1556	899	0.5778	0.05814	1.013	1554	37.02	0.1011	0.009253	1544	1024	0.6632	0.05556	1.163	1146	37.62	0.09337	0.003165	1139	443	0.3889	0.05556	0.6821	-0.1561	-0.04307
chr2	25000000	26000000	0.4539	0.0837	0.0266	0	0.0615	0	1068	33.36	0.06429	-0.004937	1048	794	0.7576	0.0625	1.419	998	36.37	0.07575	-0.02829	992	527	0.5312	0.05263	0.9947	1035	37.72	0.09712	0.009075	1035	555	0.5362	0.05769	1.004	-0.1543	-0.04064
chr2	26000000	27000000	0.4645	0.0938	0.0209	0	0.0581	0	1583	33.77	0.08184	0	1579	895	0.5668	0.06098	0.9976	1422	37.5	0.1198	0.0005299	1418	785	0.5536	0.05769	0.9743	1474	37.81	0.1005	-0.002822	1467	938	0.6394	0.05556	1.125	-0.1745	0
chr2	27000000	28000000	0.4517	0.0392	0.0232	0	0.0572	0	908	32.42	0.02319	-0.01105	897	499	0.5563	0.05556	0.9075	951	36.28	0.07212	0.01239	936	698	0.7457	0.05556	1.217	711	37.56	0.09101	0.04475	705	465	0.6596	0.05556	1.076	-0.1745	-0.03953
chr2	28000000	29000000	0.4366	0.0387	0.019	0	0.0588	0	1525	32.59	0.03088	0.0001956	1515	1095	0.7228	0.0625	1.172	1323	35.54	0.0424	-0.007143	1317	806	0.612	0.05814	0.9924	1400	36.78	0.06055	0.01461	1395	907	0.6502	0.05263	1.054	-0.1745	-0.037
chr2	29000000	30000000	0.4339	0.0206	0.0073	0	0.0594	0	2009	32.77	0.0385	0.02744	1999	1402	0.7014	0.06	1.271	1610	34.84	0.0138	-0.02106	1601	727	0.4541	0.0625	0.8226	1821	36.34	0.04334	0.02218	1820	1205	0.6621	0.05556	1.199	-0.1127	-0.07127
chr2	30000000	31000000	0.4333	0.0283	0.0161	0	0.0594	0	1661	32.32	0.01876	0.0008054	1659	1208	0.7281	0.06049	1.119	1525	34.89	0.01571	-0.02278	1519	1188	0.7821	0.06098	1.202	1303	35.98	0.02886	-0.0028	1303	842	0.6462	0.06098	0.9928	-0.09559	-0.03797
chr2	31000000	32000000	0.4134	0.0094	0.0108	0	0.0603	0	1634	32.26	0.01593	0.006887	1628	1000	0.6143	0.05882	1.059	1270	34.95	0.01833	-0.001968	1266	490	0.387	0.05882	0.6673	1607	35.34	0.003159	-0.009968	1605	1082	0.6741	0.05556	1.162	-0.1375	-0.03747
chr2	32000000	33000000	0.4043	0.0119	0.026	0	0.0588	0	977	31.79	-0.005081	-0.01518	961	597	0.6212	0.06667	0.9534	831	34.92	0.01708	0.008042	813	406	0.4994	0.05556	0.7664	950	35.8	0.02162	0.009539	941	586	0.6227	0.05882	0.9557	-0.1375	-0.07215
chr2	33000000	34000000	0.4014	0.0187	0.0155	0	0.0615	0	1808	32.32	0.01857	-0.001731	1798	1087	0.6046	0.06098	1.007	2024	35.07	0.02327	0.002996	2020	1283	0.6351	0.0625	1.058	1721	35.85	0.02386	0.00635	1721	1080	0.6275	0.05769	1.045	-0.1293	-0.03395
chr2	34000000	35000000	0.3704	-0.0679	0.0245	0	0.0607	0	1976	30.91	-0.04553	0.01748	1964	1383	0.7042	0.05882	1.206	1874	32.83	-0.07234	0.009633	1853	1025	0.5532	0.05882	0.9477	2098	33.29	-0.08329	-0.00736	2069	1547	0.7477	0.06098	1.281	-0.1042	0
chr2	35000000	36000000	0.3571	-0.0749	0.0292	0	0.0605	0	2521	30.28	-0.07525	-0.01153	2496	1955	0.7833	0.06098	1.126	1899	32.19	-0.1005	-0.004218	1889	1463	0.7745	0.05882	1.113	2615	32.86	-0.1018	-0.004408	2599	1950	0.7503	0.05882	1.078	-0.1206	-0.04182
chr2	36000000	37000000	0.3955	0.0058	0.0098	0	0.0617	0	1742	31.94	0.001602	0	1728	1088	0.6296	0.05882	1.014	1613	34.17	-0.01448	-0.01823	1582	937	0.5923	0.06667	0.9536	1867	35.14	-0.004966	-0.008242	1852	1221	0.6593	0.05882	1.061	-0.1155	0
chr2	37000000	38000000	0.4008	0.0684	0.0123	0	0.0588	0	1390	33.17	0.0563	-0.01165	1381	1089	0.7886	0.05882	1.184	1601	36	0.0609	-0.009068	1592	993	0.6237	0.05882	0.9363	1433	36.97	0.06826	-0.001533	1428	1144	0.8011	0.05556	1.203	-0.1234	0
chr2	38000000	39000000	0.422	0.054	0.0145	0	0.0588	0	1412	32.88	0.04339	-0.005683	1407	1060	0.7534	0.06098	1.166	1270	35.71	0.04903	-0.01131	1260	797	0.6325	0.05556	0.9789	1321	36.89	0.06498	0.002033	1316	739	0.5616	0.05556	0.869	-0.1497	-0.0458
chr2	39000000	40000000	0.3928	0.0135	0.016	0	0.058	0	1358	32.03	0.005756	-0.007715	1356	953	0.7028	0.06	1.543	1300	34.43	-0.003329	-0.006926	1298	741	0.5709	0.05263	1.253	1390	35.5	0.009699	-0.004162	1386	669	0.4827	0.06098	1.059	-0.1255	-0.03953
chr2	40000000	41000000	0.3651	-0.0633	0.0182	0	0.0594	0	1598	31.01	-0.04119	0.006773	1595	1038	0.6508	0.05882	1.061	1674	33.23	-0.05449	0.02729	1669	1000	0.5992	0.05556	0.9771	1850	33.09	-0.09191	-0.01714	1847	1210	0.6551	0.05882	1.068	-0.08746	0
chr2	41000000	42000000	0.3837	-0.0205	0.018	0	0.0594	0	2054	31.65	-0.01133	0.003837	2035	1283	0.6305	0.0625	0.9293	1932	34.41	-0.004148	0.02246	1924	821	0.4267	0.05556	0.629	1807	34.66	-0.02511	0.0009834	1796	1589	0.8847	0.05882	1.304	-0.1274	0
chr2	42000000	43000000	0.4407	0.0615	0.017	0	0.06	0	1499	33.1	0.05327	-0.005264	1495	1281	0.8569	0.0641	1.42	1353	36.43	0.07811	0.006342	1349	647	0.4796	0.06098	0.7949	1385	37.34	0.08238	0.01584	1383	832	0.6016	0.06098	0.997	-0.1595	-0.0451
chr2	43000000	44000000	0.4271	0.0611	0.0269	0	0.0587	0	1322	32.85	0.04204	-0.01151	1310	688	0.5252	0.06	0.7155	1250	36.82	0.09346	0.02691	1242	923	0.7432	0.05556	1.012	1208	36.96	0.06754	0.000197	1194	954	0.799	0.05882	1.089	-0.1529	-0.03953
chr2	44000000	45000000	0.4104	0.0272	0.0182	0	0.0588	0	1708	31.96	0.002385	-0.02415	1697	887	0.5227	0.0625	1.142	1640	34.78	0.01097	-0.02204	1628	972	0.5971	0.06098	1.304	1445	35.89	0.02524	-0.00411	1441	931	0.6461	0.05556	1.412	-0.1437	0
chr2	45000000	46000000	0.4271	0.055	0.0217	0	0.0609	0	1429	32.98	0.0478	0.0003487	1407	995	0.7072	0.05882	1.043	1194	35.99	0.06047	2.16e-05	1175	800	0.6809	0.0625	1.004	1831	36.05	0.03192	-0.02933	1809	1146	0.6335	0.05848	0.9341	-0.1405	0
chr2	46000000	47000000	0.4381	0.077	0.0096	0	0.0599	0	1606	33.82	0.08415	0.01209	1603	1125	0.7018	0.06098	0.9386	1418	36.46	0.07937	-0.01005	1410	1054	0.7475	0.05814	0.9998	1712	37.01	0.06979	-0.01238	1710	1142	0.6678	0.05556	0.8932	-0.1543	-0.04123
chr2	47000000	48000000	0.447	0.0727	0.0207	0	0.0585	0	1112	32.68	0.03484	-0.0264	1106	802	0.7251	0.06667	1.032	1366	36.03	0.06218	-0.02831	1357	1153	0.8497	0.05814	1.209	937	37.53	0.08968	0.01149	935	489	0.523	0.0625	0.7442	-0.1592	-0.03747
chr2	48000000	49000000	0.4046	0.0081	0.0164	0	0.061	0	1060	32.18	0.01238	0.006479	1050	728	0.6933	0.0625	1.093	1106	34.57	0.002481	-0.002425	1097	581	0.5296	0.0625	0.835	1094	35.41	0.005781	-0.002504	1089	840	0.7713	0.06757	1.216	-0.1024	0
chr2	49000000	50000000	0.3724	-0.0703	0.0271	0	0.0625	0	1292	30.89	-0.04641	0.01805	1290	1128	0.8744	0.06522	1.161	1617	33	-0.06449	0.01399	1611	1057	0.6561	0.06667	0.8713	1525	33.56	-0.07135	0.002794	1516	1283	0.8463	0.05882	1.124	-0.1119	0
chr2	50000000	51000000	0.3573	-0.0903	0.0173	0	0.0594	0	1651	30.32	-0.07354	0.005584	1643	1201	0.731	0.0641	0.9953	1660	32.09	-0.105	0.0002591	1655	1228	0.742	0.06	1.01	1702	32.54	-0.1159	-0.005233	1696	1037	0.6114	0.0625	0.8326	-0.1119	0
chr2	51000000	52000000	0.3532	-0.1022	0.0395	0	0.0625	0	1665	29.95	-0.0911	-0.005202	1658	963	0.5808	0.06	0.9796	1570	31.38	-0.1372	-0.01598	1564	795	0.5083	0.06522	0.8573	1809	32.09	-0.1359	-0.01128	1800	1217	0.6761	0.0625	1.14	-0.09311	-0.0458
chr2	52000000	53000000	0.3606	-0.0824	0.0241	0	0.0621	0	2080	30.51	-0.0643	0.006457	2078	1551	0.7464	0.06	1.028	1724	32.35	-0.09352	0.0108	1721	1434	0.8332	0.05882	1.147	2166	32.69	-0.1093	-0.01041	2164	1725	0.7971	0.0625	1.098	-0.1119	-0.037
chr2	53000000	54000000	0.3835	-0.0283	0.0175	0	0.0602	0	1007	31.03	-0.04002	-0.01603	1001	683	0.6823	0.06	0.8958	1290	33.82	-0.02946	0.004962	1288	943	0.7321	0.05556	0.9612	905	34.39	-0.0361	-0.00158	901	613	0.6804	0.05172	0.8932	-0.1155	-0.04731
chr2	54000000	55000000	0.4081	0.0554	0.0114	0	0.0588	0	1106	33.25	0.0598	0.0002202	1105	908	0.8217	0.06	1.137	1563	35.24	0.02989	-0.02416	1560	1165	0.7468	0.05882	1.034	1030	36.66	0.05576	-0.00376	1026	646	0.6296	0.06049	0.8715	-0.1069	-0.04123
chr2	55000000	56000000	0.3946	0.0252	0.0107	0	0.0621	0	1600	32	0.004132	-0.02203	1590	820	0.5157	0.06466	0.8923	1393	35.06	0.02263	0	1390	424	0.305	0.06098	0.5277	1412	35.98	0.02897	0.0069	1403	619	0.4412	0.05882	0.7633	-0.1444	-0.04731
chr2	56000000	57000000	0.3727	-0.0646	0.0281	0	0.0617	0	1631	30.64	-0.05836	0.0009486	1630	801	0.4914	0.05882	0.6836	1750	33.34	-0.05009	0.02363	1745	1136	0.651	0.0633	0.9056	1526	33.17	-0.08842	-0.01997	1524	1216	0.7979	0.0625	1.11	-0.1193	0.03953
chr2	57000000	58000000	0.3553	-0.0541	0.0121	0	0.0607	0	1892	30.65	-0.05776	-0.01353	1865	1321	0.7083	0.0625	0.8924	2023	32.66	-0.07982	0	2007	1591	0.7927	0.05556	0.9988	1685	33.5	-0.07417	0.003245	1662	1326	0.7978	0.06	1.005	-0.1193	-0.04731
chr2	58000000	59000000	0.3685	-0.0174	0.0196	0	0.0633	0	528	31.32	-0.02663	-0.01953	528	425	0.8049	0.06667	0.9915	706	33.01	-0.06436	-0.03458	705	580	0.8227	0.06594	1.013	633	34.99	-0.01145	0.01816	632	545	0.8623	0.06	1.062	-0.1119	-0.08746
chr2	59000000	60000000	0.3829	-0.03	0.0224	0	0.0594	0	1147	31.61	-0.01332	0.01245	1144	722	0.6311	0.06	0.998	1278	33.46	-0.04477	-0.004274	1272	1028	0.8082	0.05685	1.278	1341	34.36	-0.03747	-0.001851	1337	938	0.7016	0.05882	1.109	-0.122	-0.04064
chr2	60000000	61000000	0.4238	0.0646	0.0248	0	0.0599	0	1106	32.7	0.03575	-0.02385	1095	853	0.779	0.05882	1.03	1153	35.72	0.04948	-0.02101	1136	843	0.7421	0.06	0.9816	1060	36.98	0.06858	-3.917e-06	1052	825	0.7842	0.06098	1.037	-0.1497	-0.04307
chr2	61000000	62000000	0.4124	0.0477	0.0219	0	0.0556	0	989	32.03	0.005683	-0.03806	984	713	0.7246	0.06	1.042	1058	35.5	0.04081	-0.01006	1050	605	0.5762	0.05882	0.8286	1149	36.92	0.0661	0.01524	1144	835	0.7299	0.05556	1.05	-0.1722	0
chr2	62000000	63000000	0.4064	0.0655	0.0172	0	0.0588	0	508	33.26	0.06024	-0.004257	507	271	0.5345	0.0641	0.7543	881	36.44	0.07856	0.01266	878	698	0.795	0.05882	1.122	598	36.82	0.06231	-0.005403	598	408	0.6823	0.05218	0.9628	-0.122	0
chr2	63000000	64000000	0.3781	0.0222	0.0124	0	0.0625	0	953	32.4	0.02238	-0.002102	950	429	0.4516	0.0625	0.8902	964	35.85	0.0547	0.04452	962	370	0.3846	0.0625	0.7582	963	35.75	0.01987	0.004076	959	429	0.4473	0.05556	0.8818	-0.1543	0
chr2	64000000	65000000	0.4234	0.084	0.0281	0	0.0585	0	1175	33.65	0.07702	-0.002241	1166	706	0.6055	0.06	0.9108	1434	37.02	0.1012	0.01142	1422	999	0.7025	0.05814	1.057	1123	37.81	0.1007	0.008987	1114	752	0.675	0.05882	1.015	-0.1454	-0.03477
chr2	65000000	66000000	0.4276	0.046	0.0173	0	0.0585	0	1334	33.16	0.05551	0.01671	1330	692	0.5203	0.06098	0.8159	1660	36.28	0.07212	0.02065	1655	1107	0.6689	0.05769	1.049	1359	36.71	0.058	0.00556	1357	827	0.6094	0.05814	0.9557	-0.1619	0
chr2	66000000	67000000	0.3908	-0.0433	0.0131	0	0.0625	0	1104	31.49	-0.01874	0.02273	1095	766	0.6995	0.05882	1.033	1329	33.5	-0.04305	0.009022	1318	904	0.6859	0.05882	1.013	864	34.02	-0.05183	-0.006137	852	615	0.7218	0.06	1.066	-0.121	0
chr2	67000000	68000000	0.3888	-0.0118	0.0232	0	0.0613	0	1367	31.81	-0.004493	0.004988	1365	795	0.5824	0.06522	0.9052	1783	34.74	0.009364	0.02986	1780	1286	0.7225	0.05814	1.123	1447	34.77	-0.02057	-0.008372	1445	931	0.6443	0.06	1.001	-0.142	0
chr2	68000000	69000000	0.3965	0.056	0.0309	0	0.0588	0	914	32.89	0.04394	-0.005678	895	638	0.7128	0.06	1.069	1301	35.96	0.05942	0.005554	1290	1044	0.8093	0.04951	1.214	1012	36.86	0.06393	0.009458	1003	843	0.8405	0.06	1.261	-0.1454	-0.03653
chr2	69000000	70000000	0.4208	0.0694	0.0272	0	0.0591	0	1081	33.68	0.07799	0.01156	1079	678	0.6284	0.05814	0.8165	1319	36.61	0.08502	0.009139	1315	1069	0.8129	0.05814	1.056	1141	37.24	0.07868	0.006751	1141	943	0.8265	0.05556	1.074	-0.1339	-0.03747
chr2	70000000	71000000	0.4469	0.0703	0.0161	0	0.061	0	1170	33.25	0.05945	0.0003348	1165	957	0.8215	0.05882	1.046	1303	36.6	0.08477	-0.004101	1300	1131	0.87	0.06098	1.107	1257	36.94	0.06704	-0.008018	1254	950	0.7576	0.06	0.9643	-0.152	-0.03171
chr2	71000000	72000000	0.448	0.0303	0.0243	0	0.0588	0	1402	32.32	0.01865	-0.001354	1376	880	0.6395	0.05882	0.9918	1643	35.97	0.05968	0.01091	1616	1097	0.6788	0.05556	1.053	1417	35.94	0.02723	-0.008657	1399	734	0.5247	0.0625	0.8137	-0.1543	0
chr2	72000000	73000000	0.4089	-0.0074	0.025	0	0.06	0	1214	31.58	-0.01452	-0.002933	1202	854	0.7105	0.06	1.028	1098	34.79	0.01164	0.02165	1090	397	0.3642	0.05556	0.5269	836	34.5	-0.03167	-0.02872	834	571	0.6847	0.06	0.9904	-0.1085	0
chr2	73000000	74000000	0.4371	0.0612	0.0201	0	0.0588	0	1209	33.19	0.05705	0.003866	1207	1096	0.908	0.06098	1.278	1197	36.38	0.07605	0.001478	1189	921	0.7746	0.05556	1.09	930	37.21	0.07741	0.008527	924	460	0.4978	0.05	0.7008	-0.1656	-0.03847
chr2	74000000	75000000	0.4548	0.0873	0.0176	0	0.0572	0	1116	33.2	0.0575	-0.01533	1114	867	0.7783	0.05814	1.171	1175	37.53	0.1211	0.01666	1169	840	0.7186	0.05556	1.081	588	38.24	0.1169	0.02338	588	378	0.6429	0.05814	0.967	-0.1822	0
chr2	75000000	76000000	0.3932	0.013	0.0192	0	0.0588	0	1644	32.01	0.004639	-0.008712	1638	1306	0.7973	0.06	1.049	1341	34.38	-0.005769	-0.01212	1318	1022	0.7754	0.05882	1.02	1330	35.6	0.01372	-9.592e-05	1330	992	0.7459	0.05848	0.9814	-0.1255	-0.03953
chr2	76000000	77000000	0.3589	-0.0786	0.0275	0	0.0625	0	1817	30.43	-0.06826	-0.002723	1811	1144	0.6317	0.06667	1.108	2062	32.68	-0.0789	0.02079	2055	1135	0.5523	0.06	0.9691	1840	32.76	-0.1063	-0.01343	1820	1069	0.5874	0.0625	1.031	-0.1119	0
chr2	77000000	78000000	0.3509	-0.1149	0.0289	0	0.0625	0	1586	29.94	-0.09182	0.007704	1581	1266	0.8008	0.06667	1.059	1661	31.13	-0.1487	-0.001125	1654	1344	0.8126	0.06	1.075	1193	31.98	-0.1413	0.0008338	1185	966	0.8152	0.06522	1.078	-0.1234	-0.04731
chr2	78000000	79000000	0.3541	-0.1045	0.0495	0	0.0625	0	1630	30.01	-0.0882	0.0005895	1628	1372	0.8428	0.0641	1.018	1308	31.22	-0.1449	-0.01906	1305	1092	0.8368	0.06594	1.01	1353	31.94	-0.1428	-0.01563	1349	488	0.3617	0.0625	0.4368	-0.09516	-0.04182
chr2	79000000	80000000	0.3835	-0.0985	0.0221	0	0.0597	0	1841	30.02	-0.0877	0.006493	1837	1334	0.7262	0.06	1.118	1751	32.1	-0.1046	1.441e-05	1743	1038	0.5955	0.05882	0.9168	1718	32.43	-0.121	-0.01629	1717	1093	0.6366	0.06	0.9799	-0.09165	0
chr2	80000000	81000000	0.3852	-0.1071	0.0326	0	0.0615	0	701	30.15	-0.0815	0.01704	696	548	0.7874	0.0625	1.114	1084	31.95	-0.1111	0.001335	1081	943	0.8723	0.06	1.234	609	32.34	-0.125	-0.01412	607	435	0.7166	0.06098	1.014	-0.07039	-0.03477
chr2	81000000	82000000	0.3569	-0.1155	0.0176	0	0.0613	0	1197	29.25	-0.1251	-0.02077	1192	721	0.6049	0.05556	0.8443	1151	31.8	-0.118	0.0211	1150	726	0.6313	0.0625	0.8812	1211	32.31	-0.1262	0.01175	1209	532	0.44	0.05882	0.6142	-0.1375	-0.04064
chr2	82000000	83000000	0.3509	-0.1128	0.0296	0	0.0632	0	800	29.93	-0.0924	0.005027	790	738	0.9342	0.06098	1.157	721	31.2	-0.1457	-0.0002063	713	659	0.9243	0.05882	1.145	990	31.35	-0.1698	-0.0298	986	597	0.6055	0.06	0.7499	-0.1085	-0.04064
chr2	83000000	84000000	0.3577	-0.0775	0.0141	0	0.0625	0	1079	30.48	-0.06578	0.0001685	1069	653	0.6109	0.06757	0.798	1038	32.6	-0.08229	0.01519	1028	512	0.4981	0.05882	0.6506	881	33.13	-0.09027	0.003365	876	491	0.5605	0.06667	0.7322	-0.1085	-0.03953
chr2	84000000	85000000	0.4013	0.007	0.022	0	0.0594	0	1203	31.84	-0.002869	-0.01086	1182	863	0.7301	0.0641	1.396	953	34.56	0.001904	-0.006668	934	411	0.44	0.05556	0.8415	999	35.14	-0.005093	-0.009781	984	680	0.6911	0.05556	1.322	-0.1354	-0.03747
chr2	85000000	86000000	0.4684	0.0875	0.0235	0	0.0556	0	1267	33.85	0.08552	0.01509	1263	853	0.6754	0.05882	0.991	1358	36.97	0.0991	-0.01294	1350	1173	0.8689	0.05556	1.275	1040	38.03	0.109	0.009221	1033	644	0.6234	0.05556	0.9148	-0.1461	-0.03747
chr2	86000000	87000000	0.4226	0.0078	0.0305	0	0.06	0	475	32.78	0.03917	0.03203	471	377	0.8004	0.06	1.593	785	35.54	0.04245	0.02742	766	436	0.5692	0.05882	1.133	880	35.87	0.02441	0.00557	854	724	0.8478	0.05814	1.687	-0.1816	-0.03562
chr2	87000000	88000000	0.4208	-0.1956	0.0272	0	0.0802	0	1319	27.73	-0.2024	-0.003787	1027	568	0.5531	0.07895	0.9575	1451	31.56	-0.1292	0.05989	1154	531	0.4601	0.07143	0.7966	1593	31.18	-0.1775	0.01561	1312	732	0.5579	0.08333	0.9659	-0.1822	0.039
chr2	88000000	89000000	0.4227	-0.0401	0.0631	0	0.069	0	652	29.17	-0.1292	-0.08847	595	335	0.563	0.07143	0.9403	722	33.68	-0.03525	-0.002388	654	403	0.6162	0.07143	1.029	817	34.51	-0.03129	-0.002288	807	588	0.7286	0.0625	1.217	-0.152	-0.01658
chr2	89000000	90000000	0.4084	0.6541	0.0884	0	0.1015	1	552	52.88	0.729	0.07432	454	289	0.6366	NA	1.003	657	45.58	0.4013	-0.2502	482	352	0.7303	NA	1.15	550	56.82	0.6882	0.03053	471	307	0.6518	NA	1.027	-0.06413	-0.07854
chr2	90000000	91000000	0.4108	1.252	0.095	0	0.1185	1	2556	66.63	1.062	-0.1885	1846	1106	0.5991	NA	1.017	2142	85.91	1.316	0.05852	1569	1306	0.8324	NA	1.412	2533	79.4	1.171	-0.0796	1904	1085	0.5699	NA	0.9668	-0.172	0.01359
chr2	91000000	92000000	0.431	0.6018	0.0527	0	0.1121	1	1868	48.01	0.5896	-0.007656	1297	1086	0.8373	NA	0.9934	1830	49.76	0.5277	-0.08065	1283	1070	0.834	NA	0.9894	1705	53.33	0.5966	-0.008516	1119	925	0.8266	NA	0.9807	-0.08573	-0.03395
chr2	92000000	93000000	0.3845	-1.851	0.0993	0	0.1071	1	2704	8.745	-1.867	-0.022	490	271	0.5531	NA	1.112	2685	9.188	-1.909	-0.05426	596	246	0.4128	NA	0.8297	2685	9.015	-1.968	-0.1106	528	268	0.5076	NA	1.02	-0.2224	0
chr2	93000000	94000000	0.3831	-2.277	0.1089	1	0.1178	1	2260	6.117	-2.383	NA	313	173	0.5527	NA	1.219	2380	6.707	-2.363	NA	394	170	0.4315	NA	0.9516	2424	7.336	-2.265	NA	508	229	0.4508	NA	0.9942	-0.4594	-0.1699
chr2	94000000	95000000	0.3996	0.2486	0.0632	0	0.0881	0	1013	38.8	0.2825	0.03251	702	634	0.9031	0.09524	1.04	1058	43.51	0.3341	0.08913	738	621	0.8415	0.07955	0.9693	1027	41.46	0.2334	-0.01591	693	611	0.8817	0.08621	1.016	-0.185	0.06559
chr2	95000000	96000000	0.4386	1.008	0.2853	1	0.1018	1	715	75.42	1.241	NA	535	450	0.8411	NA	1.242	927	59.97	0.7971	NA	738	617	0.836	NA	1.235	679	87.23	1.307	NA	517	438	0.8472	NA	1.251	-0.162	-0.01594
chr2	96000000	97000000	0.49	0.1006	0.0437	0	0.0572	0	699	33.51	0.07087	0.002375	690	508	0.7362	0.05882	1.053	530	37.95	0.1368	0	517	427	0.8259	0.05	1.181	684	38.09	0.1113	-0.002313	674	182	0.27	0.07321	0.386	-0.1699	0
chr2	97000000	98000000	0.4095	0.3991	0.0753	0	0.0862	0	1082	43.66	0.4526	0.05697	863	765	0.8864	0.07576	1.18	1377	46.7	0.4364	0.03996	1187	1124	0.9469	0.07576	1.261	1614	44.51	0.3359	-0.06764	1352	1091	0.807	0.08333	1.074	-0.1561	0
chr2	98000000	99000000	0.434	0.0525	0.0148	0	0.0588	0	943	33.08	0.05218	0.006119	939	700	0.7455	0.0633	1.145	878	36.15	0.06677	0	875	671	0.7669	0.05814	1.178	676	36.49	0.04905	-0.004014	675	419	0.6207	0.06098	0.9534	-0.1409	0
chr2	99000000	100000000	0.4072	0.011	0.0101	0	0.06	0	1200	32.27	0.01667	0.005178	1196	712	0.5953	0.05556	1.038	1157	34.67	0.006753	-0.004638	1156	650	0.5623	0.05882	0.9808	1047	35.26	-0.0003988	-0.01513	1044	505	0.4837	0.05882	0.8437	-0.122	-0.03565
chr2	100000000	101000000	0.4384	0.0025	0.0186	0	0.06	0	1473	32.03	0.005491	0.007629	1469	1166	0.7937	0.05556	1.033	1535	34.8	0.01214	-0.002779	1531	1160	0.7577	0.05882	0.986	1359	35.63	0.01484	0.00805	1355	848	0.6258	0.05556	0.8145	-0.1255	-0.03562
chr2	101000000	102000000	0.4326	0.0096	0.0231	0	0.0578	0	1379	31.71	-0.008682	-0.007612	1364	813	0.596	0.06	0.975	1288	34.64	0.005231	-0.01234	1282	879	0.6856	0.05263	1.122	1359	35.45	0.007487	-0.004318	1352	837	0.6191	0.05556	1.013	-0.1436	-0.04439
chr2	102000000	103000000	0.4023	-0.0197	0.0313	0	0.0607	0	1647	31.31	-0.0273	-0.008408	1630	1034	0.6344	0.06098	0.9679	1423	34.13	-0.0161	0	1416	926	0.654	0.05556	0.9978	1640	34.77	-0.02028	-0.003393	1622	975	0.6011	0.05882	0.9172	-0.1409	-0.03395
chr2	103000000	104000000	0.362	-0.0907	0.0244	0	0.0605	0	944	30.15	-0.08161	0.003102	938	884	0.9424	0.06466	1.357	956	32.38	-0.09189	0.02269	947	820	0.8659	0.06	1.246	702	32.54	-0.116	-0.01453	697	489	0.7016	0.05556	1.01	-0.1255	0
chr2	104000000	105000000	0.3955	-0.0507	0.0235	0	0.0602	0	1257	30.74	-0.05368	0.00122	1252	880	0.7029	0.06098	1.03	1182	33.19	-0.05656	-0.003811	1178	1053	0.8939	0.06098	1.31	1025	34.12	-0.04763	0.00559	1023	739	0.7224	0.05556	1.058	-0.09961	-0.04064
chr2	105000000	106000000	0.4325	0.0023	0.0194	0	0.0602	0	1971	31.73	-0.008042	0.0003272	1956	1355	0.6927	0.06667	1.03	1949	34.85	0.01398	0.001043	1932	1401	0.7252	0.05882	1.078	1846	35.75	0.01957	0.01391	1835	1361	0.7417	0.05556	1.103	-0.1409	-0.0451
chr2	106000000	107000000	0.4193	-0.0239	0.0188	0	0.0637	0	1659	31.65	-0.01159	0.01373	1624	900	0.5542	0.06522	1.038	1626	34.1	-0.0173	-1.935e-05	1599	907	0.5672	0.05556	1.063	1667	34.69	-0.02394	-2.124e-05	1632	846	0.5184	0.06	0.9713	-0.1069	-0.03477
chr2	107000000	108000000	0.3834	-0.0904	0.0152	0	0.0605	0	1876	31.03	-0.04012	0.04597	1823	1546	0.8481	0.0625	1.402	1933	32.31	-0.09496	0.0008613	1879	1344	0.7153	0.06	1.182	1094	33.83	-0.06004	0.03609	1079	447	0.4143	0.05556	0.6847	-0.09372	-0.03953
chr2	108000000	109000000	0.4074	0.0084	0.0214	0	0.06	0	1406	31.66	-0.01098	-0.0194	1392	506	0.3635	0.05882	0.7165	1492	34.94	0.01783	0.009511	1470	626	0.4259	0.05814	0.8394	1233	35.73	0.01871	0.004209	1220	769	0.6303	0.05556	1.243	-0.1755	-0.03797
chr2	109000000	110000000	0.4571	0.052	0.0262	0	0.0613	0	1375	33.09	0.05284	0.01563	1328	1050	0.7907	0.06	1.283	1224	37.06	0.1027	0.03235	1185	806	0.6802	0.05263	1.104	1166	36.67	0.0565	-0.003377	1131	704	0.6225	0.05556	1.01	-0.1844	0
chr2	110000000	111000000	0.4324	-0.0695	0.075	0	0.063	0	509	27.57	-0.2108	-0.1307	351	252	0.7179	0.06522	1.115	653	31.41	-0.1359	-0.07568	496	310	0.625	0.06712	0.9705	494	31.93	-0.1434	-0.07723	387	239	0.6176	0.0625	0.959	-0.1864	0
chr2	111000000	112000000	0.4364	-0.0027	0.0292	0	0.0665	0	1381	30.86	-0.04807	-0.03755	1297	824	0.6353	0.06667	1.03	1635	34.83	0.01306	0.004921	1540	1151	0.7474	0.06098	1.212	1382	35.14	-0.005112	-0.006279	1312	881	0.6715	0.0625	1.088	-0.1793	0
chr2	112000000	113000000	0.4248	0.0798	0.0242	0	0.0615	0	1278	33.42	0.06687	-0.008191	1240	890	0.7177	0.06	1.002	1312	36.4	0.07699	-0.009009	1266	968	0.7646	0.05814	1.068	1265	36.56	0.0521	-0.03168	1194	838	0.7018	0.06098	0.98	-0.1339	-0.03171
chr2	113000000	114000000	0.4315	0.0601	0.0137	0	0.0625	0	1766	32.49	0.02606	-0.02418	1716	1308	0.7622	0.06098	1.106	1736	36.18	0.06807	-0.002659	1694	1152	0.68	0.0641	0.9871	1735	36.73	0.05888	-0.00329	1696	1303	0.7683	0.06522	1.115	-0.1481	-0.03747
chr2	114000000	115000000	0.3836	-0.0476	0.0199	0	0.0607	0	1072	31.44	-0.02118	0.02133	1058	673	0.6361	0.0641	0.9999	1120	33.27	-0.05275	0.0002718	1112	775	0.6969	0.06	1.095	943	34.16	-0.04586	0.007334	933	622	0.6667	0.05882	1.048	-0.1186	-0.04439
chr2	115000000	116000000	0.3607	-0.0977	0.0269	0	0.0625	0	1610	30.42	-0.06852	0.01841	1600	924	0.5775	0.06098	1.064	1427	31.77	-0.1196	0.0002558	1425	975	0.6842	0.05556	1.261	1506	32.36	-0.1243	-0.01079	1498	745	0.4973	0.06	0.9162	-0.08017	0
chr2	116000000	117000000	0.3637	-0.1108	0.0362	0	0.0625	0	847	30.27	-0.07581	0.02488	839	609	0.7259	0.05556	0.9304	1149	31.57	-0.1286	0	1144	707	0.618	0.05882	0.7921	1454	32.39	-0.1229	0	1445	1277	0.8837	0.0625	1.133	-0.09622	-0.02032
chr2	117000000	118000000	0.3913	-0.0721	0.0158	0	0.0605	0	1875	30.91	-0.04579	0.02404	1848	919	0.4973	0.0625	0.9654	1796	32.71	-0.07758	0.004586	1777	929	0.5228	0.05556	1.015	1876	34.16	-0.04581	0.02586	1860	956	0.514	0.05848	0.9978	-0.1234	-0.05445
chr2	118000000	119000000	0.422	-0.0238	0.0188	0	0.0581	0	1187	31.44	-0.02094	0.007783	1148	707	0.6159	0.06	1.098	1093	33.6	-0.03888	-0.02142	1056	490	0.464	0.05556	0.8273	1308	35.11	-0.00646	0.008398	1274	867	0.6805	0.05556	1.213	-0.1255	-0.03953
chr2	119000000	120000000	0.4332	0.0531	0.005	0	0.0588	0	1266	32.88	0.04324	0.0004814	1258	778	0.6184	0.05882	1.311	1364	35.58	0.0439	-0.02203	1359	762	0.5607	0.05814	1.188	963	36.49	0.04939	-0.007064	955	442	0.4628	0.0641	0.981	-0.1509	-0.03317
chr2	120000000	121000000	0.4854	0.1011	0.0175	0	0.0568	0	1533	33.74	0.08073	0.008722	1523	854	0.5607	0.05882	1.338	1577	37.16	0.1066	-0.02747	1562	915	0.5858	0.05556	1.397	1318	38.33	0.1203	0.007828	1306	639	0.4893	0.05319	1.167	-0.1532	-0.03847
chr2	121000000	122000000	0.4465	0.0605	0.015	0	0.0594	0	981	33.01	0.04923	0.0001054	967	676	0.6991	0.06	1.017	801	37.27	0.1108	0.03204	796	553	0.6947	0.05882	1.011	883	36.87	0.06404	-0.002437	877	416	0.4743	0.05556	0.6904	-0.1678	0
chr2	122000000	123000000	0.392	-0.0283	0.0126	0	0.06	0	1274	31.35	-0.02529	0.002027	1269	677	0.5335	0.0641	0.9157	1240	33.8	-0.03024	0.008581	1238	337	0.2722	0.06098	0.4672	1409	34.68	-0.02426	0.004188	1400	942	0.6729	0.05814	1.155	-0.122	-0.04731
chr2	123000000	124000000	0.3582	-0.1105	0.0166	0	0.0625	0	1854	29.97	-0.09	0.008431	1839	1266	0.6884	0.07143	1.104	1907	31.9	-0.1135	0.01608	1901	1376	0.7238	0.0625	1.161	1626	32.5	-0.1179	0.007787	1614	924	0.5725	0.06098	0.9185	-0.09954	-0.04307
chr2	124000000	125000000	0.3887	-0.1101	0.0392	0	0.0613	0	1559	30.09	-0.08423	0.02314	1549	952	0.6146	0.06	1.03	1365	31.57	-0.1288	-0.01012	1358	741	0.5457	0.05882	0.9143	1444	32.51	-0.1173	-0.006504	1430	698	0.4881	0.05556	0.8179	-0.1024	-0.05445
chr2	125000000	126000000	0.3658	-0.0865	0.0248	0	0.0633	0	1669	30.56	-0.06205	0.01301	1655	1484	0.8967	0.0625	1.101	1591	32.09	-0.1052	-0.002322	1568	1380	0.8801	0.06098	1.081	2012	32.54	-0.116	-0.01802	1988	1612	0.8109	0.05882	0.9959	-0.1031	0
chr2	126000000	127000000	0.4104	0.013	0.0232	0	0.0609	0	981	32.39	0.02174	0.009412	978	551	0.5634	0.0641	0.7959	1738	34.47	-0.001621	-0.02044	1726	1353	0.7839	0.05882	1.107	815	35.39	0.005267	-0.009884	814	466	0.5725	0.05814	0.8087	-0.09954	0
chr2	127000000	128000000	0.4612	0.0971	0.0336	0	0.0556	0	1059	33.92	0.08845	0.003324	1045	699	0.6689	0.05556	1.124	1148	37.67	0.1263	0.008228	1132	768	0.6784	0.05556	1.14	1276	38.1	0.1114	0.002059	1271	1042	0.8198	0.05102	1.377	-0.1336	0
chr2	128000000	129000000	0.4598	0.0294	0.0215	0	0.0588	0	1664	32.69	0.03492	0.02174	1638	936	0.5714	0.05882	1.052	1578	36.03	0.06188	0.01192	1555	898	0.5775	0.05556	1.063	1383	35.95	0.0277	-0.01219	1370	617	0.4504	0.05814	0.8289	-0.1339	-0.03847
chr2	129000000	130000000	0.4249	-0.0291	0.0186	0	0.06	0	1673	31.64	-0.0121	0.02167	1662	740	0.4452	0.05685	0.9156	1577	33.99	-0.02214	0	1555	768	0.4939	0.05556	1.016	1899	34.33	-0.03859	-0.01353	1877	1149	0.6121	0.0625	1.259	-0.1054	-0.03953
chr2	130000000	131000000	0.4573	-0.0817	0.0194	0	0.0643	0	754	29.77	-0.09974	-0.003423	676	319	0.4719	0.06	0.8173	1304	32.61	-0.08172	-0.01839	1139	795	0.698	0.06522	1.209	967	33.3	-0.08269	-0.008675	865	288	0.3329	0.06667	0.5766	-0.122	-0.03953
chr2	131000000	132000000	0.4274	-0.0027	0.0353	0	0.0641	0	1730	31.86	-0.001992	0.008608	1683	821	0.4878	0.0641	0.8137	2376	34.88	0.01515	0.01238	2304	1645	0.714	0.06	1.191	1603	35.73	0.01879	0.01505	1523	866	0.5686	0.0625	0.9485	-0.1561	-0.04244
chr2	132000000	133000000	0.4063	0.0216	0.0236	0	0.0659	0	1289	32.95	0.04646	0.02605	1232	962	0.7808	0.06757	1.06	1383	34.82	0.01266	-0.009408	1324	899	0.679	0.06667	0.9221	1250	36.63	0.05468	0.03087	1203	915	0.7606	0.06667	1.033	-0.1497	-0.04439
chr2	133000000	134000000	0.3985	-0.0225	0.0121	0	0.0636	0	1105	31.04	-0.03952	-0.01834	1101	906	0.8229	0.0633	1.172	1143	33.68	-0.03532	-0.007485	1134	693	0.6111	0.05556	0.8704	1330	35.22	-0.001849	0.02	1310	964	0.7359	0.05556	1.048	-0.1454	-0.04064
chr2	134000000	135000000	0.4251	0.017	0.0221	0	0.0625	0	566	31.78	-0.005793	-0.01865	549	158	0.2878	0.05941	0.4507	1263	34.93	0.0175	-0.00646	1236	965	0.7807	0.05556	1.223	1147	36.18	0.03681	0.01572	1133	903	0.797	0.05882	1.248	-0.1323	-0.04585
chr2	135000000	136000000	0.3943	0.0512	0.0311	0	0.0572	0	186	33.96	0.08989	0.03439	186	14	0.07527	0.05	0.1052	972	35.6	0.04458	-0.00488	962	866	0.9002	0.05882	1.259	506	36.85	0.06348	0.01495	501	415	0.8283	0.05769	1.158	-0.1155	-0.04504
chr2	136000000	137000000	0.4089	0.0184	0.0201	0	0.0605	0	1522	32.76	0.03835	0.02413	1510	798	0.5285	0.06098	0.9558	1650	35.02	0.02114	0.005343	1620	1073	0.6623	0.06098	1.198	1578	35.95	0.02766	0.004811	1555	1037	0.6669	0.06	1.206	-0.1255	0
chr2	137000000	138000000	0.3748	-0.0542	0.0295	0	0.0605	0	1712	31.01	-0.0409	0.002162	1705	1001	0.5871	0.0625	1.107	1728	33.35	-0.04938	0.01363	1722	921	0.5348	0.05556	1.009	1772	33.73	-0.0643	-0.001432	1765	1089	0.617	0.0641	1.164	-0.1278	-0.04064
chr2	138000000	139000000	0.3784	-0.0423	0.0104	0	0.06	0	1166	30.82	-0.04968	-0.01081	1162	657	0.5654	0.0625	1.042	1037	33.24	-0.05432	-0.0002274	1035	672	0.6493	0.0625	1.197	1101	34.25	-0.04218	0.004682	1099	319	0.2903	0.06	0.535	-0.1509	-0.04182
chr2	139000000	140000000	0.3592	-0.0916	0.0288	0	0.0613	0	1734	30.24	-0.07753	0.001014	1732	1177	0.6796	0.06	1.075	1666	32.3	-0.09538	0.01842	1659	1221	0.736	0.06522	1.164	1180	32.63	-0.1119	-0.006515	1175	517	0.44	0.05882	0.696	-0.111	0
chr2	140000000	141000000	0.347	-0.1109	0.0277	0	0.0613	0	1621	25.95	-0.298	-0.1962	1586	985	0.6211	0.08824	1.005	1523	31.57	-0.1286	0.008732	1521	962	0.6325	0.05556	1.023	1416	32.26	-0.1286	0.007084	1406	797	0.5669	0.0641	0.9171	-0.3173	-0.03655
chr2	141000000	142000000	0.3512	-0.0936	0.0184	0	0.0617	0	2047	19.95	-0.6772	-0.6006	1857	1079	0.581	0.25	1.018	2083	32.3	-0.0954	0.02652	2073	1115	0.5379	0.05556	0.942	1938	32.62	-0.1126	0.005797	1925	766	0.3979	0.0625	0.6969	-0.7162	0
chr2	142000000	143000000	0.3595	-0.0283	0.0171	0	0.0607	0	1345	20.69	-0.6247	-0.6096	1234	833	0.675	0.2407	0.9464	1165	33.43	-0.04578	0.004717	1157	903	0.7805	0.06	1.094	1125	34.64	-0.02564	0.01844	1123	1018	0.9065	0.05556	1.271	-0.7808	-0.05063
chr2	143000000	144000000	0.3703	-0.0178	0.0325	0	0.0617	0	887	21.07	-0.5986	-0.5903	805	514	0.6385	0.2333	0.9469	1034	33.92	-0.02488	0.006413	1021	818	0.8012	0.06	1.188	985	34.69	-0.02359	0.001124	967	653	0.6753	0.05814	1.001	-0.7304	-0.05247
chr2	144000000	145000000	0.3728	-0.0167	0.0135	0	0.0617	0	689	21.33	-0.5805	-0.5691	613	374	0.6101	0.25	1.024	703	34.01	-0.0213	0.004581	702	509	0.7251	0.06	1.217	631	34.88	-0.01581	0.006336	629	359	0.5707	0.06098	0.9578	-0.6852	-0.03662
chr2	145000000	146000000	0.3574	-0.0798	0.0243	0	0.0647	0	1028	20.22	-0.6582	-0.5898	947	609	0.6431	0.2391	1.072	1140	32.35	-0.0932	0.00372	1137	864	0.7599	0.06522	1.266	1144	33.13	-0.09016	0.005783	1142	841	0.7364	0.05882	1.227	-0.7105	-0.03847
chr2	146000000	147000000	0.3552	-0.0942	0.0497	0	0.0625	0	549	20.39	-0.6459	-0.5618	506	276	0.5455	0.2351	1.046	736	32.1	-0.1044	0.01479	735	544	0.7401	0.0625	1.419	653	33.02	-0.09513	0.01985	645	371	0.5752	0.06667	1.103	-0.6699	-0.04891
chr2	147000000	148000000	0.3781	-0.0406	0.0143	0	0.0636	0	1003	20.7	-0.6242	-0.5859	891	680	0.7632	0.25	1.262	1089	33.51	-0.04235	0.01027	1083	661	0.6103	0.0625	1.009	1122	34.26	-0.04163	0.005376	1115	795	0.713	0.0625	1.179	-0.7521	0
chr2	148000000	149000000	0.3859	-0.0243	0.0268	0	0.06	0	1168	20.9	-0.6104	-0.5947	1024	732	0.7148	0.2368	1.205	1197	33.72	-0.03357	-0.005232	1190	664	0.558	0.06	0.9409	1174	34.23	-0.04315	-0.01224	1159	803	0.6928	0.0625	1.168	-0.7127	-0.03747
chr2	149000000	150000000	0.3901	-0.0369	0.0209	0	0.0621	0	1268	20.61	-0.6303	-0.595	1136	815	0.7174	0.2368	1.134	1475	33.45	-0.04529	-0.0004652	1471	1026	0.6975	0.06	1.103	1269	34.42	-0.03488	0.002926	1257	743	0.5911	0.06	0.9344	-0.7244	-0.03653
chr2	150000000	151000000	0.3813	-0.0588	0.0166	0	0.0609	0	1447	20.64	-0.6284	-0.575	1372	680	0.4956	0.2391	0.9262	1422	33.2	-0.05615	0.0111	1419	802	0.5652	0.05882	1.056	1325	33.94	-0.05519	0.007808	1317	402	0.3052	0.05556	0.5704	-0.6951	-0.04064
chr2	151000000	152000000	0.394	-0.0059	0.0365	0	0.0591	0	1227	21.3	-0.5829	-0.581	1114	679	0.6095	0.2368	1.116	1560	34.28	-0.009637	0	1512	979	0.6475	0.0625	1.186	978	35.59	0.01328	0.01729	971	370	0.3811	0.06507	0.6979	-0.6939	-0.04439
chr2	152000000	153000000	0.3975	0.0018	0.0111	0	0.061	0	1430	20.85	-0.6136	-0.6103	1318	915	0.6942	0.2391	1.108	1665	33.68	-0.0353	-0.03013	1650	1185	0.7182	0.06	1.147	1136	34.93	-0.01382	-0.0166	1123	142	0.1264	0.0599	0.2019	-0.7304	-0.04009
chr2	153000000	154000000	0.3689	-0.0661	0.0297	0	0.0594	0	1473	26.62	-0.2612	-0.2057	1414	1007	0.7122	0.08333	1.2	1531	32.21	-0.09948	-0.01555	1516	695	0.4584	0.06	0.7727	972	33	-0.09573	-0.01924	966	605	0.6263	0.05556	1.056	-0.585	-0.05247
chr2	154000000	155000000	0.3531	-0.0988	0.0499	0	0.0591	0	1125	20.13	-0.6646	-0.5806	1026	629	0.6131	0.2273	0.9223	1357	31.65	-0.125	-0.001558	1353	1034	0.7642	0.05556	1.15	1148	33.17	-0.08828	0.03296	1137	804	0.7071	0.05556	1.064	-0.6781	-0.08246
chr2	155000000	156000000	0.3443	-0.0712	0.0357	0	0.0625	0	942	20.48	-0.6392	-0.5798	865	504	0.5827	0.2407	0.8432	859	32.2	-0.1002	0.002393	855	735	0.8596	0.06	1.244	1136	33.25	-0.08488	0.01097	1128	751	0.6658	0.05556	0.9635	-0.6718	-0.03847
chr2	156000000	157000000	0.3723	-0.0048	0.014	0	0.0605	0	999	20.72	-0.6227	-0.6237	895	556	0.6212	0.22	1.025	833	33.56	-0.04044	-0.02827	831	482	0.58	0.0625	0.9571	1112	35.18	-0.003464	0.006054	1107	671	0.6061	0.05882	1	-0.737	-0.04731
chr2	157000000	158000000	0.3821	-0.0047	0.0173	0	0.0617	0	843	21.08	-0.5975	-0.5956	777	478	0.6152	0.2308	1.118	989	33.86	-0.02775	-0.009707	978	618	0.6319	0.06	1.149	534	34.56	-0.02907	-0.02028	530	107	0.2019	0.075	0.367	-0.7162	-0.03356
chr2	158000000	159000000	0.4001	0.0028	0.0206	0	0.06	0	1618	20.93	-0.608	-0.6099	1471	963	0.6547	0.2391	1.126	1741	34.18	-0.01403	-0.01432	1736	1262	0.727	0.06	1.25	1355	35.47	0.008328	0.004318	1349	488	0.3617	0.06174	0.622	-0.7341	-0.04064
chr2	159000000	160000000	0.3892	0.0407	0.0201	0	0.0588	0	1339	21.38	-0.5776	-0.6206	1226	881	0.7186	0.2333	1.192	1716	35.09	0.02382	-0.008185	1704	1320	0.7746	0.05814	1.285	968	36.73	0.0585	0.01886	964	170	0.1763	0.05218	0.2925	-0.7776	-0.06711
chr2	160000000	161000000	0.3917	0.0319	0.0101	0	0.06	0	1431	21.37	-0.5778	-0.6117	1290	844	0.6543	0.2391	0.9629	1804	34.9	0.01607	-0.003523	1786	1339	0.7497	0.06	1.103	1320	36.05	0.03175	-0.001139	1318	574	0.4355	0.05556	0.6409	-0.7175	-0.04373
chr2	161000000	162000000	0.3661	0.0381	0.0214	0	0.0662	0	1010	21.95	-0.5396	-0.5892	945	434	0.4593	0.2156	1.038	1094	34.7	0.007952	-0.0115	1087	746	0.6863	0.0548	1.551	973	36.49	0.04926	0.02476	954	472	0.4948	0.0633	1.118	-0.6951	-0.0451
chr2	162000000	163000000	0.3613	-0.0675	0.0217	0	0.0594	0	1060	20.21	-0.6585	-0.6017	965	813	0.8425	0.2333	1.283	1033	33.03	-0.06333	0.02367	1029	849	0.8251	0.06098	1.256	1022	33.47	-0.07523	0.009466	1019	335	0.3288	0.05556	0.5006	-0.7294	0
chr2	163000000	164000000	0.3601	-0.0919	0.037	0	0.0626	0	610	19.77	-0.6902	-0.6133	571	323	0.5657	0.2333	0.8992	983	31.99	-0.1096	0.001727	976	725	0.7428	0.07143	1.181	599	32.56	-0.1152	-0.007503	598	391	0.6538	0.0641	1.039	-0.7294	0
chr2	164000000	165000000	0.365	-0.0763	0.0239	0	0.0633	0	810	19.91	-0.6801	-0.6192	719	549	0.7636	0.25	1.049	1111	32.46	-0.08839	0.004235	1106	946	0.8553	0.0625	1.175	1096	33.49	-0.07443	0.01333	1091	812	0.7443	0.05882	1.022	-0.7694	-0.04064
chr2	165000000	166000000	0.3655	-0.0872	0.0132	0	0.06	0	1340	20.33	-0.6498	-0.5772	1211	700	0.578	0.2333	0.9692	1312	32.24	-0.09823	0.005295	1301	808	0.6211	0.05263	1.041	1209	33.46	-0.07591	0.02017	1204	881	0.7317	0.05882	1.227	-0.6828	-0.05658
chr2	166000000	167000000	0.3555	-0.0919	0.0314	0	0.0625	0	1562	19.79	-0.6887	-0.6071	1420	1031	0.7261	0.2407	1.494	1836	31.55	-0.1295	-0.01187	1825	1257	0.6888	0.06098	1.417	1918	32.91	-0.09968	0.01386	1913	1313	0.6864	0.05882	1.412	-0.7053	-0.05063
chr2	167000000	168000000	0.3731	-0.0436	0.0217	0	0.0587	0	1090	20.87	-0.6121	-0.5777	986	683	0.6927	0.2368	1.278	1189	33.19	-0.05638	-0.002578	1184	898	0.7584	0.06	1.399	847	33.83	-0.05983	-0.00842	844	452	0.5355	0.06	0.9881	-0.7058	0
chr2	168000000	169000000	0.3952	0.015	0.0199	0	0.0583	0	1409	20.99	-0.6041	-0.6193	1302	723	0.5553	0.2391	0.9297	1755	34.63	0.004911	-0.004081	1748	1331	0.7614	0.05882	1.275	1457	35.74	0.01944	0.008162	1445	977	0.6761	0.05263	1.132	-0.751	-0.08017
chr2	169000000	170000000	0.393	0.0047	0.0189	0	0.0594	0	1503	21.41	-0.5758	-0.5789	1359	850	0.6255	0.2241	0.9791	1737	34.7	0.007757	0.01079	1712	1063	0.6209	0.0625	0.972	1528	35.4	0.005519	0.0002768	1494	1098	0.7349	0.05556	1.151	-0.7304	-0.03953
chr2	170000000	171000000	0.4076	0.0447	0.0208	0	0.0597	0	1589	21.63	-0.5608	-0.6056	1461	800	0.5476	0.2368	0.9394	1859	35.49	0.0403	-0.004239	1855	1289	0.6949	0.06	1.192	1774	36.68	0.05692	0.00849	1769	1136	0.6422	0.05882	1.102	-0.7655	-0.06274
chr2	171000000	172000000	0.3953	0.0642	0.025	0	0.0597	0	977	22.1	-0.5297	-0.5927	898	468	0.5212	0.2391	0.8845	1326	36.22	0.06985	0.01151	1322	1090	0.8245	0.05941	1.399	768	37.26	0.07927	0.01878	765	259	0.3386	0.05556	0.5746	-0.75	0
chr2	172000000	173000000	0.4183	0.0353	0.0157	0	0.06	0	1640	21.81	-0.549	-0.5848	1447	966	0.6676	0.2391	1.205	1896	36.27	0.07181	0.02656	1886	1485	0.7874	0.05556	1.422	1896	36.18	0.03686	-0.001037	1881	1411	0.7501	0.05556	1.355	-0.7312	0
chr2	173000000	174000000	0.4066	0.03	0.009	0	0.0617	0	1149	32.36	0.02035	-0.00884	1135	618	0.5445	0.07143	0.8485	1332	34.77	0.01055	-0.01936	1322	913	0.6906	0.0625	1.076	1320	36.21	0.03801	0.004123	1318	968	0.7344	0.0625	1.145	-0.142	-0.03953
chr2	174000000	175000000	0.4014	0.0468	0.0228	0	0.0588	0	978	33.07	0.05198	0.00358	977	403	0.4125	0.05882	0.6474	1491	34.65	0.005918	-0.04245	1481	997	0.6732	0.06098	1.057	798	36.94	0.06706	0.02145	798	163	0.2043	0.05556	0.3206	-0.1277	-0.06506
chr2	175000000	176000000	0.387	-0.0282	0.0172	0	0.0597	0	1679	31.83	-0.003341	0.01876	1659	1336	0.8053	0.06522	1.255	1296	33.49	-0.04353	-0.009966	1282	769	0.5998	0.06098	0.9346	1251	34.6	-0.02753	0.00242	1247	1070	0.8581	0.05556	1.337	-0.1193	0
chr2	176000000	177000000	0.404	0.021	0.0216	0	0.0594	0	1286	30.75	-0.05317	-0.07197	1267	959	0.7569	0.07143	1.214	1431	34.91	0.01647	-0.002498	1426	921	0.6459	0.05556	1.036	909	35.66	0.01589	-0.005293	907	326	0.3594	0.0625	0.5763	-0.1592	0
chr2	177000000	178000000	0.3935	0.0341	0.0246	0	0.06	0	1398	21.57	-0.5647	-0.5997	1248	917	0.7348	0.2391	2.014	2003	34.97	0.01895	-0.007551	1983	1311	0.6611	0.06098	1.812	1415	36.34	0.04336	0.007372	1399	926	0.6619	0.05556	1.814	-0.737	-0.03747
chr2	178000000	179000000	0.3847	0.0198	0.0307	0	0.061	0	1167	21.84	-0.5467	-0.5723	1049	798	0.7607	0.2368	1.27	1049	34.36	-0.006549	-0.02222	1045	825	0.7895	0.0625	1.318	1187	35.52	0.01027	-0.003938	1175	937	0.7974	0.05556	1.331	-0.7053	-0.04439
chr2	179000000	180000000	0.373	-0.0193	0.0199	0	0.0606	0	1298	24.22	-0.3975	-0.3871	1220	662	0.5426	0.1708	0.9217	1750	33.72	-0.03357	-0.003779	1734	1236	0.7128	0.06	1.211	1266	34.9	-0.01498	0.01201	1258	706	0.5612	0.05814	0.9533	-0.5178	-0.06871
chr2	180000000	181000000	0.363	-0.0171	0.0347	0	0.0625	0	1408	32.15	0.01097	0.01898	1403	625	0.4455	0.06098	0.8521	1768	33.16	-0.05752	-0.02265	1751	1220	0.6967	0.05882	1.333	1635	34.95	-0.01285	0.01506	1622	862	0.5314	0.05882	1.017	-0.08489	-0.05247
chr2	181000000	182000000	0.3674	0.0514	0.0189	0	0.0585	0	988	32.83	0.04111	-0.02059	982	510	0.5193	0.05685	0.8364	1256	34.98	0.01929	-0.02102	1252	919	0.734	0.05814	1.182	1144	36.83	0.06261	0.0244	1140	722	0.6333	0.05882	1.02	-0.1312	-0.1019
chr2	182000000	183000000	0.3688	-0.0205	0.0326	0	0.0614	0	1498	32.15	0.01107	0.02166	1493	641	0.4293	0.06667	0.6691	1672	33.36	-0.04908	-0.01075	1664	1245	0.7482	0.06	1.166	1485	34.78	-0.01996	0.01184	1483	888	0.5988	0.05882	0.9331	-0.06817	-0.04373
chr2	183000000	184000000	0.3705	-0.0395	0.0136	0	0.0625	0	1615	31.03	-0.0399	-0.002929	1611	650	0.4035	0.06098	0.6522	1801	32.87	-0.0705	-0.01558	1799	1137	0.632	0.05556	1.022	1556	34.41	-0.03553	0.01201	1554	919	0.5914	0.0641	0.956	-0.1031	-0.07136
chr2	184000000	185000000	0.3412	-0.0834	0.0245	0	0.06	0	1239	30.42	-0.06873	9.626e-05	1234	798	0.6467	0.05882	1.097	1250	31.85	-0.1159	0.002127	1246	588	0.4719	0.05556	0.8005	1224	32.92	-0.09949	0.01178	1222	918	0.7512	0.06098	1.274	-0.08017	-0.0458
chr2	185000000	186000000	0.3452	-0.0643	0.0304	0	0.0652	0	1067	30.83	-0.04957	0.005301	1062	408	0.3842	0.0625	0.5884	1003	32.39	-0.09175	0.003423	998	708	0.7094	0.0625	1.087	1287	33.51	-0.07363	0.01053	1277	846	0.6625	0.05882	1.015	-0.1085	-0.04731
chr2	186000000	187000000	0.3674	-0.0446	0.0145	0	0.0613	0	1416	30.89	-0.04647	-0.01218	1409	901	0.6395	0.06	1.341	1540	33.09	-0.0607	-0.00501	1536	717	0.4668	0.06	0.9786	1106	34.19	-0.04457	0.01321	1105	502	0.4543	0.05556	0.9524	-0.1155	-0.04977
chr2	187000000	188000000	0.3543	-0.0742	0.0211	0	0.0588	0	1110	30.19	-0.07958	-0.01891	1107	453	0.4092	0.0625	0.852	1300	31.9	-0.1135	-0.01662	1296	890	0.6867	0.0625	1.43	942	33.28	-0.08342	0.01338	939	98	0.1044	0.04762	0.2173	-0.1119	-0.04731
chr2	188000000	189000000	0.3548	-0.0762	0.0252	0	0.0625	0	1078	30.49	-0.06523	0	1074	443	0.4125	0.0641	0.7937	1464	32.15	-0.1023	-0.003336	1460	872	0.5973	0.05685	1.149	1155	33.07	-0.09259	0.006058	1150	729	0.6339	0.0641	1.22	-0.09516	-0.03847
chr2	189000000	190000000	0.3674	-0.0004	0.0076	0	0.0588	0	1263	31.96	0.002299	-0.007603	1259	807	0.641	0.06	1.266	1663	34.36	-0.006558	0.004932	1657	1187	0.7164	0.06	1.415	1575	34.66	-0.02516	-0.01157	1572	1040	0.6616	0.05556	1.307	-0.1155	0
chr2	190000000	191000000	0.3896	0.0532	0.0285	0	0.0588	0	1321	33.02	0.04971	-0.005318	1320	888	0.6727	0.05882	1.092	1289	35.96	0.05921	0.01439	1286	607	0.472	0.05556	0.7664	1126	36.53	0.0508	-0.001603	1125	615	0.5467	0.05814	0.8876	-0.152	0
chr2	191000000	192000000	0.3913	0.0333	0.0161	0	0.06	0	1267	32.74	0.03724	0.001672	1257	657	0.5227	0.0625	1.054	1304	34.88	0.01506	-0.008173	1299	697	0.5366	0.05263	1.082	1196	36.3	0.04152	0.007792	1184	545	0.4603	0.05882	0.9278	-0.1171	-0.04439
chr2	192000000	193000000	0.3505	-0.0611	0.0402	0	0.0599	0	1475	31.38	-0.02371	0.02548	1466	626	0.427	0.05882	1.019	1423	32.93	-0.06759	0.02488	1414	555	0.3925	0.06	0.9368	1463	33	-0.096	-0.007547	1455	490	0.3368	0.0625	0.8037	-0.07529	0
chr2	193000000	194000000	0.3382	-0.0924	0.0268	0	0.0625	0	838	30.03	-0.08755	-0.003879	834	470	0.5635	0.06667	1.257	1162	32.02	-0.108	0.02024	1152	819	0.7109	0.0625	1.586	842	32.52	-0.1171	0.004852	834	261	0.3129	0.05172	0.6981	-0.1333	0
chr2	194000000	195000000	0.3422	-0.0765	0.0243	0	0.0591	0	1331	30.36	-0.07168	-0.006634	1307	151	0.1155	0.06	0.4828	1419	31.91	-0.1134	-0.0004018	1391	395	0.284	0.05882	1.187	1461	33.09	-0.09202	0.01242	1447	355	0.2453	0.04839	1.025	-0.09686	-0.05247
chr2	195000000	196000000	0.3728	-0.0015	0.012	0	0.0625	0	1374	31.83	-0.003451	-0.00724	1367	741	0.5421	0.0641	1.16	1472	34.27	-0.009983	0.0006969	1469	662	0.4506	0.06174	0.9642	934	34.98	-0.01194	-0.004989	924	288	0.3117	0.05882	0.6669	-0.1119	-0.03747
chr2	196000000	197000000	0.3849	0.0518	0.0192	0	0.0556	0	1269	32.69	0.0349	-0.02269	1268	703	0.5544	0.05556	1.035	1486	35.47	0.03927	-0.005911	1478	956	0.6468	0.0625	1.207	874	36.53	0.05076	0.00352	873	235	0.2692	0.05263	0.5025	-0.1461	-0.04373
chr2	197000000	198000000	0.4018	0.0403	0.017	0	0.0588	0	1189	32.83	0.04111	0.0009405	1184	655	0.5532	0.0625	0.8235	1293	35.2	0.02847	-0.0134	1286	825	0.6415	0.0625	0.9549	1094	36.78	0.06076	0.01906	1087	751	0.6909	0.05556	1.028	-0.1375	-0.04009
chr2	198000000	199000000	0.3648	-0.0357	0.0205	0	0.0617	0	1396	31.33	-0.02635	-0.004769	1396	791	0.5666	0.0625	1.118	1502	33.75	-0.03232	0.0172	1498	996	0.6649	0.06	1.312	1354	34.35	-0.03811	0.00906	1349	763	0.5656	0.0625	1.116	-0.1174	-0.039
chr2	199000000	200000000	0.3881	-0.0404	0.0212	0	0.0625	0	1032	31.25	-0.02997	0.003767	1030	546	0.5301	0.0641	1.236	1035	33.36	-0.04885	-0.001632	1027	547	0.5326	0.06098	1.242	1076	34.26	-0.04161	0.0005392	1075	580	0.5395	0.06098	1.258	-0.1171	-0.04123
chr2	200000000	201000000	0.4049	0.0397	0.0119	0	0.0613	0	787	26.2	-0.2844	-0.3219	757	451	0.5958	0.1	0.9986	833	35.33	0.03357	-0.003516	831	515	0.6197	0.05814	1.039	863	36.47	0.04853	0.008214	860	564	0.6558	0.06098	1.099	-0.4381	-0.03653
chr2	201000000	202000000	0.4103	0.0549	0.0167	0	0.0585	0	955	22.05	-0.5333	-0.5875	889	399	0.4488	0.2273	0.9304	997	35.78	0.05221	-0.008343	993	448	0.4512	0.05662	0.9352	888	36.67	0.0562	-0.0008472	884	423	0.4785	0.05263	0.9919	-0.7004	-0.03562
chr2	202000000	203000000	0.4157	0.0351	0.0356	0	0.0572	0	1030	26.04	-0.2933	-0.3283	979	730	0.7457	0.1364	1.058	739	35.64	0.04647	0.007609	737	520	0.7056	0.06	1.001	934	36.38	0.04491	0.009867	928	721	0.7769	0.05769	1.103	-0.509	0
chr2	203000000	204000000	0.4026	0.0322	0.009	0	0.0607	0	1014	32.66	0.03358	-8.794e-05	1010	416	0.4119	0.06667	0.8971	895	35.06	0.02267	-0.01321	892	328	0.3677	0.05814	0.8009	941	36.39	0.04511	0.01001	937	251	0.2679	0.05882	0.5835	-0.1339	-0.07595
chr2	204000000	205000000	0.3872	-0.036	0.0281	0	0.06	0	895	31.54	-0.01657	0.01334	873	502	0.575	0.0641	1.071	1012	33.51	-0.04262	-0.001759	1003	575	0.5733	0.05814	1.068	1013	34.1	-0.0487	-0.01115	1000	592	0.592	0.06098	1.103	-0.09622	-0.04307
chr2	205000000	206000000	0.404	-0.0273	0.0192	0	0.0588	0	1408	31.27	-0.0291	0.0003954	1400	833	0.595	0.05882	0.9943	1356	34.13	-0.01624	0.01309	1345	518	0.3851	0.05941	0.6436	1514	34.94	-0.01345	0.01367	1507	997	0.6616	0.05556	1.106	-0.1319	-0.03171
chr2	206000000	207000000	0.401	-0.0017	0.01	0	0.0588	0	1037	31.73	-0.008108	-0.00628	1028	750	0.7296	0.0625	0.9332	1203	34.74	0.009404	0.01021	1193	933	0.7821	0.05882	1	1094	34.89	-0.01537	-0.0146	1087	913	0.8399	0.05263	1.074	-0.1323	0
chr2	207000000	208000000	0.4142	0.0283	0.0189	0	0.0588	0	781	32.05	0.006433	-0.02124	777	309	0.3977	0.05882	0.5836	1074	35.64	0.04633	0.009109	1069	663	0.6202	0.06098	0.9102	785	36.27	0.04033	0.00834	781	514	0.6581	0.05941	0.9659	-0.1675	0
chr2	208000000	209000000	0.3865	-0.0062	0.0103	0	0.0597	0	1818	31.81	-0.004252	-0.004425	1810	946	0.5227	0.06	1.004	1824	34.71	0.008134	0.01947	1816	1032	0.5683	0.05814	1.091	1399	35.18	-0.003675	0.005915	1389	519	0.3737	0.05263	0.7176	-0.1428	0
chr2	209000000	210000000	0.3661	-0.062	0.0169	0	0.0617	0	1484	30.31	-0.07399	-0.02343	1469	958	0.6521	0.0625	0.9705	1448	32.59	-0.08262	-0.001969	1438	1120	0.7789	0.06098	1.159	1111	33.22	-0.08613	-0.01053	1101	321	0.2916	0.05556	0.4339	-0.1333	0
chr2	210000000	211000000	0.368	-0.0645	0.0259	0	0.0609	0	1376	31.02	-0.04075	0.01561	1374	907	0.6601	0.0625	1.219	1051	32.16	-0.1019	-0.02499	1049	422	0.4023	0.05814	0.7428	1288	33.48	-0.07477	0.001957	1283	662	0.516	0.06	0.9527	-0.07039	-0.0458
chr2	211000000	212000000	0.3536	-0.0812	0.0277	0	0.0625	0	1544	30.67	-0.05691	0.007243	1537	926	0.6025	0.05882	0.9885	1637	32.2	-0.1002	0	1626	1045	0.6427	0.0641	1.054	1553	32.98	-0.09669	0.006954	1542	852	0.5525	0.0625	0.9065	-0.08368	0
chr2	212000000	213000000	0.3554	-0.0191	0.0286	0	0.0607	0	1501	31.63	-0.01259	-0.003624	1496	915	0.6116	0.05882	1.001	1530	33.86	-0.02744	0.01739	1529	884	0.5782	0.05792	0.9461	1206	34.55	-0.02959	0.012	1205	342	0.2838	0.0625	0.4644	-0.1096	0
chr2	213000000	214000000	0.3589	0.0149	0.015	0	0.0562	0	1352	31.99	0.003654	-0.02431	1345	1077	0.8007	0.05882	1.56	1480	33.93	-0.02476	-0.01857	1472	921	0.6257	0.0625	1.219	840	35.37	0.004383	0.003789	839	47	0.05602	0.0641	0.1091	-0.1085	-0.07595
chr2	214000000	215000000	0.3679	-0.0343	0.021	0	0.0607	0	1822	31.33	-0.02617	-0.001084	1813	1314	0.7248	0.06522	1.482	1818	33.17	-0.05712	-0.01181	1802	1200	0.6659	0.05814	1.362	1664	34.23	-0.04322	0.003344	1652	1063	0.6435	0.05882	1.316	-0.09527	-0.06081
chr2	215000000	216000000	0.3956	0.0069	0.0157	0	0.0594	0	1614	31.92	0.0007368	-0.001965	1606	622	0.3873	0.05556	0.7493	1659	34.51	6.917e-05	-0.006015	1643	706	0.4297	0.05882	0.8313	1694	35.34	0.003192	-0.0009537	1679	809	0.4818	0.05882	0.9322	-0.1314	-0.04064
chr2	216000000	217000000	0.4416	0.0473	0.0159	0	0.0588	0	1079	33.05	0.05107	0.006738	1077	807	0.7493	0.06	1.081	979	36.12	0.06548	0.00886	976	749	0.7674	0.05882	1.107	1204	36.82	0.0624	0.008881	1198	1019	0.8506	0.05882	1.227	-0.152	0
chr2	217000000	218000000	0.4397	0.0268	0.0179	0	0.0625	0	1239	32.63	0.03249	0.008654	1232	706	0.5731	0.06049	0.9116	1352	35.01	0.02063	-0.0178	1347	883	0.6555	0.05556	1.043	1304	35.85	0.02353	-0.008095	1294	677	0.5232	0.06098	0.8323	-0.1182	0
chr2	218000000	219000000	0.4705	0.0822	0.0324	0	0.0568	0	1247	33.29	0.06132	-0.01012	1237	956	0.7728	0.06	1.362	1260	37.34	0.1137	8.78e-05	1251	797	0.6371	0.05556	1.123	781	38.1	0.1115	0.01798	771	146	0.1894	0.05941	0.3338	-0.1956	-0.02975
chr2	219000000	220000000	0.4809	0.0629	0.0176	0	0.0592	0	1505	33.06	0.05128	0.007942	1496	768	0.5134	0.06098	0.9855	1378	36.93	0.09784	0.004689	1366	678	0.4963	0.05556	0.9529	1532	36.75	0.05965	-0.01093	1515	633	0.4178	0.05556	0.8021	-0.1926	0
chr2	220000000	221000000	0.3902	-0.0617	0.0255	0	0.0625	0	1430	30.98	-0.04241	0.01747	1419	734	0.5173	0.0641	0.9298	1401	33.37	-0.0488	0.02036	1392	655	0.4705	0.05814	0.8458	1586	33.68	-0.06617	-0.00318	1572	942	0.5992	0.0625	1.077	-0.1119	0
chr2	221000000	222000000	0.3876	-0.0488	0.0204	0	0.06	0	948	31.17	-0.03375	0.01101	942	553	0.587	0.0625	0.9361	1115	33.21	-0.05561	-0.0003871	1104	724	0.6558	0.0625	1.046	1336	34.16	-0.04597	0.002216	1322	1009	0.7632	0.05882	1.217	-0.122	-0.04064
chr2	222000000	223000000	0.4036	0.0177	0.0294	0	0.0603	0	1322	32.09	0.008516	-0.00783	1297	783	0.6037	0.0625	1.018	1356	35.03	0.02138	0.001716	1335	826	0.6187	0.06098	1.043	1339	36.17	0.03634	0.01814	1325	717	0.5411	0.05556	0.9122	-0.1592	-0.03103
chr2	223000000	224000000	0.4012	0.0145	0.0107	0	0.0614	0	1570	32.21	0.01372	-0.001773	1568	654	0.4171	0.06	0.8404	1762	34.96	0.01843	0.002355	1755	916	0.5219	0.05941	1.052	1641	35.82	0.02255	0.01029	1637	983	0.6005	0.05556	1.21	-0.1278	-0.04064
chr2	224000000	225000000	0.4059	0.014	0.0129	0	0.0612	0	1273	31.69	-0.009656	-0.02246	1263	899	0.7118	0.0641	1.032	1542	34.86	0.01424	-0.001195	1538	1119	0.7276	0.06098	1.054	909	35.79	0.02143	0.006389	906	472	0.521	0.05086	0.755	-0.1468	0
chr2	225000000	226000000	0.371	-0.0352	0.014	0	0.0599	0	1200	31.05	-0.03935	-0.00908	1184	841	0.7103	0.0625	1.075	1433	33.46	-0.0448	0.002199	1423	1080	0.759	0.05882	1.149	1091	34.27	-0.04131	0.006346	1067	630	0.5904	0.05263	0.8935	-0.1155	-0.03747
chr2	226000000	227000000	0.3863	-0.0412	0.0237	0	0.06	0	768	31.69	-0.009702	0.02511	759	270	0.3557	0.0625	0.5096	1146	33.58	-0.03966	0.00644	1133	755	0.6664	0.06	0.9546	1064	33.75	-0.06338	-0.0187	1054	709	0.6727	0.05556	0.9636	-0.09622	0.03477
chr2	227000000	228000000	0.4076	0.0208	0.0217	0	0.0594	0	1698	33.16	0.05568	0.03486	1688	940	0.5569	0.06	0.9152	2079	35.01	0.02071	7.361e-05	2057	1311	0.6373	0.05882	1.047	1985	35.93	0.0269	0.002375	1972	1217	0.6171	0.05814	1.014	-0.1108	0
chr2	228000000	229000000	0.3764	-0.0384	0.0207	0	0.0597	0	1184	30.71	-0.05508	-0.02222	1171	838	0.7156	0.0625	1.01	1680	33.43	-0.04614	0.002074	1677	1314	0.7835	0.05941	1.106	1583	33.53	-0.07291	-0.02999	1573	1240	0.7883	0.06049	1.113	-0.1238	0
chr2	229000000	230000000	0.4031	-0.0111	0.0298	0	0.0599	0	1161	21.27	-0.5848	-0.5735	1074	567	0.5279	0.2407	0.9497	1465	34.92	0.01712	0.02462	1454	1012	0.696	0.05172	1.252	1355	34.66	-0.02508	-0.01703	1342	770	0.5738	0.05556	1.032	-0.7188	-0.03747
chr2	230000000	231000000	0.4309	0.0839	0.0217	0	0.0556	0	1420	29.73	-0.1019	-0.1813	1364	1171	0.8585	0.08621	1.192	1288	37.08	0.1034	0.01149	1280	904	0.7063	0.05102	0.9808	1579	37.78	0.09935	0.01209	1579	1321	0.8366	0.05556	1.162	-0.273	-0.04182
chr2	231000000	232000000	0.4656	0.0751	0.0483	0	0.0625	0	1245	32.01	0.004984	-0.04941	1161	853	0.7347	0.0641	1.007	937	37.38	0.1152	0.01529	900	413	0.4589	0.06667	0.6287	1347	37.21	0.07753	-0.01073	1257	1006	0.8003	0.05814	1.096	-0.2224	-0.07595
chr2	232000000	233000000	0.4605	0.0949	0.0143	0	0.06	0	1218	33.65	0.07681	-0.006309	1201	788	0.6561	0.05792	1.041	1409	37.24	0.1096	-0.005884	1389	976	0.7027	0.05556	1.115	1261	37.52	0.08931	-0.01636	1246	718	0.5762	0.06	0.9141	-0.1605	0
chr2	233000000	234000000	0.4502	0.0785	0.0197	0	0.0556	0	1270	33.16	0.05587	-0.01784	1251	702	0.5612	0.05882	0.8143	1249	37.08	0.1035	0.009727	1236	839	0.6788	0.05814	0.9851	1261	37.09	0.07271	-0.01603	1242	829	0.6675	0.05556	0.9686	-0.1437	-0.039
chr2	234000000	235000000	0.4398	0.0036	0.0205	0	0.0594	0	1695	32	0.004187	0.003555	1679	1281	0.763	0.0625	1.085	1787	34.85	0.01387	-0.0006778	1774	1337	0.7537	0.05556	1.071	1665	35.12	-0.005927	-0.01381	1644	1118	0.68	0.06522	0.9667	-0.1394	0.03797
chr2	235000000	236000000	0.4621	-0.0033	0.0246	0	0.0602	0	1802	32.01	0.00482	0.0201	1785	1219	0.6829	0.0625	1.028	1647	34.99	0.02001	0	1638	1206	0.7363	0.05556	1.109	1816	34.86	-0.01678	-0.02497	1803	1362	0.7554	0.05941	1.137	-0.1245	0
chr2	236000000	237000000	0.458	0.0425	0.0108	0	0.0594	0	1055	32.46	0.02504	-0.002843	1050	801	0.7629	0.0641	0.9911	995	35.44	0.03833	-0.02657	991	812	0.8194	0.05882	1.065	972	35.85	0.02389	-0.02649	967	687	0.7104	0.05556	0.923	-0.1579	0
chr2	237000000	238000000	0.4578	0.0771	0.017	0	0.0572	0	1285	33.64	0.07623	0.01375	1261	793	0.6289	0.06	0.786	1213	37.67	0.1263	0.02866	1193	1061	0.8894	0.05263	1.112	1433	37.29	0.08063	-0.004445	1410	973	0.6901	0.05263	0.8625	-0.122	0.03562
chr2	238000000	239000000	0.4794	0.0837	0.0184	0	0.0572	0	1752	33.85	0.08544	0.02038	1703	1073	0.6301	0.05882	0.9089	1680	38.07	0.1416	0.02773	1641	1260	0.7678	0.05556	1.108	1689	37.44	0.08648	-0.004902	1662	1103	0.6637	0.05556	0.9574	-0.1575	0
chr2	239000000	240000000	0.5032	0.0852	0.0289	0	0.0625	0	1823	33.37	0.06464	0.01093	1789	1061	0.5931	0.06098	0.9201	1849	38.01	0.1392	0.0164	1822	1208	0.663	0.05556	1.029	1725	37.56	0.09091	-0.008809	1698	1124	0.662	0.05882	1.027	-0.195	0
chr2	240000000	241000000	0.5291	0.1018	0.0363	0	0.0588	0	1459	33.6	0.0745	0.002139	1357	100	0.07369	0.075	0.1072	2088	38.54	0.159	0.001567	1976	1434	0.7257	0.05456	1.056	1991	37.71	0.09667	-0.01531	1891	1161	0.614	0.05556	0.8934	-0.166	0.03562
chr2	241000000	242000000	0.5068	0.1012	0.0383	0	0.0628	0	973	32.42	0.02308	-0.04842	885	64	0.07232	0.09545	0.1026	1381	38.02	0.1397	-0.00358	1318	915	0.6942	0.0625	0.9849	1858	38.59	0.1298	0.0146	1769	1435	0.8112	0.05882	1.151	-0.2088	-0.03479
chr2	242000000	242193529	0.4459	-0.3476	0.1946	1	0.0776	0	435	27.47	-0.2158	NA	305	41	0.1344	0.09091	0.2472	629	29.17	-0.2428	NA	460	299	0.65	0.06757	1.195	470	31.16	-0.1784	NA	328	180	0.5488	0.07634	1.009	-0.1112	-0.1083
chr3	0	1000000	0.3704	-0.0461	0.0306	0	0.06	0	1962	30.87	-0.04762	-0.006406	1929	1176	0.6096	0.06667	1.102	2124	32.05	-0.107	-0.04681	2080	1401	0.6736	0.06	1.218	1876	33.86	-0.0587	-0.004563	1831	948	0.5177	0.06	0.9361	-0.0902	-0.06678
chr3	1000000	2000000	0.3654	-0.0995	0.0213	0	0.065	0	2241	30.52	-0.06419	0.02151	2219	1676	0.7553	0.0641	1.109	2332	31.79	-0.1186	-0.002734	2307	1615	0.7	0.06522	1.028	2331	32.39	-0.1229	-0.01459	2314	1161	0.5017	0.0625	0.7366	-0.05737	0
chr3	2000000	3000000	0.3776	-0.0591	0.0227	0	0.0617	0	1978	30.88	-0.04702	0.009813	1966	990	0.5036	0.05941	0.8231	1855	32.55	-0.08444	-0.01496	1847	1198	0.6486	0.0641	1.06	1675	34.1	-0.04852	0.01474	1667	274	0.1644	0.05218	0.2687	-0.08992	-0.07595
chr3	3000000	4000000	0.3943	-0.0239	0.0074	0	0.0617	0	2070	31.57	-0.01538	0.004222	2057	652	0.317	0.06049	0.6004	2221	34.14	-0.01553	0.01011	2204	881	0.3997	0.06667	0.7572	2161	34.42	-0.03508	-0.008498	2126	1072	0.5042	0.05814	0.9552	-0.1127	0
chr3	4000000	5000000	0.4106	0.054	0.0112	0	0.0588	0	2078	33.11	0.05333	-0.002732	2067	1432	0.6928	0.05882	1.096	2074	36.19	0.0685	0.008471	2067	1214	0.5873	0.0625	0.9292	2002	36.76	0.05979	0.0058	1994	1295	0.6494	0.05556	1.027	-0.1497	0
chr3	5000000	6000000	0.4055	0.0094	0.0117	0	0.06	0	2123	32.81	0.0406	0.03239	2116	1429	0.6753	0.0625	1.108	2168	35.27	0.03135	0.0221	2164	1462	0.6756	0.05882	1.109	2177	35.52	0.01044	0	2169	1197	0.5519	0.06	0.9057	-0.1085	0
chr3	6000000	7000000	0.3731	-0.0602	0.0319	0	0.0613	0	1896	31.24	-0.03048	0.02053	1891	1425	0.7536	0.0625	1.079	2036	32.86	-0.07069	-0.0002925	2024	1244	0.6146	0.05882	0.8804	1539	33.93	-0.05562	0.01239	1536	1039	0.6764	0.05814	0.969	-0.08746	-0.04811
chr3	7000000	8000000	0.3817	-0.0745	0.0172	0	0.0613	0	2349	30.9	-0.04637	0.02605	2344	1370	0.5845	0.06	0.9508	2210	33.2	-0.05586	0.02867	2208	1310	0.5933	0.06174	0.9652	2427	33.26	-0.08465	-0.005955	2420	1509	0.6236	0.05814	1.014	-0.1193	0
chr3	8000000	9000000	0.4211	-0.0034	0.01	0	0.0614	0	2318	31.76	-0.006375	0.0005559	2283	1661	0.7276	0.0625	1.312	2155	34.79	0.01155	0.008338	2128	1458	0.6852	0.05882	1.236	1987	35.44	0.006979	0.005587	1961	1055	0.538	0.05556	0.9704	-0.1375	-0.04182
chr3	9000000	10000000	0.4592	0.0652	0.0222	0	0.0594	0	1097	33.11	0.05342	0.004647	1091	523	0.4794	0.05556	0.7531	1232	37	0.1005	0.01474	1229	806	0.6558	0.06	1.03	1045	37.1	0.07317	-0.00213	1044	686	0.6571	0.05263	1.032	-0.1605	0.03847
chr3	10000000	11000000	0.4799	0.0776	0.0306	0	0.0587	0	1208	32.96	0.04697	-0.01199	1190	777	0.6529	0.06	0.9823	1086	37.13	0.1056	-0.002677	1077	630	0.585	0.0625	0.88	1390	37.72	0.09723	0.01194	1383	926	0.6696	0.05556	1.007	-0.1497	0
chr3	11000000	12000000	0.4451	0.0336	0.0199	0	0.0567	0	1507	32.7	0.03542	0.01319	1496	1014	0.6778	0.06	1.054	1524	35.91	0.05745	0.008485	1494	751	0.5027	0.05556	0.7818	1545	36.08	0.03306	-0.006134	1538	974	0.6333	0.05556	0.9849	-0.1285	0
chr3	12000000	13000000	0.4464	0.0528	0.0329	0	0.06	0	1286	32.37	0.02098	-0.02044	1267	911	0.719	0.0625	1.162	1184	36.18	0.06816	-0.002706	1180	741	0.628	0.06098	1.015	1322	36.64	0.05534	-0.004158	1315	886	0.6738	0.05556	1.089	-0.1592	-0.02857
chr3	13000000	14000000	0.5044	0.1331	0.0304	0	0.0556	0	1711	34.44	0.1105	0.008855	1708	1202	0.7037	0.05319	1.041	1771	39.12	0.1808	0.009198	1771	1432	0.8086	0.05662	1.196	1752	38.82	0.1387	-0.007726	1743	1062	0.6093	0.05556	0.9016	-0.1625	0.01374
chr3	14000000	15000000	0.47	0.0994	0.0255	0	0.0568	0	1484	33.78	0.08233	0	1481	1036	0.6995	0.06	1.005	1365	37.6	0.1235	-0.006133	1359	1048	0.7712	0.05556	1.108	1653	38.04	0.1091	-0.003114	1649	970	0.5882	0.05882	0.8454	-0.1699	-0.03477
chr3	15000000	16000000	0.4199	0.0637	0.0153	0	0.0597	0	837	32.78	0.03912	-0.02299	836	281	0.3361	0.0625	0.5614	1171	36.4	0.07674	0.00623	1169	885	0.7571	0.05882	1.265	1018	37.3	0.08106	0.01711	1012	576	0.5692	0.05848	0.9507	-0.1615	-0.03395
chr3	16000000	17000000	0.4142	0.0619	0.0299	0	0.0588	0	1080	33.23	0.0586	-0.002671	1069	397	0.3714	0.07576	0.6048	1240	36.59	0.08421	0.01339	1228	653	0.5318	0.05556	0.8661	1532	36.24	0.03924	-0.02635	1499	899	0.5997	0.05882	0.9768	-0.1304	0
chr3	17000000	18000000	0.3827	0.0403	0.0215	0	0.06	0	589	32.73	0.03672	-0.006581	586	211	0.3601	0.0625	0.6838	908	35.49	0.04046	0.0135	904	800	0.885	0.05882	1.681	533	36.16	0.03621	0	531	160	0.3013	0.0599	0.5722	-0.1278	-0.03653
chr3	18000000	19000000	0.3734	-0.0284	0.0087	0	0.0597	0	1066	31.58	-0.01483	-0.001827	1060	944	0.8906	0.06174	1.153	1458	33.29	-0.05195	-0.01335	1444	1126	0.7798	0.0625	1.009	582	34.69	-0.02381	0.01327	578	524	0.9066	0.05941	1.173	-0.1054	-0.0458
chr3	19000000	20000000	0.3742	-0.0633	0.0084	0	0.06	0	1057	30.48	-0.06587	-0.01429	1048	784	0.7481	0.0633	0.9624	828	32.93	-0.06792	0.004559	824	655	0.7949	0.05556	1.023	782	33.53	-0.07273	0.0007245	781	561	0.7183	0.05882	0.9241	-0.1115	-0.04373
chr3	20000000	21000000	0.3774	-0.066	0.0073	0	0.0612	0	1979	31.02	-0.04047	0.02271	1962	1351	0.6886	0.0625	0.9921	1567	32.38	-0.09192	-0.01553	1560	538	0.3449	0.05941	0.4969	1956	33.61	-0.06931	0.0008472	1950	1359	0.6969	0.05556	1.004	-0.0902	-0.05063
chr3	21000000	22000000	0.3656	-0.0834	0.0232	0	0.06	0	2324	30.5	-0.06504	0.004555	2318	1855	0.8003	0.06	1.197	2230	32.77	-0.07487	0.02486	2221	1698	0.7645	0.06	1.144	2303	32.66	-0.1106	-0.01832	2286	1638	0.7165	0.05882	1.072	-0.09569	0
chr3	22000000	23000000	0.3689	-0.0333	0.0264	0	0.0647	0	1890	31.13	-0.03542	-0.01277	1885	1122	0.5952	0.06667	0.9796	1566	33.44	-0.04568	0.005445	1559	736	0.4721	0.0641	0.777	1675	34.17	-0.04553	-0.001846	1668	1150	0.6894	0.05882	1.135	-0.111	0
chr3	23000000	24000000	0.3997	0.0433	0.0064	0	0.0591	0	1661	32.85	0.04208	-0.0009412	1650	1224	0.7418	0.06	1.03	1380	35.59	0.04436	0.004259	1377	1257	0.9129	0.05882	1.268	1418	37.35	0.08265	0.03858	1413	1014	0.7176	0.05556	0.9968	-0.1575	-0.05887
chr3	24000000	25000000	0.3836	-0.0134	0.025	0	0.0591	0	1493	32.07	0.007433	0.01574	1485	1103	0.7428	0.05882	1.062	1244	33.88	-0.02683	-0.008009	1238	795	0.6422	0.05556	0.9179	1494	34.06	-0.05013	-0.03114	1480	981	0.6628	0.0625	0.9475	-0.09686	0
chr3	25000000	26000000	0.3882	-0.0287	0.0099	0	0.0568	0	1544	31.36	-0.02503	-0.001257	1537	1166	0.7586	0.06	1.305	1448	33.69	-0.03498	0.00169	1444	933	0.6461	0.05882	1.111	1767	34.58	-0.02834	0.001567	1762	1150	0.6527	0.05882	1.123	-0.1394	-0.0458
chr3	26000000	27000000	0.3808	-0.0799	0.0218	0	0.0605	0	1763	30.84	-0.04911	0.02154	1757	1453	0.827	0.06098	1.225	1479	32	-0.109	-0.02327	1456	1158	0.7953	0.0625	1.178	1914	33.63	-0.06835	0.01634	1893	1288	0.6804	0.05882	1.008	-0.08489	-0.05063
chr3	27000000	28000000	0.3936	-0.0532	0.0165	0	0.0606	0	1557	31.36	-0.02471	0.02745	1551	997	0.6428	0.06	0.8797	1454	33.17	-0.05724	0.003563	1442	1099	0.7621	0.06	1.043	1612	34.38	-0.03656	0.01476	1609	1324	0.8229	0.05882	1.126	-0.1206	-0.09165
chr3	28000000	29000000	0.3738	-0.067	0.0278	0	0.0625	0	1224	30.84	-0.04903	0.005382	1218	880	0.7225	0.06667	0.9741	975	32.28	-0.09633	-0.01949	973	480	0.4933	0.05882	0.6651	1351	33.69	-0.06603	0.0111	1333	1006	0.7547	0.05882	1.018	-0.1119	-0.08489
chr3	29000000	30000000	0.3643	-0.0599	0.0185	0	0.06	0	1918	30.5	-0.06515	-0.01937	1909	1403	0.7349	0.0625	1.04	1655	32.16	-0.1019	-0.02987	1641	1135	0.6917	0.06	0.9787	1911	33.29	-0.08324	-0.01106	1904	1127	0.5919	0.0625	0.8376	-0.1085	-0.04307
chr3	30000000	31000000	0.3808	-0.06	0.0184	0	0.0625	0	1859	30.95	-0.04378	0.006967	1852	1298	0.7009	0.05882	1	1825	33.26	-0.05318	0.01262	1817	1430	0.787	0.05882	1.123	1860	33.96	-0.05437	0.01043	1857	1428	0.769	0.05882	1.097	-0.1357	-0.04064
chr3	31000000	32000000	0.4029	0.0121	0.0096	0	0.0602	0	969	32.17	0.01196	-0.001529	965	648	0.6715	0.05556	0.9786	1306	34.77	0.01072	-0.005057	1305	1059	0.8115	0.05556	1.183	1378	34.59	-0.02794	-0.0431	1376	954	0.6933	0.05814	1.01	-0.1061	0
chr3	32000000	33000000	0.4333	0.0235	0.0119	0	0.06	0	1663	32.35	0.02016	0.007006	1642	1373	0.8362	0.06667	1.368	1429	35.43	0.03791	0.004231	1423	743	0.5221	0.05882	0.854	1645	36.36	0.04427	0.01741	1636	1282	0.7836	0.05941	1.282	-0.1751	-0.04439
chr3	33000000	34000000	0.4007	0.0105	0.0106	0	0.06	0	1208	32.25	0.01552	0.005799	1203	1024	0.8512	0.05814	1.181	782	34.9	0.01618	0.005768	781	480	0.6146	0.0625	0.8525	1067	35.4	0.005522	-0.006188	1064	778	0.7312	0.05172	1.014	-0.1278	-0.03747
chr3	34000000	35000000	0.3814	-0.0469	0.0154	0	0.0588	0	1620	31.01	-0.0412	0.0008246	1614	1044	0.6468	0.05941	1.04	1595	33.33	-0.0504	0.005737	1583	1008	0.6368	0.05882	1.024	1609	33.82	-0.06025	-0.008544	1596	1027	0.6435	0.05882	1.035	-0.1085	-0.03477
chr3	35000000	36000000	0.3611	-0.0907	0.0296	0	0.0617	0	1325	30.39	-0.06998	0.01194	1311	881	0.672	0.06	0.9731	1383	32.08	-0.1055	0.007338	1368	945	0.6908	0.05882	1	993	33.19	-0.08769	0.01949	985	798	0.8102	0.0625	1.173	-0.1054	-0.08017
chr3	36000000	37000000	0.3964	-0.032	0.0121	0	0.0613	0	1300	30.94	-0.04429	-0.006874	1290	982	0.7612	0.0625	1.056	920	33.84	-0.02854	0.009617	910	576	0.633	0.06098	0.878	1461	34.55	-0.0295	0.001427	1447	1208	0.8348	0.05882	1.158	-0.1266	-0.07806
chr3	37000000	38000000	0.4257	0.0536	0.0179	0	0.0581	0	796	32.74	0.03714	-0.01205	791	601	0.7598	0.05556	0.9756	487	36.34	0.07447	0.01397	487	297	0.6099	0.05556	0.7831	1164	36.73	0.05881	-2.625e-05	1162	902	0.7762	0.05556	0.9967	-0.1751	-0.03953
chr3	38000000	39000000	0.4445	0.065	0.0195	0	0.0605	0	1283	33.06	0.05115	-0.002086	1279	922	0.7209	0.05941	1.298	950	36.17	0.06774	-0.01533	948	474	0.5	0.05882	0.9006	1437	37.08	0.07237	0.0008445	1435	1036	0.722	0.05556	1.3	-0.1623	0
chr3	39000000	40000000	0.415	0.0502	0.0171	0	0.0605	0	1965	32.8	0.04001	-0.007067	1953	1317	0.6743	0.06	1.048	1695	35.84	0.05458	-0.005427	1687	1185	0.7024	0.05556	1.091	2058	36.57	0.05254	-0.001232	2039	1449	0.7106	0.05357	1.104	-0.1454	-0.03953
chr3	40000000	41000000	0.4155	-0.0114	0.0096	0	0.0588	0	1179	31.91	5.335e-05	0.01091	1167	827	0.7087	0.0625	1.373	1035	34.2	-0.01295	-0.00417	1022	642	0.6282	0.05882	1.217	1412	35.14	-0.005332	0.006105	1405	1071	0.7623	0.05556	1.477	-0.1394	0
chr3	41000000	42000000	0.4018	-0.0106	0.0069	0	0.0591	0	2587	31.66	-0.01103	-0.0003031	2575	2011	0.781	0.05882	1.343	1999	34.46	-0.002124	0.006904	1991	1417	0.7117	0.05556	1.223	1879	35.15	-0.004572	0.004632	1863	1418	0.7611	0.05848	1.308	-0.1339	-0.03562
chr3	42000000	43000000	0.4474	0.0374	0.0093	0	0.0588	0	1616	32.76	0.03831	0.01237	1609	1264	0.7856	0.05941	1.263	1158	35.59	0.04436	-0.01131	1154	733	0.6352	0.05556	1.021	1446	36.8	0.06138	0.01963	1442	1166	0.8086	0.05814	1.3	-0.1497	-0.06871
chr3	43000000	44000000	0.4235	0.0141	0.0157	0	0.0594	0	1154	32.05	0.006787	-0.0003353	1149	775	0.6745	0.05882	1.181	995	34.94	0.01773	-0.001801	993	354	0.3565	0.07143	0.624	1196	36.12	0.03447	0.01628	1192	873	0.7324	0.05882	1.282	-0.1592	-0.04731
chr3	44000000	45000000	0.4266	0.0277	0.0185	0	0.0578	0	797	32.14	0.01061	-0.01242	790	718	0.9089	0.05882	1.197	803	36.16	0.06707	0.03344	790	651	0.8241	0.05556	1.086	1044	36.1	0.03375	0.000413	1044	771	0.7385	0.05263	0.973	-0.2016	0.03562
chr3	45000000	46000000	0.445	0.0765	0.0188	0	0.0556	0	1442	33.38	0.06513	0	1441	915	0.635	0.05882	1.106	1665	36.46	0.07936	-0.01287	1663	1130	0.6795	0.05556	1.184	1295	37.57	0.09147	0.009994	1293	770	0.5955	0.05556	1.038	-0.1651	-0.0451
chr3	46000000	47000000	0.4557	0.1076	0.0213	0	0.0588	0	1046	34.05	0.09408	0.001183	1040	531	0.5106	0.06	0.9396	1180	37.23	0.1094	-0.01527	1176	694	0.5901	0.0625	1.086	1115	38.02	0.1085	-0.005658	1111	560	0.5041	0.05263	0.9276	-0.1468	-0.03747
chr3	47000000	48000000	0.4482	0.0657	0.0267	0	0.06	0	681	32.59	0.03086	-0.0251	668	266	0.3982	0.06712	0.9791	726	35.92	0.05783	-0.02635	714	328	0.4594	0.05941	1.13	725	37.23	0.07828	0.006529	710	293	0.4127	0.05556	1.015	-0.1926	-0.04064
chr3	48000000	49000000	0.4801	0.0774	0.0162	0	0.062	0	485	32.25	0.01543	-0.04332	477	89	0.1866	0.06522	0.5715	700	36.58	0.08396	-0.02442	680	440	0.6471	0.05172	1.982	477	37.25	0.07914	-0.00594	467	64	0.137	0.08167	0.4197	-0.1793	-0.0614
chr3	49000000	50000000	0.4947	0.091	0.0417	0	0.0566	0	559	33.1	0.05325	-0.0134	551	77	0.1397	0.06522	0.2916	731	37.33	0.1131	-0.01208	713	251	0.352	0.06098	0.7345	556	37.86	0.1025	-0.0008529	547	58	0.106	0.06818	0.2212	-0.1699	0
chr3	50000000	51000000	0.4903	0.091	0.0379	0	0.0556	0	591	33.04	0.05056	-0.01045	587	104	0.1772	0.05556	0.4726	751	38.59	0.1609	0.03369	747	393	0.5261	0.05882	1.403	936	38.21	0.1156	0.01144	930	575	0.6183	0.05556	1.649	-0.1767	0
chr3	51000000	52000000	0.4419	0.0485	0.0193	0	0.0607	0	685	32.41	0.02252	-0.02299	677	107	0.1581	0.06667	0.6694	677	36.15	0.06695	0.009133	675	566	0.8385	0.05882	3.552	922	36.33	0.04276	-0.01279	917	453	0.494	0.0625	2.092	-0.1489	0
chr3	52000000	53000000	0.4933	0.1492	0.0252	0	0.0556	0	785	34.29	0.1042	-0.01547	783	67	0.08557	0.04167	0.1309	1051	38.5	0.1576	-0.02614	1050	720	0.6857	0.05556	1.049	758	39.14	0.1503	-0.0116	758	14	0.01847	0.09268	0.02826	-0.2095	0
chr3	53000000	54000000	0.4494	0.0982	0.0276	0	0.0562	0	1077	33.71	0.07933	-0.01363	1072	553	0.5159	0.05882	0.9709	1134	37.34	0.1134	-0.002069	1126	696	0.6181	0.05882	1.163	1194	37.82	0.101	-0.003253	1192	619	0.5193	0.05814	0.9774	-0.1656	-0.03747
chr3	54000000	55000000	0.4254	-0.0049	0.0187	0	0.0617	0	1337	32.18	0.01233	0.0219	1328	994	0.7485	0.05882	1.068	1256	34.89	0.01551	0.01345	1247	893	0.7161	0.05882	1.022	1358	34.81	-0.01886	-0.01805	1353	717	0.5299	0.05556	0.7561	-0.1155	0
chr3	55000000	56000000	0.4137	-0.035	0.0235	0	0.0613	0	1622	31.29	-0.02812	0.007025	1570	1086	0.6917	0.0625	1.126	1554	34.69	0.00732	0.03291	1512	980	0.6481	0.05882	1.055	1174	34.91	-0.01454	0.01624	1169	794	0.6792	0.05882	1.105	-0.1647	0.039
chr3	56000000	57000000	0.4065	0.0162	0.0143	0	0.061	0	1611	32.19	0.01264	-0.001781	1590	1051	0.661	0.05814	1.054	1421	34.91	0.01659	0.0004762	1400	881	0.6293	0.05882	1.003	1595	35.72	0.01842	-0.001195	1577	1020	0.6468	0.05263	1.031	-0.1271	-0.03953
chr3	57000000	58000000	0.4133	0.0231	0.0157	0	0.0594	0	1024	31.76	-0.006405	-0.02854	1018	680	0.668	0.05882	0.9286	1326	35.03	0.02125	-0.01126	1320	946	0.7167	0.05882	0.9963	1277	35.84	0.02334	-0.003949	1271	939	0.7388	0.05556	1.027	-0.1561	-0.03797
chr3	58000000	59000000	0.44	0.0732	0.0234	0	0.0591	0	1597	33.34	0.0635	-0.006732	1590	1238	0.7786	0.05882	1.127	1142	37.27	0.1109	0.02566	1137	336	0.2955	0.06098	0.4277	1391	37.23	0.07824	0.0002158	1386	993	0.7165	0.05814	1.037	-0.1748	0
chr3	59000000	60000000	0.4002	-0.0176	0.0172	0	0.0601	0	1617	32.15	0.01085	0.02967	1608	1057	0.6573	0.06	1.026	1527	34.28	-0.009803	0.007885	1524	1081	0.7093	0.05882	1.107	1630	35.21	-0.002087	0.0136	1614	1221	0.7565	0.05556	1.18	-0.1203	-0.04182
chr3	60000000	61000000	0.3854	-0.0616	0.0205	0	0.0625	0	1819	30.99	-0.04208	0.00967	1801	1126	0.6252	0.06	1.011	1990	32.83	-0.07212	-0.006482	1983	1151	0.5804	0.0625	0.9382	1848	33.79	-0.06155	0.006355	1838	1332	0.7247	0.05263	1.171	-0.1193	-0.04307
chr3	61000000	62000000	0.4013	-0.0275	0.0244	0	0.0605	0	1515	31.32	-0.02651	0	1510	1127	0.7464	0.0625	1.288	1517	33.53	-0.04149	-0.01556	1512	881	0.5827	0.05556	1.005	1419	34.85	-0.01711	0.0127	1414	848	0.5997	0.05556	1.035	-0.1375	-0.06871
chr3	62000000	63000000	0.4014	-0.0531	0.0129	0	0.0625	0	1218	30.44	-0.06766	-0.01616	1214	673	0.5544	0.06522	0.9765	977	33.52	-0.04198	0.009544	973	438	0.4502	0.0641	0.7929	1406	33.93	-0.05575	-0.001462	1400	820	0.5857	0.06	1.032	-0.1543	0
chr3	63000000	64000000	0.3931	-0.0692	0.0276	0	0.0617	0	1538	30.55	-0.06269	0.006156	1517	1068	0.704	0.06049	1.081	1247	32.38	-0.09201	-0.01616	1228	637	0.5187	0.06098	0.7967	1528	33.77	-0.06261	0.005771	1514	984	0.6499	0.05814	0.9982	-0.1155	-0.04439
chr3	64000000	65000000	0.4072	-0.0487	0.0258	0	0.06	0	1665	30.94	-0.04419	0.004025	1664	1129	0.6785	0.06522	1.155	1507	33.03	-0.06327	-0.01496	1501	984	0.6556	0.0625	1.116	1654	34.25	-0.04214	0.002832	1649	1209	0.7332	0.0625	1.248	-0.1333	-0.08017
chr3	65000000	66000000	0.3996	-0.0729	0.0225	0	0.0613	0	1769	30.22	-0.07842	-0.006883	1766	1399	0.7922	0.05882	1.258	1446	33.01	-0.06432	0.01217	1440	833	0.5785	0.06098	0.9186	1735	33.22	-0.08642	-0.01424	1730	1264	0.7306	0.05882	1.16	-0.1085	0
chr3	66000000	67000000	0.4135	-0.0177	0.0246	0	0.0594	0	1151	32.36	0.02067	0.0379	1146	753	0.6571	0.06	1.038	1443	34	-0.02155	-0.0142	1438	958	0.6662	0.0625	1.052	1569	35.08	-0.007767	0.006671	1560	1158	0.7423	0.05882	1.173	-0.09654	0
chr3	67000000	68000000	0.3866	-0.0378	0.0251	0	0.0613	0	1769	31.72	-0.008374	0.02305	1763	1144	0.6489	0.0633	1.189	1555	33.02	-0.06397	-0.0208	1544	646	0.4184	0.06098	0.7669	1785	34.45	-0.0338	0.007392	1776	1179	0.6639	0.06098	1.217	-0.09654	-0.0458
chr3	68000000	69000000	0.3876	-0.0502	0.0173	0	0.0615	0	1571	31.25	-0.02988	0.01628	1566	1091	0.6967	0.06	1.084	1420	33.36	-0.049	0.007625	1416	860	0.6073	0.06522	0.9453	1700	33.96	-0.05431	-0.004722	1696	1143	0.6739	0.05814	1.049	-0.1186	0
chr3	69000000	70000000	0.4004	-0.0315	0.0165	0	0.0605	0	2104	31.44	-0.02116	0.01157	2099	1468	0.6994	0.06049	1.242	1717	33.71	-0.03417	-0.0001634	1712	924	0.5397	0.05556	0.9585	2026	34.61	-0.02721	0.002382	2024	1564	0.7727	0.06098	1.372	-0.1359	-0.074
chr3	70000000	71000000	0.3768	-0.0637	0.0264	0	0.0617	0	1207	31.09	-0.03738	0.02131	1202	900	0.7488	0.05882	1.157	997	32.59	-0.08251	-0.008452	996	548	0.5502	0.0625	0.8505	1112	33.47	-0.07533	-0.007113	1107	836	0.7552	0.05814	1.167	-0.08253	-0.05155
chr3	71000000	72000000	0.4179	0.0256	0.0213	0	0.0625	0	1301	32.93	0.04569	0.01737	1296	994	0.767	0.0625	1.208	1248	35.37	0.03531	-0.0001172	1241	588	0.4738	0.06	0.7463	1160	36.05	0.03169	0.002921	1153	851	0.7381	0.06098	1.163	-0.1125	-0.01519
chr3	72000000	73000000	0.4415	0.0463	0.0304	0	0.0572	0	1128	32.91	0.04497	0.001423	1122	766	0.6827	0.06	1.084	1158	36.44	0.07826	0.02264	1152	733	0.6363	0.0625	1.01	1342	36.78	0.06082	0.009689	1334	909	0.6814	0.05319	1.082	-0.1699	0
chr3	73000000	74000000	0.4058	-0.0011	0.0098	0	0.06	0	1639	31.86	-0.002102	0	1633	1043	0.6387	0.0625	1.022	1626	34.8	0.012	0.01214	1622	1001	0.6171	0.05882	0.9876	1617	34.99	-0.01146	-0.01186	1612	923	0.5726	0.05882	0.9163	-0.1263	0
chr3	74000000	75000000	0.3704	-0.0882	0.0165	0	0.0617	0	1759	30.29	-0.07484	0.00847	1756	1240	0.7062	0.06	1.203	1412	32.41	-0.09073	0.01154	1409	674	0.4784	0.06522	0.8146	1455	32.89	-0.1005	-0.004281	1454	875	0.6018	0.05882	1.025	-0.1186	-0.04307
chr3	75000000	76000000	0.4078	0.3579	0.2334	1	0.0958	1	3949	40.08	0.3293	NA	3639	3342	0.9184	NA	1.123	3166	50.28	0.543	NA	2927	2338	0.7988	NA	0.9766	4054	39.85	0.1763	NA	3888	2903	0.7467	NA	0.9129	0	0.1926
chr3	76000000	77000000	0.3569	-0.1071	0.0338	0	0.0625	0	1480	29.57	-0.1095	-0.0136	1466	845	0.5764	0.06522	0.9833	1520	31.67	-0.1242	0.006449	1509	1008	0.668	0.0625	1.14	1591	32.15	-0.1336	-0.003958	1577	1116	0.7077	0.06	1.207	-0.1333	-0.03847
chr3	77000000	78000000	0.3599	-0.1123	0.0399	0	0.0625	0	1363	29.67	-0.1046	-0.007272	1343	906	0.6746	0.0625	1.183	1198	31.16	-0.1475	-0.01359	1190	817	0.6866	0.05882	1.204	1369	32.31	-0.1261	0.001953	1359	774	0.5695	0.05882	0.9987	-0.09954	0
chr3	78000000	79000000	0.3628	-0.0903	0.0448	0	0.0623	0	1152	30.08	-0.08497	0	1139	518	0.4548	0.06757	0.8697	1233	31.7	-0.1228	-0.01443	1220	604	0.4951	0.06466	0.9468	1119	32.09	-0.1363	-0.03533	1113	576	0.5175	0.06	0.9897	-0.08326	-0.04182
chr3	79000000	80000000	0.3501	-0.0995	0.0332	0	0.0615	0	1252	29.91	-0.09302	-0.003542	1245	604	0.4851	0.06667	0.9237	1174	31.38	-0.1374	-0.005957	1172	422	0.3601	0.06667	0.6856	1077	32.55	-0.1155	0.0104	1074	601	0.5596	0.05882	1.065	-0.09622	-0.08246
chr3	80000000	81000000	0.3479	-0.1053	0.0228	0	0.0647	0	1140	30.12	-0.08304	0.01418	1136	164	0.1444	0.07143	0.2078	1616	31.64	-0.1252	0.00761	1612	1118	0.6935	0.0625	0.9982	1363	32.25	-0.1288	0.001649	1356	1010	0.7448	0.06466	1.072	-0.08746	-0.03653
chr3	81000000	82000000	0.3605	-0.0561	0.0232	0	0.0636	0	1226	31.18	-0.03291	0.009183	1220	842	0.6902	0.0625	1.06	1262	32.38	-0.09221	-0.01391	1254	963	0.7679	0.06522	1.179	1161	33.65	-0.06772	0.004158	1156	381	0.3296	0.05882	0.506	-0.08406	-0.04182
chr3	82000000	83000000	0.3521	-0.0838	0.0206	0	0.0652	0	1232	30.32	-0.07366	0	1208	658	0.5447	0.06	0.9624	1463	32.04	-0.1074	0.003563	1448	990	0.6837	0.06667	1.208	1278	33.01	-0.09552	0.01131	1253	938	0.7486	0.06098	1.323	-0.0902	0
chr3	83000000	84000000	0.339	-0.1143	0.0304	0	0.0625	0	1323	29.6	-0.1081	-0.003039	1312	682	0.5198	0.06667	0.9864	1267	31.25	-0.1434	0.005783	1257	641	0.5099	0.0641	0.9676	1169	31.41	-0.1669	-0.02153	1168	772	0.661	0.0625	1.254	-0.09954	0
chr3	84000000	85000000	0.3481	-0.1155	0.0284	0	0.0652	0	1608	29.6	-0.1081	-0.001725	1595	1353	0.8483	0.06522	1.293	1578	31.23	-0.1441	-0.003001	1566	1063	0.6788	0.0625	1.035	1436	32.06	-0.1377	0.002952	1431	1237	0.8644	0.0625	1.318	-0.09622	-0.04731
chr3	85000000	86000000	0.3392	-0.1248	0.036	0	0.0633	0	1407	29.64	-0.106	0.00738	1400	710	0.5071	0.06667	1.047	1463	31.4	-0.1362	0.02412	1457	708	0.4859	0.0625	1.003	1341	31.95	-0.1424	0.01194	1338	393	0.2937	0.05556	0.6064	-0.09516	0
chr3	86000000	87000000	0.3544	-0.1094	0.0321	0	0.0625	0	1511	30.03	-0.08731	0.006412	1504	1221	0.8118	0.06667	1.366	1346	31.49	-0.1322	0.0002623	1334	1037	0.7774	0.06098	1.308	1507	32.15	-0.1336	-0.001636	1498	973	0.6495	0.05882	1.093	-0.07039	-0.05063
chr3	87000000	88000000	0.3611	-0.071	0.0232	0	0.06	0	1622	30.76	-0.05252	0.009704	1611	735	0.4562	0.0625	0.7626	1332	32.25	-0.09795	-0.004769	1325	555	0.4189	0.05882	0.7001	1848	33.36	-0.08013	0.007357	1842	1304	0.7079	0.05556	1.183	-0.09954	-0.0458
chr3	88000000	89000000	0.359	-0.0694	0.018	0	0.0613	0	1961	30.56	-0.06187	-0.005531	1948	1168	0.5996	0.06667	1.028	1671	32.38	-0.09186	-0.0002638	1668	658	0.3945	0.05882	0.6761	1935	33.34	-0.08082	0.002414	1926	1199	0.6225	0.06098	1.067	-0.1125	-0.04064
chr3	89000000	90000000	0.3535	-0.1023	0.0158	0	0.0652	0	685	30.16	-0.08109	0.004912	677	500	0.7386	0.06522	1.352	452	30.88	-0.1604	-0.03948	450	221	0.4911	0.06757	0.8988	608	32.81	-0.1039	0.02088	602	395	0.6561	0.05882	1.201	-0.06228	-0.09622
chr3	90000000	91000000	0.3664	-1.069	0.0939	0	0.0848	0	1937	15.23	-1.066	-0.009532	792	624	0.7879	0.07895	1.453	1825	15.26	-1.177	-0.09411	695	335	0.482	0.1	0.8892	1444	16.01	-1.139	-0.05657	638	278	0.4357	0.1	0.8038	-0.04821	-0.07497
chr3	91000000	92000000	0.3784	-1.657	0.1146	1	0.1042	1	2146	10.32	-1.629	NA	605	461	0.762	NA	1.424	2109	10.37	-1.734	NA	627	275	0.4386	NA	0.8195	1671	10.94	-1.689	NA	534	237	0.4438	NA	0.8293	-0.1191	0.05063
chr3	92000000	93000000	0.3831	-2.406	0.1036	1	0.1184	1	482	5.883	-2.439	NA	38	20	0.5263	NA	1.784	415	7.269	-2.247	NA	65	22	0.3385	NA	1.147	490	6.561	-2.426	NA	76	19	0.25	NA	0.8475	-0.3219	0.263
chr3	93000000	94000000	0.3842	-1.315	0.1762	1	0.0833	0	703	12.51	-1.35	NA	269	177	0.658	0.07692	1.036	664	13.22	-1.385	NA	270	102	0.3778	0.1016	0.595	691	16.12	-1.129	NA	305	220	0.7213	0.07576	1.136	-0.08342	-0.1751
chr3	94000000	95000000	0.3631	-0.0904	0.0277	0	0.0615	0	1163	30.28	-0.0753	0.004986	1160	486	0.419	0.05556	0.8486	1144	31.52	-0.1308	-0.02261	1137	641	0.5638	0.06098	1.142	1300	33	-0.09563	0.005881	1293	672	0.5197	0.05556	1.053	-0.1155	-0.07215
chr3	95000000	96000000	0.3439	-0.0981	0.0283	0	0.0633	0	2432	29.79	-0.09887	-0.01308	2417	1768	0.7315	0.06049	1.089	2301	31.3	-0.1408	-0.01073	2291	2060	0.8992	0.06098	1.338	1618	32.9	-0.1001	0.02262	1618	1411	0.8721	0.05556	1.298	-0.1085	-0.08246
chr3	96000000	97000000	0.3513	-0.101	0.0272	0	0.0613	0	1624	30.37	-0.07106	0.01289	1616	910	0.5631	0.05941	1.337	1646	31.88	-0.1145	0.01476	1637	943	0.5761	0.05882	1.368	1458	32.67	-0.1102	0.01636	1446	674	0.4661	0.05848	1.107	-0.08246	-0.04307
chr3	97000000	98000000	0.3598	-0.0455	0.0187	0	0.0602	0	626	31.22	-0.03149	0	625	430	0.688	0.06522	0.9578	864	33.61	-0.03834	0.02878	859	680	0.7916	0.05556	1.102	653	34.04	-0.05122	0.01006	651	468	0.7189	0.06	1.001	-0.1245	0
chr3	98000000	99000000	0.3773	0.0055	0.0148	0	0.0617	0	2183	31.47	-0.01957	-0.02833	2159	1681	0.7786	0.06	1.075	2570	34.87	0.01502	0.01991	2549	1292	0.5069	0.06522	0.6997	1257	35.54	0.01098	0.009985	1230	900	0.7317	0.05882	1.01	-0.1751	-0.04307
chr3	99000000	100000000	0.3784	-0.0185	0.0106	0	0.0588	0	1604	31.55	-0.01622	-0.001142	1603	583	0.3637	0.06757	0.8396	1485	34.24	-0.01159	0.01871	1481	523	0.3531	0.05556	0.8152	1746	35	-0.01075	0.01231	1744	793	0.4547	0.06098	1.05	-0.1282	-0.03953
chr3	100000000	101000000	0.3867	0.008	0.0094	0	0.0594	0	921	32.23	0.01472	0.0006215	920	402	0.437	0.0625	0.7902	1179	34.56	0.001848	-0.0007905	1176	690	0.5867	0.05882	1.061	881	35.3	0.001348	-0.003176	879	303	0.3447	0.05	0.6233	-0.0902	-0.0314
chr3	101000000	102000000	0.3928	0.0263	0.0181	0	0.0591	0	1589	32.57	0.02987	0.003598	1563	649	0.4152	0.0641	0.753	1361	34.35	-0.006617	-0.02301	1335	386	0.2891	0.06049	0.5244	1571	35.71	0.01813	-0.008536	1551	1118	0.7208	0.05814	1.307	-0.1193	-0.08017
chr3	102000000	103000000	0.3667	0.0028	0.0218	0	0.061	0	1531	31.84	-0.002712	-0.01264	1525	1358	0.8905	0.05685	1.468	1207	33.51	-0.04259	-0.03204	1199	459	0.3828	0.05556	0.6313	1529	35.25	-0.0007652	0.008444	1523	1062	0.6973	0.05882	1.15	-0.1031	-0.0458
chr3	103000000	104000000	0.3459	-0.0947	0.0192	0	0.0633	0	1431	30.06	-0.08605	-0.001621	1423	461	0.324	0.0625	0.4782	1747	32.14	-0.1028	0.02272	1736	1036	0.5968	0.0641	0.8808	2037	32.72	-0.1079	0.01158	2023	1328	0.6565	0.0625	0.9689	-0.1119	-0.037
chr3	104000000	105000000	0.3519	-0.0554	0.0057	0	0.0613	0	1722	31.25	-0.02974	0.01129	1720	952	0.5535	0.05556	0.9666	2124	32.44	-0.08934	-0.004736	2122	1546	0.7286	0.0625	1.272	1916	33.95	-0.05498	0.02396	1910	1151	0.6026	0.05882	1.052	-0.08489	-0.06871
chr3	105000000	106000000	0.3595	-0.0161	0.0173	0	0.0594	0	1518	31.64	-0.01179	-0.008861	1501	773	0.515	0.05556	0.8542	1815	33.31	-0.05128	-0.01299	1802	1241	0.6887	0.06	1.142	1585	34.9	-0.01512	0.01676	1575	964	0.6121	0.06098	1.015	-0.1193	-0.08246
chr3	106000000	107000000	0.3667	-0.0159	0.0193	0	0.0613	0	1626	32.22	0.01417	0.02295	1612	731	0.4535	0.05882	0.9903	1490	33.73	-0.03289	-0.003641	1475	515	0.3492	0.05882	0.7625	1484	35.22	-0.001882	0.02603	1474	531	0.3602	0.05882	0.7867	-0.09654	-0.08017
chr3	107000000	108000000	0.3839	0.0002	0.0166	0	0.0609	0	956	32.35	0.0201	0.0164	955	647	0.6775	0.06098	1.141	1102	34.66	0.006204	0.01262	1098	724	0.6594	0.06098	1.111	1104	35.13	-0.005397	0	1100	800	0.7273	0.06	1.225	-0.1119	-0.03847
chr3	108000000	109000000	0.3829	0.0129	0.0185	0	0.0585	0	1708	32.29	0.01714	1.267e-05	1694	1174	0.693	0.06522	1.154	1395	34.18	-0.01381	-0.01622	1382	780	0.5644	0.0633	0.9402	1610	35.87	0.02458	0.0173	1600	1083	0.6769	0.05319	1.128	-0.1031	-0.06871
chr3	109000000	110000000	0.3846	-0.0638	0.028	0	0.06	0	1478	30.95	-0.04358	0.01443	1464	1019	0.696	0.0625	1.244	1470	32.58	-0.08308	-0.01524	1460	1024	0.7014	0.06	1.254	1360	32.87	-0.1017	-0.03157	1348	649	0.4815	0.06	0.8605	-0.09213	0
chr3	110000000	111000000	0.3607	-0.0728	0.0181	0	0.0625	0	1879	30.44	-0.06794	-0.005907	1870	1266	0.677	0.06098	1.375	1847	32.45	-0.08888	0.0061	1842	1108	0.6015	0.06	1.222	1826	33	-0.09564	-0.007058	1815	1243	0.6848	0.05882	1.391	-0.1119	0
chr3	111000000	112000000	0.3809	0.0012	0.0192	0	0.0594	0	1553	32.05	0.006348	-0.003734	1537	896	0.583	0.0641	1.033	1448	34.45	-0.002703	0.001892	1439	686	0.4767	0.06	0.8445	1668	34.88	-0.01577	-0.01476	1658	1226	0.7394	0.05882	1.31	-0.1155	0
chr3	112000000	113000000	0.3867	0.0593	0.0297	0	0.0588	0	1663	32.91	0.04481	-0.02058	1658	1217	0.734	0.05882	1.151	1708	35.58	0.04373	-0.01021	1700	1103	0.6488	0.05882	1.018	2029	36.54	0.0513	-0.004525	2019	1474	0.7301	0.05882	1.145	-0.1339	-0.03653
chr3	113000000	114000000	0.4035	0.0578	0.0303	0	0.0587	0	992	33.07	0.05186	-0.005791	981	648	0.6606	0.05556	0.9766	855	35.97	0.05977	-0.001224	846	502	0.5934	0.05556	0.8773	993	37.21	0.0774	0.01887	989	676	0.6835	0.05882	1.011	-0.1375	-0.074
chr3	114000000	115000000	0.3776	0.022	0.0333	0	0.0594	0	938	32.81	0.04047	0.01621	936	651	0.6955	0.06522	1.279	814	34.06	-0.01926	-0.03088	812	435	0.5357	0.06	0.9851	970	35.34	0.003044	-0.0148	962	710	0.738	0.05792	1.357	-0.09686	-0.04731
chr3	115000000	116000000	0.3762	-0.0405	0.0046	0	0.0617	0	1141	31.19	-0.03275	0.002026	1135	898	0.7912	0.0625	1.238	1171	33.33	-0.05031	0.0003376	1166	917	0.7864	0.05882	1.231	1119	34.44	-0.034	0.01084	1111	849	0.7642	0.0625	1.196	-0.1497	-0.07595
chr3	116000000	117000000	0.3706	-0.0749	0.013	0	0.0625	0	1711	30.49	-0.06538	0.007252	1701	1189	0.699	0.06522	1.492	1624	32.45	-0.08897	0	1616	1077	0.6665	0.05882	1.423	1848	33.37	-0.07951	0.007707	1837	1313	0.7148	0.05882	1.526	-0.1024	-0.03847
chr3	117000000	118000000	0.37	-0.074	0.0214	0	0.0625	0	1593	30.92	-0.04543	0.01905	1588	1152	0.7254	0.0625	1.271	1653	32.27	-0.09672	-0.007292	1646	1167	0.709	0.06098	1.242	1563	33.14	-0.08976	-0.01082	1560	1194	0.7654	0.05882	1.341	-0.07909	-0.0458
chr3	118000000	119000000	0.3748	-0.0094	0.0152	0	0.0625	0	1368	32.13	0.01007	0.008324	1367	1011	0.7396	0.0625	1.033	1340	34.28	-0.009565	0.008642	1338	968	0.7235	0.05882	1.01	1257	34.68	-0.02435	-0.006279	1250	851	0.6808	0.06	0.9506	-0.0902	0
chr3	119000000	120000000	0.4045	0.0629	0.0143	0	0.0556	0	1550	32.99	0.04848	-0.01222	1545	1217	0.7877	0.05556	1.124	1408	35.8	0.05302	-0.007011	1406	1074	0.7639	0.05882	1.09	1345	37.06	0.07143	0.008348	1340	924	0.6896	0.05556	0.9838	-0.152	-0.0458
chr3	120000000	121000000	0.3999	0.0341	0.0213	0	0.06	0	1361	32.87	0.04308	0.008733	1352	890	0.6583	0.06	1.009	1303	35.49	0.04019	0.007201	1291	1094	0.8474	0.06098	1.3	1262	35.97	0.02846	-0.00646	1251	915	0.7314	0.06	1.122	-0.1271	-0.03653
chr3	121000000	122000000	0.3813	0.0411	0.03	0	0.0588	0	1251	32.31	0.0183	-0.02823	1243	1090	0.8769	0.0625	1.557	952	35.22	0.02927	-0.003381	949	683	0.7197	0.0625	1.278	1442	36.11	0.03394	-0.002968	1440	1208	0.8389	0.05556	1.489	-0.1628	-0.03747
chr3	122000000	123000000	0.4117	0.0789	0.0292	0	0.0588	0	1355	33.14	0.05467	-0.02027	1343	827	0.6158	0.05556	0.8886	1545	36.52	0.08168	-0.002575	1541	1093	0.7093	0.06098	1.023	1448	37.18	0.0761	-0.009204	1437	1085	0.755	0.05556	1.09	-0.1561	-0.04182
chr3	123000000	124000000	0.4483	0.0748	0.0128	0	0.0588	0	1038	33.51	0.07075	0.006248	1036	512	0.4942	0.05814	0.8483	1400	36.82	0.09327	-9.976e-05	1396	1012	0.7249	0.05556	1.244	1282	36.94	0.06708	-0.01403	1277	729	0.5709	0.05814	0.9799	-0.1658	0
chr3	124000000	125000000	0.4343	0.0522	0.013	0	0.0591	0	1497	33.37	0.06472	0.018	1471	1084	0.7369	0.05882	1.172	1773	36.18	0.06792	0.00508	1730	1183	0.6838	0.05882	1.088	748	36.84	0.06309	0.01069	737	314	0.4261	0.05848	0.6778	-0.1635	-0.04182
chr3	125000000	126000000	0.4303	0.0908	0.0296	0	0.0588	0	2327	33.33	0.06304	-0.02532	2321	1678	0.723	0.05941	1.208	2060	37.05	0.1023	0.002892	2057	1454	0.7069	0.05556	1.181	1985	37.86	0.1025	0.004601	1975	1153	0.5838	0.05556	0.9756	-0.1644	0
chr3	126000000	127000000	0.4736	0.0852	0.0209	0	0.0588	0	1476	33.94	0.08934	0.02156	1471	672	0.4568	0.05556	0.7483	1724	37.8	0.1313	0.0157	1710	1036	0.6058	0.05319	0.9924	1633	37.3	0.08082	-0.01549	1626	1032	0.6347	0.05319	1.04	-0.1422	0.03395
chr3	127000000	128000000	0.4806	0.1106	0.0153	0	0.0568	0	1149	34.34	0.1063	0.01468	1145	833	0.7275	0.05882	1.154	1362	37.94	0.1364	-0.004454	1359	706	0.5195	0.05556	0.8241	1081	38.28	0.1183	-0.001993	1076	809	0.7519	0.05556	1.193	-0.1468	-0.03395
chr3	128000000	129000000	0.4787	0.0994	0.0147	0	0.0588	0	1661	33.95	0.08965	0.008901	1652	1331	0.8057	0.0625	1.225	1746	38.09	0.1422	0.01292	1736	1328	0.765	0.05556	1.163	1223	38.04	0.1091	0	1214	889	0.7323	0.05814	1.113	-0.1825	0
chr3	129000000	130000000	0.4701	0.0894	0.0264	0	0.0585	0	1308	33.7	0.07888	0.004945	1295	935	0.722	0.05882	2.001	1306	37.53	0.1211	0.00133	1297	843	0.65	0.05814	1.801	1176	38.34	0.1207	0.01905	1163	795	0.6836	0.05556	1.895	-0.1751	0
chr3	130000000	131000000	0.4025	0.0235	0.0332	0	0.0625	0	1838	31.55	-0.01612	-0.04109	1755	1091	0.6217	0.0625	1.044	1889	34.58	0.002975	-0.02457	1742	1012	0.5809	0.05882	0.9754	1956	38.02	0.1087	0.08227	1896	1269	0.6693	0.06098	1.124	-0.1926	-0.08746
chr3	131000000	132000000	0.3898	-0.0214	0.0125	0	0.0594	0	1510	32.01	0.004768	0.02518	1501	993	0.6616	0.06	1.022	1680	34.27	-0.01028	0.01919	1658	960	0.579	0.05882	0.8948	1208	35.14	-0.005188	0.01701	1203	678	0.5636	0.05662	0.8709	-0.09622	-0.04182
chr3	132000000	133000000	0.3875	-0.0078	0.0074	0	0.06	0	1679	31.72	-0.008381	-0.006677	1650	1176	0.7127	0.0625	1.036	1791	35.04	0.02206	0.03522	1763	1148	0.6512	0.05556	0.9469	1895	35.3	0.001506	0.01065	1870	1397	0.7471	0.05814	1.086	-0.1633	0
chr3	133000000	134000000	0.4265	0.0621	0.0283	0	0.0588	0	1429	33.13	0.0542	-0.003997	1425	960	0.6737	0.05814	1.052	1553	36.2	0.069	2.445e-05	1540	1018	0.661	0.05556	1.032	1432	36.97	0.06808	0	1425	1024	0.7186	0.05814	1.122	-0.152	-0.04244
chr3	134000000	135000000	0.438	0.0457	0.0167	0	0.0585	0	1559	32.83	0.04137	0.0006152	1556	1247	0.8014	0.05882	1.326	1563	35.63	0.04615	-0.01341	1560	1051	0.6737	0.05882	1.115	1578	36.06	0.03231	-0.01888	1575	1292	0.8203	0.05882	1.358	-0.122	0
chr3	135000000	136000000	0.4159	-0.0125	0.0163	0	0.0633	0	1076	31.81	-0.004149	0.008982	1073	506	0.4716	0.05882	0.8599	1027	34.57	0.002339	0.01046	1023	577	0.564	0.05814	1.028	1190	34.73	-0.02215	-0.01199	1184	723	0.6106	0.06667	1.113	-0.1417	0
chr3	136000000	137000000	0.4032	0.0074	0.0167	0	0.0625	0	611	32.02	0.005057	-0.002199	605	486	0.8033	0.05556	0.9736	894	34.55	0.001558	-0.00944	886	786	0.8871	0.05882	1.075	498	36.69	0.05725	0.04624	494	421	0.8522	0.05556	1.033	-0.1678	-0.09165
chr3	137000000	138000000	0.3979	-0.0166	0.0135	0	0.0611	0	1461	31.55	-0.01634	0.00524	1448	1012	0.6989	0.06098	1.275	1317	33.89	-0.02617	-0.003016	1307	779	0.596	0.05556	1.087	1488	34.2	-0.04431	-0.02869	1477	640	0.4333	0.05882	0.7904	-0.111	0
chr3	138000000	139000000	0.4295	0.0024	0.0104	0	0.0597	0	987	31.89	-0.0004776	0	978	629	0.6431	0.06522	1.192	1004	34.36	-0.006575	-0.01412	998	643	0.6443	0.06522	1.194	1019	35.69	0.01706	0.00557	1018	547	0.5373	0.06	0.9958	-0.1339	-0.04182
chr3	139000000	140000000	0.4212	-0.0083	0.0152	0	0.0588	0	1298	31.94	0.001775	0.01458	1291	795	0.6158	0.05556	1.051	1258	34.31	-0.008415	-0.006731	1250	751	0.6008	0.06364	1.026	1418	35.23	-0.00146	0	1411	861	0.6102	0.05263	1.042	-0.1333	0
chr3	140000000	141000000	0.4151	0.002	0.0155	0	0.0597	0	1238	32.11	0.009341	0.01046	1232	754	0.612	0.05882	1.022	1285	34.94	0.01781	0.01027	1277	917	0.7181	0.06098	1.199	1123	35.42	0.006208	0.0006382	1115	531	0.4762	0.06098	0.7954	-0.1375	0
chr3	141000000	142000000	0.4264	0.0641	0.0239	0	0.06	0	957	33.08	0.05236	-0.007072	944	754	0.7987	0.06	1.336	921	36.54	0.08215	0.0112	912	690	0.7566	0.05848	1.266	1071	37.27	0.07959	0.009512	1058	782	0.7391	0.06098	1.237	-0.1864	-0.04064
chr3	142000000	143000000	0.3891	0.0393	0.0165	0	0.06	0	542	32.84	0.04159	0.0004646	541	462	0.854	0.05685	1.027	957	35.32	0.03328	0.003383	956	888	0.9289	0.05556	1.117	1002	35.92	0.02633	-0.01217	1002	635	0.6337	0.05814	0.7621	-0.122	0
chr3	143000000	144000000	0.3957	0.0238	0.0184	0	0.0594	0	1478	32.08	0.008123	-0.01045	1462	998	0.6826	0.06049	1.07	1282	34.94	0.01765	-0.005337	1272	784	0.6164	0.05848	0.9664	1371	35.56	0.0119	-0.009149	1367	840	0.6145	0.05882	0.9634	-0.1437	-0.03747
chr3	144000000	145000000	0.3588	-0.0412	0.014	0	0.0594	0	1118	31.28	-0.02832	0.0006917	1112	517	0.4649	0.05556	0.6427	1095	33.42	-0.04662	0.01678	1090	773	0.7092	0.06098	0.9803	1199	33.69	-0.06615	-0.01062	1192	882	0.7399	0.05882	1.023	-0.122	0
chr3	145000000	146000000	0.3493	-0.0913	0.0218	0	0.0614	0	2162	30.14	-0.08203	0.0001335	2147	1051	0.4895	0.0641	0.7218	1791	32.13	-0.1034	0.0162	1781	1381	0.7754	0.06	1.143	2153	32.7	-0.1088	0.01065	2141	1400	0.6539	0.06098	0.9642	-0.09311	0
chr3	146000000	147000000	0.3605	-0.0583	0.0226	0	0.0625	0	1181	30.49	-0.06524	-0.02095	1178	765	0.6494	0.05556	1.003	1229	32.6	-0.08205	-0.001551	1226	901	0.7349	0.06	1.135	1502	33.18	-0.08802	-0.01394	1497	1011	0.6754	0.05882	1.043	-0.1031	-0.04731
chr3	147000000	148000000	0.3624	-0.0904	0.0205	0	0.0617	0	987	30.93	-0.04478	0.04102	987	639	0.6474	0.05556	0.8533	899	32.19	-0.1007	0.01361	896	663	0.74	0.06522	0.9753	866	32.72	-0.108	-0.00675	863	653	0.7567	0.06522	0.9973	-0.06321	-0.03847
chr3	148000000	149000000	0.3641	-0.0575	0.0193	0	0.0625	0	1237	30.98	-0.04249	0.001979	1202	618	0.5141	0.06594	0.7943	1409	33.09	-0.06085	0.01046	1373	789	0.5747	0.05882	0.8878	1204	34.18	-0.04531	0.02439	1196	782	0.6538	0.06	1.01	-0.1061	-0.0458
chr3	149000000	150000000	0.393	0.0088	0.0184	0	0.0591	0	1294	32.15	0.01103	0.003796	1284	885	0.6893	0.05556	1.05	1215	34.4	-0.004704	-0.00577	1207	843	0.6984	0.06	1.064	1219	35.92	0.02634	0.017	1204	679	0.564	0.05556	0.859	-0.1375	-0.06711
chr3	150000000	151000000	0.4004	0.0262	0.0085	0	0.0588	0	1115	32.57	0.0299	0.004925	1111	555	0.4995	0.06098	0.7847	1082	35.45	0.03862	0.01492	1075	736	0.6847	0.05263	1.075	1036	35.94	0.02741	-0.0007024	1026	471	0.4591	0.05263	0.7211	-0.122	-0.03847
chr3	151000000	152000000	0.3816	0.0176	0.0126	0	0.0591	0	1447	32.15	0.0111	-0.01113	1444	880	0.6094	0.06667	0.8794	1418	34.52	0.0004915	-0.008935	1414	677	0.4788	0.05814	0.6909	1176	35.6	0.01369	0.003219	1169	779	0.6664	0.05814	0.9616	-0.1108	-0.04989
chr3	152000000	153000000	0.3664	0.0237	0.0139	0	0.0594	0	1174	32.68	0.03465	-0.0008937	1156	690	0.5969	0.06049	0.7824	1165	34.77	0.01069	0.001623	1160	744	0.6414	0.05556	0.8407	1330	35.55	0.01169	0.001981	1316	1012	0.769	0.05556	1.008	-0.1096	-0.04307
chr3	153000000	154000000	0.3805	-0.0379	0.0177	0	0.0605	0	1462	31.41	-0.02247	0.004705	1452	780	0.5372	0.05882	0.747	1661	33.33	-0.05027	-0.006122	1655	1215	0.7341	0.05882	1.021	1492	34.56	-0.02897	0.01217	1483	1143	0.7707	0.06	1.072	-0.122	-0.04891
chr3	154000000	155000000	0.3704	-0.0567	0.0129	0	0.06	0	917	30.71	-0.05506	-0.003247	911	559	0.6136	0.0641	1.011	866	33.01	-0.06416	0.006607	862	522	0.6056	0.06098	0.9975	1116	33.68	-0.06641	-0.001678	1111	948	0.8533	0.05941	1.406	-0.1096	-0.03953
chr3	155000000	156000000	0.3934	-0.0314	0.0102	0	0.06	0	749	31.01	-0.04107	-0.01055	735	150	0.2041	0.07143	0.2892	838	33.59	-0.03913	-0.003542	830	326	0.3928	0.06667	0.5566	1202	34.85	-0.0172	0.01338	1192	874	0.7332	0.05556	1.039	-0.1336	-0.04439
chr3	156000000	157000000	0.394	0.041	0.0177	0	0.0588	0	1062	32.92	0.04501	0	1061	638	0.6013	0.05556	0.8873	1305	35.46	0.03926	0.001993	1301	905	0.6956	0.05102	1.026	1268	37.13	0.07432	0.03142	1267	872	0.6882	0.05556	1.016	-0.1543	-0.0458
chr3	157000000	158000000	0.3919	0.0145	0.0168	0	0.0597	0	943	32.49	0.02618	0.01021	943	434	0.4602	0.06757	0.654	1605	34.68	0.006889	0.002458	1602	1127	0.7035	0.05814	0.9997	1234	35.85	0.02372	0.008231	1231	975	0.792	0.05556	1.126	-0.1329	-0.04307
chr3	158000000	159000000	0.3782	-0.0241	0.0132	0	0.0606	0	847	31.04	-0.03975	-0.01793	842	45	0.05344	0.05556	0.07378	1469	33.51	-0.04271	-0.006353	1462	1237	0.8461	0.05882	1.168	1549	34.83	-0.01797	0.01254	1535	1344	0.8756	0.05556	1.209	-0.1375	-0.04731
chr3	159000000	160000000	0.3919	-0.0048	0.0239	0	0.06	0	757	32.13	0.01006	0.01339	755	189	0.2503	0.05814	0.3541	1062	33.53	-0.04189	-0.02703	1053	770	0.7312	0.05882	1.034	1002	35.17	-0.003808	0	996	815	0.8183	0.06	1.158	-0.1054	-0.06871
chr3	160000000	161000000	0.3937	0.0196	0.0211	0	0.0611	0	882	32.36	0.02064	-0.0006157	879	664	0.7554	0.06667	1.161	976	34.66	0.006011	-0.006964	973	615	0.6321	0.05882	0.9711	742	35.35	0.003344	-0.01815	739	529	0.7158	0.0625	1.1	-0.1333	0
chr3	161000000	162000000	0.3758	-0.0615	0.0226	0	0.0607	0	1491	30.94	-0.04419	0.01193	1488	1416	0.9516	0.0641	1.191	893	32.88	-0.06989	0.001488	889	267	0.3003	0.05319	0.376	907	33.06	-0.09308	-0.02814	898	807	0.8987	0.05882	1.125	-0.0902	-0.078
chr3	162000000	163000000	0.3495	-0.105	0.0345	0	0.0629	0	2047	29.95	-0.09126	0.004481	2038	1115	0.5471	0.06522	0.9576	2253	31.71	-0.1223	0.01263	2246	1827	0.8134	0.06	1.424	2022	31.59	-0.1588	-0.0252	2017	744	0.3689	0.0633	0.6457	-0.08746	-0.04064
chr3	163000000	164000000	0.3442	-0.1221	0.0295	0	0.061	0	1934	29.42	-0.1168	-0.007897	1918	1216	0.634	0.06667	1.074	1907	31.14	-0.1485	0.004949	1895	1573	0.8301	0.0625	1.407	1227	32.03	-0.1387	0.006843	1215	109	0.08971	0.07576	0.152	-0.09622	-0.04731
chr3	164000000	165000000	0.3487	-0.1033	0.0431	0	0.0613	0	943	29.59	-0.1089	-0.01403	939	376	0.4004	0.06522	0.5444	1065	31.47	-0.1333	-0.00243	1053	749	0.7113	0.0641	0.967	1539	31.96	-0.142	-0.01275	1535	1183	0.7707	0.05882	1.048	-0.0902	0
chr3	165000000	166000000	0.3467	-0.1143	0.0349	0	0.0605	0	1122	30.32	-0.07367	0.03119	1116	730	0.6541	0.06	1.027	1083	31.59	-0.1276	0.01424	1075	771	0.7172	0.06098	1.126	1154	32.38	-0.123	0.01563	1149	588	0.5117	0.06098	0.8034	-0.09622	-0.04182
chr3	166000000	167000000	0.3474	-0.0892	0.0244	0	0.06	0	1043	30.66	-0.05723	0.02283	1040	896	0.8615	0.0625	1.075	681	31.44	-0.1348	-0.01801	678	575	0.8481	0.06	1.058	1418	32.54	-0.1161	-0.001718	1416	1035	0.7309	0.05814	0.9117	-0.09954	0
chr3	167000000	168000000	0.3642	-0.0698	0.0281	0	0.0639	0	586	30.71	-0.05517	0.001411	580	336	0.5793	0.0625	0.7617	500	32.7	-0.0777	0.004196	497	82	0.165	0.07538	0.2169	668	33.27	-0.0841	-0.002188	662	625	0.9441	0.0641	1.241	-0.09372	0.0385
chr3	168000000	169000000	0.3648	-0.0328	0.0439	0	0.0647	0	602	31.56	-0.01549	0.003185	588	345	0.5867	0.0625	0.8916	666	33.19	-0.05639	-0.009768	648	354	0.5463	0.05556	0.8301	791	33.7	-0.06556	-0.0213	777	594	0.7645	0.06522	1.162	-0.05856	0
chr3	169000000	170000000	0.3827	0.0103	0.026	0	0.0588	0	1116	31.71	-0.008726	-0.02203	1108	713	0.6435	0.06098	1.114	1058	34.44	-0.00304	0	1043	444	0.4257	0.05556	0.7371	848	35.28	0.0006808	-0.005527	845	626	0.7408	0.05263	1.283	-0.1476	-0.04307
chr3	170000000	171000000	0.4083	0.0322	0.0226	0	0.0588	0	868	32.87	0.04301	0.01079	858	573	0.6678	0.06	1.064	868	35.33	0.03358	0.003989	864	414	0.4792	0.05556	0.7632	718	36.56	0.05219	0.01626	709	446	0.6291	0.05556	1.002	-0.1497	-0.04244
chr3	171000000	172000000	0.3954	0.0543	0.0217	0	0.0588	0	1164	32.85	0.04208	-0.008023	1160	811	0.6991	0.05882	0.9354	862	35.27	0.03148	-0.02026	860	705	0.8198	0.05882	1.097	1341	36.8	0.06154	0.01036	1337	1088	0.8138	0.05882	1.089	-0.1024	-0.03562
chr3	172000000	173000000	0.3948	0.0524	0.0184	0	0.0602	0	1072	32.02	0.00516	-0.04791	1068	581	0.544	0.05882	0.8808	899	35.08	0.02334	-0.02611	899	329	0.366	0.06	0.5926	1347	36.69	0.05696	0.008701	1346	1034	0.7682	0.06098	1.244	-0.1511	-0.04307
chr3	173000000	174000000	0.359	-0.0275	0.0487	0	0.0585	0	1154	31.97	0.002825	0.01727	1143	790	0.6912	0.07143	1.075	1050	33.17	-0.05747	-0.007773	1045	602	0.5761	0.05882	0.8962	1025	34.68	-0.02404	0.01729	1021	762	0.7463	0.07143	1.161	-0.05658	-0.08489
chr3	174000000	175000000	0.3571	-0.0913	0.028	0	0.0652	0	1376	30.09	-0.08449	-0.004368	1368	752	0.5497	0.0641	0.8255	1295	31.39	-0.137	-0.02435	1287	863	0.6706	0.06522	1.007	1649	32.58	-0.1142	-0.0003855	1642	1113	0.6778	0.05882	1.018	-0.1155	-0.05247
chr3	175000000	176000000	0.3534	-0.0833	0.0369	0	0.0625	0	1314	30.33	-0.07281	-0.006534	1309	841	0.6425	0.0625	0.9648	1535	31.72	-0.1219	-0.01958	1530	974	0.6366	0.06049	0.956	1573	32.64	-0.1117	-0.005965	1570	1285	0.8185	0.0625	1.229	-0.07157	-0.0458
chr3	176000000	177000000	0.3682	-0.0499	0.0209	0	0.0619	0	1425	31.48	-0.01918	0.02348	1412	815	0.5772	0.05882	1.048	1263	33.6	-0.03853	0.02674	1260	567	0.45	0.05882	0.8173	1547	33.5	-0.07399	-0.01188	1532	871	0.5685	0.05882	1.033	-0.1119	0
chr3	177000000	178000000	0.401	0.0095	0.022	0	0.0588	0	1267	32.62	0.0319	0.02253	1265	890	0.7036	0.06049	1.062	1183	34.91	0.01645	0.006056	1180	708	0.6	0.05556	0.9054	1229	35.81	0.02223	0.01179	1226	978	0.7977	0.05882	1.204	-0.1282	-0.03953
chr3	178000000	179000000	0.3727	-0.0112	0.0113	0	0.06	0	993	31.77	-0.005911	0	984	598	0.6077	0.06	0.885	978	34.16	-0.0149	0.005413	977	742	0.7595	0.05848	1.106	1254	35.03	-0.009818	0.00523	1240	821	0.6621	0.0625	0.9642	-0.1274	0
chr3	179000000	180000000	0.3983	0.0207	0.0109	0	0.0612	0	982	32.1	0.008745	-0.009759	974	438	0.4497	0.0625	0.6849	1115	35.03	0.02164	0.006552	1105	736	0.6661	0.05556	1.014	1003	36.01	0.03013	0.008711	999	578	0.5786	0.05882	0.8812	-0.1339	-0.03477
chr3	180000000	181000000	0.375	-0.0404	0.0088	0	0.06	0	781	31.07	-0.03821	-0.004831	775	589	0.76	0.05882	0.9888	886	32.9	-0.06895	-0.01861	882	582	0.6599	0.05882	0.8585	579	34.36	-0.03773	0.0121	575	480	0.8348	0.05882	1.086	-0.1203	-0.105
chr3	181000000	182000000	0.3834	-0.0559	0.0106	0	0.0617	0	785	30.91	-0.04584	0.005757	781	562	0.7196	0.06	1.097	760	33.13	-0.05912	0.002201	757	628	0.8296	0.05556	1.264	838	33.93	-0.0556	0.006025	830	485	0.5843	0.05882	0.8906	-0.1077	-0.04373
chr3	182000000	183000000	0.3821	0.0113	0.0182	0	0.0594	0	883	32.22	0.01414	7.776e-05	875	565	0.6457	0.06522	0.9156	968	34.33	-0.007742	-0.005702	966	712	0.7371	0.0625	1.045	929	35.46	0.007916	0.0007081	928	804	0.8664	0.05556	1.229	-0.1543	-0.04307
chr3	183000000	184000000	0.4346	0.0405	0.0107	0	0.0607	0	1523	32.45	0.02453	-0.01028	1500	1050	0.7	0.06466	1.117	1755	35.66	0.04702	-0.003892	1722	1118	0.6492	0.05814	1.036	1203	36.93	0.06656	0.02621	1174	701	0.5971	0.0641	0.9531	-0.1799	-0.04731
chr3	184000000	185000000	0.4673	0.0414	0.026	0	0.0588	0	1343	32.68	0.03467	0.01219	1317	918	0.697	0.05882	0.9952	1390	36.4	0.07682	0.01106	1370	1106	0.8073	0.05848	1.153	1257	37	0.06926	0.0147	1223	633	0.5176	0.06	0.739	-0.1745	0
chr3	185000000	186000000	0.4203	0.0292	0.0092	0	0.0617	0	1387	32.32	0.01875	-0.008299	1349	825	0.6116	0.06098	0.9746	1378	35.38	0.03582	0.0001395	1364	1104	0.8094	0.05882	1.29	1370	36.22	0.03838	0.007427	1347	653	0.4848	0.06	0.7726	-0.152	-0.03653
chr3	186000000	187000000	0.4364	0.0552	0.02	0	0.0594	0	1355	32.77	0.03841	-0.008972	1348	745	0.5527	0.0641	0.9747	1583	36.25	0.07077	0.004735	1567	1095	0.6988	0.05882	1.232	1571	37.37	0.0835	0.02443	1549	1010	0.652	0.05882	1.15	-0.1644	-0.04182
chr3	187000000	188000000	0.4169	-0.0015	0.0145	0	0.0588	0	1521	32.44	0.02399	0.0223	1491	902	0.605	0.05882	0.899	1482	35.04	0.02184	0.01584	1444	842	0.5831	0.05556	0.8666	1660	35.01	-0.01062	-0.013	1617	1101	0.6809	0.05814	1.012	-0.1009	0
chr3	188000000	189000000	0.398	-0.0448	0.022	0	0.0613	0	1390	31.66	-0.01111	0.03666	1380	696	0.5043	0.06522	0.8974	1454	34.57	0.002186	0.05328	1443	879	0.6091	0.05882	1.084	1644	34.45	-0.03375	0.009696	1639	1091	0.6656	0.0641	1.184	-0.1341	0.03653
chr3	189000000	190000000	0.3801	0.0139	0.0196	0	0.0556	0	1605	32.87	0.0428	0.01966	1601	898	0.5609	0.05882	0.9271	1715	35.25	0.0304	0.02652	1711	1099	0.6423	0.05556	1.062	1639	35.15	-0.004606	-0.01422	1632	1078	0.6605	0.05662	1.092	-0.1091	0
chr3	190000000	191000000	0.3738	-0.0042	0.0178	0	0.06	0	1303	32.54	0.02864	0.02025	1295	1009	0.7792	0.0625	1.219	1094	34.38	-0.00576	0.008277	1087	760	0.6992	0.06	1.094	1740	35.38	0.004601	0.01893	1734	1055	0.6084	0.05814	0.9518	-0.1155	-0.04891
chr3	191000000	192000000	0.3685	0.0214	0.0261	0	0.0613	0	1579	32.52	0.02737	-0.004336	1576	1311	0.8319	0.05882	1.383	1938	33.94	-0.02426	-0.03328	1936	1174	0.6064	0.0641	1.008	1735	35.42	0.006211	-0.00298	1734	1626	0.9377	0.05556	1.559	-0.1119	-0.07698
chr3	192000000	193000000	0.3827	-0.0248	0.0084	0	0.0594	0	1570	31.46	-0.02005	0.001746	1562	1223	0.783	0.06	1.154	1411	33.89	-0.02617	0.01197	1404	721	0.5135	0.05814	0.7572	1599	35.22	-0.001889	0.027	1588	1176	0.7406	0.05941	1.092	-0.1561	-0.04731
chr3	193000000	194000000	0.4039	0.0075	0.0165	0	0.0599	0	1519	32.04	0.006146	0.0004506	1512	1017	0.6726	0.0625	1.162	1561	34.32	-0.007944	-0.01705	1554	838	0.5393	0.05882	0.9318	1468	35.62	0.01461	0.006928	1465	1097	0.7488	0.06	1.294	-0.1119	-0.03847
chr3	194000000	195000000	0.4631	0.0551	0.0185	0	0.0585	0	1965	32.92	0.04511	0.001969	1947	1476	0.7581	0.0641	1.084	1909	36.7	0.08872	0.008673	1886	1335	0.7078	0.05882	1.012	1931	36.76	0.05981	-0.006032	1913	1341	0.701	0.05556	1.002	-0.1699	0
chr3	195000000	196000000	0.4716	0.2903	0.1559	1	0.0903	0	2796	44.84	0.491	NA	2318	2096	0.9042	0.08713	1.215	3116	47.53	0.4618	NA	2470	2016	0.8162	0.08824	1.096	2431	46.61	0.4025	NA	2097	1919	0.9151	0.08621	1.229	-0.07943	0.1979
chr3	196000000	197000000	0.4521	0.0772	0.0272	0	0.0581	0	1695	32.92	0.04518	-0.02398	1663	1042	0.6266	0.0625	1.002	1591	37.03	0.1017	0.005015	1540	659	0.4279	0.05556	0.6841	1781	37.71	0.0965	0.01384	1748	1011	0.5784	0.05769	0.9247	-0.1903	0
chr3	197000000	198000000	0.4339	0.0663	0.0481	0	0.0652	0	1245	32.66	0.03377	-0.02299	1166	774	0.6638	0.06466	0.9853	997	37.23	0.1093	0.02871	923	383	0.415	0.0625	0.6159	1366	37.4	0.08482	0.01796	1282	738	0.5757	0.0641	0.8545	-0.1998	0
chr3	198000000	198295559	0.4317	-0.2895	0.1521	1	0.0771	0	376	30.7	-0.05555	NA	302	275	0.9106	0.07143	1.087	210	31.08	-0.1512	NA	152	115	0.7566	0.07143	0.9027	492	29.36	-0.2642	NA	370	311	0.8405	0.05556	1.003	-0.172	0.08368
chr4	0	1000000	0.4792	0.0947	0.0364	0	0.0658	0	1486	34.38	0.1079	0.03165	1388	1055	0.7601	0.06667	1.013	1508	37.44	0.1176	-0.007294	1354	946	0.6987	0.0625	0.9313	1411	39.18	0.1518	0.04956	1298	1055	0.8128	0.06	1.083	-0.197	-0.03242
chr4	1000000	2000000	0.5464	0.1542	0.0404	0	0.0607	0	2158	34.88	0.1288	0.005223	2047	1470	0.7181	0.06	1.182	2276	40.2	0.22	0.0007625	2139	1382	0.6461	0.05319	1.063	1713	39.41	0.1601	-0.003924	1604	989	0.6166	0.06098	1.015	-0.2076	0
chr4	2000000	3000000	0.4912	0.1368	0.0565	0	0.0568	0	1659	34.37	0.1072	0.0001647	1645	1178	0.7161	0.0625	1.236	1621	39.29	0.1872	0.01545	1609	1216	0.7557	0.05456	1.305	1436	39.13	0.1498	0	1427	955	0.6692	0.05263	1.155	-0.1956	0
chr4	3000000	4000000	0.5167	0.1508	0.0402	0	0.0591	0	2680	34.8	0.1252	0.00662	2630	1957	0.7441	0.05556	1.101	2528	39.94	0.2106	0.008859	2491	1859	0.7463	0.05814	1.104	1609	38.9	0.1416	-0.02161	1581	328	0.2075	0.0633	0.3069	-0.1819	0
chr4	4000000	5000000	0.4575	0.0334	0.0243	0	0.0614	0	3013	30.72	-0.05474	-0.07435	2751	1686	0.6129	0.06098	0.9085	2307	35.09	0.02391	-0.02984	2184	1508	0.6905	0.0625	1.024	3030	35.47	0.008457	-0.03263	2896	2073	0.7158	0.06	1.061	-0.2168	0
chr4	5000000	6000000	0.449	0.0119	0.0252	0	0.061	0	2503	32.29	0.01713	0.01385	2493	1811	0.7264	0.0625	1.009	1728	36	0.06105	0.03134	1725	918	0.5322	0.05556	0.7395	2219	35	-0.01076	-0.02871	2208	1791	0.8111	0.05556	1.127	-0.1375	0
chr4	6000000	7000000	0.4986	0.0799	0.0208	0	0.0602	0	2086	33.61	0.07511	0.01969	2055	1281	0.6234	0.0641	1.084	1815	37.42	0.1168	0.00517	1793	826	0.4607	0.05556	0.8009	2026	37.65	0.09453	0.002618	1988	1172	0.5895	0.05556	1.025	-0.1699	0
chr4	7000000	8000000	0.5163	0.0893	0.0321	0	0.0588	0	2626	33.89	0.08709	0.02783	2584	1893	0.7326	0.06098	1.117	2417	38.38	0.1534	0.01314	2388	1292	0.541	0.0625	0.8246	2580	38.13	0.1127	0.0109	2542	1761	0.6928	0.05263	1.056	-0.1748	0
chr4	8000000	9000000	0.5284	0.1116	0.0327	0	0.0581	0	2199	34.56	0.1153	0.02941	2127	1285	0.6041	0.05882	1.049	2008	38.33	0.1512	-0.01247	1968	1137	0.5777	0.05556	1.004	2238	38.18	0.1146	-0.006941	2172	1384	0.6372	0.05556	1.107	-0.1605	0
chr4	9000000	10000000	0.4548	-0.0298	0.0325	0	0.0594	0	3059	31.87	-0.00141	0.04286	2879	2032	0.7058	0.0625	1.324	2495	34.07	-0.0188	-0.00613	2347	1189	0.5066	0.05556	0.9501	3439	35.27	0.0001251	0.02368	3305	2134	0.6457	0.06098	1.211	-0.1171	0
chr4	10000000	11000000	0.4268	0.0253	0.0145	0	0.0605	0	1551	33.04	0.05054	0.02933	1549	796	0.5139	0.05882	0.836	2176	35.21	0.02878	-0.001992	2169	1580	0.7284	0.05882	1.185	2136	35.8	0.02171	-0.009607	2130	1538	0.7221	0.05814	1.175	-0.1125	-0.03847
chr4	11000000	12000000	0.3899	-0.0421	0.0239	0	0.0605	0	2157	31.11	-0.03621	0.004828	2148	1665	0.7751	0.06	1.033	1949	33.26	-0.05314	-0.002815	1940	1465	0.7552	0.05556	1.006	1988	33.72	-0.06483	-0.02213	1982	1311	0.6615	0.06098	0.8816	-0.1193	0
chr4	12000000	13000000	0.3729	-0.0952	0.0321	0	0.0617	0	1565	30.85	-0.04829	0.04087	1551	1247	0.804	0.0641	1.188	1481	32.3	-0.09554	0.009864	1461	907	0.6208	0.05882	0.9175	1729	33	-0.09559	0.007302	1707	1361	0.7973	0.0625	1.178	-0.07595	0
chr4	13000000	14000000	0.3982	-0.0367	0.0107	0	0.0621	0	1297	31.26	-0.02964	0.008582	1290	794	0.6155	0.06594	1.116	1223	33.62	-0.03791	0.005084	1215	780	0.642	0.05556	1.164	1795	34.4	-0.03604	-0.0003286	1779	1223	0.6875	0.05556	1.247	-0.1444	-0.04064
chr4	14000000	15000000	0.3888	-0.0447	0.0178	0	0.06	0	2068	30.99	-0.04193	0.000448	2045	1097	0.5364	0.05882	1.001	2044	32.94	-0.06745	-0.01405	2000	1063	0.5315	0.05882	0.992	2285	34	-0.05255	-0.007445	2251	1470	0.653	0.06	1.219	-0.1193	-0.0458
chr4	15000000	16000000	0.4024	0.0089	0.0101	0	0.06	0	1394	32.02	0.005181	-0.005104	1376	790	0.5741	0.05882	0.8537	1502	34.09	-0.01761	-0.03019	1490	912	0.6121	0.06098	0.9102	1607	35.6	0.01349	0.001689	1589	1205	0.7583	0.05263	1.128	-0.1085	-0.05774
chr4	16000000	17000000	0.406	-0.0179	0.0149	0	0.0588	0	1530	31.84	-0.003065	0.01584	1517	1001	0.6599	0.05882	0.9303	1515	33.9	-0.02571	-0.01074	1507	1071	0.7107	0.05556	1.002	1572	34.99	-0.01122	0.005185	1557	1084	0.6962	0.05556	0.9815	-0.1186	-0.05063
chr4	17000000	18000000	0.4077	-0.0144	0.0204	0	0.0607	0	1875	31.47	-0.01964	-0.0092	1868	1182	0.6328	0.05882	1.03	1938	34.23	-0.01204	0.002477	1925	1173	0.6094	0.0625	0.9921	1590	35.38	0.004518	0.01581	1588	1113	0.7009	0.05556	1.141	-0.1543	-0.04064
chr4	18000000	19000000	0.3766	-0.0626	0.0181	0	0.0594	0	1430	31.01	-0.04121	0.01548	1425	641	0.4498	0.0625	0.6973	1642	32.8	-0.07361	-0.001825	1636	1210	0.7396	0.0625	1.147	1888	33.71	-0.06521	0.003799	1878	1381	0.7354	0.06098	1.14	-0.1203	-0.039
chr4	19000000	20000000	0.3639	-0.1108	0.025	0	0.0629	0	1765	29.71	-0.103	-0.005041	1748	1280	0.7323	0.0641	0.961	1573	31.47	-0.1333	-0.004969	1551	1250	0.8059	0.06522	1.058	1253	32.28	-0.1276	-0.004702	1231	926	0.7522	0.06	0.9872	-0.1375	-0.03847
chr4	20000000	21000000	0.3715	-0.1126	0.0279	0	0.0637	0	1333	30.03	-0.08747	0.0178	1320	742	0.5621	0.0625	0.8767	1267	31.84	-0.1162	0.008897	1261	650	0.5155	0.05556	0.8039	1409	32.2	-0.1312	-0.009271	1404	860	0.6125	0.0625	0.9553	-0.09516	0
chr4	21000000	22000000	0.3761	-0.1062	0.0172	0	0.0652	0	1776	29.58	-0.1092	-0.009071	1767	1177	0.6661	0.06522	0.9958	2128	31.9	-0.1135	0.003078	2119	1553	0.7329	0.0625	1.096	1978	32.2	-0.1313	-0.02041	1967	1571	0.7987	0.06522	1.194	-0.1171	-0.0458
chr4	22000000	23000000	0.3854	-0.0853	0.0313	0	0.0613	0	1045	30.44	-0.06762	0.007826	1040	557	0.5356	0.06	0.9244	1394	32.18	-0.1009	-0.01152	1388	963	0.6938	0.05882	1.197	1319	32.67	-0.1105	-0.01888	1314	945	0.7192	0.0625	1.241	-0.09213	0
chr4	23000000	24000000	0.3735	-0.0914	0.0205	0	0.0625	0	1390	29.94	-0.0915	-0.01434	1356	798	0.5885	0.0641	0.9603	1391	32.45	-0.08901	0.01274	1379	763	0.5533	0.06098	0.9029	1415	31.89	-0.1454	-0.04416	1391	810	0.5823	0.0625	0.9503	-0.1054	0
chr4	24000000	25000000	0.4168	-0.0279	0.01	0	0.0625	0	1417	31.52	-0.01746	0.007255	1413	824	0.5832	0.0625	0.9808	1428	34.44	-0.002978	0.01828	1424	1005	0.7058	0.05882	1.187	1383	34.59	-0.02798	-0.003951	1380	866	0.6275	0.0625	1.055	-0.1468	-0.04009
chr4	25000000	26000000	0.4323	0.0386	0.0165	0	0.0594	0	1490	32.89	0.04391	0.01566	1487	1017	0.6839	0.05882	1.017	1644	35.92	0.05782	0.008678	1641	1121	0.6831	0.05814	1.016	1306	37.22	0.07764	0.03697	1299	824	0.6343	0.05556	0.9431	-0.1758	-0.04307
chr4	26000000	27000000	0.4025	0.0132	0.0252	0	0.06	0	1069	32.77	0.03868	0.02401	1037	556	0.5362	0.06174	0.942	1114	35.62	0.04547	0.02822	1104	760	0.6884	0.05556	1.209	1082	35.93	0.02708	0.01098	1063	487	0.4581	0.05556	0.8049	-0.1119	-0.04009
chr4	27000000	28000000	0.3748	-0.051	0.0116	0	0.0594	0	1708	31.38	-0.02413	0.01573	1700	929	0.5465	0.0625	0.9602	1651	33.37	-0.04874	0.01106	1645	992	0.603	0.05556	1.06	1749	33.61	-0.06958	-0.009913	1737	1208	0.6955	0.05882	1.222	-0.09954	0
chr4	28000000	29000000	0.3554	-0.1058	0.0244	0	0.0625	0	1743	29.87	-0.09519	0.0004797	1741	1150	0.6605	0.0641	0.897	1762	32.04	-0.1074	0.02412	1757	892	0.5077	0.05882	0.6894	1518	32.25	-0.1291	-0.0008193	1511	1220	0.8074	0.0625	1.096	-0.1054	0.04064
chr4	29000000	30000000	0.3432	-0.1055	0.023	0	0.0652	0	1174	30.1	-0.08376	0.009773	1167	741	0.635	0.0625	1.083	1240	31.49	-0.1323	0.008061	1232	895	0.7265	0.0625	1.239	1272	31.85	-0.1472	-0.01435	1268	581	0.4582	0.06818	0.7812	-0.07039	0
chr4	30000000	31000000	0.3543	-0.1145	0.0225	0	0.0614	0	1209	29.64	-0.106	-0.005053	1200	695	0.5792	0.05882	0.9196	1360	31.59	-0.1276	0.009569	1348	1025	0.7604	0.06098	1.207	1191	31.78	-0.1503	-0.01322	1186	748	0.6307	0.0641	1.001	-0.1054	0
chr4	31000000	32000000	0.3509	-0.118	0.0416	0	0.0639	0	1367	29.52	-0.1122	-0.009606	1358	572	0.4212	0.0625	0.7305	1482	31.01	-0.1544	-0.00375	1470	1129	0.768	0.0641	1.332	1513	32.03	-0.1387	0.00649	1495	831	0.5559	0.0641	0.964	-0.08132	-0.03655
chr4	32000000	33000000	0.3469	-0.1052	0.0365	0	0.06	0	1965	29.8	-0.09828	-0.001831	1958	609	0.311	0.0625	0.5535	2033	31.27	-0.1425	-0.009712	2027	1140	0.5624	0.05882	1.001	2308	32.14	-0.134	-0.00451	2301	1309	0.5689	0.05882	1.012	-0.08489	-0.04182
chr4	33000000	34000000	0.3487	-0.1053	0.0261	0	0.0639	0	474	29.85	-0.09604	0.0007907	473	216	0.4567	0.06757	1.077	643	30.97	-0.1564	-0.02361	640	587	0.9172	0.06667	2.164	361	31.79	-0.1496	-0.01832	361	107	0.2964	0.0641	0.6992	-0.07529	-0.04439
chr4	34000000	35000000	0.3425	-0.1097	0.0364	0	0.0633	0	576	29.9	-0.09366	0.004582	573	501	0.8743	0.0625	1.075	1134	31.56	-0.1292	0.0166	1128	1022	0.906	0.0625	1.114	394	31.87	-0.1461	-0.00905	393	298	0.7583	0.05263	0.9327	-0.1575	0
chr4	35000000	36000000	0.3498	-0.017	0.0225	0	0.0594	0	1738	31.51	-0.01787	-0.01052	1730	1049	0.6064	0.06	0.7817	1143	33.19	-0.05623	-0.007314	1136	392	0.3451	0.05556	0.4449	1889	33.68	-0.06625	-0.02004	1883	1430	0.7594	0.06	0.979	-0.1024	-0.03747
chr4	36000000	37000000	0.3646	0.0206	0.0283	0	0.0578	0	1945	32.74	0.03724	0.002521	1940	1195	0.616	0.05556	1.326	1968	34.53	0.0009109	-0.005871	1962	928	0.473	0.05882	1.018	1818	35.47	0.008324	0	1812	1162	0.6413	0.05556	1.381	-0.09622	-0.04307
chr4	37000000	38000000	0.4019	0.0286	0.0144	0	0.0594	0	1909	32.85	0.04222	0.01263	1907	1178	0.6177	0.06387	1.008	2124	35.34	0.03414	0.003968	2110	1538	0.7289	0.05556	1.189	2122	35.78	0.02083	-0.009434	2106	1522	0.7227	0.05882	1.179	-0.1024	0
chr4	38000000	39000000	0.4207	0.0661	0.0114	0	0.0588	0	1522	33.51	0.07097	0.007733	1513	1157	0.7647	0.05882	1.077	1338	36.63	0.08601	0.01357	1333	909	0.6819	0.05556	0.9603	1372	37.01	0.06978	0.001153	1368	847	0.6192	0.05556	0.8719	-0.1454	-0.03847
chr4	39000000	40000000	0.409	0.0598	0.0151	0	0.0605	0	1431	33.04	0.05039	-0.006588	1419	1163	0.8196	0.0641	1.303	1298	35.72	0.04977	-0.007308	1288	825	0.6405	0.05556	1.018	1070	36.66	0.05608	-0.008446	1063	408	0.3838	0.05556	0.6102	-0.122	-0.05445
chr4	40000000	41000000	0.4311	0.0622	0.015	0	0.0588	0	1705	33.23	0.05859	0.002004	1693	1144	0.6757	0.05685	1.037	1662	36.3	0.07274	0.002565	1649	1125	0.6822	0.05556	1.047	1572	37.47	0.08748	0.02193	1560	1032	0.6615	0.05556	1.015	-0.1699	-0.04897
chr4	41000000	42000000	0.4076	0.0367	0.01	0	0.0556	0	663	33.28	0.06083	0.02411	662	457	0.6903	0.05556	0.9449	659	35.78	0.05195	0.01541	659	430	0.6525	0.05814	0.8931	962	36.06	0.03216	-0.008271	956	824	0.8619	0.05291	1.18	-0.114	0
chr4	42000000	43000000	0.3921	0.0191	0.0278	0	0.0588	0	1242	32.81	0.04037	0.02029	1237	787	0.6362	0.0625	1.009	1537	34.44	-0.002919	-0.01329	1531	805	0.5258	0.05556	0.8338	1447	36.2	0.03755	0.01746	1444	1168	0.8089	0.05556	1.283	-0.1202	-0.08489
chr4	43000000	44000000	0.3585	-0.0635	0.0096	0	0.0625	0	2000	30.9	-0.04603	0.004934	1984	950	0.4788	0.07143	1.099	1773	32.51	-0.08622	-0.003199	1756	965	0.5495	0.06098	1.262	1875	33.58	-0.07068	0.008211	1860	785	0.422	0.06098	0.9689	-0.09622	-0.05445
chr4	44000000	45000000	0.3609	-0.0857	0.0238	0	0.0625	0	1531	30.31	-0.07406	0.001447	1530	459	0.3	0.06	0.5858	1941	32.02	-0.1081	-0.000809	1938	1370	0.7069	0.0625	1.38	1731	33.03	-0.09471	0.009452	1727	995	0.5761	0.06667	1.125	-0.1171	-0.04731
chr4	45000000	46000000	0.3527	-0.0803	0.0307	0	0.0625	0	1355	30.29	-0.07484	-0.007156	1351	673	0.4981	0.07143	0.9325	1558	31.47	-0.1331	-0.02456	1541	805	0.5224	0.05882	0.9779	1534	32.72	-0.1083	-0.005552	1523	829	0.5443	0.06	1.019	-0.1024	-0.05247
chr4	46000000	47000000	0.3577	-0.0848	0.021	0	0.0587	0	643	30.04	-0.08693	-0.01368	639	257	0.4022	0.06667	0.564	1190	32.02	-0.1084	-0.003591	1188	998	0.8401	0.0625	1.178	846	32.3	-0.1266	-0.02565	841	766	0.9108	0.05882	1.277	-0.1193	0
chr4	47000000	48000000	0.3738	0.0039	0.0146	0	0.0591	0	1110	32.12	0.009793	-0.006697	1107	783	0.7073	0.06	1.023	1557	34.07	-0.01865	-0.01272	1556	1117	0.7179	0.05556	1.039	1459	34.79	-0.01949	-0.01326	1454	1007	0.6926	0.05882	1.002	-0.09622	-0.04731
chr4	48000000	49000000	0.3928	0.0265	0.0153	0	0.0588	0	1387	32.29	0.01741	-0.009058	1367	852	0.6233	0.05685	1.111	1325	35.07	0.02302	0.006421	1303	646	0.4958	0.05882	0.8834	1415	35.8	0.02149	-0.005367	1390	834	0.6	0.05848	1.069	-0.1375	-0.03653
chr4	49000000	50000000	0.4079	0.8046	0.0965	0	0.1325	1	4509	54.84	0.7814	-0.02729	3249	2797	0.8609	NA	1.155	4614	60.78	0.8165	0.01197	3273	2829	0.8643	NA	1.16	3921	54.34	0.6236	-0.1851	2833	2242	0.7914	NA	1.062	-0.07566	0.1155
chr4	50000000	51000000	0.3752	-2.356	0.122	1	0.1056	1	788	5.865	-2.444	NA	66	20	0.303	NA	0.9376	883	6.058	-2.51	NA	91	32	0.3516	NA	1.088	880	6.384	-2.466	NA	123	33	0.2683	NA	0.8301	-0.3219	0
chr4	51000000	52000000	0.3821	-1.663	0.2992	1	0.0833	0	1261	10.06	-1.665	NA	421	264	0.6271	0.07692	1.011	1349	10.91	-1.661	NA	432	289	0.669	0.08065	1.078	1344	11.75	-1.586	NA	505	319	0.6317	0.07895	1.018	-0.2553	-0.09954
chr4	52000000	53000000	0.4088	-0.0365	0.0186	0	0.0633	0	1220	31.48	-0.01915	0.0214	1212	591	0.4876	0.05882	1.007	1171	33.52	-0.04221	-0.004201	1157	671	0.5799	0.05882	1.198	1480	35.29	0.0009695	0.03132	1473	950	0.6449	0.05882	1.332	-0.1285	-0.07806
chr4	53000000	54000000	0.3993	-0.027	0.0199	0	0.0605	0	1273	31.98	0.003436	0.02907	1265	674	0.5328	0.0625	0.9292	1489	33.85	-0.02811	0.002475	1457	986	0.6767	0.05556	1.18	1460	35.87	0.02451	0.05093	1442	877	0.6082	0.05882	1.061	-0.1234	-0.078
chr4	54000000	55000000	0.4113	-0.0267	0.0102	0	0.0617	0	1557	31.24	-0.03033	-0.002856	1554	1129	0.7265	0.06	1.077	1293	34.21	-0.01278	0.007894	1285	627	0.4879	0.0625	0.7236	1353	34.72	-0.02231	0.005562	1347	952	0.7068	0.06	1.048	-0.1644	-0.03747
chr4	55000000	56000000	0.3914	-0.0182	0.0215	0	0.06	0	1870	31.19	-0.03263	-0.0167	1859	1452	0.7811	0.0625	1.453	1629	33.94	-0.02425	0.004022	1614	817	0.5062	0.05882	0.9418	1616	34.97	-0.01202	0.003715	1605	1234	0.7688	0.05882	1.43	-0.1468	-0.03653
chr4	56000000	57000000	0.4181	-0.0149	0.0286	0	0.0605	0	1736	31.6	-0.01375	-0.001248	1727	1056	0.6115	0.06098	0.8298	1736	34.9	0.0159	0.02109	1733	1341	0.7738	0.05556	1.05	1783	35.3	0.001353	0.01277	1780	1306	0.7337	0.05556	0.9957	-0.1561	-0.03242
chr4	57000000	58000000	0.3904	-0.0551	0.0117	0	0.0602	0	2064	31.04	-0.03968	0.01148	2043	1554	0.7606	0.0625	1.225	2019	33.02	-0.06388	-0.0003891	2010	1497	0.7448	0.06	1.199	1891	33.73	-0.06418	-0.008174	1880	1465	0.7793	0.06	1.255	-0.1031	0
chr4	58000000	59000000	0.3517	-0.1139	0.0254	0	0.0652	0	2290	29.87	-0.09496	0.004565	2274	1940	0.8531	0.05882	1.397	1702	31.7	-0.1225	0.021	1672	304	0.1818	0.05941	0.2978	1789	31.56	-0.1601	-0.02316	1772	1482	0.8363	0.05882	1.37	-0.1054	0
chr4	59000000	60000000	0.3478	-0.1092	0.0302	0	0.0636	0	2056	30.09	-0.08431	0.01574	2040	1542	0.7559	0.06098	1.11	1338	31.43	-0.1348	0.001939	1334	441	0.3306	0.06667	0.4854	2184	31.96	-0.1421	-0.007747	2174	1494	0.6872	0.0625	1.009	-0.078	-0.04182
chr4	60000000	61000000	0.3488	-0.1131	0.0297	0	0.0612	0	2557	29.63	-0.1065	-0.001844	2527	1394	0.5516	0.0625	1.013	2239	30.74	-0.1671	-0.02472	2224	947	0.4258	0.06098	0.7816	2637	31.97	-0.1417	-0.003214	2620	1772	0.6763	0.06	1.241	-0.08746	-0.04731
chr4	61000000	62000000	0.3566	-0.1	0.0215	0	0.0647	0	1475	29.62	-0.1072	-0.0173	1463	795	0.5434	0.06098	1.022	1363	31.3	-0.1408	-0.01664	1354	756	0.5583	0.05882	1.05	1712	31.99	-0.1407	-0.01996	1698	1161	0.6837	0.06	1.286	-0.1096	0
chr4	62000000	63000000	0.3514	-0.119	0.034	0	0.0609	0	1369	29.74	-0.1013	0.0025	1361	1031	0.7575	0.0641	1.11	1503	30.54	-0.1763	-0.0281	1498	1012	0.6756	0.06522	0.9901	1214	31.87	-0.1462	-0.002424	1209	966	0.799	0.05814	1.171	-0.09213	-0.05899
chr4	63000000	64000000	0.3434	-0.1179	0.0417	0	0.06	0	2117	29.56	-0.1099	-0.003332	2096	1214	0.5792	0.05941	1.167	2097	31.11	-0.1499	0.00353	2081	944	0.4536	0.05882	0.9142	2207	31.61	-0.1578	-0.01284	2178	1233	0.5661	0.0625	1.141	-0.1031	-0.03607
chr4	64000000	65000000	0.3466	-0.1035	0.0093	0	0.0644	0	2184	29.6	-0.1079	-0.01524	2176	1791	0.8231	0.06667	1.39	1710	31.22	-0.1448	-0.01374	1697	946	0.5575	0.05814	0.9416	2127	31.57	-0.1598	-0.03228	2118	1569	0.7408	0.0625	1.251	-0.07562	-0.04182
chr4	65000000	66000000	0.3449	-0.1117	0.0325	0	0.0641	0	1993	29.78	-0.09939	0.002872	1990	1348	0.6774	0.06757	1.157	1568	31.38	-0.1374	0.005184	1560	512	0.3282	0.0625	0.5607	1794	32.19	-0.1316	0.001952	1785	1010	0.5658	0.05941	0.9667	-0.08618	-0.05346
chr4	66000000	67000000	0.351	-0.0776	0.0239	0	0.0625	0	1703	30.73	-0.05428	0.006272	1700	1361	0.8006	0.0641	1.188	984	31.94	-0.1119	-0.005971	984	346	0.3516	0.05882	0.5217	1862	32.95	-0.09807	0.005894	1861	1451	0.7797	0.05882	1.157	-0.08246	-0.04811
chr4	67000000	68000000	0.3728	-0.0329	0.0127	0	0.0594	0	1620	31.6	-0.01388	0.01373	1610	1176	0.7304	0.06522	1.264	1714	33.5	-0.0431	-0.001019	1707	935	0.5477	0.05882	0.9481	1695	35.17	-0.004037	0.03431	1685	1235	0.7329	0.05556	1.269	-0.122	-0.04244
chr4	68000000	69000000	0.3671	-0.0688	0.0382	0	0.0607	0	2359	30.2	-0.07898	-0.02113	2289	1359	0.5937	0.06	1.203	2423	32.97	-0.06587	0.01486	2373	1351	0.5693	0.05882	1.153	2174	33.11	-0.09092	-0.009605	2113	1173	0.5551	0.06	1.124	-0.1675	0.03317
chr4	69000000	70000000	0.3544	-0.057	0.0478	0	0.0644	0	2556	30.49	-0.06556	-0.02424	2489	1828	0.7344	0.0625	1.042	2759	32.11	-0.1042	-0.02413	2720	2161	0.7945	0.06667	1.127	2757	33.24	-0.08548	-0.005885	2699	1492	0.5528	0.0641	0.7843	-0.09067	-0.04439
chr4	70000000	71000000	0.3771	0.002	0.0108	0	0.06	0	1666	31.91	0.0003924	-0.005309	1650	958	0.5806	0.05882	1.05	1472	33.96	-0.02343	-0.01442	1461	417	0.2854	0.05556	0.5161	1474	35.47	0.008406	0.01073	1467	911	0.621	0.05882	1.123	-0.1293	-0.08368
chr4	71000000	72000000	0.3761	-0.0305	0.0236	0	0.0588	0	1573	31.58	-0.01479	0.009624	1563	879	0.5624	0.06098	1.192	1560	33.67	-0.03559	0.005273	1549	957	0.6178	0.06	1.309	1643	34.26	-0.04185	-0.006617	1641	919	0.56	0.05882	1.187	-0.1186	0
chr4	72000000	73000000	0.3699	-0.0498	0.019	0	0.0617	0	2121	31.11	-0.03645	0.003444	2097	1239	0.5908	0.05882	1.255	2296	32.97	-0.06619	-0.001642	2277	1169	0.5134	0.05882	1.09	2019	33.51	-0.0738	-0.01906	1997	998	0.4997	0.0625	1.061	-0.09686	-0.03953
chr4	73000000	74000000	0.3755	-0.0249	0.0146	0	0.061	0	1086	31.48	-0.01952	-0.0007067	1081	676	0.6253	0.0625	1.303	804	33.68	-0.03543	-0.001723	802	32	0.0399	0.08537	0.08311	1199	34.92	-0.0144	0.01602	1199	777	0.648	0.05882	1.35	-0.1592	-0.04373
chr4	74000000	75000000	0.373	-0.0252	0.0351	0	0.0615	0	1408	31.28	-0.0285	-0.01218	1384	807	0.5831	0.06	0.9917	1163	32.67	-0.07913	-0.04343	1144	343	0.2998	0.05882	0.5099	1526	34.01	-0.05236	-0.01947	1511	1000	0.6618	0.05882	1.126	-0.09954	-0.04244
chr4	75000000	76000000	0.4002	0.0009	0.013	0	0.061	0	2035	31.97	0.002842	0.003165	2025	1404	0.6933	0.06	1.156	1854	33.78	-0.03115	-0.03197	1845	1339	0.7257	0.06	1.21	2015	35.34	0.002933	0.0001207	2010	1062	0.5284	0.05882	0.8807	-0.1155	-0.074
chr4	76000000	77000000	0.4078	0.0111	0.0092	0	0.0568	0	1901	32.39	0.02191	0.006416	1882	1151	0.6116	0.05882	1.031	1551	34.64	0.005221	-0.00572	1530	710	0.4641	0.05556	0.7823	1893	36.74	0.05925	0.04442	1886	1432	0.7593	0.05814	1.28	-0.1375	-0.04731
chr4	77000000	78000000	0.4046	0.014	0.0144	0	0.0572	0	1880	32.75	0.0377	0.0259	1876	1634	0.871	0.05882	1.037	915	35.22	0.02935	0.01854	915	565	0.6175	0.05556	0.7354	1806	35.81	0.02206	0.007874	1805	1594	0.8831	0.05338	1.052	-0.1119	0
chr4	78000000	79000000	0.3904	0.0353	0.0105	0	0.0625	0	1983	32.72	0.03629	-0.002946	1963	1534	0.7815	0.05882	1.435	1481	35.3	0.03273	0.005818	1464	647	0.4419	0.06098	0.8113	1746	35.96	0.02816	-0.006233	1724	949	0.5505	0.06098	1.011	-0.1255	0
chr4	79000000	80000000	0.3601	-0.0219	0.0327	0	0.06	0	1679	31.82	-0.004015	0.002866	1669	971	0.5818	0.0625	1.233	1495	33.59	-0.03911	0.00221	1492	664	0.445	0.05814	0.9435	1701	34.36	-0.03768	0	1688	998	0.5912	0.0625	1.253	-0.08489	-0.04064
chr4	80000000	81000000	0.3641	-0.038	0.0277	0	0.06	0	1261	31.21	-0.0318	-0.006837	1259	906	0.7196	0.05882	1.624	730	33.1	-0.06038	-0.008574	728	122	0.1676	0.06522	0.3783	1450	34.12	-0.04762	0.002576	1445	859	0.5945	0.05556	1.342	-0.08746	-0.03747
chr4	81000000	82000000	0.3863	-0.0287	0.0245	0	0.0597	0	1522	31.41	-0.02231	0	1519	744	0.4898	0.0625	0.7393	1552	33.63	-0.03744	-0.00384	1541	1026	0.6658	0.0625	1.005	1849	34.02	-0.0517	-0.01952	1838	1361	0.7405	0.05882	1.118	-0.1024	0
chr4	82000000	83000000	0.4087	0.0347	0.0147	0	0.0599	0	1431	32.47	0.02527	-0.005515	1428	780	0.5462	0.0625	1.009	1593	35.2	0.02859	-0.005699	1592	935	0.5873	0.05882	1.085	1841	36.08	0.03285	-0.00658	1838	1432	0.7791	0.05882	1.439	-0.1561	-0.04307
chr4	83000000	84000000	0.4014	0.039	0.0139	0	0.0591	0	1303	33.16	0.05584	0.01524	1291	652	0.505	0.0625	0.9816	1513	35.35	0.03439	-0.006183	1498	770	0.514	0.05172	0.9991	1716	36.05	0.03183	-0.005981	1703	1166	0.6847	0.05556	1.331	-0.1375	-0.074
chr4	84000000	85000000	0.3805	-0.0275	0.0427	0	0.0633	0	645	31.91	0.0003537	0.01713	644	363	0.5637	0.05556	0.8803	825	33.59	-0.03919	-0.005446	823	623	0.757	0.05882	1.182	1072	33.7	-0.06544	-0.0347	1070	837	0.7822	0.0625	1.222	-0.0451	-0.04811
chr4	85000000	86000000	0.3708	-0.0097	0.0349	0	0.0594	0	1279	31.74	-0.007512	-8.054e-05	1275	600	0.4706	0.0625	0.8731	983	32.79	-0.07372	-0.05154	973	382	0.3926	0.06	0.7284	1559	34.34	-0.03836	-0.01717	1554	977	0.6287	0.05882	1.166	-0.09192	-0.08883
chr4	86000000	87000000	0.3804	-0.0223	0.0258	0	0.0594	0	1277	31.42	-0.0219	-0.00998	1274	977	0.7669	0.05556	1.169	1284	33.99	-0.02215	0.0082	1279	966	0.7553	0.05882	1.152	521	34.74	-0.02149	0.004053	512	459	0.8965	0.06098	1.367	-0.155	-0.03653
chr4	87000000	88000000	0.3933	0.0027	0.0193	0	0.061	0	1478	31.38	-0.02408	-0.02714	1464	825	0.5635	0.0625	0.8955	1451	34.34	-0.007204	-0.003699	1437	824	0.5734	0.05319	0.9112	2098	35.32	0.002148	-0.001371	2083	1587	0.7619	0.0625	1.211	-0.1333	-0.03747
chr4	88000000	89000000	0.3977	0.0008	0.0235	0	0.0594	0	794	31.73	-0.007899	-0.004125	789	322	0.4081	0.0625	0.6044	828	33.32	-0.05087	-0.04469	826	471	0.5702	0.0625	0.8445	1180	35.13	-0.005507	-0.007291	1171	823	0.7028	0.05882	1.041	-0.1091	-0.04736
chr4	89000000	90000000	0.3729	-0.0324	0.0172	0	0.0602	0	1297	31.21	-0.0319	-0.005538	1296	736	0.5679	0.05685	0.8886	1223	33.01	-0.06419	-0.02159	1219	893	0.7326	0.0625	1.146	1777	34.05	-0.05055	-0.01045	1775	1128	0.6355	0.05882	0.9944	-0.1227	-0.05445
chr4	90000000	91000000	0.3527	-0.0755	0.0278	0	0.0625	0	926	30.47	-0.06622	-0.003337	922	551	0.5976	0.0625	0.8545	1243	32.01	-0.1084	-0.004704	1239	784	0.6328	0.05941	0.9047	1412	32.45	-0.12	-0.0221	1410	1088	0.7716	0.05882	1.103	-0.1031	0
chr4	91000000	92000000	0.3525	-0.1157	0.0429	0	0.0625	0	1463	29.87	-0.09504	0.01035	1455	1021	0.7017	0.0625	0.9858	1515	31.26	-0.1429	-0.0004655	1505	981	0.6518	0.06098	0.9157	1631	32.16	-0.1328	0.00501	1606	906	0.5641	0.0625	0.7925	-0.1031	-0.03847
chr4	92000000	93000000	0.349	-0.1199	0.0313	0	0.0607	0	322	28.99	-0.1382	-0.02651	320	205	0.6406	0.0625	0.8037	373	31.46	-0.1335	0.01653	367	323	0.8801	0.0641	1.104	687	32.09	-0.1362	0.01126	682	619	0.9076	0.06	1.139	-0.1031	-0.04064
chr4	93000000	94000000	0.3559	-0.0856	0.0287	0	0.0594	0	1146	29.94	-0.09166	-0.01538	1133	922	0.8138	0.06	1.182	767	31.77	-0.1194	-0.008194	763	414	0.5426	0.05218	0.788	1492	32.76	-0.1064	0	1482	991	0.6687	0.05556	0.9711	-0.114	-0.04655
chr4	94000000	95000000	0.3759	-0.0392	0.008	0	0.06	0	1794	31.16	-0.03412	-0.0004672	1787	1355	0.7583	0.0625	1.149	1471	32.73	-0.0764	-0.02739	1468	1048	0.7139	0.0625	1.082	1876	34.39	-0.03643	0.006621	1872	934	0.4989	0.06098	0.7561	-0.1043	-0.04307
chr4	95000000	96000000	0.3683	-0.0851	0.0128	0	0.0617	0	1504	30.15	-0.08152	-0.002779	1501	802	0.5343	0.06	0.811	1385	32.38	-0.09186	0.009341	1381	925	0.6698	0.05556	1.017	2103	32.7	-0.1089	-0.0135	2099	1403	0.6684	0.05882	1.015	-0.1278	-0.03397
chr4	96000000	97000000	0.3532	-0.1058	0.0255	0	0.0647	0	1216	30.23	-0.0779	0.0116	1208	968	0.8013	0.0641	0.9835	1463	31.27	-0.1425	-0.01767	1459	975	0.6683	0.0641	0.8202	1283	32.27	-0.1279	0.0003358	1282	1111	0.8666	0.05882	1.064	-0.06054	-0.0458
chr4	97000000	98000000	0.3573	-0.0938	0.0281	0	0.06	0	854	30.35	-0.07205	0.01057	853	828	0.9707	0.05556	1.214	861	32.01	-0.1087	3.973e-05	857	701	0.818	0.06098	1.023	1065	32.86	-0.1018	0.01235	1059	801	0.7564	0.0625	0.9459	-0.1085	-0.04439
chr4	98000000	99000000	0.3888	-0.0362	0.0178	0	0.0633	0	676	31.46	-0.02009	0.01379	672	618	0.9196	0.06667	1.061	640	33.83	-0.0288	0.0161	638	572	0.8966	0.0625	1.034	2050	34.5	-0.03153	0.005067	2045	1844	0.9017	0.06	1.04	-0.1375	-0.03612
chr4	99000000	100000000	0.3842	-0.0189	0.0177	0	0.0588	0	928	31.61	-0.01357	0	922	465	0.5043	0.05882	0.8964	1391	33.91	-0.02552	0	1390	1049	0.7547	0.05556	1.341	1463	35.02	-0.009973	0.01354	1460	1180	0.8082	0.05848	1.437	-0.1394	-0.07698
chr4	100000000	101000000	0.3707	-0.041	0.0179	0	0.0594	0	1272	31.06	-0.03881	-7.405e-05	1269	760	0.5989	0.06667	0.9242	1645	33.03	-0.06316	-0.008673	1634	1121	0.686	0.05882	1.059	1525	33.82	-0.06022	-0.006902	1517	1081	0.7126	0.05556	1.1	-0.1174	-0.04182
chr4	101000000	102000000	0.3631	-0.0163	0.012	0	0.0594	0	1117	31.66	-0.01128	-0.005099	1113	597	0.5364	0.0641	0.9146	1075	33.65	-0.03641	-0.00234	1071	705	0.6583	0.06	1.122	1309	34.57	-0.02894	-0.001523	1304	852	0.6534	0.05556	1.114	-0.1255	0
chr4	102000000	103000000	0.3816	0.0359	0.0224	0	0.0588	0	1531	32.39	0.02202	-0.01852	1512	523	0.3459	0.0625	0.6674	1553	34.93	0.01717	-0.01056	1536	464	0.3021	0.05882	0.5828	1629	35.86	0.02403	-0.004743	1611	827	0.5133	0.05814	0.9904	-0.1293	0
chr4	103000000	104000000	0.366	-0.0323	0.0255	0	0.0617	0	1201	32.29	0.01714	0.038	1197	934	0.7803	0.0625	1.05	965	33.77	-0.03131	0.02006	964	811	0.8413	0.05556	1.132	1718	34.48	-0.0326	0.01171	1709	1240	0.7256	0.05814	0.9764	-0.1125	-0.03953
chr4	104000000	105000000	0.3562	-0.0157	0.0122	0	0.0594	0	1182	31.94	0.001396	0.007488	1179	880	0.7464	0.05882	1.1	1059	33.34	-0.04978	-0.009608	1055	802	0.7602	0.05882	1.12	1117	34.26	-0.04177	-0.005306	1111	612	0.5509	0.05556	0.8116	-0.09372	-0.03397
chr4	105000000	106000000	0.3703	0.016	0.0205	0	0.0617	0	1034	32.32	0.01853	-0.006991	1031	576	0.5587	0.06563	0.9244	1168	35.01	0.02045	0.01795	1167	692	0.593	0.06	0.9811	1302	35.49	0.009085	0	1295	826	0.6378	0.05172	1.055	-0.1561	0
chr4	106000000	107000000	0.3635	-0.0507	0.0279	0	0.0625	0	1043	31.07	-0.0383	0.003386	1037	744	0.7175	0.06667	1.063	681	32.94	-0.06745	0.001021	672	461	0.686	0.05814	1.016	1095	34.28	-0.04096	0.02115	1083	699	0.6454	0.0641	0.9563	-0.1543	-0.04064
chr4	107000000	108000000	0.376	-0.0556	0.0123	0	0.0625	0	1290	30.81	-0.05047	-0.0003318	1279	839	0.656	0.06	1.018	1229	32.9	-0.06899	-0.003455	1228	701	0.5708	0.0625	0.8856	1271	33.98	-0.05368	0.005568	1259	934	0.7419	0.0625	1.151	-0.1293	-0.04731
chr4	108000000	109000000	0.3977	-0.0302	0.0114	0	0.0605	0	1534	31.18	-0.03318	0.001594	1520	740	0.4868	0.06522	0.8895	1458	33.36	-0.04889	-0.01171	1452	468	0.3223	0.06667	0.5889	1651	34.62	-0.02685	0.00237	1638	1040	0.6349	0.05556	1.16	-0.122	-0.07595
chr4	109000000	110000000	0.3884	-0.0052	0.015	0	0.0597	0	1016	31.61	-0.0133	-0.01214	1008	770	0.7639	0.05882	1.167	964	33.71	-0.03409	-0.02102	955	454	0.4754	0.06	0.7265	1682	35.25	-0.000663	0.005745	1673	1403	0.8386	0.05556	1.281	-0.1271	-0.05063
chr4	110000000	111000000	0.3876	-0.0243	0.0156	0	0.0605	0	1587	31.16	-0.03393	-0.01367	1574	1222	0.7764	0.0625	1.481	1305	33.03	-0.06355	-0.03283	1303	685	0.5257	0.05556	1.003	1753	34.44	-0.03427	-0.01058	1745	1278	0.7324	0.06174	1.397	-0.1186	-0.04373
chr4	111000000	112000000	0.3573	-0.0357	0.0267	0	0.0625	0	1743	31.14	-0.03492	-0.0104	1728	1044	0.6042	0.0633	1.002	1476	33.41	-0.04672	0.003933	1461	836	0.5722	0.06	0.9486	1664	33.44	-0.07656	-0.02048	1648	808	0.4903	0.05556	0.8128	-0.1085	0
chr4	112000000	113000000	0.393	0.0514	0.0188	0	0.0588	0	1285	32.52	0.02746	-0.02237	1282	1088	0.8487	0.05882	1.103	846	35.4	0.03668	-0.006988	842	405	0.481	0.05814	0.6249	1133	36.4	0.04577	-0.006177	1126	836	0.7425	0.05814	0.9646	-0.1568	-0.04182
chr4	113000000	114000000	0.3665	0.0161	0.0131	0	0.0606	0	1561	32.16	0.01142	-0.01563	1550	1016	0.6555	0.06	1.03	1345	34.14	-0.01562	-0.01709	1343	905	0.6739	0.05556	1.059	1488	35.16	-0.004149	-0.006267	1485	1026	0.6909	0.05814	1.086	-0.1271	-0.03562
chr4	114000000	115000000	0.3597	-0.031	0.023	0	0.0606	0	1165	30.93	-0.04482	-0.0267	1155	693	0.6	0.0625	0.9565	1496	33.03	-0.06336	-0.01073	1484	1105	0.7446	0.05882	1.187	1416	34.2	-0.04407	0.002711	1404	1002	0.7137	0.05848	1.138	-0.1155	-0.05445
chr4	115000000	116000000	0.3423	-0.0876	0.0198	0	0.0625	0	1907	30.04	-0.08682	-0.009568	1902	1270	0.6677	0.0641	1.1	1527	31.7	-0.1225	0.0009246	1526	820	0.5374	0.05556	0.8851	1951	32.8	-0.1047	0.01079	1946	1376	0.7071	0.06098	1.165	-0.09622	-0.04439
chr4	116000000	117000000	0.3433	-0.0906	0.0375	0	0.0613	0	1741	30.42	-0.06864	0.009658	1736	1156	0.6659	0.0641	1.102	1380	31.54	-0.1298	-0.005251	1378	564	0.4093	0.05941	0.6774	1625	32.49	-0.1182	-0.000479	1620	1023	0.6315	0.05814	1.045	-0.06234	-0.04655
chr4	117000000	118000000	0.3507	-0.1001	0.034	0	0.0613	0	1784	30.32	-0.07366	0.0127	1774	1268	0.7148	0.0625	1.016	1778	31.96	-0.1109	0.02054	1766	1176	0.6659	0.06098	0.9463	1831	32.88	-0.1009	0.02644	1825	1356	0.743	0.05882	1.056	-0.08092	-0.03847
chr4	118000000	119000000	0.3835	-0.0173	0.0201	0	0.0594	0	1589	31.56	-0.0155	-0.002507	1560	1195	0.766	0.06098	1.186	1443	33.59	-0.03903	-0.01561	1417	944	0.6662	0.05941	1.031	1296	34.84	-0.0176	0.005923	1275	1091	0.8557	0.06098	1.325	-0.1333	-0.05889
chr4	119000000	120000000	0.3762	-0.0436	0.0129	0	0.0605	0	2480	31.21	-0.03185	0.006021	2444	1834	0.7504	0.0625	1.058	2520	33.49	-0.04332	0.01043	2476	759	0.3065	0.05882	0.4322	1434	34.52	-0.03099	0.01695	1425	1005	0.7053	0.05556	0.9943	-0.1543	-0.04307
chr4	120000000	121000000	0.367	-0.061	0.0353	0	0.0619	0	1843	31.17	-0.0336	0.01645	1840	1145	0.6223	0.05882	0.9444	1893	32.78	-0.07435	-0.0003468	1885	1329	0.705	0.05882	1.07	1434	33.67	-0.06663	0.006629	1428	824	0.577	0.05882	0.8757	-0.1027	-0.04307
chr4	121000000	122000000	0.3813	-0.0062	0.0097	0	0.0611	0	1731	32.02	0.005274	0.006048	1723	1076	0.6245	0.06098	0.9847	1735	33.94	-0.02409	-0.009441	1724	1357	0.7871	0.05556	1.241	1475	35.65	0.01553	0.02593	1472	859	0.5836	0.06	0.9202	-0.1119	-0.08017
chr4	122000000	123000000	0.3776	-0.0039	0.0203	0	0.0605	0	1289	31.74	-0.007479	-0.005848	1285	918	0.7144	0.05814	1.105	1066	33.6	-0.03888	-0.02459	1056	906	0.858	0.05882	1.327	1314	35.19	-0.00295	0.005105	1305	973	0.7456	0.05814	1.153	-0.1137	-0.05445
chr4	123000000	124000000	0.3803	-0.009	0.0097	0	0.061	0	1704	31.94	0.00172	0.001693	1694	1201	0.709	0.06	1.077	1478	33.51	-0.04244	-0.02465	1475	1151	0.7803	0.05556	1.185	1734	35.33	0.002672	0.01491	1726	1116	0.6466	0.05792	0.982	-0.1085	-0.09622
chr4	124000000	125000000	0.3594	-0.0935	0.015	0	0.0621	0	1268	30.4	-0.06985	0.01059	1264	917	0.7255	0.06757	1.15	1233	31.97	-0.1105	0.006141	1219	882	0.7235	0.06174	1.146	1214	32.86	-0.102	0.007241	1208	884	0.7318	0.0641	1.16	-0.1278	-0.04307
chr4	125000000	126000000	0.3532	-0.1021	0.028	0	0.06	0	1682	30.35	-0.07217	0.01363	1677	1154	0.6881	0.06	1.18	1674	31.93	-0.1121	0.00905	1671	1066	0.6379	0.0625	1.093	1719	32.52	-0.1169	0.007684	1716	978	0.5699	0.05882	0.9769	-0.08055	0
chr4	126000000	127000000	0.352	-0.0928	0.0232	0	0.0625	0	1628	30.21	-0.07894	0	1623	1423	0.8768	0.06522	1.374	1512	31.68	-0.1235	-0.001529	1500	1113	0.742	0.06604	1.163	1744	32.74	-0.107	0.008517	1741	1434	0.8237	0.06	1.291	-0.05247	-0.03847
chr4	127000000	128000000	0.3755	-0.0273	0.0161	0	0.0644	0	1057	31.37	-0.02458	-0.003362	1039	827	0.796	0.0625	0.9891	1013	33.56	-0.04061	-0.0045	998	757	0.7585	0.05556	0.9426	875	34.13	-0.04741	-0.01459	866	667	0.7702	0.05814	0.9571	-0.1312	-0.07039
chr4	128000000	129000000	0.4021	-0.01	0.0156	0	0.0617	0	1422	31.5	-0.01856	-0.009659	1419	1090	0.7681	0.06	1.189	1237	34.14	-0.01567	-0.008352	1234	686	0.5559	0.0599	0.8607	1429	35.28	0.0006074	0.007754	1422	1087	0.7644	0.05556	1.183	-0.1293	-0.03847
chr4	129000000	130000000	0.3637	-0.0607	0.0171	0	0.0605	0	1641	30.67	-0.05702	-0.006431	1632	1141	0.6991	0.06522	1.098	1800	32.4	-0.09102	-0.01255	1788	1163	0.6504	0.0625	1.021	1566	33.57	-0.07127	0.001547	1554	930	0.5985	0.06	0.9398	-0.1155	-0.0458
chr4	130000000	131000000	0.3482	-0.1092	0.0298	0	0.06	0	2206	30.02	-0.08799	0.01207	2184	1555	0.712	0.05882	1.002	2094	31.58	-0.1283	0.006513	2078	1436	0.691	0.0625	0.9725	2052	32.15	-0.1333	0.002378	2038	1567	0.7689	0.06	1.082	-0.09372	0
chr4	131000000	132000000	0.3564	-0.0754	0.0533	0	0.0652	0	1639	30.38	-0.0705	-0.005113	1416	1042	0.7359	0.06522	1.15	918	31.08	-0.1513	-0.0509	879	519	0.5904	0.06522	0.9229	1904	32.58	-0.1143	-0.01845	1731	894	0.5165	0.06174	0.8072	-0.07276	-0.0458
chr4	132000000	133000000	0.3448	-0.123	0.0269	0	0.0639	0	2106	29.51	-0.1127	0.0008387	2089	1285	0.6151	0.06667	1.111	2110	31.01	-0.1544	-0.0002597	2091	1265	0.605	0.06	1.092	1808	31.94	-0.1427	0.003679	1788	1190	0.6655	0.06667	1.202	-0.1119	-0.03847
chr4	133000000	134000000	0.3463	-0.1204	0.048	0	0.0625	0	1343	29.83	-0.09722	0.01375	1343	721	0.5369	0.06	0.9929	1263	31.21	-0.1453	0.002514	1259	755	0.5997	0.0625	1.109	1478	32.11	-0.135	0.01018	1476	800	0.542	0.05882	1.002	-0.1024	-0.08246
chr4	134000000	135000000	0.3448	-0.1193	0.0229	0	0.0603	0	1548	29.74	-0.1013	0.008613	1540	678	0.4403	0.06098	0.6503	1667	31.39	-0.1369	0.01354	1652	1287	0.7791	0.05882	1.151	1678	32.06	-0.1374	0.005284	1670	1386	0.8299	0.05882	1.226	-0.1069	-0.04064
chr4	135000000	136000000	0.3424	-0.1025	0.0276	0	0.064	0	1789	30.02	-0.08798	0.005786	1778	1229	0.6912	0.06522	1.178	1642	30.9	-0.1597	-0.02106	1634	956	0.5851	0.06522	0.9969	1857	31.66	-0.1554	-0.02521	1844	1347	0.7305	0.06	1.245	-0.05445	-0.03653
chr4	136000000	137000000	0.3487	-0.1112	0.0318	0	0.0633	0	1484	29.73	-0.1021	0.0006698	1477	1065	0.7211	0.0625	1.145	1507	31.37	-0.1376	0.001083	1494	1018	0.6814	0.06	1.082	1281	31.91	-0.1445	-0.00733	1272	863	0.6785	0.0625	1.077	-0.09954	0
chr4	137000000	138000000	0.3516	-0.0723	0.0304	0	0.0625	0	1999	30.32	-0.07365	-0.01573	1989	1378	0.6928	0.06466	1.024	1302	31.96	-0.1107	-0.007701	1298	868	0.6687	0.0641	0.9884	2126	32.44	-0.1206	-0.02474	2115	1195	0.565	0.05556	0.8351	-0.07276	-0.03953
chr4	138000000	139000000	0.3875	-0.0097	0.0185	0	0.0619	0	1581	31.43	-0.02147	-0.01786	1576	952	0.6041	0.06	1.057	1520	34.41	-0.004442	0.01062	1515	1004	0.6627	0.05882	1.16	1828	34.65	-0.02521	-0.01417	1823	1282	0.7032	0.05882	1.231	-0.1293	0
chr4	139000000	140000000	0.4161	0.0219	0.0182	0	0.0588	0	839	32	0.00432	-0.02171	838	571	0.6814	0.0625	1.017	1159	34.68	0.007031	-0.01832	1152	785	0.6814	0.0625	1.017	837	35.65	0.01572	-0.007066	833	596	0.7155	0.0625	1.068	-0.1678	-0.04444
chr4	140000000	141000000	0.3998	-0.0183	0.0177	0	0.0625	0	1406	31.12	-0.03582	-0.01888	1396	981	0.7027	0.0625	1.063	1311	33.69	-0.03487	-0.0139	1304	952	0.7301	0.0641	1.105	1498	34.4	-0.03567	-0.01819	1481	1070	0.7225	0.05882	1.093	-0.1234	0
chr4	141000000	142000000	0.3745	-0.0508	0.0187	0	0.0625	0	1418	31.07	-0.03821	0.0004351	1412	1031	0.7302	0.06667	1.124	1288	32.83	-0.07192	-0.01231	1283	926	0.7217	0.0625	1.111	1168	34.07	-0.04971	0.01085	1163	432	0.3715	0.0641	0.572	-0.1143	-0.05552
chr4	142000000	143000000	0.3662	-0.0639	0.0207	0	0.0621	0	1365	30.76	-0.05278	-0.00149	1358	685	0.5044	0.0625	1.186	1483	32.42	-0.09021	-0.01104	1479	721	0.4875	0.0625	1.146	1045	33.32	-0.08171	-0.003833	1042	339	0.3253	0.06	0.7648	-0.09466	-0.04439
chr4	143000000	144000000	0.3826	-0.0257	0.0116	0	0.0594	0	2024	31.44	-0.02096	0.001979	2008	1291	0.6429	0.0625	1.003	1994	33.66	-0.0362	0.002844	1974	1448	0.7335	0.06	1.144	1816	34.88	-0.01568	0.01411	1810	745	0.4116	0.05102	0.6419	-0.1222	-0.04373
chr4	144000000	145000000	0.3729	-0.0446	0.0136	0	0.0625	0	1125	31.4	-0.02292	0.01564	1121	672	0.5995	0.0625	1.087	1173	33.2	-0.05608	-0.001276	1168	781	0.6687	0.06098	1.212	1278	34.11	-0.04799	0.004304	1277	718	0.5623	0.05882	1.019	-0.09686	-0.04307
chr4	145000000	146000000	0.395	0.0144	0.0214	0	0.0585	0	817	32.02	0.005146	-0.009502	811	560	0.6905	0.05941	1.036	957	34.93	0.01721	0.006336	945	660	0.6984	0.05556	1.047	1120	36.01	0.03033	0.02122	1109	904	0.8151	0.05137	1.222	-0.1193	-0.05254
chr4	146000000	147000000	0.3823	0.0251	0.015	0	0.0594	0	1328	32.36	0.02044	-0.007414	1309	1154	0.8816	0.06	1.113	1402	34.39	-0.005065	-0.01682	1392	933	0.6703	0.05814	0.8463	1093	35.91	0.02601	0.005389	1092	978	0.8956	0.05263	1.131	-0.1336	-0.07215
chr4	147000000	148000000	0.392	0.0188	0.0098	0	0.0591	0	1597	32.16	0.01164	-0.008145	1587	1214	0.765	0.0625	1.648	1719	34.46	-0.002382	-0.01066	1715	1236	0.7207	0.05882	1.553	1408	35.91	0.02632	0.007663	1404	933	0.6645	0.05556	1.432	-0.1568	-0.0458
chr4	148000000	149000000	0.3828	-0.0274	0.0152	0	0.0605	0	1482	31.91	0.0001603	0.02334	1471	1056	0.7179	0.0641	1.118	1496	33.84	-0.02842	0.00827	1474	1108	0.7517	0.05882	1.171	1220	34.44	-0.03413	-0.001106	1210	765	0.6322	0.06098	0.9849	-0.1043	-0.03797
chr4	149000000	150000000	0.3639	-0.0587	0.024	0	0.0621	0	1055	30.8	-0.05078	-0.004891	1054	929	0.8814	0.0641	1.244	894	32.91	-0.06841	0.007782	888	759	0.8547	0.06667	1.206	951	33.07	-0.09289	-0.02208	947	685	0.7233	0.05882	1.021	-0.1234	0
chr4	150000000	151000000	0.3719	-0.012	0.0179	0	0.0625	0	1060	31.3	-0.0275	-0.01777	1013	423	0.4176	0.06522	0.7602	1239	34.34	-0.007149	0.01285	1209	615	0.5087	0.06098	0.9261	1014	34.75	-0.02136	0.001297	977	546	0.5589	0.05556	1.017	-0.1481	0
chr4	151000000	152000000	0.414	0.0367	0.0154	0	0.0588	0	1154	32.96	0.04714	0.008949	1152	734	0.6372	0.06098	1.199	709	35.7	0.0487	0.004013	702	87	0.1239	0.05556	0.2332	1406	36.34	0.04334	0.003379	1399	749	0.5354	0.05172	1.007	-0.1304	0
chr4	152000000	153000000	0.404	0.0667	0.0327	0	0.0589	0	1223	32.94	0.04592	-0.01858	1217	966	0.7938	0.05941	1.293	923	36.05	0.06303	-0.001644	912	461	0.5055	0.06098	0.8235	1191	37.47	0.08763	0.02074	1190	773	0.6496	0.05263	1.058	-0.1497	-0.04307
chr4	153000000	154000000	0.4151	0.0511	0.0226	0	0.0575	0	1763	32.73	0.03665	-0.01133	1758	1271	0.723	0.05556	1.106	1492	36.51	0.08103	0.02439	1482	978	0.6599	0.05556	1.01	1548	36.63	0.05476	9.442e-05	1539	921	0.5984	0.05556	0.9157	-0.1651	0.03653
chr4	154000000	155000000	0.3841	-0.0057	0.0189	0	0.0613	0	1778	31.72	-0.008272	-0.006989	1774	1203	0.6781	0.06	1.222	1441	33.63	-0.03758	-0.02526	1437	790	0.5498	0.0625	0.9904	1731	34.74	-0.02162	-0.01082	1723	1186	0.6883	0.06	1.24	-0.1184	-0.05063
chr4	155000000	156000000	0.3716	-0.037	0.0272	0	0.0625	0	1649	31	-0.0413	-0.01162	1641	1173	0.7148	0.06	1.259	1343	32.83	-0.072	-0.02251	1333	910	0.6827	0.05882	1.202	1663	33.78	-0.06206	-0.01571	1653	1098	0.6642	0.05556	1.17	-0.1293	-0.04977
chr4	156000000	157000000	0.3602	-0.0784	0.0337	0	0.0602	0	1389	30.13	-0.08258	-0.01826	1379	884	0.641	0.0625	0.952	1616	31.77	-0.1194	-0.01939	1610	1241	0.7708	0.0625	1.145	1544	32.89	-0.1007	-0.006525	1531	1047	0.6839	0.06	1.016	-0.1054	-0.04731
chr4	157000000	158000000	0.3549	-0.0637	0.0391	0	0.0607	0	1397	30.88	-0.04699	0.006102	1384	423	0.3056	0.06667	0.7222	1627	32.26	-0.09748	-0.01074	1610	958	0.595	0.06	1.406	1739	33.04	-0.09388	-0.007733	1733	1243	0.7173	0.05882	1.695	-0.09372	0
chr4	158000000	159000000	0.3847	-0.0062	0.0188	0	0.061	0	1506	31.57	-0.01526	-0.01485	1484	510	0.3437	0.0625	0.594	1595	33.46	-0.04484	-0.03452	1582	1103	0.6972	0.05882	1.205	1700	35.09	-0.007158	0.004639	1679	1023	0.6093	0.05556	1.053	-0.1119	-0.074
chr4	159000000	160000000	0.3824	0.0185	0.0125	0	0.0594	0	1590	32.36	0.02058	-0.0006784	1582	608	0.3843	0.05882	1.002	1746	33.93	-0.02476	-0.02992	1735	1083	0.6242	0.06	1.627	1505	35.63	0.01497	0.0005577	1501	595	0.3964	0.05	1.033	-0.09433	-0.06413
chr4	160000000	161000000	0.3512	-0.0838	0.0374	0	0.0633	0	1687	30.48	-0.06567	0.001084	1682	1296	0.7705	0.0625	1.169	1630	32.23	-0.09887	0.01325	1618	1111	0.6867	0.06	1.042	1509	32.62	-0.1127	-0.004064	1495	916	0.6127	0.0625	0.9295	-0.07529	-0.0458
chr4	161000000	162000000	0.3436	-0.1007	0.0426	0	0.0613	0	2067	29.78	-0.09964	-0.009214	2058	1324	0.6433	0.0625	0.9812	2050	31.3	-0.1407	-0.005149	2046	1395	0.6818	0.05882	1.04	2059	32.18	-0.132	-0.004228	2049	1382	0.6745	0.0625	1.029	-0.07039	-0.04307
chr4	162000000	163000000	0.3519	-0.0767	0.0341	0	0.0629	0	1692	30.33	-0.07293	-0.0106	1681	722	0.4295	0.0625	0.8564	1690	31.92	-0.1126	-0.006719	1682	715	0.4251	0.0625	0.8476	1956	32.67	-0.1104	-0.01019	1946	992	0.5098	0.0625	1.016	-0.09954	-0.04064
chr4	163000000	164000000	0.3684	-0.0242	0.0206	0	0.06	0	1464	31.3	-0.02769	-0.01074	1459	868	0.5949	0.06	1.107	1353	32.65	-0.08002	-0.04158	1350	688	0.5096	0.06	0.9485	1290	33.99	-0.05301	-0.01756	1284	659	0.5132	0.06	0.9552	-0.09311	-0.04439
chr4	164000000	165000000	0.3742	-0.0556	0.0208	0	0.0612	0	2292	30.69	-0.05607	-0.01219	2275	1513	0.6651	0.06	1.1	1820	32.3	-0.09542	-0.03064	1807	1127	0.6237	0.06522	1.032	2109	33.85	-0.05924	0.006513	2092	1418	0.6778	0.0625	1.121	-0.1155	-0.05346
chr4	165000000	166000000	0.3868	-0.033	0.0092	0	0.0597	0	1180	31.07	-0.03827	-0.01109	1173	552	0.4706	0.06	0.673	1298	33.66	-0.03609	0.002273	1295	924	0.7135	0.05882	1.02	1282	34.61	-0.0269	0.007849	1268	931	0.7342	0.06	1.05	-0.1293	-0.04009
chr4	166000000	167000000	0.3509	-0.0928	0.0281	0	0.0613	0	1709	30.25	-0.07685	0.0005756	1686	1033	0.6127	0.06098	1.26	1717	31.88	-0.1146	0.01082	1699	869	0.5115	0.05882	1.052	1761	32.06	-0.1376	-0.01755	1743	980	0.5622	0.05882	1.157	-0.08746	0
chr4	167000000	168000000	0.355	-0.0804	0.0272	0	0.0644	0	1865	30.27	-0.0757	-0.005431	1840	1351	0.7342	0.06667	1.334	1849	32.13	-0.103	0.0008789	1822	1334	0.7322	0.0625	1.33	1394	32.62	-0.1126	-0.0098	1380	755	0.5471	0.06522	0.9938	-0.06928	0
chr4	168000000	169000000	0.3836	-0.0052	0.0148	0	0.0613	0	1822	32.03	0.005474	0.005577	1812	1460	0.8057	0.06098	1.141	1428	33.7	-0.03447	-0.02385	1415	1128	0.7972	0.06098	1.129	1609	34.88	-0.01569	-0.004896	1597	1135	0.7107	0.05814	1.007	-0.0902	-0.0458
chr4	169000000	170000000	0.3969	0.0412	0.0178	0	0.058	0	1437	32.45	0.02435	-0.01025	1421	922	0.6488	0.0625	1.052	1501	34.8	0.01215	-0.02372	1488	942	0.6331	0.05848	1.027	1259	36.71	0.05788	0.01748	1251	654	0.5228	0.05263	0.8478	-0.1375	-0.078
chr4	170000000	171000000	0.3712	-0.0444	0.0161	0	0.06	0	1913	30.99	-0.04213	-0.005339	1910	1159	0.6068	0.06	0.9997	1830	33.31	-0.05104	0.00585	1829	1130	0.6178	0.06	1.018	1459	33.2	-0.0871	-0.03039	1453	891	0.6132	0.05556	1.01	-0.1202	0
chr4	171000000	172000000	0.3514	-0.0702	0.0189	0	0.0622	0	1811	31.12	-0.0358	0.01919	1809	1174	0.649	0.05882	1.463	1808	31.84	-0.1163	-0.01686	1800	1085	0.6028	0.0625	1.359	1369	33.1	-0.09145	0.003522	1368	514	0.3757	0.05685	0.8468	-0.06228	-0.04182
chr4	172000000	173000000	0.3653	-0.0515	0.0163	0	0.0607	0	1391	30.94	-0.04405	-0.007884	1387	764	0.5508	0.06	1.166	1548	32.74	-0.076	-0.009422	1540	1038	0.674	0.05882	1.427	1260	33.95	-0.05475	0.005632	1255	508	0.4048	0.05556	0.8567	-0.0982	-0.07215
chr4	173000000	174000000	0.3885	-0.0113	0.0202	0	0.0588	0	1231	31.82	-0.003817	0.003812	1218	789	0.6478	0.06667	1.125	1415	33.93	-0.0245	-0.005136	1396	960	0.6877	0.05882	1.194	1318	34.62	-0.02682	-0.01541	1302	802	0.616	0.06098	1.069	-0.1096	0
chr4	174000000	175000000	0.363	-0.0546	0.02	0	0.0625	0	1818	31.08	-0.03787	0.007645	1815	1101	0.6066	0.0625	1.025	2041	32.95	-0.06685	0.005525	2037	1377	0.676	0.05556	1.142	1742	33.43	-0.0772	-0.01179	1734	1050	0.6055	0.05882	1.023	-0.09433	-0.04182
chr4	175000000	176000000	0.3591	-0.0814	0.0328	0	0.0625	0	1409	30.73	-0.05401	0.0141	1398	869	0.6216	0.0641	1.414	1542	32.04	-0.1072	-0.00414	1534	967	0.6304	0.05882	1.434	1176	33.21	-0.08648	0.00875	1172	483	0.4121	0.05882	0.9373	-0.1031	-0.05063
chr4	176000000	177000000	0.3674	-0.0555	0.024	0	0.0625	0	2091	31.08	-0.03778	0.007418	2080	800	0.3846	0.06	0.7809	2060	32.94	-0.06743	-0.0008408	2057	868	0.422	0.06098	0.8568	2051	33.89	-0.05746	0.01123	2046	958	0.4682	0.05556	0.9507	-0.1054	-0.04731
chr4	177000000	178000000	0.3719	-0.0737	0.0199	0	0.0625	0	1969	30.99	-0.04188	0.02955	1962	1066	0.5433	0.0625	1.214	2067	32.63	-0.08107	0.0006229	2062	1156	0.5606	0.06098	1.253	1657	33.4	-0.07842	0.005934	1651	678	0.4107	0.05882	0.9175	-0.1085	-0.04064
chr4	178000000	179000000	0.351	-0.1016	0.0353	0	0.0647	0	1719	30.39	-0.07029	0.01426	1715	1014	0.5913	0.0625	1.027	1605	31.58	-0.1282	0.001668	1601	899	0.5615	0.05882	0.975	1888	31.83	-0.1477	-0.01976	1874	1336	0.7129	0.0625	1.238	-0.06228	0
chr4	179000000	180000000	0.3565	-0.0952	0.0411	0	0.0616	0	2278	30	-0.08861	-0.003426	2273	1454	0.6397	0.0641	1.106	1906	31.48	-0.1329	-0.01346	1898	779	0.4104	0.06	0.7095	2438	32.22	-0.1301	-0.01452	2426	1629	0.6715	0.05882	1.161	-0.08406	-0.04891
chr4	180000000	181000000	0.3626	-0.098	0.0474	0	0.0639	0	1864	30.57	-0.06169	0.03098	1849	872	0.4716	0.06522	0.965	2037	31.69	-0.1231	-0.005977	2021	1018	0.5037	0.0625	1.031	1952	32.16	-0.1332	-0.02886	1937	933	0.4817	0.06098	0.9856	-0.05696	0
chr4	181000000	182000000	0.3802	-0.1019	0.0372	0	0.0625	0	1787	30.3	-0.07443	0.01867	1772	860	0.4853	0.06757	0.8283	1855	31.88	-0.1143	-0.002332	1832	1053	0.5748	0.0641	0.981	1852	32.3	-0.1266	-0.02041	1836	952	0.5185	0.0625	0.885	-0.09165	-0.04439
chr4	182000000	183000000	0.4034	-0.0352	0.0324	0	0.0625	0	1692	31.44	-0.02124	0.01257	1678	1107	0.6597	0.0625	1.16	1827	33.75	-0.03228	-0.000604	1811	1208	0.667	0.05814	1.173	1606	33.9	-0.05705	-0.02562	1590	990	0.6226	0.06098	1.095	-0.122	0
chr4	183000000	184000000	0.4253	0.014	0.0219	0	0.0605	0	1914	32.37	0.02077	0.01091	1882	1133	0.602	0.0641	1.049	1904	35.54	0.04246	0.0215	1874	1133	0.6046	0.05882	1.053	1811	35.53	0.01058	-0.007509	1782	994	0.5578	0.05556	0.9718	-0.1678	0
chr4	184000000	185000000	0.4367	0.0866	0.0158	0	0.0587	0	2095	33.69	0.07839	-0.0003913	2049	1026	0.5007	0.0625	0.8567	2239	36.71	0.08898	-0.008656	2220	1274	0.5739	0.05882	0.9818	2065	37.39	0.08441	-0.009852	2022	1209	0.5979	0.05556	1.023	-0.1454	-0.03103
chr4	185000000	186000000	0.4104	0.0407	0.0151	0	0.06	0	2129	32.88	0.04358	0.003547	2101	1411	0.6716	0.0625	1.089	1800	35.45	0.03861	-0.007905	1782	991	0.5561	0.0625	0.9015	2027	36.67	0.05626	0.01341	2014	1176	0.5839	0.05882	0.9465	-0.1375	-0.06635
chr4	186000000	187000000	0.4187	-0.0814	0.028	0	0.0659	0	2399	30.31	-0.07375	0.009238	2185	1416	0.6481	0.07143	1.164	2078	33.08	-0.06135	0.01035	1960	1011	0.5158	0.0625	0.9266	2495	32.27	-0.1279	-0.0491	2275	1323	0.5815	0.0641	1.045	-0.114	0
chr4	187000000	188000000	0.3898	-0.0846	0.0242	0	0.0641	0	1746	30.54	-0.06323	0.02038	1737	1000	0.5757	0.06	1.093	1594	32.73	-0.07668	0.01599	1573	816	0.5188	0.06	0.9847	1623	33.05	-0.09378	-0.008386	1616	893	0.5526	0.05882	1.049	-0.1042	-0.03953
chr4	188000000	189000000	0.4006	-0.1066	0.013	0	0.0605	0	2362	29.57	-0.1098	-0.003303	2297	1480	0.6443	0.06174	0.9399	2871	31.92	-0.1125	-0.005781	2806	2187	0.7794	0.05882	1.137	2838	32.57	-0.1148	-0.009391	2732	1868	0.6837	0.06174	0.9974	-0.09954	-0.0458
chr4	189000000	190000000	0.4053	-0.1362	0.0323	0	0.0659	0	2876	29.51	-0.1126	0.02508	2538	1369	0.5394	0.06522	0.9786	2820	30.87	-0.161	-0.02387	2474	1247	0.504	0.0641	0.9144	3080	32.03	-0.1387	-0.002691	2764	1770	0.6404	0.06098	1.162	-0.09311	-0.03477
chr4	190000000	190214555	0.4951	0.3402	0.1067	1	0.119	1	620	41.92	0.3938	NA	361	218	0.6039	NA	1.076	519	45.27	0.3916	NA	299	143	0.4783	NA	0.8522	664	42.49	0.2689	NA	393	265	0.6743	NA	1.202	-0.08539	-0.1575
chr5	0	1000000	0.518	0.0008	0.0606	0	0.0647	0	2405	31.02	-0.04048	-0.01124	2096	1337	0.6379	0.0625	0.9647	2363	33.81	-0.02982	-0.08155	2055	1283	0.6243	0.0625	0.9442	3163	35.45	0.007722	-0.005449	2790	1888	0.6767	0.06098	1.023	-0.2005	-0.04009
chr5	1000000	2000000	0.5365	0.1065	0.0502	0	0.0597	0	2046	34.28	0.1038	0.02546	1885	1211	0.6424	0.06	1.005	2217	38.52	0.1586	-0.005425	2066	1408	0.6815	0.06098	1.067	2361	38.79	0.1376	0.02438	2201	1651	0.7501	0.05814	1.174	-0.1829	0.03477
chr5	2000000	3000000	0.4515	0.0051	0.0299	0	0.06	0	2014	32.18	0.01238	0.01164	1969	1269	0.6445	0.06098	0.9446	2352	35.34	0.03431	0.009832	2324	1679	0.7225	0.05882	1.059	2159	35.05	-0.008942	-0.02109	2128	1535	0.7213	0.05882	1.057	-0.1375	0.03607
chr5	3000000	4000000	0.4405	-0.0434	0.0158	0	0.0625	0	2303	31.34	-0.02552	0.02107	2263	1075	0.475	0.0625	0.8484	2563	33.69	-0.03487	-0.002413	2534	1539	0.6073	0.06	1.085	2412	34.15	-0.04659	-0.008018	2378	1627	0.6842	0.0625	1.222	-0.122	0
chr5	4000000	5000000	0.3999	-0.0659	0.0207	0	0.0625	0	1408	30.71	-0.05525	0.0104	1382	722	0.5224	0.05941	1.037	1542	32.56	-0.08382	-0.01681	1518	792	0.5217	0.05882	1.035	1695	33.49	-0.07472	-0.009641	1672	1097	0.6561	0.06098	1.302	-0.1333	-0.03953
chr5	5000000	6000000	0.4195	-0.0173	0.0212	0	0.061	0	1808	31.47	-0.01983	-0.001267	1788	778	0.4351	0.06466	0.7235	2054	34.04	-0.01995	-0.009267	2033	1396	0.6867	0.06098	1.142	2284	35.09	-0.00719	0.01087	2256	1564	0.6933	0.05556	1.153	-0.1339	-0.05658
chr5	6000000	7000000	0.4408	0.0161	0.0204	0	0.0588	0	1610	32.51	0.02733	0.0142	1603	920	0.5739	0.06	0.9529	1292	34.39	-0.004964	-0.03119	1280	192	0.15	0.05941	0.249	1958	35.97	0.02837	0.007439	1930	1421	0.7363	0.05556	1.222	-0.1119	-0.04064
chr5	7000000	8000000	0.4057	-0.0473	0.0266	0	0.0625	0	1792	31.35	-0.02527	0.02303	1768	1081	0.6114	0.0625	0.9644	1292	33.54	-0.04131	0.005521	1275	14	0.01098	0.05528	0.01732	1739	33.68	-0.06644	-0.02018	1722	1122	0.6516	0.06098	1.028	-0.1255	0
chr5	8000000	9000000	0.3852	-0.0711	0.0245	0	0.0605	0	2088	30.82	-0.05004	0.01249	2075	1327	0.6395	0.0625	1.033	1867	32.94	-0.06736	0.009111	1864	748	0.4013	0.06049	0.648	2300	33.49	-0.07432	0.0005994	2294	1607	0.7005	0.05882	1.131	-0.1202	-0.03747
chr5	9000000	10000000	0.4044	-0.0199	0.0189	0	0.0612	0	1626	32.21	0.01376	0.03546	1614	967	0.5991	0.06522	1.032	1521	34.06	-0.01919	0.003579	1510	778	0.5152	0.05941	0.8873	1824	34.42	-0.03495	-0.01524	1812	1159	0.6396	0.06098	1.101	-0.09433	-0.03953
chr5	10000000	11000000	0.4411	0.0593	0.0079	0	0.0588	0	1891	33.26	0.05984	0.003128	1863	1065	0.5717	0.0625	1.053	1822	36	0.06097	-0.006829	1802	911	0.5055	0.05263	0.931	2061	36.92	0.06598	0.001634	2025	1334	0.6588	0.05556	1.213	-0.1538	-0.04439
chr5	11000000	12000000	0.3903	-0.0288	0.034	0	0.06	0	1151	31.67	-0.01057	0.01602	1140	610	0.5351	0.0625	1.002	1168	34.11	-0.01701	0.01971	1158	576	0.4974	0.05882	0.9317	1485	33.99	-0.0533	-0.02341	1479	1246	0.8425	0.05882	1.578	-0.1266	0
chr5	12000000	13000000	0.3561	-0.0897	0.0125	0	0.0617	0	1081	30.06	-0.08568	-0.005304	1071	51	0.04762	0.0641	0.08588	1392	32.07	-0.1058	0.009392	1383	1005	0.7267	0.0625	1.311	1594	32.83	-0.1033	0.007174	1589	1031	0.6488	0.05882	1.17	-0.1171	0
chr5	13000000	14000000	0.381	-0.0304	0.0188	0	0.0588	0	1321	32.07	0.007614	0.02997	1312	932	0.7104	0.05882	1.132	1520	33.57	-0.03996	-0.001599	1516	926	0.6108	0.05556	0.9731	1415	34.22	-0.04346	-0.007929	1410	1017	0.7213	0.05556	1.149	-0.08246	-0.03395
chr5	14000000	15000000	0.432	0.0427	0.0204	0	0.0566	0	1295	32.37	0.02099	-0.01185	1280	840	0.6562	0.06098	1.037	1309	35.53	0.04174	-0.0115	1296	870	0.6713	0.05556	1.061	1361	36.79	0.06093	0.01621	1347	853	0.6333	0.05814	1.001	-0.1532	-0.03953
chr5	15000000	16000000	0.3924	-0.0408	0.0197	0	0.0615	0	686	31.42	-0.02218	0.01764	675	333	0.4933	0.05814	0.7258	792	33.5	-0.04279	0.004652	785	530	0.6752	0.06757	0.9933	1217	33.62	-0.06908	-0.02802	1210	1014	0.838	0.05556	1.233	-0.1075	0
chr5	16000000	17000000	0.4197	-0.0399	0.0277	0	0.06	0	1531	31.63	-0.01246	0.0287	1526	882	0.578	0.0641	0.9477	1562	34	-0.02169	0.0114	1556	758	0.4871	0.06522	0.7987	1809	34.25	-0.04231	-0.002366	1803	1288	0.7144	0.06098	1.171	-0.1293	0
chr5	17000000	18000000	0.4077	-0.0781	0.037	0	0.0625	0	1636	30.6	-0.06042	0.01372	1525	482	0.3161	0.0625	0.6249	1722	31.98	-0.1101	-0.03189	1610	771	0.4789	0.05738	0.9468	1872	33.49	-0.07437	0.0006231	1769	901	0.5093	0.0641	1.007	-0.09192	-0.04307
chr5	18000000	19000000	0.3564	-0.0752	0.0229	0	0.0594	0	1939	30.14	-0.0822	-0.01701	1924	1353	0.7032	0.06098	1.102	1550	32.14	-0.1028	-0.002597	1543	803	0.5204	0.05882	0.8158	2054	33.16	-0.0888	0.006807	2041	1537	0.7531	0.05882	1.181	-0.1278	-0.04307
chr5	19000000	20000000	0.3497	-0.1087	0.0245	0	0.0625	0	1650	29.53	-0.1117	-0.01216	1640	755	0.4604	0.06522	0.7867	1689	31.15	-0.1481	-0.00803	1681	777	0.4622	0.0625	0.7899	1548	31.98	-0.1412	-0.003304	1542	888	0.5759	0.0633	0.9841	-0.1186	0
chr5	20000000	21000000	0.3515	-0.0887	0.0302	0	0.0637	0	1439	30.13	-0.08263	-0.00864	1435	400	0.2787	0.07143	0.5679	1372	31.62	-0.1265	-0.007078	1365	464	0.3399	0.06	0.6926	1864	32.6	-0.1135	7.087e-05	1852	1324	0.7149	0.0625	1.457	-0.09474	-0.03797
chr5	21000000	22000000	0.3565	-0.0893	0.0255	0	0.0641	0	1136	30.43	-0.06828	0.01101	1120	369	0.3295	0.07143	0.8347	1412	32.15	-0.1024	0.01113	1396	895	0.6411	0.0625	1.624	1360	32.61	-0.1129	-0.003175	1335	852	0.6382	0.0625	1.617	-0.09213	-0.05063
chr5	22000000	23000000	0.354	-0.1097	0.0414	0	0.0633	0	1143	30.11	-0.08334	0.01006	1139	798	0.7006	0.06981	1.097	1150	31.28	-0.1419	-0.01322	1149	747	0.6501	0.06	1.018	1300	32.4	-0.1222	0.009929	1296	920	0.7099	0.0641	1.112	-0.09622	-0.0614
chr5	23000000	24000000	0.3545	-0.0958	0.0503	0	0.06	0	1234	30.04	-0.08711	-0.00268	1234	637	0.5162	0.0625	0.9135	1287	31.11	-0.1496	-0.03074	1281	371	0.2896	0.05882	0.5125	1668	32.03	-0.1389	-0.02065	1666	1523	0.9142	0.05882	1.618	-0.06511	-0.04244
chr5	24000000	25000000	0.351	-0.1133	0.0394	0	0.0633	0	1496	29.93	-0.09206	0.00419	1494	889	0.595	0.06667	0.9052	1465	31.19	-0.1459	-0.004334	1459	464	0.318	0.06522	0.4838	1432	31.74	-0.1518	-0.01216	1425	984	0.6905	0.05882	1.05	-0.08618	0
chr5	25000000	26000000	0.3491	-0.1021	0.0521	0	0.0625	0	1732	29.94	-0.09189	0.001541	1724	1167	0.6769	0.0625	1.011	1309	31.25	-0.1434	-0.012	1307	753	0.5761	0.0625	0.8603	2003	32.06	-0.1375	-0.007164	1996	1460	0.7315	0.05882	1.092	-0.1009	-0.037
chr5	26000000	27000000	0.3493	-0.1133	0.0359	0	0.0625	0	1354	29.59	-0.1086	-0.004439	1348	769	0.5705	0.05882	0.945	1660	31.19	-0.1462	-0.004543	1646	983	0.5972	0.06	0.9892	1469	31.77	-0.1508	-0.009254	1455	1023	0.7031	0.05882	1.165	-0.1155	0
chr5	27000000	28000000	0.3449	-0.0931	0.0297	0	0.0607	0	1508	30.05	-0.08661	-0.002949	1502	1256	0.8362	0.06	1.243	1312	31.32	-0.1402	-0.01627	1304	778	0.5966	0.06	0.8865	1557	32.3	-0.1267	-0.01179	1548	1123	0.7255	0.05556	1.078	-0.09622	-0.03953
chr5	28000000	29000000	0.3489	-0.0945	0.0275	0	0.0615	0	1505	30.1	-0.08395	0.001801	1496	763	0.51	0.06	1.035	1450	31.28	-0.1418	-0.01866	1437	703	0.4892	0.06	0.9931	1721	32.12	-0.1349	-0.01524	1711	1130	0.6604	0.06466	1.341	-0.0902	-0.04009
chr5	29000000	30000000	0.3466	-0.1073	0.0202	0	0.0633	0	1705	29.74	-0.1015	-0.005043	1695	1012	0.5971	0.06522	0.9888	1958	31.29	-0.1413	-0.006434	1944	1021	0.5252	0.0625	0.8698	2186	32.04	-0.1385	-0.007246	2175	1773	0.8152	0.05814	1.35	-0.09106	-0.04064
chr5	30000000	31000000	0.3563	-0.0916	0.0195	0	0.0652	0	1581	30.26	-0.07618	0.005531	1562	760	0.4866	0.0625	0.8631	1525	31.84	-0.1161	0.0005491	1509	489	0.3241	0.06667	0.5749	1693	32.82	-0.1039	0.008502	1684	988	0.5867	0.05882	1.041	-0.1031	-0.0458
chr5	31000000	32000000	0.417	0.0045	0.0226	0	0.061	0	1686	32.37	0.02102	0.01412	1684	1129	0.6704	0.0625	1.02	1576	35.1	0.02418	0.01246	1572	1028	0.6539	0.05882	0.9947	1959	35.55	0.01157	0.003709	1953	1395	0.7143	0.05556	1.087	-0.1263	0
chr5	32000000	33000000	0.422	0.0269	0.0125	0	0.0594	0	1115	32.52	0.02778	0.005805	1102	778	0.706	0.0641	1.07	968	35.85	0.055	0.02176	964	589	0.611	0.05556	0.9256	1460	36.96	0.06779	0.03195	1442	1044	0.724	0.05263	1.097	-0.174	-0.06711
chr5	33000000	34000000	0.3961	0	0.0084	0	0.0588	0	1633	31.95	0.002204	0.007435	1629	1315	0.8072	0.0625	1.65	1411	34.19	-0.01361	-0.01175	1410	774	0.5489	0.05556	1.122	1585	35.21	-0.002268	0	1578	1048	0.6641	0.06	1.358	-0.1497	-0.04891
chr5	34000000	35000000	0.3989	-0.0016	0.0192	0	0.0605	0	1660	31.8	-0.004944	-0.003596	1641	320	0.195	0.0625	0.3837	1964	33.98	-0.02243	-0.0183	1940	859	0.4428	0.0625	0.8713	2159	34.72	-0.02246	-0.02158	2119	1197	0.5649	0.05556	1.112	-0.1031	-0.03953
chr5	35000000	36000000	0.3924	-0.0057	0.0116	0	0.06	0	1585	31.34	-0.02581	-0.02109	1581	1061	0.6711	0.0625	1.334	1119	34.17	-0.01443	-0.002086	1112	299	0.2689	0.05263	0.5347	1786	34.24	-0.04252	-0.03655	1778	1265	0.7115	0.06	1.415	-0.1122	0
chr5	36000000	37000000	0.3887	0.0077	0.0181	0	0.0588	0	1167	32.27	0.01623	0.005802	1166	778	0.6672	0.05882	1.085	1039	34.34	-0.007212	-0.00634	1038	638	0.6146	0.05882	0.9994	1581	35.23	-0.001516	-0.008557	1573	1120	0.712	0.05882	1.158	-0.122	0
chr5	37000000	38000000	0.4008	0.0174	0.0142	0	0.0588	0	865	32.34	0.01961	0.002669	859	580	0.6752	0.0625	0.9453	1083	34.84	0.01356	-0.005416	1078	716	0.6642	0.05882	0.9299	1220	35.81	0.02205	0.00325	1215	896	0.7374	0.05556	1.032	-0.1186	-0.03653
chr5	38000000	39000000	0.4081	-0.0135	0.0087	0	0.0617	0	949	31.25	-0.02979	-0.02047	945	604	0.6392	0.06	1.004	965	33.78	-0.03116	-0.01631	959	626	0.6528	0.0625	1.025	1248	34.67	-0.02438	-0.015	1238	911	0.7359	0.05556	1.156	-0.1304	-0.04891
chr5	39000000	40000000	0.3747	-0.0485	0.0167	0	0.0617	0	1293	31.09	-0.03736	-0.0005767	1270	687	0.5409	0.05882	0.9272	1552	32.76	-0.07536	-0.0199	1535	1008	0.6567	0.06174	1.126	1809	33.95	-0.05492	0.001975	1792	1285	0.7171	0.05814	1.229	-0.1119	-0.03797
chr5	40000000	41000000	0.3835	-0.0236	0.0207	0	0.0625	0	1650	31	-0.04158	-0.02228	1647	1006	0.6108	0.0641	1.004	1428	33.59	-0.03901	-0.009291	1424	987	0.6931	0.0625	1.139	1817	34.05	-0.05055	-0.02073	1806	1083	0.5997	0.0625	0.9858	-0.1333	0
chr5	41000000	42000000	0.3756	-0.0259	0.0288	0	0.0625	0	1208	31.2	-0.03215	-0.0118	1207	934	0.7738	0.06667	1.092	1193	33.79	-0.03068	0.004024	1190	950	0.7983	0.05882	1.127	1673	34.6	-0.0277	0.002823	1661	1071	0.6448	0.05556	0.9101	-0.1125	-0.039
chr5	42000000	43000000	0.3836	0.0135	0.0281	0	0.0617	0	1096	31.99	0.003909	-0.01469	1086	883	0.8131	0.05814	1.166	1573	33.78	-0.03097	-0.03905	1563	1226	0.7844	0.06098	1.125	1243	35.62	0.01431	0.006402	1236	908	0.7346	0.0625	1.053	-0.09954	-0.04123
chr5	43000000	44000000	0.4028	0.027	0.0143	0	0.0616	0	1013	32.54	0.02847	-0.000212	996	833	0.8363	0.05556	1.468	365	35.74	0.05058	0.0199	356	90	0.2528	0.0633	0.4438	1209	36	0.0299	4.328e-05	1188	624	0.5253	0.06	0.9221	-0.2035	-0.03103
chr5	44000000	45000000	0.3641	-0.0526	0.0226	0	0.0617	0	600	31.51	-0.01815	0.02142	595	231	0.3882	0.0625	0.5678	1090	33.37	-0.04871	0.0177	1086	865	0.7965	0.05814	1.165	1263	33.48	-0.0751	-0.0103	1261	990	0.7851	0.0641	1.148	-0.08496	0
chr5	45000000	46000000	0.3571	-0.1098	0.0553	0	0.0647	0	556	31.12	-0.03606	0.06256	552	495	0.8967	0.06667	1.08	671	31.56	-0.1291	0.002041	667	540	0.8096	0.0625	0.9751	1024	32.72	-0.1081	0.02416	1014	831	0.8195	0.05556	0.987	-0.0458	-0.04307
chr5	46000000	47000000	0.3765	-0.7201	0.1143	1	0.0667	0	2535	19.79	-0.6891	NA	1545	1269	0.8214	0.06522	1.083	1851	17.15	-1.009	NA	963	195	0.2025	0.1	0.2671	2405	23.65	-0.5763	NA	1579	851	0.5389	0.06522	0.7108	-0.1085	-0.074
chr5	47000000	48000000	0.3893	-1.302	0.2465	1	0.118	1	1291	12.73	-1.326	NA	409	228	0.5575	NA	1.075	1134	20.29	-0.7667	NA	569	239	0.42	NA	0.8098	1079	12.2	-1.531	NA	347	157	0.4524	NA	0.8723	-0.2297	0.585
chr5	48000000	49000000	0.3921	NA	NA	1	NA	0	0	NA	NA	NA	0	0	NA	NA	NA	0	NA	NA	NA	0	0	NA	NA	NA	0	NA	NA	NA	0	0	NA	NA	NA	NA	NA
chr5	49000000	50000000	0.3927	-1.591	0.128	1	0.1238	1	3076	11.31	-1.496	NA	915	360	0.3934	NA	0.9178	3068	13.58	-1.345	NA	1036	409	0.3948	NA	0.9209	2688	10.88	-1.697	NA	821	334	0.4068	NA	0.949	-0.09785	0.4016
chr5	50000000	51000000	0.3749	-0.1424	0.0153	0	0.0667	0	2185	28.77	-0.1494	-0.01401	1692	1187	0.7015	0.0614	0.9794	2218	31.2	-0.1457	0.005465	1726	1245	0.7213	0.06	1.007	1894	31.85	-0.147	0.005505	1452	925	0.6371	0.0625	0.8894	-0.1092	0
chr5	51000000	52000000	0.3554	-0.0831	0.0239	0	0.0625	0	1329	30.27	-0.07609	-0.003118	1327	1025	0.7724	0.0625	1.185	1059	32.05	-0.1068	0.002025	1050	495	0.4714	0.0625	0.7234	1297	32.94	-0.09844	0.007155	1290	1037	0.8039	0.05882	1.234	-0.1174	-0.04891
chr5	52000000	53000000	0.359	-0.077	0.0208	0	0.0611	0	1463	30.5	-0.06481	-0.0008679	1455	1024	0.7038	0.0625	1.087	1335	32.36	-0.09311	0.006086	1333	1080	0.8102	0.06098	1.251	1811	33.36	-0.07996	0.01087	1805	1180	0.6537	0.06	1.009	-0.1031	-0.04439
chr5	53000000	54000000	0.3865	-0.0414	0.0156	0	0.06	0	1216	30.85	-0.04864	-0.01361	1216	829	0.6817	0.06098	0.9656	1531	32.95	-0.06676	-0.02023	1527	1249	0.8179	0.05882	1.159	1370	34.53	-0.0304	0.01439	1367	1003	0.7337	0.05882	1.039	-0.1561	-0.04123
chr5	54000000	55000000	0.403	-0.016	0.0226	0	0.0605	0	1848	31.75	-0.007098	0.009047	1838	990	0.5386	0.0625	0.9316	1866	34.35	-0.006938	0.00538	1860	1145	0.6156	0.05882	1.065	1946	34.89	-0.01551	-0.003117	1944	1270	0.6533	0.05882	1.13	-0.122	0
chr5	55000000	56000000	0.3971	0.0367	0.0177	0	0.0564	0	1244	32.08	0.007872	-0.02425	1237	267	0.2158	0.06667	0.3522	1472	34.14	-0.01552	-0.04463	1469	991	0.6746	0.06	1.101	1664	35.95	0.02777	-0.009029	1651	795	0.4815	0.05882	0.7857	-0.1333	-0.04439
chr5	56000000	57000000	0.4136	0.0438	0.0164	0	0.0599	0	1393	32.44	0.02395	-0.02052	1390	1128	0.8115	0.06466	1.131	1064	34.5	-0.0006042	-0.05421	1060	755	0.7123	0.06	0.9923	1549	36.37	0.04463	-0.003358	1545	1278	0.8272	0.05814	1.152	-0.1085	-0.03653
chr5	57000000	58000000	0.3969	-0.0264	0.016	0	0.0621	0	1557	31.59	-0.01422	0.01879	1549	1070	0.6908	0.05556	1.32	1280	33.57	-0.03989	-0.008162	1275	616	0.4831	0.06174	0.9233	1342	34.54	-0.03017	-0.002972	1339	767	0.5728	0.05882	1.095	-0.1193	-0.04731
chr5	58000000	59000000	0.3827	-0.0478	0.0235	0	0.0614	0	1645	31.28	-0.02834	0.01646	1639	886	0.5406	0.05556	0.7855	1583	32.84	-0.07181	-0.01067	1572	913	0.5808	0.0625	0.8439	1810	33.85	-0.05911	-0.007222	1802	1187	0.6587	0.05882	0.9572	-0.09516	-0.0458
chr5	59000000	60000000	0.3731	-0.0499	0.0064	0	0.0625	0	1306	31.02	-0.04071	0	1292	865	0.6695	0.06667	0.954	921	33.17	-0.05734	0.002764	918	606	0.6601	0.05882	0.9406	1702	33.94	-0.05535	0.002366	1681	1218	0.7246	0.05848	1.032	-0.1375	-0.03953
chr5	60000000	61000000	0.3816	-0.0006	0.0209	0	0.0588	0	885	32.11	0.00949	0.005455	885	644	0.7277	0.05556	1.015	881	34.56	0.00187	0.01064	877	688	0.7845	0.0625	1.094	1263	35.35	0.003517	0.01124	1260	939	0.7452	0.06	1.039	-0.1339	-0.04064
chr5	61000000	62000000	0.3992	-0.0005	0.0146	0	0.06	0	1096	32.01	0.004594	0.004287	1089	605	0.5556	0.06	1.053	993	34.6	0.003623	0.007983	987	527	0.5339	0.05882	1.012	1088	35.27	7.676e-05	0.0006644	1079	658	0.6098	0.05941	1.156	-0.1245	-0.01658
chr5	62000000	63000000	0.3968	0.0117	0.0196	0	0.0621	0	1344	32.13	0.01	0.006426	1335	919	0.6884	0.0625	0.9565	1132	34.94	0.01761	0.007891	1127	904	0.8021	0.05848	1.115	1492	35.71	0.01819	0.005419	1470	850	0.5782	0.05882	0.8034	-0.1375	-0.03317
chr5	63000000	64000000	0.364	-0.0543	0.0273	0	0.0608	0	1590	31.04	-0.03944	0.002459	1588	1161	0.7311	0.06	1.084	1511	33.29	-0.0521	0.01939	1504	1086	0.7221	0.05882	1.071	1703	33.54	-0.07219	-0.005776	1695	1185	0.6991	0.06	1.037	-0.1206	0
chr5	64000000	65000000	0.3724	-0.0163	0.0256	0	0.0625	0	1094	31.47	-0.01958	-0.009129	1086	926	0.8527	0.06098	1.172	1154	33.78	-0.0308	-0.006318	1136	961	0.846	0.05882	1.163	1126	34.77	-0.02033	-0.0001841	1119	631	0.5639	0.05882	0.7752	-0.1454	-0.04439
chr5	65000000	66000000	0.383	0.0246	0.0201	0	0.06	0	790	32.36	0.02068	-0.008224	786	524	0.6667	0.05848	1.056	723	34.74	0.009568	-0.005742	721	388	0.5381	0.06	0.8522	1229	35.6	0.01353	-0.005998	1224	1016	0.8301	0.0599	1.314	-0.1454	-0.03953
chr5	66000000	67000000	0.3928	0.0163	0.0272	0	0.0602	0	1078	32.62	0.03182	0.01555	1074	571	0.5317	0.06522	0.8063	1338	35.08	0.02365	0.01725	1333	1134	0.8507	0.06	1.29	1367	35.42	0.006307	-0.01035	1360	907	0.6669	0.05882	1.011	-0.1333	0
chr5	67000000	68000000	0.3858	-0.0198	0.0108	0	0.0588	0	558	31.26	-0.02935	-0.02112	551	152	0.2759	0.05941	0.3611	776	33.7	-0.03422	-0.01038	769	632	0.8218	0.06174	1.076	1266	34.64	-0.02585	0	1250	1018	0.8144	0.05848	1.066	-0.1127	-0.04123
chr5	68000000	69000000	0.4024	0.0207	0.0156	0	0.0602	0	919	32.5	0.02689	0.004804	906	642	0.7086	0.05882	1.121	1184	35.26	0.03078	0.006394	1165	812	0.697	0.05556	1.102	1144	36.12	0.03456	0.01096	1135	859	0.7568	0.05882	1.197	-0.139	-0.03653
chr5	69000000	70000000	0.4042	-0.0457	0.0708	0	0.0599	0	986	29.99	-0.08903	-0.04153	876	455	0.5194	0.0641	0.9738	1047	34.43	-0.0035	0.04506	969	570	0.5882	0.05848	1.103	1029	33.81	-0.06098	-0.01546	957	530	0.5538	0.05556	1.038	-0.1468	0
chr5	70000000	71000000	0.3865	-1.167	0.2834	1	0.0923	1	693	12.19	-1.388	NA	328	29	0.08841	NA	0.8895	558	15.68	-1.139	NA	273	33	0.1209	NA	1.216	676	15.42	-1.194	NA	355	12	0.0338	NA	0.3401	-0.4448	-0.263
chr5	71000000	72000000	0.3973	-0.1064	0.0405	0	0.063	0	1416	29.66	-0.1052	0.004948	1195	860	0.7197	0.06	1.304	1139	31.88	-0.1146	-0.001231	1000	484	0.484	0.0633	0.8768	1399	33.91	-0.05647	0.04911	1257	583	0.4638	0.05556	0.8402	-0.1155	-0.05063
chr5	72000000	73000000	0.404	0.0263	0.0138	0	0.0572	0	611	33.11	0.05347	0.02937	609	432	0.7094	0.05263	0.9892	634	34.98	0.01946	-0.004806	634	455	0.7177	0.0641	1.001	935	36.14	0.03529	0.008808	933	769	0.8242	0.05882	1.149	-0.09466	-0.07497
chr5	73000000	74000000	0.4094	0.0077	0.0203	0	0.0588	0	1209	32.18	0.0123	0.006298	1206	867	0.7189	0.05882	0.9671	915	34.8	0.01209	0.007219	912	677	0.7423	0.05556	0.9986	1469	35.85	0.02368	0.01098	1468	987	0.6723	0.05882	0.9044	-0.1651	-0.0458
chr5	74000000	75000000	0.408	-0.0115	0.0215	0	0.0572	0	1542	31.56	-0.01568	-0.00814	1537	1154	0.7508	0.05882	1.095	1497	34.3	-0.008959	0.002626	1490	1040	0.698	0.05882	1.018	1585	35.41	0.005723	0.01311	1577	990	0.6278	0.05556	0.9154	-0.1449	-0.04064
chr5	75000000	76000000	0.3875	0.0027	0.012	0	0.0577	0	965	31.6	-0.01402	-0.02281	957	804	0.8401	0.06098	1.008	1522	34.15	-0.01512	-0.01245	1507	1063	0.7054	0.05882	0.8464	1340	35.46	0.007935	0.006579	1334	1232	0.9235	0.05556	1.108	-0.1174	-0.039
chr5	76000000	77000000	0.4182	0.0255	0.013	0	0.0588	0	1665	31.76	-0.006415	-0.03307	1654	1163	0.7031	0.0625	1.078	1782	34.93	0.01737	-0.01796	1775	1159	0.653	0.0625	1.001	1672	35.83	0.02293	-0.005422	1660	1093	0.6584	0.05556	1.01	-0.1561	-0.04307
chr5	77000000	78000000	0.4035	0.023	0.0151	0	0.06	0	1324	31.98	0.00347	-0.01939	1318	1018	0.7724	0.06	0.998	1285	35.27	0.03114	0.004946	1275	717	0.5624	0.05556	0.7266	1563	35.94	0.02738	0.003655	1556	1223	0.786	0.05814	1.016	-0.1285	-0.01519
chr5	78000000	79000000	0.3983	0.0483	0.0101	0	0.0591	0	1270	32.55	0.0289	-0.0172	1268	855	0.6743	0.06	1.013	1036	35.63	0.04577	0.003087	1030	475	0.4612	0.06	0.6928	1407	36.8	0.06144	0.01242	1403	1026	0.7313	0.05848	1.099	-0.1651	-0.037
chr5	79000000	80000000	0.404	0.0243	0.0155	0	0.0588	0	1382	32.8	0.04005	0.01795	1356	1113	0.8208	0.06098	1.063	1350	35.14	0.02591	0.003638	1340	997	0.744	0.05882	0.9638	1587	35.74	0.01918	-0.005305	1562	1325	0.8483	0.05556	1.099	-0.1263	0
chr5	80000000	81000000	0.4098	0.0067	0.0169	0	0.06	0	1988	32.02	0.005	-0.0005156	1980	1372	0.6929	0.06174	1.013	1572	34.6	0.003487	-0.003398	1562	1247	0.7983	0.05556	1.167	1903	35.43	0.006688	-0.003031	1894	1423	0.7513	0.05556	1.098	-0.1278	0
chr5	81000000	82000000	0.3921	0.018	0.0206	0	0.0612	0	1006	32.43	0.0236	0.004617	999	674	0.6747	0.0625	0.8859	954	34.51	-0.0002475	-0.009517	949	508	0.5353	0.05556	0.7029	1071	35.26	-0.0001177	-0.01911	1068	831	0.7781	0.06	1.022	-0.09686	0
chr5	82000000	83000000	0.3853	-0.0175	0.0136	0	0.0615	0	1374	31.77	-0.005923	0.005786	1362	887	0.6512	0.0625	1.006	1189	34.12	-0.01639	0.006486	1179	610	0.5174	0.06	0.7991	1381	34.26	-0.04192	-0.01837	1358	844	0.6215	0.05882	0.9598	-0.119	0
chr5	83000000	84000000	0.3649	-0.0337	0.0225	0	0.0605	0	915	31.34	-0.02572	-0.006652	913	706	0.7733	0.06	1.002	680	33.29	-0.05219	-0.002158	680	531	0.7809	0.06	1.011	994	34.32	-0.03917	0.004148	987	621	0.6292	0.05882	0.8149	-0.1105	0
chr5	84000000	85000000	0.3515	-0.0971	0.028	0	0.0629	0	1424	30.26	-0.07643	0.005965	1417	858	0.6055	0.0625	1.013	1245	31.98	-0.1098	0.01805	1241	616	0.4964	0.06522	0.8308	1462	32.2	-0.131	-0.009088	1453	828	0.5699	0.0625	0.9537	-0.09622	0
chr5	85000000	86000000	0.3427	-0.0956	0.0229	0	0.0633	0	2472	30.16	-0.081	0.0009334	2443	1518	0.6214	0.0625	0.8625	2336	31.82	-0.1172	0.01454	2317	1698	0.7328	0.06	1.017	2422	32.03	-0.1388	-0.01563	2411	1632	0.6769	0.0625	0.9396	-0.08092	0
chr5	86000000	87000000	0.3544	-0.0492	0.0195	0	0.0625	0	1470	31.35	-0.02548	0.008038	1456	1012	0.6951	0.0641	1.144	1405	33.44	-0.04545	0.02679	1401	839	0.5989	0.05882	0.9858	1082	33.52	-0.07324	-0.001447	1075	561	0.5219	0.05882	0.859	-0.09954	0
chr5	87000000	88000000	0.3652	-0.0066	0.0333	0	0.0617	0	979	32.15	0.01104	0.002306	971	729	0.7508	0.05882	1.286	970	34.44	-0.002912	0.02217	964	641	0.6649	0.0641	1.139	658	35.2	-0.002608	0.01288	650	277	0.4262	0.06	0.7298	-0.1375	0.03395
chr5	88000000	89000000	0.3702	0.0014	0.0326	0	0.06	0	756	32.72	0.03624	0.02519	754	722	0.9576	0.05882	1.814	838	33.86	-0.02742	-0.01407	838	730	0.8711	0.0625	1.65	569	35.22	-0.002045	0.001498	565	128	0.2265	0.05	0.4292	-0.06228	-0.0458
chr5	89000000	90000000	0.3586	0.0289	0.0191	0	0.0594	0	634	32.81	0.04045	-0.001333	633	333	0.5261	0.05556	0.8039	764	34.82	0.01258	0.003661	760	562	0.7395	0.0625	1.13	541	35.73	0.01896	0.005051	537	194	0.3613	0.05218	0.5521	-0.1058	-0.03519
chr5	90000000	91000000	0.3702	-0.0277	0.0203	0	0.0602	0	1056	31.54	-0.0166	0.001453	1053	763	0.7246	0.0625	1.106	882	33.75	-0.03221	0.01024	881	503	0.5709	0.05556	0.8714	947	34.48	-0.03252	0.0001279	941	697	0.7407	0.05556	1.13	-0.08883	-0.03906
chr5	91000000	92000000	0.3723	-0.0255	0.015	0	0.0597	0	740	31.24	-0.03052	-0.01086	738	315	0.4268	0.06667	0.7704	813	33.96	-0.02351	0.009362	812	416	0.5123	0.05556	0.9248	883	34.55	-0.02951	0.0007123	881	396	0.4495	0.05556	0.8114	-0.1155	-0.03953
chr5	92000000	93000000	0.349	-0.0901	0.0138	0	0.0619	0	766	30.34	-0.07237	0.009539	764	558	0.7304	0.0625	1.114	763	32.14	-0.1028	0.01746	762	505	0.6627	0.05882	1.011	917	32.83	-0.103	0.01458	914	477	0.5219	0.0641	0.7959	-0.114	-0.037
chr5	93000000	94000000	0.3728	-0.0548	0.0309	0	0.0615	0	378	30.82	-0.04988	-0.0003657	372	156	0.4194	0.05263	1.057	305	32.66	-0.0798	-0.01582	305	75	0.2459	0.05556	0.6196	370	33.95	-0.05484	0.005414	364	220	0.6044	0.05662	1.523	-0.06817	-0.03847
chr5	94000000	95000000	0.3679	0.008	0.0103	0	0.0556	0	575	32.31	0.01836	0.001147	575	165	0.287	0.05172	0.4619	639	34.15	-0.01533	-0.01232	637	424	0.6656	0.05882	1.072	519	34.96	-0.01236	-0.008101	519	169	0.3256	0.05556	0.5242	-0.1054	-0.03847
chr5	95000000	96000000	0.3851	0.0374	0.0079	0	0.0603	0	1021	32.61	0.03157	-0.01215	1010	469	0.4644	0.05882	0.714	1079	35.24	0.03009	-0.0003794	1076	825	0.7667	0.05263	1.179	1205	35.93	0.0269	-0.006676	1183	882	0.7456	0.05848	1.146	-0.1293	0
chr5	96000000	97000000	0.3874	0.0554	0.0101	0	0.0594	0	1126	33.36	0.06447	0.002409	1121	682	0.6084	0.05556	1.03	1176	35.53	0.04178	-0.008492	1176	451	0.3835	0.06522	0.649	1046	36.6	0.05365	-0.0004114	1040	688	0.6615	0.05556	1.12	-0.1375	-0.03477
chr5	97000000	98000000	0.3724	0.0309	0.015	0	0.0591	0	1236	32.31	0.01805	-0.0187	1234	138	0.1118	0.05556	0.1752	1212	34.92	0.01676	-0.005956	1209	528	0.4367	0.05882	0.6842	1505	35.48	0.00863	-0.01842	1501	1109	0.7388	0.06	1.158	-0.1278	-0.03953
chr5	98000000	99000000	0.3724	-0.0272	0.0151	0	0.0588	0	1334	31.32	-0.02647	-0.00512	1329	941	0.7081	0.0625	1.162	1132	33.85	-0.02817	0.007215	1120	822	0.7339	0.05882	1.204	1164	34.31	-0.03982	-0.008769	1158	613	0.5294	0.06098	0.8685	-0.1193	-0.03847
chr5	99000000	100000000	0.3601	-0.0502	0.0271	0	0.0625	0	1113	30.35	-0.07228	-0.0371	1066	784	0.7355	0.07143	1.266	1683	32.1	-0.1044	-0.03481	1641	1075	0.6551	0.06667	1.128	640	33.13	-0.09001	-0.02402	618	136	0.2201	0.07143	0.3788	-0.09165	-0.04373
chr5	100000000	101000000	0.3581	-0.0437	0.0251	0	0.0621	0	882	31.41	-0.02273	0.009254	852	398	0.4671	0.05882	0.7395	850	33.27	-0.05272	0.01234	845	261	0.3089	0.0625	0.489	629	33.73	-0.06408	-0.00518	617	92	0.1491	0.06777	0.236	-0.1019	-0.04244
chr5	101000000	102000000	0.3497	-0.0552	0.0262	0	0.0644	0	1323	30.86	-0.04794	-0.001939	1316	700	0.5319	0.06522	0.7289	1031	33.04	-0.06305	0.02352	1027	466	0.4537	0.05556	0.6217	1284	33.35	-0.08059	0.003818	1272	845	0.6643	0.05882	0.9103	-0.1027	0
chr5	102000000	103000000	0.3635	-0.0457	0.0136	0	0.0594	0	1425	30.95	-0.04404	-0.007363	1419	951	0.6702	0.06667	0.997	1689	33.12	-0.05951	0.003963	1678	1231	0.7336	0.05882	1.091	949	34.32	-0.03905	0.01806	945	483	0.5111	0.05556	0.7604	-0.1587	-0.04307
chr5	103000000	104000000	0.3674	-0.0408	0.0152	0	0.0594	0	672	31.38	-0.02397	0.006532	670	509	0.7597	0.06	0.9752	1127	33.3	-0.05181	7.846e-05	1125	972	0.864	0.05814	1.109	1070	34.04	-0.05101	0.002973	1066	726	0.6811	0.05814	0.8743	-0.1096	-0.04731
chr5	104000000	105000000	0.349	-0.0904	0.0142	0	0.0659	0	1410	30.09	-0.08453	-0.002328	1405	955	0.6797	0.06522	0.9783	1303	31.46	-0.1337	-0.01314	1295	651	0.5027	0.06522	0.7235	1302	32.01	-0.14	-0.02204	1302	784	0.6022	0.06667	0.8667	-0.08368	-0.04439
chr5	105000000	106000000	0.3412	-0.1084	0.0217	0	0.0641	0	896	29.76	-0.1002	-0.006365	890	450	0.5056	0.0625	0.8389	820	31.36	-0.1384	0.004652	813	401	0.4932	0.06	0.8184	968	32.02	-0.1395	-0.003227	963	529	0.5493	0.0625	0.9114	-0.1054	-0.04064
chr5	106000000	107000000	0.3481	-0.0981	0.0448	0	0.061	0	1330	30.18	-0.08014	0.008821	1310	840	0.6412	0.0641	1.008	1225	31.32	-0.1401	-0.01642	1214	756	0.6227	0.0641	0.9791	1247	32.31	-0.1263	-0.003058	1217	533	0.438	0.06098	0.6886	-0.105	-0.039
chr5	107000000	108000000	0.3759	-0.0304	0.0178	0	0.0621	0	1175	31.23	-0.03103	-0.006173	1168	825	0.7063	0.06667	0.9644	1259	33.05	-0.06253	-0.02232	1253	782	0.6241	0.06	0.8521	1424	34.67	-0.02465	0.0096	1419	1032	0.7273	0.06	0.993	-0.1325	-0.0902
chr5	108000000	109000000	0.3705	-0.0157	0.0268	0	0.0612	0	1327	31.94	0.001489	0.01466	1321	902	0.6828	0.0625	0.8993	1203	33.82	-0.02919	0.001938	1198	785	0.6553	0.05882	0.863	1455	35.29	0.0008918	0.02463	1454	992	0.6823	0.06	0.8985	-0.1085	-0.06559
chr5	109000000	110000000	0.3804	-0.0391	0.0129	0	0.0625	0	1163	31.97	0.0029	0.03162	1158	753	0.6503	0.05556	0.8824	1203	33.48	-0.04378	0.003372	1195	951	0.7958	0.06098	1.08	1432	34.25	-0.04221	0.0001271	1414	1195	0.8451	0.05556	1.147	-0.09226	-0.04811
chr5	110000000	111000000	0.3692	-0.0443	0.0099	0	0.0594	0	1248	31.91	0.0004677	0.0346	1248	950	0.7612	0.05882	1.121	1155	33.29	-0.05217	0.01264	1154	855	0.7409	0.05814	1.091	793	34.48	-0.03268	0.01656	792	448	0.5657	0.0625	0.8331	-0.09466	-0.01924
chr5	111000000	112000000	0.379	0.0083	0.0167	0	0.0619	0	1163	32.28	0.0171	0.001925	1161	254	0.2188	0.06466	0.3585	1351	34.21	-0.01258	-0.009311	1342	716	0.5335	0.05792	0.8742	1447	35.93	0.02701	0.02385	1437	918	0.6388	0.05882	1.047	-0.122	-0.04731
chr5	112000000	113000000	0.3956	0.043	0.0119	0	0.0591	0	1583	33.04	0.05046	0.01166	1582	1157	0.7314	0.06098	1.115	1219	35.14	0.026	-0.01618	1219	830	0.6809	0.0625	1.038	1800	36.19	0.0375	-0.002743	1794	1313	0.7319	0.05556	1.116	-0.1375	-0.04182
chr5	113000000	114000000	0.3979	0.0072	0.0078	0	0.0594	0	2017	32.3	0.01766	0.01544	2016	1439	0.7138	0.0625	1.216	1894	34.63	0.004743	0.004095	1888	1447	0.7664	0.06	1.306	2325	35.38	0.004636	-0.003548	2323	1362	0.5863	0.05814	0.9988	-0.1193	-0.03562
chr5	114000000	115000000	0.3793	-0.0532	0.0257	0	0.0621	0	1951	31.01	-0.04117	0.004964	1947	1339	0.6877	0.06098	1.003	1852	33.32	-0.0507	0.01406	1842	1243	0.6748	0.06098	0.9838	1990	33.99	-0.05294	0.005576	1981	1500	0.7572	0.05882	1.104	-0.1417	-0.03953
chr5	115000000	116000000	0.3889	0.0132	0.022	0	0.0609	0	1619	32.36	0.02058	0.005095	1611	1217	0.7554	0.0625	1.114	1440	34.57	0.002459	-0.00169	1436	833	0.5801	0.05556	0.8552	1771	36.27	0.0404	0.0281	1769	1261	0.7128	0.06098	1.051	-0.1298	-0.06349
chr5	116000000	117000000	0.3901	0.0112	0.0172	0	0.0587	0	1522	32.19	0.01302	0.000178	1513	809	0.5347	0.05814	0.7885	1499	34.07	-0.01859	-0.02187	1493	702	0.4702	0.05882	0.6934	1643	35.93	0.02685	0.01655	1635	1120	0.685	0.05556	1.01	-0.1263	-0.0458
chr5	117000000	118000000	0.3598	-0.0654	0.0228	0	0.0613	0	1315	31.18	-0.03325	0.01814	1311	1004	0.7658	0.05882	1.082	1343	32.55	-0.08469	0.002337	1336	450	0.3368	0.06049	0.4757	1026	33.42	-0.07767	0.003508	1023	573	0.5601	0.05882	0.7911	-0.09165	-0.0451
chr5	118000000	119000000	0.3709	-0.0299	0.0393	0	0.0597	0	934	31.22	-0.03142	-0.003747	931	673	0.7229	0.0625	1.058	1165	33.53	-0.04153	0.0005164	1164	733	0.6297	0.0625	0.9217	807	34.35	-0.03793	0.004422	803	547	0.6812	0.05263	0.9971	-0.1263	-0.04731
chr5	119000000	120000000	0.3817	0.0288	0.0097	0	0.0585	0	1097	32.27	0.01645	-0.01443	1093	760	0.6953	0.06	0.907	988	35.02	0.02084	0.00207	979	621	0.6343	0.05882	0.8274	1158	35.96	0.02812	0.003514	1154	709	0.6144	0.05882	0.8014	-0.1293	-0.03953
chr5	120000000	121000000	0.3571	-0.0638	0.0229	0	0.0625	0	1155	31.04	-0.03981	0.01281	1150	772	0.6713	0.0625	0.9695	1280	33.11	-0.06001	0.02515	1272	836	0.6572	0.05556	0.9492	1551	32.7	-0.1089	-0.02262	1545	1213	0.7851	0.05882	1.134	-0.09622	0
chr5	121000000	122000000	0.3526	-0.0814	0.0361	0	0.0613	0	1209	30.66	-0.05745	0.01346	1207	799	0.662	0.05882	1.124	1055	32.32	-0.09482	0.01579	1054	660	0.6262	0.0633	1.063	1425	31.99	-0.1405	-0.037	1423	912	0.6409	0.05882	1.088	-0.09622	0
chr5	122000000	123000000	0.3874	-0.0186	0.0224	0	0.0625	0	994	31.07	-0.03845	-0.02651	991	581	0.5863	0.06	0.8605	1029	33.66	-0.036	-0.01227	1026	488	0.4756	0.06049	0.6981	823	33.95	-0.05488	-0.03494	820	257	0.3134	0.05882	0.46	-0.1354	-0.037
chr5	123000000	124000000	0.3795	-0.0044	0.0265	0	0.0591	0	1385	31.76	-0.006736	-0.01036	1377	979	0.711	0.06	0.9962	1163	34.13	-0.01597	-0.0005605	1160	735	0.6336	0.06098	0.8878	1446	35.08	-0.007638	0.001903	1439	863	0.5997	0.05882	0.8403	-0.1454	-0.03653
chr5	124000000	125000000	0.3934	-0.0112	0.0207	0	0.0602	0	1150	31.62	-0.01277	-0.002446	1146	740	0.6457	0.06594	0.9706	1212	33.92	-0.02493	-0.009535	1209	754	0.6237	0.0625	0.9374	1181	35.36	0.003954	0.01433	1181	902	0.7638	0.05685	1.148	-0.1417	-0.06871
chr5	125000000	126000000	0.3685	-0.0339	0.0184	0	0.0588	0	1935	31.6	-0.01393	0.009669	1923	1343	0.6984	0.0625	1.177	1881	33.46	-0.04456	0.001722	1876	1340	0.7143	0.05882	1.204	1839	34.26	-0.04194	0.004166	1831	1053	0.5751	0.05882	0.9693	-0.111	-0.0451
chr5	126000000	127000000	0.4055	0.0318	0.0139	0	0.0605	0	1591	32.51	0.02732	-0.00329	1579	1280	0.8106	0.0625	1.175	1615	35.5	0.04062	0.008973	1603	1105	0.6893	0.05102	0.9992	1937	36.36	0.04406	0.01122	1923	1420	0.7384	0.05848	1.07	-0.1489	-0.03653
chr5	127000000	128000000	0.3892	0.0323	0.0241	0	0.0588	0	1214	32.69	0.03499	0.0004057	1208	890	0.7368	0.05941	1.005	1101	34.87	0.01503	-0.008568	1100	979	0.89	0.05882	1.214	1159	35.75	0.01981	-0.01143	1153	697	0.6045	0.05882	0.8247	-0.1248	-0.03747
chr5	128000000	129000000	0.3722	-0.0339	0.0215	0	0.0611	0	773	31.37	-0.02417	0.00416	771	454	0.5888	0.05848	0.7816	1163	33.06	-0.06217	-0.02163	1161	809	0.6968	0.05882	0.9249	1467	34.41	-0.0355	0.007759	1463	1152	0.7874	0.05882	1.045	-0.1119	0
chr5	129000000	130000000	0.3608	-0.0811	0.0342	0	0.0617	0	1211	30.83	-0.04964	0.0208	1208	587	0.4859	0.06	0.7571	1103	32.3	-0.09553	0.007752	1101	532	0.4832	0.06667	0.7529	1538	33.17	-0.0882	0.009731	1534	1118	0.7288	0.06	1.136	-0.09311	-0.04182
chr5	130000000	131000000	0.367	-0.0246	0.0359	0	0.0625	0	372	31.94	0.001701	0.01535	370	92	0.2486	0.05778	0.4054	310	34.91	0.01645	0.05405	308	15	0.0487	0.08696	0.0794	754	33.98	-0.05339	-0.01653	752	567	0.754	0.05263	1.229	-0.0982	0.039
chr5	131000000	132000000	0.3924	0.0501	0.0344	0	0.06	0	533	32.64	0.0331	-0.01798	529	29	0.05482	0.08696	0.3537	526	35.41	0.03721	-0.006248	523	14	0.02677	0.116	0.1727	830	36.63	0.0547	0.004862	828	732	0.8841	0.05556	5.704	-0.1656	-0.04439
chr5	132000000	133000000	0.4454	0.1066	0.0189	0	0.0588	0	849	33.6	0.07457	-0.02065	844	227	0.269	0.06	0.4578	876	37.2	0.1083	-0.01384	872	166	0.1904	0.05556	0.324	893	38.14	0.113	0.0007657	889	636	0.7154	0.05556	1.218	-0.1745	0
chr5	133000000	134000000	0.4579	0.0831	0.0109	0	0.0556	0	1307	33.85	0.08523	0.01675	1292	1001	0.7748	0.06098	1.162	1323	37.03	0.1015	-0.003944	1309	950	0.7257	0.05556	1.088	1226	37.23	0.07808	-0.01295	1210	809	0.6686	0.05882	1.002	-0.1269	0
chr5	134000000	135000000	0.4493	0.1056	0.0371	0	0.0577	0	628	33.83	0.08436	-0.01524	616	273	0.4432	0.05814	0.8917	601	37.82	0.1319	0.008491	593	313	0.5278	0.04762	1.062	1079	38.33	0.1204	0.009275	1078	862	0.7996	0.05941	1.609	-0.1793	0
chr5	135000000	136000000	0.4572	0.065	0.0056	0	0.0556	0	1386	32.8	0.03981	-0.01058	1372	809	0.5897	0.05556	1.086	1274	36.93	0.09779	0.01442	1265	420	0.332	0.05882	0.6116	1188	37.11	0.07351	0.0008289	1184	921	0.7779	0.06098	1.433	-0.1615	0.03317
chr5	136000000	137000000	0.4082	-0.0116	0.0239	0	0.06	0	1195	31.81	-0.004194	0.005417	1192	698	0.5856	0.06	1.007	1088	34.57	0.002399	0.01672	1087	356	0.3275	0.06066	0.5633	1068	34.99	-0.0113	-0.003839	1060	719	0.6783	0.05556	1.167	-0.1481	0
chr5	137000000	138000000	0.4193	0.0306	0.0157	0	0.0617	0	1287	32.55	0.02901	-0.0001601	1278	819	0.6408	0.0641	1.138	1141	35.66	0.04699	0.009772	1130	561	0.4965	0.06098	0.8813	1155	36.32	0.04268	0.0121	1144	775	0.6774	0.06	1.203	-0.1481	-0.03953
chr5	138000000	139000000	0.4485	0.0476	0.0315	0	0.0625	0	1001	33.37	0.0647	0.02795	997	759	0.7613	0.06098	1.382	986	36.61	0.08496	0.01889	982	619	0.6303	0.0625	1.144	863	36.51	0.05013	-0.004627	855	467	0.5462	0.05556	0.9915	-0.1605	0
chr5	139000000	140000000	0.4741	0.1024	0.0232	0	0.0568	0	716	33.47	0.06901	-0.01585	713	541	0.7588	0.06	1.132	762	37.84	0.1328	0	760	473	0.6224	0.05556	0.9285	354	38.4	0.1229	0.01076	353	247	0.6997	0.05172	1.044	-0.1678	-0.02842
chr5	140000000	141000000	0.4226	0.0695	0.0173	0	0.0594	0	1023	33.15	0.05517	-0.01368	1021	901	0.8825	0.05882	1.375	767	35.89	0.05633	-0.0204	765	487	0.6366	0.06	0.9922	715	37.75	0.09823	0.01769	712	291	0.4087	0.05882	0.637	-0.1783	-0.07215
chr5	141000000	142000000	0.4455	0.0816	0.0218	0	0.0594	0	1081	33.58	0.07369	0.003462	1077	849	0.7883	0.05882	1.121	1091	36.9	0.09652	-0.0008128	1087	752	0.6918	0.06	0.9835	892	37.12	0.07391	-0.01439	889	695	0.7818	0.06	1.111	-0.1417	0
chr5	142000000	143000000	0.4411	0.0398	0.0221	0	0.0625	0	1715	32.78	0.03921	0.001995	1692	1175	0.6944	0.0625	1.021	1743	35.68	0.0481	-0.0002026	1740	1332	0.7655	0.06098	1.126	1238	36.37	0.04463	-0.0002158	1227	948	0.7726	0.05556	1.136	-0.09686	-0.04307
chr5	143000000	144000000	0.397	0.0595	0.0292	0	0.0597	0	1202	32.92	0.04508	-0.008246	1197	965	0.8062	0.06098	1.155	1340	35.93	0.05812	0.004916	1336	874	0.6542	0.05848	0.9371	950	37.18	0.07615	0.01833	945	680	0.7196	0.05814	1.031	-0.1414	-0.0557
chr5	144000000	145000000	0.373	-0.0501	0.0261	0	0.0621	0	1501	31.4	-0.0228	0.01842	1481	1187	0.8015	0.0625	1.122	1597	33.51	-0.04246	0.01813	1587	901	0.5677	0.05556	0.7949	1189	32.93	-0.09892	-0.04113	1171	931	0.795	0.0625	1.113	-0.07529	0.03847
chr5	145000000	146000000	0.3832	-0.0645	0.0303	0	0.0621	0	1333	30.97	-0.04294	0.01704	1313	1019	0.7761	0.0625	1.142	1519	32.91	-0.06875	0.007673	1491	1080	0.7243	0.06	1.066	1083	33.55	-0.07209	-0.001966	1059	647	0.611	0.06098	0.8994	-0.1075	-0.03847
chr5	146000000	147000000	0.4024	-0.0123	0.0085	0	0.0625	0	1307	32.01	0.004607	0.01552	1301	858	0.6595	0.0625	1.235	1154	34.79	0.0114	0.02002	1148	644	0.561	0.05882	1.051	1142	35.05	-0.00869	0.0007142	1139	557	0.489	0.05769	0.9158	-0.1333	0
chr5	147000000	148000000	0.3889	-0.0731	0.0091	0	0.0639	0	1033	30.38	-0.07078	2.952e-05	1019	735	0.7213	0.06667	1.005	1652	32.29	-0.09585	-0.0137	1635	1334	0.8159	0.0625	1.137	1103	33.6	-0.06966	0.004343	1090	785	0.7202	0.05556	1.003	-0.1339	-0.04891
chr5	148000000	149000000	0.3844	-0.0537	0.0081	0	0.0617	0	1632	30.86	-0.04791	0.0004567	1617	1076	0.6654	0.06667	1.187	1818	33.22	-0.05509	0.003755	1805	1218	0.6748	0.06098	1.204	1510	34.04	-0.05114	0.007174	1501	922	0.6143	0.06049	1.096	-0.1375	-0.02915
chr5	149000000	150000000	0.4498	0.0523	0.0158	0	0.0585	0	1144	32.74	0.03729	-0.009766	1134	719	0.634	0.0625	0.9371	1466	36.35	0.07487	0.005361	1448	1122	0.7749	0.05882	1.145	1015	36.66	0.05607	-0.003271	1008	729	0.7232	0.05556	1.069	-0.1699	0
chr5	150000000	151000000	0.4694	0.1319	0.0397	0	0.0588	0	832	34.06	0.09416	-0.02227	831	547	0.6582	0.06098	0.9623	1520	37.75	0.1293	-0.0305	1519	1171	0.7709	0.05556	1.127	847	38.07	0.1106	-0.03261	846	665	0.7861	0.05814	1.149	-0.1799	0
chr5	151000000	152000000	0.4449	0.0863	0.0214	0	0.0556	0	1561	33.72	0.07978	0.005634	1560	1237	0.7929	0.05814	1.038	2079	37.02	0.1013	-0.003071	2072	1536	0.7413	0.05556	0.9707	1527	37.61	0.093	0.0007293	1526	1190	0.7798	0.05263	1.021	-0.1468	0
chr5	152000000	153000000	0.3858	-0.0216	0.0258	0	0.0637	0	1390	31.52	-0.01747	-0.007444	1364	999	0.7324	0.0641	1.015	1944	33.51	-0.04257	-0.01693	1896	1523	0.8033	0.06098	1.113	1085	34.7	-0.02338	0.004274	1067	578	0.5417	0.0641	0.7506	-0.1091	-0.03847
chr5	153000000	154000000	0.3984	-0.0341	0.0151	0	0.06	0	1544	31.43	-0.02161	0.01266	1538	960	0.6242	0.06	0.9613	1807	34.04	-0.01996	0.01961	1790	1354	0.7564	0.05814	1.165	1291	34.42	-0.03494	-0.001525	1280	1037	0.8102	0.0625	1.248	-0.119	-0.03607
chr5	154000000	155000000	0.4426	0.0488	0.0268	0	0.0588	0	1398	33.1	0.05298	0.007588	1396	1103	0.7901	0.06098	1.18	1384	35.72	0.04974	-0.01068	1376	967	0.7028	0.05556	1.049	1153	37.3	0.08075	0.02572	1147	895	0.7803	0.06	1.165	-0.1414	-0.06343
chr5	155000000	156000000	0.3966	-0.0199	0.0176	0	0.0617	0	1460	32.01	0.004835	0.03134	1451	780	0.5376	0.06098	0.8023	1834	34	-0.02175	0	1823	1217	0.6676	0.06098	0.9964	1257	34.57	-0.02888	-0.01054	1254	974	0.7767	0.06098	1.159	-0.1213	-0.04439
chr5	156000000	157000000	0.3885	-0.0206	0.0135	0	0.0612	0	802	32.05	0.00647	0.0234	779	286	0.3671	0.06757	0.5408	1255	34.76	0.01028	0.03894	1223	874	0.7146	0.0625	1.053	702	35.25	-0.0004973	0.02021	675	298	0.4415	0.05882	0.6503	-0.1392	0
chr5	157000000	158000000	0.4292	0.0556	0.0221	0	0.0588	0	1308	33.16	0.05582	0.00347	1305	729	0.5586	0.05882	0.7943	1665	36.33	0.07388	0.0137	1661	1268	0.7634	0.05882	1.085	1500	37.24	0.07863	0.01394	1498	1041	0.6949	0.06	0.9881	-0.1561	-0.03477
chr5	158000000	159000000	0.4039	0.0242	0.0163	0	0.0591	0	1296	32.2	0.01333	-0.009064	1291	940	0.7281	0.05882	1.012	1662	35.38	0.03575	0.00994	1650	1250	0.7576	0.05941	1.053	1293	35.88	0.02493	0.0005421	1286	1060	0.8243	0.05882	1.145	-0.1644	-0.03519
chr5	159000000	160000000	0.4137	0.0312	0.0225	0	0.0607	0	1162	32.36	0.02025	-0.01081	1159	759	0.6549	0.06098	0.8665	1242	35.14	0.0259	-0.01471	1240	842	0.679	0.05556	0.8984	1230	36.15	0.03558	0.0001625	1226	815	0.6648	0.05556	0.8795	-0.1277	-0.03395
chr5	160000000	161000000	0.4242	0.0275	0.0116	0	0.0588	0	1569	32.21	0.01357	-0.006956	1566	1066	0.6807	0.05882	1.214	1470	35.47	0.03935	0.005959	1460	1090	0.7466	0.06	1.332	1633	35.82	0.0224	-0.009089	1627	851	0.523	0.05814	0.9332	-0.152	0
chr5	161000000	162000000	0.3625	-0.0472	0.0158	0	0.0584	0	1116	30.88	-0.04712	-0.005249	1111	612	0.5509	0.05882	0.9639	1275	33.57	-0.03997	0.0299	1272	748	0.5881	0.05882	1.029	1181	33.88	-0.05801	1.142e-05	1171	727	0.6208	0.05814	1.086	-0.1339	-0.03477
chr5	162000000	163000000	0.3634	-0.0898	0.0164	0	0.0613	0	1601	30.35	-0.07222	0.009806	1589	1000	0.6293	0.05882	1.098	1375	31.96	-0.111	-0.002836	1366	710	0.5198	0.05941	0.9068	1312	32.88	-0.1009	0	1311	438	0.3341	0.06	0.5829	-0.078	-0.03847
chr5	163000000	164000000	0.3784	-0.0511	0.0116	0	0.0588	0	1635	30.59	-0.06087	-0.0132	1629	1032	0.6335	0.06667	1.012	1749	33.19	-0.05625	0.006644	1743	1093	0.6271	0.05556	1.002	1542	34.05	-0.05053	0.005126	1536	997	0.6491	0.0625	1.037	-0.1375	-0.03847
chr5	164000000	165000000	0.3563	-0.0998	0.0258	0	0.0625	0	1016	30.24	-0.07709	0.01282	1001	539	0.5385	0.05319	0.8457	1194	31.71	-0.1224	0.002453	1182	866	0.7327	0.0641	1.151	937	32.44	-0.1205	1.439e-05	927	424	0.4574	0.05556	0.7184	-0.1009	-0.04123
chr5	165000000	166000000	0.3609	-0.1189	0.0329	0	0.0649	0	1358	30.04	-0.0869	0.0218	1356	1249	0.9211	0.06522	1.16	1637	31.7	-0.1227	0.01778	1635	1286	0.7865	0.0633	0.9906	1242	32.03	-0.1389	-0.001506	1237	1109	0.8965	0.06	1.129	-0.06817	0
chr5	166000000	167000000	0.3783	-0.0984	0.0416	0	0.0625	0	1143	30.08	-0.08474	0.01024	1134	637	0.5617	0.06522	0.9713	1219	31.07	-0.1518	-0.03979	1207	731	0.6056	0.0625	1.047	1102	32.08	-0.1365	-0.03384	1094	594	0.543	0.0625	0.9389	-0.0902	-0.04439
chr5	167000000	168000000	0.3882	-0.0814	0.0228	0	0.0625	0	1215	31.32	-0.02662	0.04985	1207	866	0.7175	0.05882	1.26	1223	32.71	-0.07721	0.01215	1213	886	0.7304	0.0625	1.283	926	32.78	-0.1054	-0.02281	924	456	0.4935	0.0625	0.8667	-0.05889	0
chr5	168000000	169000000	0.4476	0.0091	0.0136	0	0.06	0	1262	32.48	0.02575	0.0275	1251	978	0.7818	0.06	1.025	1284	35.16	0.02661	-0.0005532	1276	1031	0.808	0.06	1.06	1054	35.75	0.01965	0.006533	1046	829	0.7925	0.05882	1.039	-0.1481	-0.03653
chr5	169000000	170000000	0.4213	0.0367	0.0153	0	0.0588	0	1509	32.77	0.03841	0.005798	1506	1194	0.7928	0.05882	1.045	1807	35.87	0.05568	0.01148	1802	1383	0.7675	0.05556	1.012	1132	36.41	0.04596	0.003359	1128	952	0.844	0.05556	1.113	-0.1628	-0.04811
chr5	170000000	171000000	0.4414	0.0406	0.0042	0	0.0594	0	1887	32.76	0.03818	0.0003342	1877	1436	0.7651	0.06	1.272	1818	35.73	0.04992	0	1807	1425	0.7886	0.05556	1.311	1463	36.2	0.03769	-0.007956	1456	742	0.5096	0.06	0.8475	-0.1271	0
chr5	171000000	172000000	0.4309	0.0422	0.0147	0	0.061	0	1324	32.22	0.01442	-0.02329	1314	853	0.6492	0.0625	1.093	1192	36.05	0.06304	0.01287	1190	851	0.7151	0.05882	1.204	1277	35.88	0.02502	-0.02054	1270	721	0.5677	0.05556	0.9558	-0.1675	0
chr5	172000000	173000000	0.4784	0.0943	0.0193	0	0.061	0	1836	33.61	0.07529	-0.0003669	1820	1158	0.6363	0.06098	0.9488	1759	37.62	0.1242	0.000932	1754	1152	0.6568	0.05556	0.9794	1723	37.91	0.1044	0	1718	1295	0.7538	0.05556	1.124	-0.1699	0
chr5	173000000	174000000	0.4499	0.0745	0.0255	0	0.0588	0	1761	33.64	0.07653	0.007268	1745	1213	0.6951	0.06	0.9979	1757	36.66	0.08699	-0.003916	1747	1206	0.6903	0.06	0.991	1567	37.91	0.1043	0.02117	1557	1155	0.7418	0.05556	1.065	-0.1543	-0.07215
chr5	174000000	175000000	0.4381	-0.0045	0.0136	0	0.0594	0	2099	32.1	0.009032	0.01848	2074	1471	0.7093	0.05882	1.192	1847	35.11	0.02478	0.01686	1816	1169	0.6437	0.05556	1.082	1768	35.07	-0.008119	-0.008787	1719	970	0.5643	0.06098	0.9482	-0.09954	-0.02919
chr5	175000000	176000000	0.4431	0.0126	0.0268	0	0.0622	0	1445	31.75	-0.006904	-0.0124	1405	1006	0.716	0.0641	1.037	1181	35.15	0.02625	0.002755	1134	775	0.6834	0.05882	0.9902	1454	35.73	0.01882	0.001248	1408	988	0.7017	0.06667	1.017	-0.1699	-0.04731
chr5	176000000	177000000	0.4814	0.0934	0.0342	0	0.0659	0	1466	32.29	0.01722	-0.05581	1351	791	0.5855	0.06757	1.093	1412	37.21	0.1086	-0.01506	1351	678	0.5019	0.05882	0.937	1169	38.72	0.1349	0.03261	1127	433	0.3842	0.0625	0.7173	-0.2088	-0.03477
chr5	177000000	178000000	0.4786	-0.0243	0.0482	0	0.0667	0	1326	30.85	-0.04863	-0.005687	1198	829	0.692	0.06667	1.283	1249	35.17	0.02712	0.02151	1140	774	0.6789	0.05882	1.259	1412	35.25	-0.0005462	0.0137	1249	662	0.53	0.06098	0.983	-0.1986	-0.03847
chr5	178000000	179000000	0.4803	0.0564	0.0102	0	0.0588	0	2134	33.04	0.05042	0.01267	2080	1523	0.7322	0.0641	1.094	2312	36.26	0.0713	-0.01582	2261	1434	0.6342	0.05769	0.9473	2073	36.64	0.05519	-0.01006	2035	1419	0.6973	0.05882	1.042	-0.1409	0
chr5	179000000	180000000	0.4944	0.0609	0.0195	0	0.0617	0	1800	33.17	0.05598	0.01956	1762	1117	0.6339	0.0625	1.129	1746	36.97	0.09924	0.0053	1704	1092	0.6408	0.05556	1.142	1906	37.47	0.08755	0.0143	1866	1274	0.6827	0.05792	1.216	-0.1699	0
chr5	180000000	181000000	0.4633	0.0599	0.0094	0	0.06	0	1934	33.1	0.05318	0.005241	1879	1157	0.6158	0.0625	0.9614	1873	36.27	0.07183	-0.01302	1831	1241	0.6778	0.05556	1.058	1639	37.18	0.07645	0.005061	1598	1044	0.6533	0.05814	1.02	-0.1339	0
chr5	181000000	181538259	0.4585	-0.0158	0.0922	0	0.0687	0	379	29.59	-0.1085	-0.07859	300	172	0.5733	0.06522	0.7768	712	36.29	0.07243	0.06423	626	493	0.7875	0.05263	1.067	330	32.97	-0.0969	-0.08962	243	98	0.4033	0.08199	0.5464	-0.1343	0
chr6	0	1000000	0.4304	0.1905	0.0516	0	0.0695	0	1963	35.33	0.147	-0.04014	1865	1413	0.7576	0.075	1.215	1890	39.22	0.1846	-0.01442	1776	1141	0.6425	0.0641	1.031	1808	39.35	0.158	-0.0396	1729	1189	0.6877	0.06667	1.103	-0.2035	0.07039
chr6	1000000	2000000	0.4409	0.0497	0.0086	0	0.0617	0	2017	32.84	0.04191	-0.004928	1964	1532	0.78	0.06049	1.177	1681	35.97	0.05983	0.0009761	1629	1082	0.6642	0.05814	1.002	2098	35.96	0.02808	-0.02667	2039	1388	0.6807	0.05882	1.027	-0.1375	0
chr6	2000000	3000000	0.4211	0.0626	0.0206	0	0.0596	0	1856	32.96	0.04679	-0.01228	1836	1311	0.7141	0.06	1.196	1543	35.95	0.05904	-0.01017	1532	909	0.5933	0.05556	0.9937	1789	36.68	0.05684	-0.01055	1781	1137	0.6384	0.05882	1.069	-0.152	-0.03653
chr6	3000000	4000000	0.4577	0.0825	0.0143	0	0.0599	0	1626	33.7	0.07886	0.01097	1602	1149	0.7172	0.06	1.119	1615	37.38	0.1151	0.01115	1602	1128	0.7041	0.05941	1.098	1667	38.07	0.1103	0.02003	1640	934	0.5695	0.05556	0.8883	-0.152	0
chr6	4000000	5000000	0.4224	0.0097	0.0149	0	0.0605	0	1288	32.09	0.008334	0.002721	1279	630	0.4926	0.0625	0.7649	1882	34.92	0.01693	-0.001444	1872	1245	0.6651	0.05556	1.033	1592	35.85	0.02381	0.003133	1578	920	0.583	0.05556	0.9053	-0.1333	-0.04182
chr6	5000000	6000000	0.4284	0.043	0.0178	0	0.0613	0	1237	33.18	0.05675	0.01783	1230	904	0.735	0.06	1.188	1465	35.58	0.04389	-0.004577	1454	1058	0.7276	0.05556	1.176	1306	36.72	0.05848	0.008381	1302	891	0.6843	0.05882	1.106	-0.1454	-0.03953
chr6	6000000	7000000	0.4282	0.0623	0.0161	0	0.0625	0	1722	32.57	0.02978	-0.02844	1686	1033	0.6127	0.0625	0.9831	1711	36.02	0.06184	-0.005934	1688	1026	0.6078	0.05685	0.9753	1864	36.22	0.03858	-0.0308	1839	1232	0.6699	0.05882	1.075	-0.1497	-0.03317
chr6	7000000	8000000	0.4368	0.052	0.0244	0	0.0594	0	1402	32.95	0.04643	0.002641	1394	738	0.5294	0.0625	0.9317	1421	36.01	0.06143	-0.002413	1412	750	0.5312	0.05556	0.9348	1740	37.15	0.07511	0.01545	1728	1201	0.695	0.05814	1.223	-0.1449	-0.03607
chr6	8000000	9000000	0.3847	-0.0238	0.0143	0	0.0611	0	2007	32.27	0.0165	0.03451	2003	701	0.35	0.0625	0.5108	2082	34.39	-0.004962	0.02296	2073	1560	0.7525	0.05882	1.098	2136	34.96	-0.01265	0.01675	2126	991	0.4661	0.06098	0.6804	-0.1119	-0.02857
chr6	9000000	10000000	0.3736	-0.0386	0.0124	0	0.0617	0	1153	31.4	-0.0232	0.002319	1144	747	0.653	0.06	1.016	1224	33.39	-0.04778	0.002295	1215	686	0.5646	0.0633	0.8785	1263	33.38	-0.07914	-0.03038	1253	859	0.6856	0.0625	1.067	-0.09165	0.0385
chr6	10000000	11000000	0.4205	0.0209	0.0203	0	0.0594	0	1718	32.32	0.01875	0.0007097	1714	1257	0.7334	0.06	1.085	1735	35.46	0.03922	0.01285	1723	1309	0.7597	0.05814	1.124	1316	35.84	0.02343	0	1314	899	0.6842	0.05556	1.012	-0.1375	-0.04064
chr6	11000000	12000000	0.4127	0.0819	0.0184	0	0.0556	0	1789	33.24	0.05897	-0.018	1783	1137	0.6377	0.05882	1.089	1708	36.62	0.08534	0.0002686	1706	1176	0.6893	0.05263	1.177	1758	37.54	0.09026	0.005101	1754	1037	0.5912	0.05556	1.009	-0.1779	-0.04307
chr6	12000000	13000000	0.3975	0.0389	0.0222	0	0.0597	0	1450	32.52	0.02756	-0.006184	1435	1128	0.7861	0.0625	1.173	1491	35.3	0.0326	0.0006729	1478	1137	0.7693	0.05814	1.148	1172	36.05	0.03184	-0.008049	1169	799	0.6835	0.06098	1.02	-0.1375	-0.04439
chr6	13000000	14000000	0.4214	0.0698	0.0062	0	0.0588	0	1753	33.25	0.05959	-0.006677	1742	1365	0.7836	0.05882	1.301	1615	36.22	0.06981	-0.007497	1601	1139	0.7114	0.05556	1.181	1516	37.62	0.09331	0.01658	1512	680	0.4497	0.05319	0.7468	-0.1699	-0.08017
chr6	14000000	15000000	0.4352	0.0384	0.0177	0	0.0587	0	1720	32.46	0.02471	-0.007253	1713	1203	0.7023	0.05556	1.145	1685	35.85	0.0549	0.004665	1681	1106	0.6579	0.05792	1.073	1188	37	0.0692	0.03095	1184	514	0.4341	0.05882	0.7077	-0.1745	-0.04891
chr6	15000000	16000000	0.4318	0.0342	0.0084	0	0.0617	0	1557	32.24	0.01503	-0.008825	1550	1063	0.6858	0.06	1.077	1396	35.44	0.03835	-0.006479	1390	834	0.6	0.05941	0.9424	1100	36.16	0.03627	5.453e-05	1094	522	0.4771	0.05172	0.7494	-0.1357	-0.03207
chr6	16000000	17000000	0.4196	0.0644	0.0208	0	0.0599	0	1417	32.84	0.04166	-0.02148	1412	971	0.6877	0.06	0.9882	1486	35.87	0.05582	-0.01538	1481	1146	0.7738	0.05814	1.112	1261	37.32	0.08162	0.01742	1258	758	0.6025	0.05	0.8658	-0.172	-0.039
chr6	17000000	18000000	0.4162	-0.0067	0.0155	0	0.0594	0	1212	31.85	-0.00257	0.0009433	1206	839	0.6957	0.06	1.026	1344	34.55	0.001426	0.004677	1336	1045	0.7822	0.05556	1.153	970	34.91	-0.0146	-0.007861	967	462	0.4778	0.05437	0.7046	-0.119	-0.03847
chr6	18000000	19000000	0.3966	-0.0478	0.012	0	0.0621	0	1666	30.93	-0.04498	0.009427	1651	1239	0.7505	0.06098	1.217	1434	33.71	-0.03406	0.0156	1432	1007	0.7032	0.05882	1.14	1695	33.86	-0.05858	-0.01235	1677	718	0.4281	0.05882	0.6941	-0.1375	0
chr6	19000000	20000000	0.3862	-0.0631	0.0172	0	0.061	0	1820	31.02	-0.04042	0.01742	1809	1434	0.7927	0.06174	1.051	1620	33.16	-0.05776	0.01048	1612	1407	0.8728	0.05556	1.157	1238	33.11	-0.09081	-0.02371	1226	544	0.4437	0.05556	0.5882	-0.09954	0
chr6	20000000	21000000	0.4016	-0.0072	0.0094	0	0.06	0	1633	31.62	-0.01306	-0.006677	1631	1165	0.7143	0.05882	1.115	1707	34.04	-0.02003	-0.01372	1705	1210	0.7097	0.05882	1.108	1349	35.18	-0.003358	0.006118	1344	726	0.5402	0.06174	0.8431	-0.1375	-0.039
chr6	21000000	22000000	0.4155	-0.0125	0.0196	0	0.0605	0	1653	31.51	-0.01778	-0.005821	1643	1260	0.7669	0.0641	1.169	1680	33.9	-0.02577	-0.0159	1674	1299	0.776	0.05556	1.183	1373	35.25	-0.0004567	0.01208	1365	820	0.6007	0.05556	0.9155	-0.142	-0.06413
chr6	22000000	23000000	0.377	-0.0677	0.0253	0	0.0625	0	1909	30.57	-0.06179	0.0008984	1890	1136	0.6011	0.06667	1.052	1861	32.54	-0.08501	-0.006299	1846	1286	0.6966	0.06098	1.22	1846	33.69	-0.06585	0.005763	1833	1048	0.5717	0.0641	1.001	-0.142	-0.04307
chr6	23000000	24000000	0.3705	-0.0725	0.0205	0	0.0613	0	1818	30.91	-0.0455	0.02448	1813	1015	0.5598	0.06667	0.9466	1936	32.41	-0.09056	-0.002629	1920	1093	0.5693	0.0641	0.9626	1935	33.07	-0.09279	-0.01226	1922	1277	0.6644	0.05882	1.123	-0.08746	-0.03847
chr6	24000000	25000000	0.4075	0.0369	0.014	0	0.0592	0	1961	32.24	0.01527	-0.01927	1953	1331	0.6815	0.06098	1.131	1756	35.09	0.02405	-0.01277	1750	1226	0.7006	0.05556	1.162	1924	36.47	0.0485	0.007434	1915	1153	0.6021	0.06098	0.999	-0.1375	-0.078
chr6	25000000	26000000	0.3956	0.0341	0.0122	0	0.0588	0	1703	32.39	0.02193	-0.007974	1700	1313	0.7724	0.05882	1.124	1494	35.39	0.03629	0.003003	1487	943	0.6342	0.05814	0.9228	1353	35.93	0.02687	-0.004476	1349	760	0.5634	0.05685	0.8198	-0.124	-0.04307
chr6	26000000	27000000	0.4127	-0.0064	0.0159	0	0.06	0	1406	31.39	-0.02335	-0.01202	1357	371	0.2734	0.06	0.3576	1703	35.36	0.03505	0.03828	1644	1163	0.7074	0.05556	0.9253	1488	35.27	-2.484e-05	0.003113	1425	800	0.5614	0.05882	0.7343	-0.1605	-0.03171
chr6	27000000	28000000	0.4107	-0.0208	0.0186	0	0.0572	0	1153	31.3	-0.02745	-0.007369	1143	740	0.6474	0.06	0.9196	1245	33.8	-0.02997	-0.0152	1239	945	0.7627	0.06098	1.083	1063	35.92	0.02653	0.04726	1054	794	0.7533	0.05848	1.07	-0.1635	-0.08489
chr6	28000000	29000000	0.4118	0.0074	0.0222	0	0.0588	0	1475	31.53	-0.01693	-0.01943	1469	1065	0.725	0.06522	1.006	959	34.61	0.004128	-0.008961	956	861	0.9006	0.05556	1.249	1041	35.99	0.02922	0.01541	1037	929	0.8959	0.05556	1.243	-0.1629	-0.08132
chr6	29000000	30000000	0.416	0.0692	0.0345	0	0.0588	0	3984	33.28	0.06103	-0.008804	3939	1989	0.505	0.06098	0.7901	4543	34.3	-0.008728	-0.08169	4395	2738	0.623	0.06757	0.9748	4830	38.81	0.1383	0.06639	4720	3093	0.6553	0.06757	1.025	-0.08746	-0.241
chr6	30000000	31000000	0.4577	0.0834	0.0285	0	0.0575	0	2083	33.18	0.05645	-0.01233	2079	1951	0.9384	0.05556	1.224	1746	37.5	0.1196	0.01481	1742	1612	0.9254	0.05556	1.207	2485	38.1	0.1115	0.02029	2479	1944	0.7842	0.05556	1.023	-0.1651	0
chr6	31000000	32000000	0.4833	0.0774	0.0374	0	0.0591	0	4937	32.03	0.005871	-0.04693	4890	2502	0.5117	0.06	0.764	5627	36.88	0.09578	-0.01261	5572	3655	0.656	0.05556	0.9795	4627	37.27	0.07982	-0.005843	4558	2885	0.633	0.05814	0.9451	-0.1844	0
chr6	32000000	33000000	0.4367	-0.0365	0.1284	1	0.0625	0	12391	31.12	-0.03583	NA	11807	8786	0.7441	0.0625	1.119	11461	33.38	-0.04804	NA	10966	6849	0.6246	0.06	0.9392	11454	31.84	-0.1476	NA	10911	5552	0.5088	0.05882	0.7652	-0.06054	0.0902
chr6	33000000	34000000	0.4969	0.1199	0.0283	0	0.06	0	1846	33.63	0.07596	-0.01163	1840	1461	0.794	0.0625	1.072	2137	38.04	0.1405	-0.01105	2132	1461	0.6853	0.05556	0.925	1903	38.45	0.1249	-0.006792	1894	1369	0.7228	0.05319	0.9757	-0.1836	-0.03607
chr6	34000000	35000000	0.4711	0.0962	0.0339	0	0.0588	0	935	33.23	0.05873	-0.022	923	528	0.572	0.05556	0.9173	1067	37.58	0.1227	-0.004936	1060	664	0.6264	0.05556	1.005	684	38.03	0.109	0.002502	681	219	0.3216	0.06	0.5157	-0.2095	0
chr6	35000000	36000000	0.4612	0.0983	0.025	0	0.0588	0	689	33.56	0.07295	-0.01338	685	4	0.005839	NA	0.01129	1128	37.72	0.128	0.008724	1119	675	0.6032	0.05556	1.166	973	38.38	0.1219	0.0114	971	657	0.6766	0.05814	1.308	-0.1746	0
chr6	36000000	37000000	0.4594	0.1257	0.023	0	0.0585	0	832	34.58	0.116	0.006749	832	471	0.5661	0.06	0.8129	1133	37.89	0.1346	-0.01213	1131	793	0.7011	0.05556	1.007	912	38.5	0.1266	-0.009408	911	637	0.6992	0.05263	1.004	-0.1822	-0.03104
chr6	37000000	38000000	0.4589	0.1058	0.0354	0	0.0615	0	1291	33.63	0.07593	-0.01473	1284	901	0.7017	0.0625	1.083	1524	37.37	0.1147	-0.01429	1503	989	0.658	0.05556	1.015	1192	38.6	0.1303	0.01608	1178	954	0.8098	0.05556	1.25	-0.1822	-0.03477
chr6	38000000	39000000	0.4022	0.0517	0.0262	0	0.0597	0	1314	32.57	0.02983	-0.02325	1305	960	0.7356	0.05814	1.073	1304	35.86	0.05538	0.001003	1299	996	0.7667	0.05556	1.118	1568	36.44	0.04728	-0.007317	1560	1239	0.7942	0.05882	1.158	-0.1255	-0.04439
chr6	39000000	40000000	0.4409	0.0424	0.0213	0	0.06	0	1126	32.85	0.0423	0.002759	1120	415	0.3705	0.0641	0.5664	1229	35.73	0.05008	-0.001468	1214	636	0.5239	0.05882	0.8008	1563	36.66	0.05595	0.008508	1554	1055	0.6789	0.05556	1.038	-0.1333	-0.04891
chr6	40000000	41000000	0.4525	0.0163	0.0146	0	0.0597	0	1167	31.86	-0.002061	-0.009035	1150	463	0.4026	0.0625	0.7363	1333	35.26	0.03094	-0.004868	1325	723	0.5457	0.05882	0.9979	1512	35.95	0.0277	0.007056	1499	966	0.6444	0.05882	1.179	-0.1745	-0.03953
chr6	41000000	42000000	0.4708	0.0829	0.0214	0	0.0556	0	957	33.65	0.07687	0.005716	946	607	0.6416	0.05882	1.029	1181	37	0.1004	-0.0128	1175	833	0.7089	0.05172	1.136	992	37.46	0.08701	-0.006644	985	562	0.5706	0.06098	0.9146	-0.122	0
chr6	42000000	43000000	0.4543	0.0805	0.0198	0	0.0597	0	861	33.4	0.06603	-1.409e-05	851	540	0.6345	0.05941	0.9625	1176	36.72	0.0893	-0.009768	1172	884	0.7543	0.05556	1.144	1133	37.35	0.08282	-0.003143	1125	839	0.7458	0.05556	1.131	-0.1543	0
chr6	43000000	44000000	0.4917	0.1327	0.0294	0	0.0587	0	752	34.58	0.1164	0.01489	748	517	0.6912	0.05556	1.25	662	38.21	0.1469	-0.02139	659	420	0.6373	0.05	1.153	683	39.19	0.1522	0.006404	678	335	0.4941	0.05814	0.8938	-0.1584	-0.03395
chr6	44000000	45000000	0.4521	0.071	0.0176	0	0.0587	0	1255	33.03	0.04999	-0.01297	1240	694	0.5597	0.05556	0.9797	1319	37	0.1003	0.009901	1312	781	0.5953	0.05319	1.042	1520	37.07	0.07212	-0.004344	1512	1024	0.6772	0.05556	1.185	-0.1575	0
chr6	45000000	46000000	0.395	-0.0178	0.0199	0	0.0594	0	1236	31.66	-0.01113	0.006417	1232	931	0.7557	0.05556	1.084	1210	34.55	0.001706	0.02304	1203	950	0.7897	0.05882	1.132	1262	34.61	-0.02699	-0.0039	1262	950	0.7528	0.05882	1.079	-0.1278	0
chr6	46000000	47000000	0.3934	-0.0135	0.0088	0	0.0588	0	1504	31.6	-0.0139	-0.001275	1497	1000	0.668	0.05941	1.023	1267	33.77	-0.03145	-0.01376	1258	886	0.7043	0.0625	1.079	1402	35.18	-0.003684	0.008997	1398	932	0.6667	0.05882	1.021	-0.1304	-0.05346
chr6	47000000	48000000	0.3889	0.0068	0.0282	0	0.0617	0	1378	32	0.004538	-0.004551	1375	677	0.4924	0.06	0.8517	1315	33.77	-0.03121	-0.02895	1311	747	0.5698	0.06098	0.9856	1792	35.54	0.01106	0.005168	1788	1131	0.6326	0.05882	1.094	-0.1227	-0.04731
chr6	48000000	49000000	0.3566	-0.0792	0.0261	0	0.06	0	1774	30.6	-0.06003	0.009042	1765	1240	0.7025	0.0625	1.043	1722	32.13	-0.1034	0	1711	1181	0.6902	0.06098	1.025	1721	32.87	-0.1017	-0.001731	1713	1214	0.7087	0.05882	1.052	-0.09311	-0.04064
chr6	49000000	50000000	0.3625	-0.0791	0.023	0	0.0588	0	1498	30.51	-0.06431	0.00946	1493	799	0.5352	0.0641	1.244	1422	32.03	-0.1078	-0.006084	1409	597	0.4237	0.05556	0.9847	1541	33.7	-0.06573	0.02419	1537	864	0.5621	0.06049	1.306	-0.09311	-0.04736
chr6	50000000	51000000	0.3661	-0.0853	0.0203	0	0.0625	0	1364	30.31	-0.07385	0	1358	1040	0.7658	0.06522	1.097	1272	32.3	-0.09579	0.008162	1267	872	0.6882	0.06174	0.9859	1214	33.14	-0.08959	0.009316	1211	876	0.7234	0.06	1.036	-0.09954	-0.04182
chr6	51000000	52000000	0.3761	-0.0358	0.0214	0	0.0625	0	1299	31.56	-0.01562	0.0141	1288	463	0.3595	0.0625	0.6037	1615	33.49	-0.04357	0.002584	1599	1162	0.7267	0.05882	1.221	1333	33.95	-0.05469	-0.01416	1317	428	0.325	0.0625	0.5458	-0.09311	-0.04064
chr6	52000000	53000000	0.4191	0.0635	0.017	0	0.0591	0	1783	32.71	0.0358	-0.02643	1769	1073	0.6066	0.06	1.069	1645	36.17	0.06775	-0.002883	1633	880	0.5389	0.05556	0.9497	1506	36.96	0.06766	0.004204	1502	821	0.5466	0.05556	0.9633	-0.1806	-0.04064
chr6	53000000	54000000	0.4061	0.0103	0.0108	0	0.0585	0	1493	32.06	0.006881	-0.002417	1488	1150	0.7728	0.05556	1.222	1493	34.77	0.01077	-0.0009693	1490	1129	0.7577	0.05882	1.198	1545	35.25	-0.0005434	-0.0128	1540	899	0.5838	0.05814	0.9227	-0.1333	0
chr6	54000000	55000000	0.3613	-0.0551	0.0174	0	0.0605	0	1489	30.81	-0.05051	-0.006073	1485	973	0.6552	0.06522	1.011	1499	32.43	-0.08963	-0.01503	1494	948	0.6345	0.05941	0.9795	1745	33.35	-0.0806	-0.008305	1737	1162	0.669	0.05882	1.033	-0.1186	-0.04307
chr6	55000000	56000000	0.3528	-0.0716	0.0215	0	0.0629	0	1734	30.4	-0.06944	-0.01222	1727	1206	0.6983	0.06522	1.162	1849	32.51	-0.08616	0.01263	1832	1406	0.7675	0.05814	1.277	1788	33.16	-0.08882	0.005525	1757	1036	0.5896	0.05556	0.9809	-0.0902	-0.03847
chr6	56000000	57000000	0.3769	-0.0197	0.0431	0	0.0583	0	1074	32.22	0.01406	0.02945	1059	868	0.8196	0.05556	1.282	978	33.89	-0.0263	0.003785	961	365	0.3798	0.06667	0.594	983	35.63	0.01501	0.03802	969	802	0.8277	0.05685	1.294	-0.1085	-0.04064
chr6	57000000	58000000	0.3812	-0.0108	0.026	0	0.0615	0	604	31.37	-0.02433	-0.02081	602	165	0.2741	0.04762	0.5122	806	34.11	-0.01705	0	803	661	0.8232	0.05814	1.538	856	35.17	-0.004031	0.01191	848	456	0.5377	0.05556	1.005	-0.1552	-0.0458
chr6	58000000	59000000	0.3858	-0.317	0.1552	1	0.0654	0	1261	28.35	-0.1705	NA	820	407	0.4963	0.1129	1.063	1068	25.85	-0.4168	NA	693	306	0.4416	0.06757	0.9455	1175	28.08	-0.3285	NA	791	336	0.4248	0.1429	0.9096	-0.1339	-0.05063
chr6	59000000	60000000	0.3992	-2.312	0.1385	1	0.0774	0	767	5.829	-2.453	NA	85	27	0.3176	0.07143	1.255	741	6.274	-2.46	NA	85	19	0.2235	0.08621	0.8828	841	7.608	-2.213	NA	144	51	0.3542	0.09259	1.399	-0.585	-0.8074
chr6	60000000	61000000	0.3723	-0.0954	0.0158	0	0.0633	0	1253	30.07	-0.08547	0.004083	1236	946	0.7654	0.0625	0.956	1239	32.17	-0.1015	0.001314	1222	1185	0.9697	0.06522	1.211	1549	33.14	-0.0899	0.01022	1527	1221	0.7996	0.0625	0.9988	-0.1085	-0.04307
chr6	61000000	62000000	0.3625	-0.1241	0.0267	0	0.0639	0	2525	29.3	-0.123	-0.004193	2449	1652	0.6746	0.0625	0.8923	2158	30.89	-0.1599	-0.0131	2108	1626	0.7713	0.06522	1.02	2944	32.69	-0.1095	0.02538	2863	2148	0.7503	0.06	0.9924	-0.1155	-0.06562
chr6	62000000	63000000	0.3526	-0.093	0.0301	0	0.0647	0	767	30.36	-0.07168	0.01083	767	179	0.2334	0.06522	0.2758	1594	31.98	-0.1101	0.01206	1593	1353	0.8493	0.06098	1.004	1645	33.01	-0.0954	0.01971	1641	1401	0.8537	0.06	1.009	-0.1085	-0.04731
chr6	63000000	64000000	0.3808	-0.0196	0.0172	0	0.0625	0	1030	31.5	-0.01855	-0.008204	1027	565	0.5501	0.05882	1.034	1265	32.92	-0.06796	-0.04256	1259	925	0.7347	0.05556	1.381	1230	35.33	0.002432	0.02682	1224	660	0.5392	0.05556	1.014	-0.1085	-0.1171
chr6	64000000	65000000	0.3514	-0.0768	0.0178	0	0.06	0	1278	30.75	-0.05298	0.008607	1272	632	0.4969	0.06	0.8872	1949	31.65	-0.1248	-0.01877	1931	1593	0.825	0.05556	1.473	1202	33.32	-0.08188	0.01969	1192	547	0.4589	0.0614	0.8195	-0.06609	-0.078
chr6	65000000	66000000	0.3432	-0.1061	0.0242	0	0.0621	0	1902	30.14	-0.08219	0.01194	1887	908	0.4812	0.06522	0.7413	1714	31.54	-0.1301	0.01086	1704	1432	0.8404	0.05882	1.295	2113	32.34	-0.125	0.008431	2101	1685	0.802	0.0625	1.236	-0.08883	-0.04891
chr6	66000000	67000000	0.3472	-0.1047	0.0275	0	0.0625	0	1670	29.72	-0.1023	-0.00678	1668	1268	0.7602	0.06049	1.47	1810	31.11	-0.1499	-0.01881	1808	1277	0.7063	0.0625	1.366	1384	32.28	-0.1275	0.003693	1377	656	0.4764	0.05882	0.9211	-0.08883	-0.05063
chr6	67000000	68000000	0.3415	-0.1095	0.0302	0	0.0625	0	2242	29.7	-0.1032	-0.008245	2229	1535	0.6886	0.06522	1.243	1894	30.6	-0.1736	-0.02972	1882	948	0.5037	0.0625	0.9091	1995	31.9	-0.1448	-0.007364	1966	1108	0.5636	0.06	1.017	-0.08489	-0.05445
chr6	68000000	69000000	0.3505	-0.0793	0.0335	0	0.0625	0	1427	30.84	-0.04889	0.01851	1421	984	0.6925	0.0625	1.066	1493	31.33	-0.1394	-0.02877	1484	784	0.5283	0.06522	0.8131	1886	32.36	-0.124	-0.01738	1859	1506	0.8101	0.06	1.247	-0.06817	-0.08368
chr6	69000000	70000000	0.3618	-0.0236	0.0221	0	0.0613	0	1471	31.61	-0.0134	0.001107	1457	1034	0.7097	0.06522	1.064	1603	33.11	-0.05987	-0.01383	1594	1079	0.6769	0.05556	1.015	1497	34.8	-0.01914	0.01528	1483	1051	0.7087	0.05556	1.062	-0.1375	-0.05445
chr6	70000000	71000000	0.3819	0.0102	0.0263	0	0.0605	0	1240	32.2	0.0132	0.000921	1234	854	0.6921	0.0625	0.9521	1163	33.52	-0.0422	-0.04269	1155	915	0.7922	0.06098	1.09	972	35.08	-0.007809	-0.01372	968	651	0.6725	0.06	0.9252	-0.06928	-0.03607
chr6	71000000	72000000	0.3736	-0.0419	0.0136	0	0.0619	0	1488	31.03	-0.03987	-0.01105	1485	701	0.4721	0.0641	0.8504	1580	32.97	-0.06591	-0.01254	1575	905	0.5746	0.06	1.035	1600	33.7	-0.06538	-0.01333	1581	1026	0.649	0.06	1.169	-0.1186	-0.04439
chr6	72000000	73000000	0.3638	-0.003	0.0202	0	0.06	0	938	32.13	0.01022	0.0018	918	517	0.5632	0.0625	0.8409	1150	34.03	-0.02019	2.8e-05	1138	719	0.6318	0.0625	0.9434	1044	35.02	-0.009992	0.005122	1027	759	0.739	0.05882	1.104	-0.1054	-0.03479
chr6	73000000	74000000	0.4116	0.0314	0.0096	0	0.0594	0	1189	32.53	0.02796	0.0001878	1180	610	0.5169	0.0625	0.8331	1447	35.33	0.03377	-0.002984	1436	974	0.6783	0.05556	1.093	1564	35.95	0.02777	-0.008019	1555	1057	0.6797	0.05882	1.095	-0.1414	-0.03562
chr6	74000000	75000000	0.365	-0.0253	0.0194	0	0.0594	0	833	32.02	0.00504	0.01501	828	405	0.4891	0.06757	0.8078	1450	33.59	-0.03912	0.00251	1448	1167	0.8059	0.05882	1.331	1035	34.66	-0.02505	0.01171	1033	598	0.5789	0.05291	0.9561	-0.1054	-0.03317
chr6	75000000	76000000	0.3803	0.0006	0.016	0	0.0625	0	1022	31.26	-0.02956	-0.03918	1013	506	0.4995	0.06	0.9485	1132	33.41	-0.04703	-0.03885	1128	853	0.7562	0.05882	1.436	898	35.16	-0.004361	-0.001723	894	81	0.0906	0.04545	0.1721	-0.1255	-0.05658
chr6	76000000	77000000	0.3672	-0.0625	0.042	0	0.06	0	1999	30.46	-0.06685	-0.01469	1989	1323	0.6652	0.0625	1.81	1700	31.56	-0.1292	-0.05551	1676	440	0.2625	0.06522	0.7146	1514	33.64	-0.06797	0.006544	1507	499	0.3311	0.05556	0.9013	-0.1333	-0.1069
chr6	77000000	78000000	0.3628	-0.0898	0.0226	0	0.0612	0	1760	30.12	-0.08315	0.001319	1751	1020	0.5825	0.0625	0.9494	1602	31.68	-0.1234	-0.01554	1590	327	0.2057	0.06667	0.3352	1306	32.77	-0.1058	-0.005273	1294	809	0.6252	0.05556	1.019	-0.109	-0.04439
chr6	78000000	79000000	0.3674	-0.0856	0.0185	0	0.0625	0	1466	30.04	-0.08666	-0.01136	1460	1023	0.7007	0.0625	1.003	1458	32.46	-0.08837	0.008321	1455	713	0.49	0.05882	0.7018	1122	33.53	-0.07276	0.02602	1120	742	0.6625	0.0625	0.9487	-0.1375	-0.04307
chr6	79000000	80000000	0.377	-0.0323	0.0227	0	0.0602	0	1166	31.21	-0.03194	-0.004652	1165	686	0.5888	0.05556	0.9347	1318	33.97	-0.02299	0.02031	1316	779	0.5919	0.06	0.9396	1168	34.62	-0.02662	0.009597	1164	540	0.4639	0.05882	0.7364	-0.1592	-0.03847
chr6	80000000	81000000	0.3646	-0.0745	0.0095	0	0.0609	0	1484	30.34	-0.07276	-0.01238	1473	918	0.6232	0.0633	0.9106	1684	32.65	-0.07996	0.008362	1667	1214	0.7283	0.05882	1.064	1946	33.35	-0.08072	0.006056	1936	1103	0.5697	0.05882	0.8325	-0.1155	-0.03847
chr6	81000000	82000000	0.3619	-0.0925	0.0178	0	0.0617	0	1331	30.01	-0.08825	-0.001076	1322	1032	0.7806	0.06174	1.022	1339	32.04	-0.1074	0.007782	1337	1038	0.7764	0.0625	1.016	1784	33.26	-0.08435	0.01897	1778	1422	0.7998	0.06	1.047	-0.1375	-0.06486
chr6	82000000	83000000	0.3809	-0.0468	0.0275	0	0.0625	0	1130	31.1	-0.03676	0.001162	1127	556	0.4933	0.06	0.7891	1515	33.19	-0.05632	-0.00373	1513	1108	0.7323	0.05556	1.171	1215	34.98	-0.01182	0.0372	1196	592	0.495	0.05556	0.7917	-0.1193	-0.08017
chr6	83000000	84000000	0.3753	-0.0495	0.0186	0	0.0614	0	1028	30.78	-0.05199	-0.008782	1010	692	0.6851	0.0625	0.9768	812	32.88	-0.07014	-0.01011	799	668	0.836	0.06667	1.192	1019	34.47	-0.03273	0.0214	1002	696	0.6946	0.05556	0.9903	-0.1155	-0.04123
chr6	84000000	85000000	0.3821	-0.0609	0.0142	0	0.06	0	1421	31.23	-0.03094	0.0272	1418	975	0.6876	0.06	1.067	1142	32.9	-0.06907	0.005166	1142	725	0.6349	0.05882	0.985	1568	33.77	-0.06249	0.002498	1567	1176	0.7505	0.06049	1.164	-0.08489	-0.04182
chr6	85000000	86000000	0.396	-0.0098	0.025	0	0.0602	0	1292	31.57	-0.01522	-0.0001855	1290	463	0.3589	0.0625	0.523	1325	33.67	-0.03581	-0.02361	1322	978	0.7398	0.05882	1.078	1835	35.73	0.01892	0.03147	1833	1236	0.6743	0.05882	0.9827	-0.1497	-0.07595
chr6	86000000	87000000	0.3834	-0.0271	0.0166	0	0.0612	0	1189	31.4	-0.02279	0	1187	697	0.5872	0.06	0.8771	1185	34.4	-0.00475	0.02777	1181	508	0.4301	0.05263	0.6425	1456	34.47	-0.03272	9.928e-05	1453	887	0.6105	0.06	0.9118	-0.1097	0
chr6	87000000	88000000	0.3968	0.0463	0.0158	0	0.0585	0	1684	32.59	0.03085	-0.007325	1664	1086	0.6526	0.0625	0.9205	1541	35.16	0.0268	-0.01752	1530	1150	0.7516	0.05556	1.06	1276	36.68	0.05673	0.009363	1272	374	0.294	0.05814	0.4147	-0.1414	-0.0458
chr6	88000000	89000000	0.386	0.0346	0.0252	0	0.0588	0	951	32.69	0.03494	-0.00653	949	559	0.589	0.05556	0.9767	974	35.77	0.05174	0.02204	970	572	0.5897	0.05556	0.9778	1034	35.9	0.02573	-0.002307	1027	618	0.6018	0.06098	0.9978	-0.1414	0
chr6	89000000	90000000	0.4263	0.0404	0.0159	0	0.0612	0	1032	32.95	0.0466	0.01087	1031	630	0.6111	0.06	0.9843	1199	36.01	0.06136	0.01457	1193	889	0.7452	0.05882	1.2	1040	37.12	0.07375	0.02734	1035	712	0.6879	0.05556	1.108	-0.1454	-0.04009
chr6	90000000	91000000	0.3919	-0.0165	0.0158	0	0.0605	0	1243	31.46	-0.02009	-0.005056	1242	874	0.7037	0.0625	1.031	1063	34.09	-0.01762	0.008947	1060	709	0.6689	0.05882	0.9799	1043	35.08	-0.007628	0.00788	1042	584	0.5605	0.0625	0.8211	-0.1454	-0.01738
chr6	91000000	92000000	0.3612	-0.0912	0.0268	0	0.0647	0	1126	30.43	-0.06802	0.01409	1121	832	0.7422	0.0641	1.122	1201	32.11	-0.1043	0.008507	1199	1027	0.8565	0.05882	1.295	1285	33.06	-0.09325	0.01514	1279	804	0.6286	0.05556	0.9507	-0.09954	-0.0458
chr6	92000000	93000000	0.3512	-0.0994	0.0338	0	0.0625	0	1729	30.03	-0.08749	-0.005144	1724	1110	0.6439	0.0625	1.034	1396	31.62	-0.1262	0.001548	1385	1019	0.7357	0.06	1.182	1811	32.24	-0.1292	-0.004995	1804	1149	0.6369	0.06098	1.023	-0.08246	-0.03565
chr6	93000000	94000000	0.3467	-0.1052	0.0262	0	0.061	0	1104	30.27	-0.07596	0.01981	1099	790	0.7188	0.06	0.9624	963	31.72	-0.1217	0.01101	960	661	0.6885	0.06	0.9219	1572	31.97	-0.1417	-0.01224	1558	1063	0.6823	0.0625	0.9135	-0.0902	-0.03655
chr6	94000000	95000000	0.3445	-0.1197	0.0276	0	0.0625	0	1140	30.26	-0.07633	0.03237	1120	706	0.6304	0.06	1.001	1023	31.11	-0.15	0.001431	1004	491	0.489	0.0625	0.7764	1503	32.15	-0.1335	0.009589	1479	991	0.67	0.0641	1.064	-0.078	-0.04891
chr6	95000000	96000000	0.3488	-0.1009	0.0202	0	0.0625	0	1442	30.16	-0.08126	0.01117	1428	881	0.6169	0.06	1.021	1528	31.34	-0.1393	-0.009106	1520	889	0.5849	0.0625	0.9678	1494	32.76	-0.1065	0.01979	1489	1213	0.8146	0.05882	1.348	-0.1077	-0.05445
chr6	96000000	97000000	0.3699	-0.0492	0.0214	0	0.0594	0	1536	30.97	-0.04285	-0.003556	1535	895	0.5831	0.05882	1.064	1551	32.74	-0.07598	-0.01203	1537	893	0.581	0.0625	1.06	1652	34.23	-0.04314	0.011	1644	987	0.6004	0.05882	1.095	-0.1155	-0.06711
chr6	97000000	98000000	0.3587	-0.054	0.0163	0	0.0617	0	1139	31.01	-0.04094	0.000522	1132	919	0.8118	0.06	1.154	1019	32.27	-0.09698	-0.02189	1017	802	0.7886	0.0625	1.121	997	34.2	-0.04411	0.02444	989	785	0.7937	0.06	1.128	-0.1119	-0.08746
chr6	98000000	99000000	0.3687	-0.0701	0.0168	0	0.0625	0	1055	30.64	-0.05857	0.001367	1050	682	0.6495	0.05882	1.198	892	32.75	-0.07548	0.008803	888	473	0.5327	0.0625	0.9826	1034	33.53	-0.07286	0.009449	1029	631	0.6132	0.05882	1.131	-0.1357	0
chr6	99000000	100000000	0.3934	-0.0093	0.0186	0	0.0625	0	1748	31.51	-0.01805	-0.009628	1741	984	0.5652	0.06667	1.093	1532	33.94	-0.02423	-0.01074	1526	583	0.382	0.05556	0.739	1736	35.2	-0.002588	0.005893	1731	1004	0.58	0.06098	1.122	-0.1444	-0.05445
chr6	100000000	101000000	0.3641	-0.0438	0.0193	0	0.0613	0	954	30.93	-0.04489	-0.01413	951	662	0.6961	0.0633	1.077	881	32.9	-0.06889	-0.01128	880	570	0.6477	0.06	1.002	1232	33.91	-0.05669	-0.0006983	1227	790	0.6438	0.05941	0.9964	-0.1137	0.01401
chr6	101000000	102000000	0.3512	-0.0903	0.0292	0	0.0612	0	857	29.85	-0.09609	-0.02284	849	451	0.5312	0.06	0.9585	908	31.56	-0.1289	-0.01024	896	493	0.5502	0.06	0.9928	844	32.5	-0.1177	-0.002543	837	489	0.5842	0.06098	1.054	-0.09954	-0.05063
chr6	102000000	103000000	0.342	-0.1044	0.0255	0	0.0647	0	1478	30.1	-0.08414	0.006231	1472	1131	0.7683	0.0641	1.032	1251	31.23	-0.1441	-0.004826	1248	999	0.8005	0.06	1.075	1214	32.1	-0.1358	-0.00336	1210	1001	0.8273	0.06522	1.111	-0.08092	-0.05063
chr6	103000000	104000000	0.3475	-0.1219	0.0272	0	0.0625	0	1765	29.5	-0.1132	-0.0005145	1752	1469	0.8385	0.0625	1.237	1525	31.39	-0.1367	0.01277	1512	1103	0.7295	0.0625	1.076	1413	32.29	-0.1272	0.0198	1409	785	0.5571	0.06	0.8219	-0.1206	-0.04977
chr6	104000000	105000000	0.3751	-0.068	0.029	0	0.0594	0	1568	31.22	-0.0311	0.03103	1547	929	0.6005	0.05882	0.9144	1630	33.39	-0.04791	0.03062	1609	1082	0.6725	0.05882	1.024	1185	33.08	-0.09248	-0.0173	1178	339	0.2878	0.05814	0.4382	-0.09954	0.03953
chr6	105000000	106000000	0.4001	0.0187	0.0188	0	0.0617	0	985	32.65	0.03325	0.01536	979	657	0.6711	0.06	1.218	954	35.15	0.02638	0.01019	945	490	0.5185	0.05556	0.9407	956	35.69	0.01732	-0.002589	951	501	0.5268	0.05556	0.9558	-0.08746	-0.03103
chr6	106000000	107000000	0.4097	0.0651	0.015	0	0.0588	0	1410	32.82	0.04084	-0.02076	1404	788	0.5613	0.05556	0.9482	1568	35.76	0.05113	-0.01162	1562	943	0.6037	0.06098	1.02	1331	37.62	0.09341	0.02478	1329	713	0.5365	0.05263	0.9064	-0.1788	-0.04731
chr6	107000000	108000000	0.4219	0.0129	0.0136	0	0.0589	0	1409	32.04	0.006129	-0.001784	1386	719	0.5188	0.0625	1.011	1462	34.77	0.01075	-0.008486	1454	728	0.5007	0.05882	0.9754	1272	35.86	0.024	0.002032	1253	615	0.4908	0.06	0.9562	-0.1375	-0.04307
chr6	108000000	109000000	0.4197	0.0411	0.0083	0	0.0592	0	1000	32.74	0.03752	-0.002318	999	761	0.7618	0.05882	1.051	1179	35.33	0.03393	-0.01397	1178	875	0.7428	0.0625	1.025	612	36.35	0.04382	0.00276	608	284	0.4671	0.05556	0.6445	-0.1497	0
chr6	109000000	110000000	0.4064	0.008	0.0062	0	0.0617	0	1298	31.52	-0.01758	-0.02458	1287	243	0.1888	0.05556	0.2506	1408	34.55	0.001585	-0.006806	1407	867	0.6162	0.05556	0.8179	1458	36.09	0.0332	0.02299	1448	1092	0.7541	0.06098	1.001	-0.1615	-0.04731
chr6	110000000	111000000	0.4088	0.0393	0.0112	0	0.0572	0	1078	32.42	0.02305	-0.0122	1070	921	0.8607	0.05882	1.123	426	35.17	0.02713	-0.01067	417	247	0.5923	0.05556	0.773	1267	36.19	0.03719	-0.00826	1255	949	0.7562	0.05882	0.9868	-0.1255	-0.03953
chr6	111000000	112000000	0.4097	0.0445	0.0164	0	0.0572	0	786	32.89	0.04408	0.00308	779	226	0.2901	0.07143	0.3999	840	35.74	0.05049	0.008335	838	390	0.4654	0.05291	0.6416	815	36.66	0.05588	0.007855	815	606	0.7436	0.05263	1.025	-0.1414	-0.03747
chr6	112000000	113000000	0.376	-0.0189	0.0232	0	0.0609	0	1411	31.61	-0.01335	8.567e-05	1391	1008	0.7247	0.05882	1.247	1015	33.91	-0.02558	0.003262	997	608	0.6098	0.05556	1.049	1433	34	-0.05273	-0.03019	1419	990	0.6977	0.05556	1.201	-0.122	0
chr6	113000000	114000000	0.3771	-0.0002	0.0166	0	0.0588	0	1799	32.33	0.01922	0.01571	1791	1194	0.6667	0.06	1.157	1583	34.04	-0.01973	-0.008519	1572	847	0.5388	0.05556	0.9351	1753	35.37	0.004082	0.008607	1744	1126	0.6456	0.05882	1.121	-0.09527	-0.03436
chr6	114000000	115000000	0.3668	-0.0354	0.0291	0	0.0594	0	1135	31.7	-0.009249	0.01585	1127	676	0.5998	0.05685	1.01	1451	33.24	-0.05422	-0.005811	1441	1103	0.7654	0.05556	1.289	1045	33.57	-0.07098	-0.02357	1043	277	0.2656	0.05814	0.4472	-0.078	0
chr6	115000000	116000000	0.3637	-0.0262	0.0321	0	0.0605	0	1159	31.77	-0.005936	0.01015	1151	745	0.6473	0.0641	0.8624	1221	33.6	-0.0386	0.005369	1215	865	0.7119	0.05882	0.9486	1316	34.3	-0.04022	-0.001903	1307	1028	0.7865	0.05882	1.048	-0.0902	0
chr6	116000000	117000000	0.3722	0.0294	0.0199	0	0.0628	0	1372	32.73	0.03673	0.00176	1371	1058	0.7717	0.05814	1.107	1458	34.25	-0.01094	-0.0337	1451	1159	0.7988	0.06098	1.146	1041	35.97	0.02851	0.008467	1039	755	0.7267	0.05556	1.043	-0.122	-0.07497
chr6	117000000	118000000	0.3848	-0.0201	0.0174	0	0.06	0	1205	31.21	-0.03173	-0.01742	1189	692	0.582	0.06	0.8941	1147	33.64	-0.03689	-0.01137	1123	756	0.6732	0.05685	1.034	1210	35.09	-0.007112	0.01858	1201	858	0.7144	0.05814	1.098	-0.1271	-0.06711
chr6	118000000	119000000	0.3889	0.0025	0.0199	0	0.0612	0	1277	31.87	-0.001688	-0.006477	1276	858	0.6724	0.05941	1.135	1334	33.72	-0.03345	-0.0269	1332	914	0.6862	0.05409	1.158	1489	35.3	0.001288	-0.0003068	1485	795	0.5354	0.06098	0.9037	-0.1285	-0.04182
chr6	119000000	120000000	0.3757	-0.0171	0.026	0	0.0613	0	1467	32.26	0.01604	0.02777	1463	1008	0.689	0.05882	1.061	1197	33.82	-0.02941	-0.002372	1195	720	0.6025	0.06	0.9282	1079	35.09	-0.007042	0.01407	1077	35	0.0325	0.05172	0.05007	-0.08883	-0.07127
chr6	120000000	121000000	0.3506	-0.0916	0.0278	0	0.0625	0	1490	30.32	-0.07343	0.004423	1486	348	0.2342	0.06522	0.3904	1902	32.15	-0.1023	0.01758	1899	1134	0.5972	0.06757	0.9954	1753	33.04	-0.09397	0.02447	1746	960	0.5498	0.06522	0.9165	-0.09622	-0.04439
chr6	121000000	122000000	0.3699	-0.0973	0.0224	0	0.0588	0	1544	29.82	-0.09768	-0.01029	1521	950	0.6246	0.06522	1.142	1452	31.87	-0.1151	-0.003075	1431	959	0.6702	0.06	1.225	1409	32.92	-0.09947	0.002774	1396	811	0.5809	0.0625	1.062	-0.1454	-0.05658
chr6	122000000	123000000	0.3703	-0.0744	0.0129	0	0.0625	0	1630	30.25	-0.07674	-0.01186	1625	1058	0.6511	0.0625	1.049	1605	32.3	-0.0955	-0.007612	1597	708	0.4433	0.0625	0.7141	1663	33.41	-0.07801	0.003303	1662	1058	0.6366	0.05882	1.025	-0.1234	-0.04064
chr6	123000000	124000000	0.3574	-0.1049	0.0193	0	0.0625	0	1349	29.9	-0.09372	-0.0001768	1343	639	0.4758	0.06	0.8184	1212	31.93	-0.1121	0.009919	1209	600	0.4963	0.0625	0.8536	1281	32.83	-0.1034	0.0176	1276	559	0.4381	0.06	0.7535	-0.09954	-0.06413
chr6	124000000	125000000	0.364	-0.0785	0.018	0	0.0625	0	1306	30.59	-0.06073	0.00537	1301	817	0.628	0.0641	1.075	1362	32.05	-0.1068	-0.01106	1352	822	0.608	0.0625	1.04	1254	32.58	-0.1144	-0.02374	1245	638	0.5124	0.05814	0.8769	-0.0902	-0.04182
chr6	125000000	126000000	0.3898	-0.0147	0.016	0	0.0572	0	1242	31.85	-0.002282	0.01143	1232	578	0.4692	0.05882	0.7952	1133	34.05	-0.01942	0.003345	1129	776	0.6873	0.05882	1.165	1288	34.89	-0.01561	-0.0001076	1278	626	0.4898	0.05556	0.8302	-0.1323	0
chr6	126000000	127000000	0.3644	-0.0285	0.022	0	0.0617	0	662	31.59	-0.01438	0	654	513	0.7844	0.06	1.144	723	33.4	-0.04729	-0.006694	721	431	0.5978	0.05882	0.8715	319	34.22	-0.04331	-0.002533	319	232	0.7273	0.06712	1.06	-0.09466	0
chr6	127000000	128000000	0.3666	-0.0406	0.016	0	0.0621	0	1180	31.08	-0.03781	-0.008158	1177	723	0.6143	0.06522	0.9695	1168	32.84	-0.07166	-0.01707	1160	693	0.5974	0.05882	0.9429	1173	34.16	-0.04583	0.008565	1168	559	0.4786	0.06098	0.7554	-0.1245	-0.08618
chr6	128000000	129000000	0.3589	-0.03	0.0305	0	0.0613	0	498	31.03	-0.03993	-0.02299	497	311	0.6258	0.0625	0.914	564	32.16	-0.1017	-0.05057	564	318	0.5638	0.0625	0.8236	697	34.32	-0.03922	0.005082	692	521	0.7529	0.05814	1.1	-0.1074	-0.08883
chr6	129000000	130000000	0.3694	0.0084	0.0127	0	0.0602	0	1390	32.2	0.01327	-0.004786	1361	903	0.6635	0.0625	0.9863	1283	33.55	-0.04088	-0.03289	1253	730	0.5826	0.05556	0.8661	1286	35.45	0.007551	0.004094	1265	925	0.7312	0.05882	1.087	-0.08246	-0.074
chr6	130000000	131000000	0.3866	0.0051	0.0226	0	0.0599	0	1738	31.68	-0.01039	-0.02187	1733	1208	0.6971	0.0625	1.018	1639	34.06	-0.01893	-0.01867	1635	541	0.3309	0.05263	0.4832	1384	35.47	0.00838	0.006671	1384	1017	0.7348	0.05769	1.073	-0.1255	-0.05445
chr6	131000000	132000000	0.3894	-0.0392	0.0132	0	0.0609	0	1414	30.78	-0.05154	-0.01463	1399	1076	0.7691	0.06466	0.9934	1437	33.39	-0.0479	0	1425	1006	0.706	0.06	0.9119	1599	34.18	-0.04524	-0.005247	1582	1366	0.8635	0.05814	1.115	-0.1417	-0.04439
chr6	132000000	133000000	0.3782	-0.0006	0.012	0	0.0588	0	1383	32.1	0.008978	0.007294	1381	1206	0.8733	0.06098	1.061	1553	33.87	-0.02716	-0.01431	1549	1248	0.8057	0.06	0.9787	1557	34.81	-0.01887	-0.01186	1553	1418	0.9131	0.05882	1.109	-0.09954	-0.04182
chr6	133000000	134000000	0.3767	-0.0261	0.0193	0	0.0588	0	1160	31.25	-0.0299	-0.008806	1148	917	0.7988	0.06	1.291	1232	33.63	-0.03746	-0.001543	1212	813	0.6708	0.05556	1.084	1361	33.89	-0.05757	-0.02617	1349	1090	0.808	0.06	1.306	-0.1203	0
chr6	134000000	135000000	0.4086	0.0314	0.0169	0	0.06	0	1413	32.84	0.04175	0.01207	1409	1132	0.8034	0.05882	1.082	1488	35.13	0.02565	-0.003142	1477	1161	0.7861	0.06098	1.059	1301	36.14	0.03552	0.001014	1292	969	0.75	0.05556	1.01	-0.124	-0.04064
chr6	135000000	136000000	0.3781	0.0487	0.0202	0	0.0588	0	1001	33.56	0.07295	0.02197	1001	852	0.8511	0.05882	1.04	1046	35.55	0.04288	0.006203	1043	863	0.8274	0.05556	1.011	1022	35.96	0.02829	-0.014	1020	828	0.8118	0.05556	0.9914	-0.09686	0
chr6	136000000	137000000	0.398	0.0506	0.0117	0	0.0581	0	1072	32.85	0.04232	-0.005302	1069	827	0.7736	0.06	1.161	850	35.54	0.04236	-0.001945	850	577	0.6788	0.05556	1.018	995	36.11	0.03422	-0.01774	994	668	0.672	0.05556	1.008	-0.1202	0
chr6	137000000	138000000	0.401	0.0728	0.0194	0	0.0581	0	1135	33.5	0.07038	-0.002294	1134	719	0.634	0.05882	0.9708	1255	36.14	0.06649	-0.007198	1254	834	0.6651	0.05291	1.018	1495	37.21	0.07745	0.003717	1492	1044	0.6997	0.05814	1.071	-0.1444	-0.0458
chr6	138000000	139000000	0.4084	0.0567	0.029	0	0.0578	0	910	33.7	0.07914	0.02182	909	537	0.5908	0.06667	0.7789	1051	36.27	0.07162	0.01753	1048	629	0.6002	0.05556	0.7913	1249	36.39	0.04528	-0.01503	1247	993	0.7963	0.06098	1.05	-0.1333	0
chr6	139000000	140000000	0.3966	-0.0049	0.0194	0	0.0617	0	1285	31.7	-0.009369	0.002136	1276	871	0.6826	0.05882	1.005	983	35.06	0.02287	0.02962	981	716	0.7299	0.05941	1.075	1555	35.45	0.007526	0.01086	1550	1056	0.6813	0.05792	1.003	-0.1814	0
chr6	140000000	141000000	0.3542	-0.1001	0.0172	0	0.0606	0	975	30.24	-0.07733	0.007091	969	877	0.9051	0.06667	1.428	554	32.29	-0.09616	0.02657	545	89	0.1633	0.0641	0.2577	819	32.51	-0.1176	0.005096	792	413	0.5215	0.0625	0.8229	-0.1436	-0.04736
chr6	141000000	142000000	0.3541	-0.0712	0.0168	0	0.0625	0	847	30.85	-0.04827	0.007223	843	314	0.3725	0.07143	0.5503	1022	32.72	-0.07704	0.01549	1017	572	0.5624	0.0625	0.8309	1317	33.14	-0.08968	0.004191	1306	887	0.6792	0.06	1.003	-0.08883	-0.03524
chr6	142000000	143000000	0.3783	0.0257	0.0148	0	0.0591	0	1000	32.66	0.0337	0.004573	997	620	0.6219	0.06049	1.043	940	34.8	0.01186	-0.0002062	936	657	0.7019	0.05882	1.177	1172	35.52	0.01053	-0.01088	1167	842	0.7215	0.05907	1.21	-0.09954	0
chr6	143000000	144000000	0.3961	0.0487	0.0171	0	0.0585	0	790	32.77	0.03863	-0.004843	788	375	0.4759	0.06	0.719	1014	35.66	0.047	0.0001535	1011	857	0.8477	0.05882	1.281	1235	36.38	0.04496	-0.001476	1235	898	0.7271	0.05556	1.099	-0.1375	0
chr6	144000000	145000000	0.3894	0.0378	0.0287	0	0.0602	0	1263	32.23	0.01474	-0.02535	1256	1056	0.8408	0.0633	1.028	938	35.25	0.03034	0.001241	935	745	0.7968	0.05556	0.9738	1209	36.49	0.04922	0.01222	1209	1059	0.8759	0.05556	1.071	-0.1559	-0.04373
chr6	145000000	146000000	0.375	-0.0249	0.0096	0	0.0625	0	1219	31.47	-0.01993	-0.00205	1215	754	0.6206	0.05556	0.9008	988	33.76	-0.03185	0.002988	986	441	0.4473	0.06	0.6492	1013	34.78	-0.02021	0.01412	1010	539	0.5337	0.05556	0.7747	-0.1568	-0.03479
chr6	146000000	147000000	0.3713	-0.0526	0.0181	0	0.0594	0	1100	31.38	-0.02403	0.02096	1091	865	0.7929	0.05814	1.052	828	33.14	-0.05854	0.00655	826	581	0.7034	0.05556	0.9336	991	33.67	-0.06678	-0.001862	990	847	0.8556	0.06	1.136	-0.1125	-0.05247
chr6	147000000	148000000	0.38	-0.0441	0.0149	0	0.06	0	927	31.27	-0.02892	0.005503	924	467	0.5054	0.0625	0.7923	1052	33.69	-0.03475	0.01979	1049	789	0.7521	0.05814	1.179	1054	33.95	-0.05474	-0.006017	1053	670	0.6363	0.05792	0.9975	-0.1375	0
chr6	148000000	149000000	0.4149	0.0214	0.0251	0	0.0591	0	1342	32.42	0.02299	0.004995	1331	690	0.5184	0.05882	0.7941	1458	35.38	0.0359	0.004688	1448	867	0.5988	0.06	0.9172	1654	35.4	0.0055	-0.01956	1644	1214	0.7384	0.05882	1.131	-0.09954	0
chr6	149000000	150000000	0.4237	0.0855	0.0128	0	0.0594	0	1341	33.41	0.06636	-0.01387	1333	682	0.5116	0.06	0.6161	1606	36.41	0.07715	-0.01424	1597	900	0.5636	0.05556	0.6787	1655	37.4	0.0848	-0.004734	1647	1338	0.8124	0.05319	0.9783	-0.1497	-0.07215
chr6	150000000	151000000	0.4366	0.0485	0.0196	0	0.0625	0	1585	32.55	0.029	-0.01149	1574	1065	0.6766	0.0625	1.015	1784	35.99	0.06034	0.001	1775	1197	0.6744	0.05556	1.012	1853	36.22	0.0386	-0.01715	1851	1360	0.7347	0.06	1.103	-0.1489	0
chr6	151000000	152000000	0.4156	-0.0113	0.0095	0	0.0599	0	1392	31.48	-0.01911	-0.007182	1380	939	0.6804	0.05882	0.9841	1316	34.23	-0.01202	-0.003339	1301	888	0.6826	0.05556	0.9872	1755	34.93	-0.01365	-0.004165	1738	1314	0.756	0.05882	1.093	-0.1511	-0.03747
chr6	152000000	153000000	0.3831	-0.0276	0.0183	0	0.0588	0	1544	31.36	-0.02493	-0.001567	1538	1124	0.7308	0.05882	1.015	1488	32.9	-0.06898	-0.03088	1483	1130	0.762	0.05882	1.058	1817	34.21	-0.04389	-0.01199	1803	1296	0.7188	0.05882	0.9979	-0.09311	-0.06711
chr6	153000000	154000000	0.3676	-0.0351	0.0181	0	0.0625	0	1504	31.53	-0.01693	0.01125	1500	742	0.4947	0.0625	0.712	1727	33.1	-0.06042	-0.01431	1724	1272	0.7378	0.06119	1.062	1839	34.24	-0.04274	0.005129	1828	1234	0.6751	0.05814	0.9716	-0.1048	-0.05155
chr6	154000000	155000000	0.4089	0.0158	0.0212	0	0.0611	0	1333	32.11	0.009377	-0.002241	1314	861	0.6553	0.0641	0.9859	1468	34.83	0.01319	0	1458	833	0.5713	0.05882	0.8597	1180	35.76	0.02025	0	1166	787	0.675	0.05319	1.016	-0.1559	-0.06875
chr6	155000000	156000000	0.3939	0.009	0.0159	0	0.0602	0	1608	32.46	0.0248	0.01476	1592	1096	0.6884	0.06	1.067	1400	34.8	0.012	0.008121	1392	719	0.5165	0.0625	0.8006	1617	35.9	0.02576	0.01546	1607	1018	0.6335	0.05556	0.9818	-0.1193	-0.04064
chr6	156000000	157000000	0.4054	0.0295	0.0254	0	0.0607	0	894	32.57	0.02966	0.001615	875	534	0.6103	0.06757	0.8712	940	34.94	0.01766	-0.01089	919	655	0.7127	0.06098	1.017	1307	36.15	0.03579	0.005254	1288	965	0.7492	0.05882	1.07	-0.1186	-0.03395
chr6	157000000	158000000	0.4417	0.0824	0.0222	0	0.06	0	1305	33.63	0.07598	-0.003441	1277	721	0.5646	0.05882	0.8275	1264	36.58	0.08398	-0.008064	1229	593	0.4825	0.05882	0.7072	1326	37.54	0.09032	0.001238	1302	858	0.659	0.05882	0.9658	-0.1454	-0.04373
chr6	158000000	159000000	0.447	0.0551	0.0071	0	0.06	0	1802	32.8	0.03976	-0.003886	1777	1211	0.6815	0.0614	0.9807	1922	35.82	0.05366	-0.01923	1901	1486	0.7817	0.06049	1.125	1966	37.41	0.08497	0.02437	1944	1591	0.8184	0.05814	1.178	-0.1623	-0.06274
chr6	159000000	160000000	0.4318	0.057	0.0214	0	0.06	0	1805	32.95	0.04633	-0.0003272	1792	1148	0.6406	0.0625	1.163	1951	35.96	0.05915	-0.008483	1920	1373	0.7151	0.06	1.298	1744	36.81	0.0618	0.00278	1726	757	0.4386	0.05738	0.7961	-0.1282	-0.03477
chr6	160000000	161000000	0.4199	-0.0285	0.0165	0	0.0625	0	1494	31.1	-0.03678	-0.006687	1482	1159	0.7821	0.06667	1.236	1261	33.84	-0.0284	-0.006705	1237	469	0.3791	0.05882	0.5994	1625	34.31	-0.03982	-0.01157	1594	1070	0.6713	0.05882	1.061	-0.1764	-0.04064
chr6	161000000	162000000	0.4192	-0.0491	0.0252	0	0.061	0	1522	31.09	-0.03721	0.01348	1505	1084	0.7203	0.05882	1.054	1481	33.93	-0.02456	0.01794	1472	894	0.6073	0.0641	0.8891	1219	33.91	-0.05638	-0.007242	1210	727	0.6008	0.05556	0.8796	-0.1375	0
chr6	162000000	163000000	0.3873	-0.0809	0.0295	0	0.061	0	1490	30.15	-0.0816	-0.007362	1473	555	0.3768	0.06667	0.5998	1766	32.31	-0.09518	-0.008918	1759	1236	0.7027	0.05814	1.119	1802	33.05	-0.09342	-0.01118	1791	1359	0.7588	0.05882	1.208	-0.1234	-0.04064
chr6	163000000	164000000	0.4176	-0.0026	0.0148	0	0.0617	0	1515	32.05	0.00655	0.006751	1513	1005	0.6642	0.0641	1.025	1552	33.96	-0.0231	-0.02918	1548	1095	0.7074	0.05814	1.092	1358	35.45	0.00741	0.006381	1345	753	0.5599	0.05814	0.8641	-0.1119	-0.04064
chr6	164000000	165000000	0.3838	-0.0532	0.0186	0	0.0605	0	1944	30.52	-0.06377	-0.0159	1938	1529	0.789	0.0625	1.302	1813	33.14	-0.05862	0.000689	1805	1448	0.8022	0.06098	1.324	1773	33.62	-0.069	-0.0102	1763	1143	0.6483	0.06	1.07	-0.1255	-0.03524
chr6	165000000	166000000	0.4066	-0.0187	0.0275	0	0.0617	0	1664	31.44	-0.02115	-0.001637	1650	927	0.5618	0.0641	0.9578	1658	34.36	-0.006597	0.01219	1649	1072	0.6501	0.06098	1.108	1679	34.03	-0.05126	-0.03644	1659	1049	0.6323	0.0625	1.078	-0.122	0
chr6	166000000	167000000	0.4498	0.0788	0.0055	0	0.0599	0	1586	32.97	0.04729	-0.02627	1562	322	0.2061	0.06667	0.2956	2117	36.32	0.07383	-0.02218	2081	1436	0.6901	0.05941	0.9895	2129	37.3	0.08095	-0.004896	2098	1432	0.6826	0.05882	0.9787	-0.1699	-0.06413
chr6	167000000	168000000	0.4558	0.0552	0.0141	0	0.0617	0	2046	33.17	0.05614	0.01555	1955	1064	0.5442	0.06712	0.854	1843	35.91	0.05738	-0.01495	1757	984	0.56	0.0625	0.8788	2201	36.38	0.04476	-0.01494	2071	1205	0.5818	0.05882	0.913	-0.1293	-0.037
chr6	168000000	169000000	0.4748	-0.0361	0.0308	0	0.0631	0	2713	31.44	-0.02131	0.0341	2526	1631	0.6457	0.0625	0.9944	2527	34.51	-8.411e-05	0.005692	2340	1291	0.5517	0.0625	0.8497	2601	33.93	-0.05572	-0.03078	2416	1533	0.6345	0.0625	0.9772	-0.1414	0.03477
chr6	169000000	170000000	0.4468	-0.0187	0.0193	0	0.0625	0	1390	31.56	-0.01555	0.01452	1311	498	0.3799	0.07143	0.7516	1209	34.06	-0.01921	-0.01898	1129	238	0.2108	0.07895	0.4171	1595	35.28	0.0004581	0.01357	1518	650	0.4282	0.0625	0.8472	-0.1293	-0.04439
chr6	170000000	170805979	0.472	-0.084	0.064	0	0.0695	0	1840	30.24	-0.07725	0.02565	1505	988	0.6565	0.06466	1.263	1302	31.66	-0.1245	-0.07158	1059	446	0.4212	0.07143	0.8105	1897	32.45	-0.1199	-0.04718	1534	728	0.4746	0.06757	0.9133	-0.1783	0
chr7	0	1000000	0.5487	0.1021	0.0461	0	0.0613	0	2869	34.42	0.1095	0.04974	2586	1790	0.6922	0.07143	0.9978	2801	38.55	0.1597	-0.008441	2541	1838	0.7233	0.06079	1.043	3026	39.11	0.1492	0.03708	2754	1911	0.6939	0.06757	1	-0.1816	0
chr7	1000000	2000000	0.5632	0.1549	0.0539	0	0.0581	0	2084	34.8	0.1253	0.01566	1938	1100	0.5676	0.06049	0.8228	2420	40.67	0.2367	0.0158	2292	1686	0.7356	0.05263	1.066	2563	39.41	0.1602	-0.004759	2418	1549	0.6406	0.05882	0.9287	-0.207	0
chr7	2000000	3000000	0.529	0.1574	0.0396	0	0.0588	0	1559	34.8	0.1252	-0.004928	1526	1061	0.6953	0.06098	0.9981	2020	39.47	0.1937	-0.01935	1977	1562	0.7901	0.05814	1.134	1875	39.74	0.1723	0.003701	1854	1464	0.7896	0.05556	1.134	-0.1699	-0.03395
chr7	3000000	4000000	0.4233	0.0194	0.0253	0	0.0594	0	1272	32.82	0.04097	0.02631	1250	700	0.56	0.05556	0.7818	1643	35.49	0.04021	0.01507	1624	1325	0.8159	0.05556	1.139	2122	35.28	0.0006898	-0.0306	2105	1491	0.7083	0.05814	0.9889	-0.122	0
chr7	4000000	5000000	0.4837	0.0376	0.0211	0	0.0588	0	1147	32.68	0.03462	0.02112	1108	568	0.5126	0.06	0.7148	1719	36.38	0.07595	0.00737	1686	1340	0.7948	0.05882	1.108	1933	35.83	0.02295	-0.0235	1882	1509	0.8018	0.05882	1.118	-0.1629	0
chr7	5000000	6000000	0.4986	0.0601	0.0431	0	0.0622	0	1817	31.84	-0.002764	-0.03839	1684	938	0.557	0.0641	0.9604	1994	36.53	0.08198	-0.009815	1891	1135	0.6002	0.06	1.035	1998	37.04	0.07088	-0.001228	1922	1165	0.6061	0.05556	1.045	-0.1979	-0.02915
chr7	6000000	7000000	0.4786	0.0587	0.0169	0	0.0605	0	1452	33.12	0.05407	0.01402	1403	997	0.7106	0.06667	0.9485	1565	35.93	0.05817	-0.03044	1486	1109	0.7463	0.05556	0.9961	1332	37.15	0.075	0.006244	1299	1033	0.7952	0.05769	1.061	-0.1651	-0.03847
chr7	7000000	8000000	0.3831	0.0456	0.0176	0	0.0605	0	1762	33.05	0.0507	0.0008584	1754	1303	0.7429	0.06522	1.11	1913	35.39	0.03631	0.001205	1908	1398	0.7327	0.05556	1.094	1158	36.28	0.04109	-0.0002108	1155	463	0.4009	0.05556	0.5988	-0.1119	-0.03171
chr7	8000000	9000000	0.3751	0.0324	0.0096	0	0.061	0	1742	32.51	0.02698	-0.01129	1736	1239	0.7137	0.05882	1.099	1972	35.08	0.02359	0.001723	1971	1524	0.7732	0.06	1.19	1555	35.08	-0.00769	-0.03291	1550	813	0.5245	0.05556	0.8074	-0.1182	0
chr7	9000000	10000000	0.3487	-0.0637	0.0279	0	0.0617	0	2268	31.12	-0.03586	0.01937	2258	1641	0.7267	0.0625	1.177	2470	32.71	-0.07744	0.01378	2459	1698	0.6905	0.06098	1.119	1894	32.99	-0.09641	-0.006765	1886	1184	0.6278	0.05662	1.017	-0.09311	0
chr7	10000000	11000000	0.3656	-0.0696	0.0197	0	0.0619	0	2556	30.79	-0.05147	0.00433	2538	1622	0.6391	0.0641	0.9496	2466	32.43	-0.08973	-0.003799	2446	1788	0.731	0.05882	1.086	2388	33.4	-0.07841	7.934e-05	2364	1725	0.7297	0.0625	1.084	-0.09527	-0.0458
chr7	11000000	12000000	0.3558	-0.0719	0.0303	0	0.06	0	1573	30.57	-0.06177	0.0005239	1560	1127	0.7224	0.0625	0.9902	1661	32.21	-0.09964	-0.002146	1649	1259	0.7635	0.06098	1.046	1709	33.43	-0.07723	0.01545	1693	1485	0.8771	0.05556	1.202	-0.08489	-0.04182
chr7	12000000	13000000	0.3687	-0.0717	0.0177	0	0.06	0	2489	30.63	-0.05896	0.002575	2468	1741	0.7054	0.06	0.9619	2500	32.78	-0.07426	0.01162	2483	1955	0.7874	0.05882	1.074	1872	33.27	-0.08391	0	1858	1422	0.7653	0.05814	1.044	-0.1119	0
chr7	13000000	14000000	0.3575	-0.1068	0.0316	0	0.0625	0	1765	30.13	-0.08263	0.01299	1761	1091	0.6195	0.0625	0.998	2049	31.72	-0.1218	0.004361	2045	1340	0.6553	0.0625	1.056	1462	32.42	-0.1216	0.000621	1452	905	0.6233	0.05556	1.004	-0.078	-0.04731
chr7	14000000	15000000	0.3524	-0.1014	0.0263	0	0.0613	0	1591	30.04	-0.08703	0.004234	1579	1184	0.7498	0.0625	1.225	1388	31.89	-0.1141	0.01449	1387	876	0.6316	0.0625	1.032	1302	32.35	-0.1244	-0.0002856	1298	753	0.5801	0.0625	0.9479	-0.09115	0
chr7	15000000	16000000	0.3555	-0.0961	0.0306	0	0.0625	0	1548	30.11	-0.08337	0.002482	1536	1083	0.7051	0.06	1.071	1481	32.06	-0.1064	0.0154	1464	900	0.6148	0.0625	0.9341	1633	32.13	-0.1344	-0.01663	1618	983	0.6075	0.0625	0.9232	-0.0902	0
chr7	16000000	17000000	0.3764	-0.0342	0.0145	0	0.0605	0	1524	31.25	-0.0299	-0.001243	1516	699	0.4611	0.0625	0.794	1588	33.27	-0.05285	-0.008836	1584	995	0.6282	0.05814	1.082	1854	33.74	-0.06374	-0.02503	1845	1244	0.6743	0.05814	1.161	-0.111	-0.03562
chr7	17000000	18000000	0.3709	-0.0163	0.015	0	0.0588	0	1545	30.98	-0.04229	-0.02822	1544	895	0.5797	0.05882	0.9266	1522	34.04	-0.01993	0.008513	1519	1028	0.6768	0.05814	1.082	1413	34.47	-0.03307	-0.004318	1412	758	0.5368	0.06	0.8581	-0.152	0
chr7	18000000	19000000	0.3629	-0.0207	0.0165	0	0.0588	0	865	31.29	-0.02827	-0.01544	864	353	0.4086	0.05556	0.6157	825	33.49	-0.04337	-0.005172	822	328	0.399	0.05848	0.6013	995	34.97	-0.01215	0.01911	991	672	0.6781	0.06	1.022	-0.1293	-0.07039
chr7	19000000	20000000	0.3621	-0.0117	0.0375	0	0.0588	0	2153	32.22	0.01436	0.02073	2144	1682	0.7845	0.06174	1.129	1620	33.63	-0.03731	-0.001576	1615	1077	0.6669	0.05263	0.9594	1753	34.83	-0.01801	0.004494	1730	1110	0.6416	0.05556	0.9231	-0.1024	-0.03847
chr7	20000000	21000000	0.3764	0.0155	0.019	0	0.0594	0	1458	32.48	0.02572	0.004678	1445	905	0.6263	0.05882	0.8914	1555	34.8	0.01193	0.006248	1541	966	0.6269	0.05882	0.8922	1702	36.19	0.03747	0.02649	1687	1279	0.7582	0.05814	1.079	-0.1375	-0.03747
chr7	21000000	22000000	0.3908	0.002	0.0173	0	0.0594	0	1785	32.04	0.006045	0.00222	1784	1059	0.5936	0.06667	1.037	1656	34.23	-0.01186	-0.005081	1653	1043	0.631	0.05882	1.102	1940	35.5	0.009728	0.01012	1939	1112	0.5735	0.06098	1.002	-0.1333	-0.0451
chr7	22000000	23000000	0.4084	0.042	0.0269	0	0.06	0	1537	32.49	0.02618	-0.01644	1529	807	0.5278	0.06098	0.8139	1751	34.93	0.01747	-0.02192	1738	1314	0.756	0.0625	1.166	1560	36.37	0.04451	-0.001099	1542	784	0.5084	0.06098	0.784	-0.1186	-0.04307
chr7	23000000	24000000	0.4076	0.0264	0.0229	0	0.0588	0	1266	32.41	0.02248	-0.003944	1255	809	0.6446	0.06863	0.9766	1144	34.68	0.007099	-0.01914	1125	736	0.6542	0.06	0.9911	1488	36.15	0.03568	0.005554	1472	1207	0.82	0.0625	1.242	-0.1394	-0.07698
chr7	24000000	25000000	0.4006	0.0193	0.0106	0	0.0629	0	1241	31.74	-0.007529	-0.02693	1229	892	0.7258	0.06	1.011	1226	35.13	0.02564	0.00643	1224	810	0.6618	0.0625	0.9215	1533	35.3	0.001433	-0.01908	1523	1251	0.8214	0.06098	1.144	-0.1615	0
chr7	25000000	26000000	0.4107	0.0525	0.0238	0	0.0583	0	1217	33.13	0.05456	0.001344	1206	876	0.7264	0.0641	0.9788	919	36.03	0.06224	0.003713	907	350	0.3859	0.05	0.52	1299	36.54	0.05132	-0.001239	1285	1013	0.7883	0.05556	1.062	-0.1325	0
chr7	26000000	27000000	0.4094	0.0357	0.0076	0	0.0588	0	1110	32.72	0.03632	0.002321	1104	769	0.6966	0.0625	1.009	1182	35.37	0.03529	0.002424	1176	867	0.7372	0.05263	1.068	902	36.27	0.04071	0	902	623	0.6907	0.05263	1.001	-0.1454	-0.02857
chr7	27000000	28000000	0.4203	0.0143	0.0129	0	0.06	0	1280	32.19	0.01304	0.000889	1276	598	0.4687	0.05556	0.7959	1393	35.02	0.02111	0.0003289	1388	747	0.5382	0.05882	0.914	1263	35.52	0.01028	-0.00578	1259	700	0.556	0.05291	0.9443	-0.1481	0
chr7	28000000	29000000	0.4073	-0.0066	0.0123	0	0.0588	0	1502	31.66	-0.01126	-0.005231	1500	1019	0.6793	0.06098	1.132	1278	35.18	0.02777	0.03445	1267	536	0.423	0.05882	0.7047	1443	34.96	-0.01277	-0.01027	1433	933	0.6511	0.05556	1.085	-0.1699	0
chr7	29000000	30000000	0.415	0.0144	0.0199	0	0.0605	0	1395	32.21	0.01377	0.002491	1394	1008	0.7231	0.06	1.204	1104	35.02	0.02121	-0.002997	1102	547	0.4964	0.05556	0.8263	1520	35.52	0.01031	-0.007659	1513	1120	0.7403	0.0625	1.232	-0.1312	-0.03953
chr7	30000000	31000000	0.4422	0.0918	0.0223	0	0.0556	0	814	33.77	0.08196	-0.006636	807	430	0.5328	0.0641	0.8732	589	36.97	0.0994	-0.002153	587	311	0.5298	0.05556	0.8683	943	37.65	0.09448	-0.004182	941	647	0.6876	0.05556	1.127	-0.1221	0
chr7	31000000	32000000	0.4058	-0.0169	0.0146	0	0.0597	0	1323	31.9	-0.0003376	0.01756	1319	831	0.63	0.05556	1.004	1465	34.58	0.002954	0.01889	1461	997	0.6824	0.05882	1.087	1185	34.92	-0.0141	0.001299	1183	638	0.5393	0.06098	0.8593	-0.121	0
chr7	32000000	33000000	0.4128	-0.0167	0.008	0	0.0617	0	2223	31.52	-0.01766	0.0006763	2214	1115	0.5036	0.0641	0.9193	1912	33.94	-0.02415	-0.01281	1907	788	0.4132	0.0625	0.7543	2244	34.94	-0.01354	-0.0001053	2234	1394	0.624	0.0625	1.139	-0.1255	-0.0458
chr7	33000000	34000000	0.3945	-0.0171	0.0247	0	0.0622	0	1340	31.67	-0.01073	0.002545	1334	742	0.5562	0.06522	1.126	1025	33.84	-0.02859	-0.008917	1020	228	0.2235	0.05685	0.4525	1409	34.1	-0.04843	-0.02748	1400	814	0.5814	0.06	1.177	-0.1119	0
chr7	34000000	35000000	0.3927	-0.0666	0.0205	0	0.0605	0	1662	30.66	-0.05719	0.007959	1649	1221	0.7404	0.06098	1.097	1056	32.8	-0.07325	0.0009656	1027	645	0.628	0.05556	0.9302	1809	33.88	-0.05774	0.007958	1791	1336	0.746	0.0625	1.105	-0.09954	0
chr7	35000000	36000000	0.4002	0.0504	0.0297	0	0.0594	0	1544	32.9	0.04428	-0.004899	1515	1081	0.7135	0.06	1.068	1095	35.9	0.05689	0.006579	1069	862	0.8064	0.05556	1.207	1651	36.04	0.03151	-0.0208	1608	1214	0.755	0.06098	1.13	-0.1293	0
chr7	36000000	37000000	0.4244	0.0423	0.0205	0	0.0597	0	994	33.08	0.05222	0.01519	990	376	0.3798	0.06667	0.6294	1524	36.3	0.07276	0.02472	1521	1030	0.6772	0.06098	1.122	1405	36.35	0.04378	-0.002504	1398	960	0.6867	0.05556	1.138	-0.1414	0
chr7	37000000	38000000	0.3998	0.0238	0.0218	0	0.0605	0	1403	32.29	0.0172	-0.007957	1396	714	0.5115	0.0641	0.9376	1547	35.18	0.02765	0.006521	1544	937	0.6069	0.05814	1.112	1515	36.26	0.04001	0.01539	1506	812	0.5392	0.05882	0.9884	-0.1375	-0.04182
chr7	38000000	39000000	0.389	0.0134	0.0136	0	0.0605	0	1660	32.1	0.008614	-0.00359	1648	1180	0.716	0.05556	1.025	1760	34.75	0.00972	0.006393	1755	1177	0.6707	0.06	0.96	1518	35.64	0.01507	0.002573	1509	1012	0.6706	0.05556	0.96	-0.152	-0.03317
chr7	39000000	40000000	0.4057	0.0195	0.0145	0	0.06	0	1192	32.27	0.01648	-0.002014	1182	870	0.736	0.0641	1.119	1415	34.87	0.01472	-0.005245	1413	970	0.6865	0.05662	1.044	1236	36.23	0.03883	0.01829	1234	731	0.5924	0.06	0.9008	-0.1644	-0.04891
chr7	40000000	41000000	0.3895	-0.0465	0.0224	0	0.0625	0	1002	30.88	-0.04691	-0.00223	1002	690	0.6886	0.05882	1.047	967	33.6	-0.03879	0.01577	963	527	0.5472	0.0625	0.8318	922	34.34	-0.03818	0.009122	921	747	0.8111	0.0641	1.233	-0.1155	-0.05063
chr7	41000000	42000000	0.3987	-0.0492	0.0218	0	0.0594	0	966	31	-0.04132	0.006515	958	699	0.7296	0.06522	1.208	809	33.25	-0.05367	0	805	475	0.5901	0.05556	0.9769	1092	33.74	-0.06383	-0.01521	1086	797	0.7339	0.06	1.215	-0.1375	0
chr7	42000000	43000000	0.3991	-0.0145	0.0111	0	0.0602	0	1261	31.84	-0.003084	0.01005	1253	837	0.668	0.0625	1.22	892	34.27	-0.01017	0.007918	889	34	0.03825	0.05882	0.06987	1217	34.36	-0.03772	-0.02379	1214	795	0.6549	0.05556	1.196	-0.1155	0
chr7	43000000	44000000	0.4253	0.0615	0.0169	0	0.0613	0	1425	32.86	0.04272	-0.01464	1420	1030	0.7254	0.0625	0.9432	1065	36.24	0.0703	0.001839	1059	695	0.6563	0.06364	0.8534	1345	37.06	0.07143	0.005842	1339	1154	0.8618	0.05556	1.121	-0.1651	-0.03847
chr7	44000000	45000000	0.4874	0.1161	0.0343	0	0.056	0	958	34.01	0.092	0.008756	949	571	0.6017	0.05814	0.8214	897	38.69	0.1649	0.01129	884	601	0.6799	0.05263	0.9281	995	38.7	0.134	0.001784	983	719	0.7314	0.05	0.9985	-0.2224	-0.03747
chr7	45000000	46000000	0.4485	0.0718	0.0124	0	0.061	0	1284	33.47	0.06913	0.008178	1276	1013	0.7939	0.0641	1.174	1316	36.71	0.08909	-0.001178	1310	895	0.6832	0.05263	1.01	1348	37.12	0.07392	-0.005031	1344	1049	0.7805	0.05882	1.154	-0.1592	0
chr7	46000000	47000000	0.388	-0.0282	0.0202	0	0.0621	0	1426	31.9	-0.0001109	0.02143	1417	928	0.6549	0.06098	1.016	1482	33.69	-0.03463	0.0001929	1472	970	0.659	0.0625	1.022	1242	34.05	-0.0508	-0.02085	1230	773	0.6285	0.05882	0.9745	-0.09622	-0.04064
chr7	47000000	48000000	0.4508	0.0174	0.0241	0	0.0617	0	1706	32.31	0.01817	0.00512	1703	1252	0.7352	0.0625	1.075	1376	35.43	0.03793	0.00271	1370	995	0.7263	0.0641	1.062	1916	36.43	0.04695	0.01952	1909	1285	0.6731	0.05556	0.984	-0.1375	-0.06036
chr7	48000000	49000000	0.3901	-0.0421	0.0137	0	0.0625	0	863	31.59	-0.01413	0.02633	846	402	0.4752	0.06098	0.7157	943	33.74	-0.03257	0.01745	936	587	0.6271	0.0625	0.9446	1383	34.26	-0.04195	0.001059	1362	954	0.7004	0.06098	1.055	-0.06726	-0.04439
chr7	49000000	50000000	0.3719	-0.0305	0.0278	0	0.0605	0	1868	31.83	-0.003294	0.02494	1858	617	0.3321	0.06	0.6101	1938	33.33	-0.05021	-0.01171	1924	1081	0.5619	0.05556	1.032	2289	33.83	-0.06009	-0.01894	2275	1491	0.6554	0.0625	1.204	-0.08746	0
chr7	50000000	51000000	0.4229	0.0633	0.0242	0	0.0585	0	1592	33.74	0.08073	0.0188	1587	909	0.5728	0.06	1.055	1821	35.93	0.05793	-0.01126	1820	1111	0.6104	0.05556	1.125	1577	36.87	0.06431	-0.009965	1573	927	0.5893	0.05556	1.086	-0.1069	-0.04811
chr7	51000000	52000000	0.4182	-0.0404	0.0394	0	0.0625	0	1719	31.82	-0.003601	0.03565	1705	1199	0.7032	0.05882	1.262	1786	34.41	-0.004406	0.02617	1784	1293	0.7248	0.06098	1.301	1700	33.61	-0.06917	-0.03162	1691	1158	0.6848	0.05263	1.229	-0.09466	0
chr7	52000000	53000000	0.372	-0.0894	0.0242	0	0.0591	0	2019	30.41	-0.06906	0.01559	2011	1682	0.8364	0.06	1.186	2332	32.06	-0.1063	-0.01	2324	1665	0.7164	0.05882	1.016	2147	33.07	-0.09262	0.00614	2142	1639	0.7652	0.06	1.085	-0.1085	0
chr7	53000000	54000000	0.363	-0.0802	0.0221	0	0.0625	0	1400	30.42	-0.06878	0.002334	1394	771	0.5531	0.0625	0.8676	1809	32.05	-0.1069	-0.008894	1800	1148	0.6378	0.06522	1	1665	32.59	-0.1138	-0.02276	1659	1048	0.6317	0.06	0.9909	-0.08489	-0.04439
chr7	54000000	55000000	0.3814	-0.055	0.0276	0	0.0625	0	2021	30.87	-0.04752	0.002601	2017	1362	0.6753	0.0625	1.042	1900	33.02	-0.06394	0.0002921	1885	1173	0.6223	0.05882	0.9602	1987	33.6	-0.07001	-0.0102	1975	1552	0.7858	0.06098	1.213	-0.09954	0
chr7	55000000	56000000	0.4435	0.0399	0.0169	0	0.06	0	1468	32.59	0.03066	0	1460	996	0.6822	0.0641	1.021	1610	36.03	0.06194	0.008968	1590	951	0.5981	0.0625	0.895	1392	36.15	0.0359	-0.01137	1383	896	0.6479	0.05814	0.9694	-0.152	0
chr7	56000000	57000000	0.4481	-0.0675	0.0423	0	0.0656	0	1366	30.32	-0.07351	0.003731	1125	822	0.7307	0.0641	1.023	2169	33.54	-0.04117	0.007656	1955	1477	0.7555	0.05882	1.058	1927	33.78	-0.062	-0.0005584	1674	1242	0.7419	0.05882	1.039	-0.09311	0
chr7	57000000	58000000	0.4194	-0.1034	0.0268	0	0.0667	0	2037	29.97	-0.09032	0.01434	1819	1283	0.7053	0.0625	0.9948	1836	32.27	-0.09692	-0.0001395	1647	964	0.5853	0.06667	0.8255	2796	32.78	-0.1054	-0.001636	2571	2009	0.7814	0.0625	1.102	-0.1234	-0.04009
chr7	58000000	59000000	0.3866	-0.3919	0.1864	1	0.1	1	1362	23.88	-0.4178	NA	614	549	0.8941	NA	1.007	1104	23.83	-0.5341	NA	439	333	0.7585	NA	0.8543	1912	26.5	-0.4125	NA	1017	777	0.764	NA	0.8605	0	-0.1547
chr7	59000000	60000000	0.3895	-2.293	0.1278	1	0.1196	1	707	6.76	-2.239	NA	75	35	0.4667	NA	0.9257	739	8.681	-1.991	NA	140	65	0.4643	NA	0.921	1119	6.092	-2.533	NA	115	49	0.4261	NA	0.8452	-0.415	1
chr7	60000000	61000000	0.3862	-0.9221	0.2235	1	0.0933	1	1264	14.72	-1.116	NA	430	338	0.786	NA	1.039	1188	13.37	-1.368	NA	368	165	0.4484	NA	0.5928	1808	20.19	-0.8045	NA	761	591	0.7766	NA	1.027	-0.156	-0.09842
chr7	61000000	62000000	0.3683	-0.2412	0.1071	1	0.0893	0	2133	24.22	-0.3977	NA	1262	1059	0.8391	0.08824	1.121	1104	27.75	-0.3146	NA	645	308	0.4775	0.1448	0.638	3239	30.51	-0.2092	NA	2297	1663	0.724	0.09375	0.9673	-0.02555	-0.2425
chr7	62000000	63000000	0.3679	0.1238	0.0584	0	0.0833	0	2891	34.67	0.1199	-0.01316	2423	1925	0.7945	0.08108	1.001	1956	39.22	0.1845	0.07169	1561	829	0.5311	0.1066	0.669	4420	36.36	0.04412	-0.06742	3883	3099	0.7981	0.07576	1.005	-0.07529	-0.04439
chr7	63000000	64000000	0.4359	-0.1742	0.0585	0	0.0714	0	2210	28.85	-0.1451	0.03695	1725	945	0.5478	0.06897	0.9577	1995	30.66	-0.171	-0.006958	1570	611	0.3892	0.05814	0.6804	2210	29.88	-0.2391	-0.06537	1681	1103	0.6562	0.06667	1.147	-0.06413	0.05772
chr7	64000000	65000000	0.4103	-0.0252	0.0232	0	0.0614	0	2507	31.42	-0.02213	0.00377	2498	1571	0.6289	0.05882	1.054	2241	34.05	-0.01955	0	2228	1400	0.6284	0.0625	1.054	2309	34.29	-0.04052	-0.01747	2302	1175	0.5104	0.0625	0.8558	-0.1193	0
chr7	65000000	66000000	0.4163	0.2789	0.061	0	0.1102	1	2308	37.66	0.2395	-0.04263	2135	1901	0.8904	NA	1.344	2154	42.04	0.2846	0.002048	2024	1647	0.8137	NA	1.228	2342	42.01	0.2524	-0.02884	2150	1797	0.8358	NA	1.261	-0.1699	-0.07127
chr7	66000000	67000000	0.4543	0.0577	0.0349	0	0.0588	0	1282	32.99	0.04837	0.00513	1261	1145	0.908	0.06	4.257	1280	35.97	0.05977	-0.0165	1266	1139	0.8997	0.05814	4.218	648	36.82	0.06204	-0.001122	643	111	0.1726	0.05882	0.8093	-0.1339	-0.06559
chr7	67000000	68000000	0.4399	0.0012	0.0189	0	0.06	0	2033	32.21	0.0136	0.01526	2019	1548	0.7667	0.0625	1.063	3185	34.85	0.01406	0.0008485	3169	2270	0.7163	0.05814	0.9932	1615	34.93	-0.01385	-0.01878	1608	1162	0.7226	0.05882	1.002	-0.1186	0
chr7	68000000	69000000	0.4327	-0.0587	0.023	0	0.0625	0	1773	30.93	-0.0449	0.02447	1756	1446	0.8235	0.0625	1.22	2059	33.51	-0.04264	0.008083	2038	1228	0.6026	0.06098	0.8931	1714	33.6	-0.06993	-0.01343	1704	1335	0.7835	0.06	1.161	-0.1375	0
chr7	69000000	70000000	0.4236	-0.036	0.0124	0	0.0617	0	1063	31.13	-0.03552	0.005213	1060	592	0.5585	0.05882	1.026	1048	33.8	-0.03011	0	1044	592	0.567	0.06049	1.041	1044	34.04	-0.05111	-0.0192	1034	630	0.6093	0.06098	1.119	-0.1142	0
chr7	70000000	71000000	0.4201	-0.028	0.0245	0	0.06	0	871	31.17	-0.03341	-0.003821	863	314	0.3638	0.06667	0.6701	966	34.02	-0.02087	0.0005144	955	454	0.4754	0.0633	0.8755	1164	34.18	-0.04523	-0.01874	1153	835	0.7242	0.05882	1.334	-0.1255	0
chr7	71000000	72000000	0.4416	-0.0334	0.015	0	0.06	0	1538	31.58	-0.01484	0.02153	1528	779	0.5098	0.05882	0.8946	1703	34.03	-0.02015	0.00393	1685	927	0.5501	0.05556	0.9653	1973	34.47	-0.03285	-0.005675	1968	1407	0.7149	0.05882	1.254	-0.1096	0
chr7	72000000	73000000	0.4373	0.0076	0.0175	0	0.061	0	1290	32.14	0.01071	0.01093	1266	672	0.5308	0.0625	0.881	1203	34.69	0.007277	-0.013	1168	736	0.6301	0.05882	1.046	1364	35.45	0.007569	-0.007693	1337	1027	0.7681	0.05882	1.275	-0.1568	-0.04655
chr7	73000000	74000000	0.4923	0.06	0.0431	0	0.0629	0	700	32.82	0.04099	0.0116	649	519	0.7997	0.05556	1.084	641	36.71	0.0889	-0.00645	586	520	0.8874	0.05941	1.203	783	37.85	0.1021	0.02921	733	502	0.6849	0.06522	0.9286	-0.1445	-0.03655
chr7	74000000	75000000	0.4991	0.0192	0.0602	0	0.0629	0	1108	31.62	-0.01311	-0.007838	1049	562	0.5357	0.0625	1.301	1045	35.93	0.05817	0.00487	988	236	0.2389	0.06639	0.5802	1180	37.48	0.08803	0.05682	1119	697	0.6229	0.05556	1.513	-0.215	0
chr7	75000000	76000000	0.4868	0.0365	0.0539	0	0.0617	0	1144	32.06	0.006939	0.003291	1054	523	0.4962	0.06098	0.7876	1240	36.66	0.08696	0.01506	1113	697	0.6262	0.05814	0.994	1287	36.47	0.04827	-0.001405	1184	839	0.7086	0.05882	1.125	-0.1656	0
chr7	76000000	77000000	0.4515	-0.0417	0.0387	0	0.0656	0	1779	30.37	-0.07126	-0.02521	1630	1302	0.7988	0.06667	1.05	1542	33.57	-0.04014	-0.01782	1359	847	0.6233	0.0641	0.8193	1901	34.87	-0.01616	0.0185	1712	1441	0.8417	0.06364	1.106	-0.1375	0
chr7	77000000	78000000	0.4012	0.0235	0.0197	0	0.0617	0	1369	32	0.004211	-0.02028	1330	893	0.6714	0.06	1.03	1258	35.47	0.03945	0.01438	1223	766	0.6263	0.05792	0.9608	1540	35.76	0.0199	-0.001364	1494	813	0.5442	0.05556	0.8348	-0.1605	-0.03242
chr7	78000000	79000000	0.375	-0.0088	0.0196	0	0.0607	0	1592	32.1	0.00884	0.01062	1587	670	0.4222	0.06098	0.6898	1895	34.2	-0.0133	0.005438	1893	1253	0.6619	0.05882	1.082	1512	34.79	-0.0197	-0.001468	1507	586	0.3889	0.05814	0.6354	-0.1024	0
chr7	79000000	80000000	0.3541	-0.094	0.0239	0	0.0625	0	1972	30.5	-0.0649	0.01339	1965	1588	0.8081	0.0625	1.458	2064	32.06	-0.1064	0.008887	2056	1503	0.731	0.0625	1.319	916	32.89	-0.1005	0.01617	913	0	0	NA	0	-0.08419	0
chr7	80000000	81000000	0.3653	-0.0999	0.0196	0	0.061	0	1451	30.11	-0.08328	0.001287	1444	1168	0.8089	0.06	1.229	1577	31.69	-0.1232	-0.008251	1574	1182	0.751	0.06522	1.141	593	32.25	-0.1287	-0.01996	590	1	0.001695	NA	0.002575	-0.1278	0
chr7	81000000	82000000	0.3574	-0.0888	0.0145	0	0.0641	0	1574	30.14	-0.08209	-0.004652	1570	1201	0.765	0.0625	1.299	1635	31.87	-0.1147	-0.008807	1632	1292	0.7917	0.0625	1.344	755	32.59	-0.114	-0.009022	751	2	0.002663	NA	0.004521	-0.1333	0
chr7	82000000	83000000	0.355	-0.0926	0.0365	0	0.0625	0	1214	29.86	-0.09533	-0.01286	1204	540	0.4485	0.06667	0.6782	1281	31.7	-0.1227	-0.006562	1277	999	0.7823	0.06	1.183	970	32.46	-0.1198	-0.004767	951	5	0.005258	0.125	0.00795	-0.111	0
chr7	83000000	84000000	0.3504	-0.0916	0.0288	0	0.0617	0	1565	29.72	-0.1024	-0.02098	1555	608	0.391	0.05685	0.6481	1721	31.4	-0.1364	-0.01346	1719	1029	0.5986	0.05882	0.9922	1223	32.21	-0.131	-0.01201	1210	6	0.004959	0.1974	0.008219	-0.1155	-0.03847
chr7	84000000	85000000	0.3452	-0.1106	0.0404	0	0.0652	0	1353	29.95	-0.09139	0.009772	1337	389	0.2909	0.05556	0.5184	1328	31.14	-0.1483	-0.006822	1317	1011	0.7677	0.06	1.368	1079	32.1	-0.1357	-0.005223	1069	2	0.001871	NA	0.003334	-0.09622	-0.04891
chr7	85000000	86000000	0.3441	-0.0806	0.0108	0	0.0625	0	980	30.22	-0.07812	-0.01154	979	14	0.0143	0.1409	0.02656	1242	31.82	-0.1174	-0.005378	1239	508	0.41	0.06522	0.7614	981	33.23	-0.08567	0.01834	976	11	0.01127	0.1667	0.02093	-0.1115	-0.07497
chr7	86000000	87000000	0.3582	-0.0651	0.042	0	0.0605	0	937	31.18	-0.03299	0.02003	933	0	0	NA	0	1331	32.8	-0.07356	0.0106	1320	745	0.5644	0.05882	0.9581	937	33.38	-0.07943	0.0008729	934	1	0.001071	NA	0.001817	-0.07157	-0.04439
chr7	87000000	88000000	0.3769	0.0044	0.0196	0	0.0588	0	586	32.35	0.02012	0.01141	583	226	0.3877	0.05719	0.6628	828	34.42	-0.003733	0.002251	824	450	0.5461	0.05941	0.9337	583	36.29	0.04144	0.04035	579	223	0.3851	0.05	0.6585	-0.1137	-0.08132
chr7	88000000	89000000	0.364	-0.0451	0.0139	0	0.0617	0	1142	31.14	-0.03499	-0.00229	1138	942	0.8278	0.06098	1.08	1446	33.2	-0.05578	0.006505	1437	976	0.6792	0.0633	0.8859	1153	33.97	-0.05414	0.003074	1144	951	0.8313	0.05882	1.084	-0.1186	-0.03747
chr7	89000000	90000000	0.3568	-0.0702	0.0222	0	0.0633	0	1449	30.6	-0.06031	-0.001376	1440	1100	0.7639	0.06522	1.084	1607	32.63	-0.08084	0.0137	1602	989	0.6174	0.06	0.8764	1448	33.28	-0.08344	0.007537	1444	1105	0.7652	0.06098	1.086	-0.1155	0
chr7	90000000	91000000	0.3776	-0.0094	0.018	0	0.0588	0	1306	31.45	-0.02074	-0.01361	1299	654	0.5035	0.06466	0.8437	1671	33.49	-0.04334	-0.02355	1668	1122	0.6727	0.05882	1.127	918	35.19	-0.00324	0.01031	911	17	0.01866	0.04545	0.03127	-0.1329	-0.05552
chr7	91000000	92000000	0.3886	-0.0202	0.0192	0	0.0625	0	1180	31.24	-0.03016	-0.01272	1141	770	0.6748	0.05941	1.046	1035	34.16	-0.01492	0.01373	1031	791	0.7672	0.0641	1.189	1066	34.26	-0.0419	-0.02049	1037	637	0.6143	0.06098	0.9519	-0.0982	-0.02862
chr7	92000000	93000000	0.3836	0.0165	0.0281	0	0.0625	0	504	32.14	0.01083	-0.01077	502	452	0.9004	0.06	1.071	479	35.42	0.03738	0.0263	472	433	0.9174	0.05882	1.091	470	35.23	-0.001296	-0.0122	467	148	0.3169	0.06125	0.3768	-0.1375	0
chr7	93000000	94000000	0.3648	-0.0225	0.0222	0	0.0588	0	984	32.06	0.007135	0.01551	978	535	0.547	0.05882	0.8517	956	34.16	-0.01467	0.02165	953	900	0.9444	0.05556	1.47	1210	34.32	-0.03941	-0.005443	1203	1006	0.8362	0.05814	1.302	-0.08539	0
chr7	94000000	95000000	0.3713	-0.0326	0.0168	0	0.0621	0	949	31.15	-0.03473	-0.009741	943	707	0.7497	0.05882	1.361	803	32.81	-0.07311	-0.02802	802	408	0.5087	0.05556	0.9236	720	33.98	-0.05352	-0.008602	718	332	0.4624	0.05882	0.8395	-0.08746	-0.0614
chr7	95000000	96000000	0.379	-0.0459	0.021	0	0.0625	0	1027	31.34	-0.02595	0.01307	1025	741	0.7229	0.06098	1.069	1078	33.2	-0.05593	0.001541	1074	632	0.5885	0.05685	0.8701	934	33.76	-0.06288	-0.01184	930	532	0.572	0.05556	0.8458	-0.09954	0
chr7	96000000	97000000	0.3866	-0.0618	0.0203	0	0.0611	0	1010	31.07	-0.03819	0.01724	1000	233	0.233	0.06757	0.4424	1049	32.56	-0.08413	-0.01697	1039	300	0.2887	0.06	0.5482	1091	33.85	-0.05916	0.006032	1080	380	0.3519	0.0625	0.668	-0.1031	-0.04439
chr7	97000000	98000000	0.4013	-0.0345	0.0229	0	0.06	0	1368	31.28	-0.0283	0.005214	1354	1171	0.8648	0.06	1.116	1413	33.92	-0.02485	0.008076	1396	1042	0.7464	0.0625	0.9631	1166	34.47	-0.0331	0.003708	1151	1023	0.8888	0.06	1.147	-0.1375	-0.03519
chr7	98000000	99000000	0.4752	0.0206	0.0275	0	0.0594	0	1194	32.13	0.01027	0.008687	1180	527	0.4466	0.05814	0.8177	1110	35.62	0.04562	-0.005306	1104	163	0.1476	0.05263	0.2703	1185	36.56	0.05188	0.02017	1177	601	0.5106	0.05556	0.9349	-0.1605	-0.03747
chr7	99000000	100000000	0.454	0.0541	0.0306	0	0.0583	0	665	32.28	0.01681	-0.02284	655	336	0.513	0.06098	0.8952	569	36.13	0.06611	-0.007493	567	188	0.3316	0.05848	0.5787	1065	37.31	0.08147	0.02505	1057	852	0.8061	0.05319	1.407	-0.1755	-0.03356
chr7	100000000	101000000	0.5123	0.2401	0.0639	0	0.0605	0	1095	37.3	0.2255	0.01693	1051	911	0.8668	0.05738	1.113	960	43.36	0.3292	0.04332	931	738	0.7927	0.0625	1.018	1046	43.5	0.3029	0.05044	1009	778	0.7711	0.05882	0.9898	-0.2065	0
chr7	101000000	102000000	0.5023	0.0613	0.0394	0	0.0588	0	1287	32.74	0.03713	0.007325	1260	980	0.7778	0.05814	1.132	1494	37.01	0.1007	0.002646	1478	1101	0.7449	0.05882	1.084	1690	36.76	0.06004	-0.01454	1653	1291	0.781	0.05882	1.137	-0.195	0
chr7	102000000	103000000	0.4728	0.0688	0.0496	0	0.0647	0	1257	32.42	0.02295	-0.02696	1045	302	0.289	0.06522	0.5383	1256	36.05	0.06288	-0.03672	1064	428	0.4023	0.06981	0.7492	1243	37.24	0.07852	-0.001033	1099	256	0.2329	0.0641	0.4339	-0.2016	-0.04731
chr7	103000000	104000000	0.3855	0.0099	0.0137	0	0.0594	0	1109	32.2	0.01328	-0.006469	1107	387	0.3496	0.06098	0.5913	1060	34.97	0.01879	0.01284	1057	350	0.3311	0.05556	0.5601	1237	35.33	0.002727	-0.0006106	1233	667	0.541	0.06098	0.915	-0.1304	0
chr7	104000000	105000000	0.397	0.0306	0.0271	0	0.0594	0	1463	32.26	0.01612	-0.008303	1453	1183	0.8142	0.05882	1.207	1367	34.99	0.01962	-0.004684	1361	932	0.6848	0.05814	1.015	1667	35.43	0.006607	-0.02231	1663	1217	0.7318	0.05882	1.085	-0.1481	0
chr7	105000000	106000000	0.4275	0.0528	0.0082	0	0.0592	0	1054	32.72	0.03632	-0.00928	1035	714	0.6899	0.05882	1.014	1082	35.77	0.05165	-0.008005	1075	762	0.7088	0.0625	1.042	887	36.4	0.04566	-0.01358	880	441	0.5011	0.05814	0.737	-0.1699	-0.04123
chr7	106000000	107000000	0.4092	0.0508	0.0139	0	0.0588	0	1349	32.61	0.03169	-0.01629	1340	558	0.4164	0.06	0.6644	1615	35.85	0.05464	0.007058	1608	958	0.5958	0.05556	0.9505	1489	36.43	0.04696	-0.00885	1482	931	0.6282	0.05882	1.002	-0.1543	-0.03747
chr7	107000000	108000000	0.3868	-0.0036	0.0072	0	0.06	0	968	31.68	-0.01016	-0.01238	957	685	0.7158	0.05882	0.9406	1099	34.33	-0.007737	0.001224	1088	843	0.7748	0.05556	1.018	698	35.1	-0.006991	-0.001644	693	550	0.7937	0.05882	1.043	-0.1024	-0.0458
chr7	108000000	109000000	0.3891	-0.021	0.0066	0	0.06	0	991	31.4	-0.02299	-0.003812	983	577	0.587	0.06	1.115	1520	34.08	-0.01835	0.01206	1509	1183	0.784	0.05556	1.489	605	34.01	-0.05238	-0.03058	602	0	0	NA	0	-0.1058	0
chr7	109000000	110000000	0.353	-0.1023	0.0199	0	0.0652	0	1681	30.52	-0.06403	0.0239	1667	791	0.4745	0.0625	0.9452	2000	31.73	-0.1214	0.006654	1983	1268	0.6394	0.05882	1.274	1341	32.34	-0.125	-0.0001434	1335	2	0.001498	NA	0.002984	-0.07529	-0.0458
chr7	110000000	111000000	0.363	-0.0758	0.0172	0	0.0625	0	1138	30.15	-0.08157	-0.01486	1128	515	0.4566	0.06522	0.7861	1307	32.42	-0.09012	0.003452	1293	680	0.5259	0.05941	0.9055	948	33.37	-0.07971	0.006901	943	2	0.002121	NA	0.003652	-0.1215	-0.03953
chr7	111000000	112000000	0.3753	-0.0596	0.0099	0	0.0625	0	902	30.74	-0.05373	-0.000421	892	654	0.7332	0.0625	1.228	1199	32.88	-0.06995	0.0001766	1185	1029	0.8684	0.06	1.454	716	33.9	-0.05708	0.007145	710	1	0.001408	NA	0.002358	-0.1119	-0.03953
chr7	112000000	113000000	0.3834	-0.0524	0.0261	0	0.0613	0	868	30.6	-0.06033	-0.01223	858	520	0.6061	0.06594	0.9127	1246	32.93	-0.06765	-0.009833	1236	1013	0.8196	0.0641	1.234	810	34.31	-0.03943	0.01869	805	348	0.4323	0.05409	0.6511	-0.1091	-0.078
chr7	113000000	114000000	0.3626	-0.0809	0.0259	0	0.06	0	1153	30.23	-0.07773	-0.002157	1141	847	0.7423	0.06	1.062	1610	32.22	-0.0993	0.0006933	1565	1234	0.7885	0.05882	1.128	1071	33.38	-0.0791	0.008111	1063	765	0.7197	0.0625	1.029	-0.122	-0.03953
chr7	114000000	115000000	0.3572	-0.0545	0.0205	0	0.0625	0	965	30.49	-0.06539	-0.02079	962	661	0.6871	0.0641	1.43	1066	32.49	-0.08704	-0.01432	1058	724	0.6843	0.05556	1.424	777	34.01	-0.0521	0.0249	770	391	0.5078	0.06522	1.057	-0.1293	-0.04373
chr7	115000000	116000000	0.3526	-0.0306	0.0221	0	0.0588	0	1116	31.61	-0.01355	0.006553	1113	718	0.6451	0.0625	1.096	1108	33.39	-0.0479	0.01191	1108	647	0.5839	0.0625	0.9921	1197	34.1	-0.04837	0.004338	1194	931	0.7797	0.05882	1.325	-0.09954	-0.04244
chr7	116000000	117000000	0.3831	0.0199	0.0249	0	0.0568	0	805	31.59	-0.01419	-0.03832	805	558	0.6932	0.0625	1.004	999	34.3	-0.008738	-0.01814	997	708	0.7101	0.05814	1.029	987	35.81	0.02214	0.006545	983	692	0.704	0.05882	1.02	-0.1561	-0.05667
chr7	117000000	118000000	0.3807	-0.0176	0.0102	0	0.0591	0	787	31.86	-0.001793	0.006551	772	628	0.8135	0.05556	1.101	466	35.37	0.03545	0.0593	452	278	0.615	0.05556	0.8327	754	34.9	-0.01509	0.005745	746	293	0.3928	0.0625	0.5318	-0.1575	0
chr7	118000000	119000000	0.3544	-0.0725	0.017	0	0.0602	0	1651	30.98	-0.04256	0.01425	1649	1296	0.7859	0.06	1.736	1667	32.68	-0.07876	0.01679	1665	1323	0.7946	0.0625	1.755	1464	33.06	-0.09307	0.002027	1463	957	0.6541	0.05882	1.445	-0.09433	-0.04064
chr7	119000000	120000000	0.3444	-0.0667	0.0247	0	0.0594	0	1121	31.04	-0.03948	0.01491	1118	837	0.7487	0.0625	1.381	852	32.57	-0.08375	0.01434	851	538	0.6322	0.05882	1.166	1121	33.24	-0.08525	0.004858	1117	837	0.7493	0.05556	1.382	-0.08212	-0.039
chr7	120000000	121000000	0.3584	-0.0126	0.0215	0	0.0556	0	1303	31.47	-0.01983	-0.01943	1299	1238	0.953	0.0625	1.256	408	34.24	-0.01163	0.01729	407	300	0.7371	0.05556	0.9711	1310	35	-0.01075	0.01724	1304	1244	0.954	0.05556	1.257	-0.1651	0
chr7	121000000	122000000	0.3686	-0.0088	0.022	0	0.0581	0	1054	31.29	-0.02811	-0.02968	1036	725	0.6998	0.0625	1.099	1597	33.03	-0.0633	-0.04157	1584	1027	0.6484	0.0625	1.018	901	35.36	0.00372	0.02475	892	570	0.639	0.05556	1.004	-0.1293	-0.08489
chr7	122000000	123000000	0.3695	-0.0802	0.0293	0	0.06	0	690	30.57	-0.06186	0.008174	683	473	0.6925	0.06667	1.011	644	32.43	-0.0899	0.005727	638	322	0.5047	0.05941	0.7365	835	32.99	-0.09641	-0.01042	822	572	0.6959	0.0625	1.015	-0.1119	0
chr7	123000000	124000000	0.3707	-0.0761	0.0256	0	0.06	0	1127	31.39	-0.02345	0.05038	1117	997	0.8926	0.05882	1.185	1292	32.33	-0.09438	-0.00479	1269	876	0.6903	0.05556	0.9165	1060	33.44	-0.07661	0.0118	1037	895	0.8631	0.0625	1.146	-0.0902	-0.04891
chr7	124000000	125000000	0.3637	-0.0813	0.0171	0	0.06	0	2118	30.52	-0.06383	0.007358	2109	1787	0.8473	0.06098	1.485	1603	32.53	-0.08529	0.01378	1595	803	0.5034	0.0625	0.8826	1460	33.32	-0.08189	0.01152	1456	295	0.2026	0.05882	0.3552	-0.1187	-0.04307
chr7	125000000	126000000	0.3522	-0.0788	0.018	0	0.0625	0	1638	30.57	-0.06177	0.006889	1625	1363	0.8388	0.06	1.296	1203	31.92	-0.1127	-0.004741	1198	334	0.2788	0.0625	0.4308	1604	32.98	-0.09657	0.005255	1600	1030	0.6438	0.05882	0.9947	-0.09954	-0.0458
chr7	126000000	127000000	0.3593	-0.0553	0.0215	0	0.06	0	1595	31.2	-0.03218	0.01015	1590	1140	0.717	0.0625	1.065	1141	32.47	-0.08789	-0.009363	1140	113	0.09912	0.06522	0.1472	1572	34.43	-0.03451	0.03485	1566	1195	0.7631	0.05814	1.133	-0.0902	-0.06955
chr7	127000000	128000000	0.4019	0.0129	0.0288	0	0.0588	0	1114	32.63	0.03264	0.01875	1113	961	0.8634	0.06098	1.253	630	35.33	0.03379	0.01931	629	492	0.7822	0.05814	1.135	1017	35.33	0.002719	-0.01185	1013	776	0.766	0.05941	1.112	-0.1375	0
chr7	128000000	129000000	0.4742	0.1018	0.0399	0	0.0597	0	1517	33.46	0.06859	-0.01422	1510	1181	0.7821	0.05882	1.215	1191	37.5	0.1199	-0.01218	1188	402	0.3384	0.05814	0.5256	1051	38.54	0.1279	0.01527	1045	425	0.4067	0.05319	0.6317	-0.1876	-0.03847
chr7	129000000	130000000	0.4367	0.0566	0.0169	0	0.0594	0	1359	32.73	0.03668	-0.0121	1355	780	0.5756	0.06	1.116	1445	35.81	0.05321	-0.01442	1437	740	0.515	0.05556	0.998	1260	37.37	0.08373	0.01947	1256	538	0.4283	0.05882	0.8301	-0.1605	-0.04307
chr7	130000000	131000000	0.4219	0.0544	0.0101	0	0.0594	0	1235	32.68	0.03478	-0.01463	1221	726	0.5946	0.06	0.999	1051	35.37	0.0353	-0.02544	1041	455	0.4371	0.05882	0.7343	1156	36.64	0.05531	-0.008155	1148	584	0.5087	0.05263	0.8547	-0.1437	-0.03137
chr7	131000000	132000000	0.4299	0.0436	0.0259	0	0.0556	0	1526	32.58	0.03032	-0.0104	1523	705	0.4629	0.05814	0.8885	1529	35.78	0.05216	0.002439	1525	774	0.5075	0.06	0.9742	1509	37.14	0.07479	0.022	1504	719	0.4781	0.05556	0.9176	-0.1532	-0.04811
chr7	132000000	133000000	0.4453	0.0189	0.0263	0	0.0621	0	1301	32.38	0.02142	0.01389	1295	947	0.7313	0.0625	1.205	1228	35.55	0.04288	0.008625	1216	945	0.7771	0.05882	1.281	1382	35.54	0.01136	-0.01313	1373	920	0.6701	0.05882	1.104	-0.1454	0
chr7	133000000	134000000	0.388	-0.0332	0.0175	0	0.0619	0	1268	31.32	-0.02654	0	1255	623	0.4964	0.0625	0.8969	1388	33.37	-0.04846	-0.008638	1373	739	0.5382	0.05882	0.9724	1336	34.69	-0.02392	0.01103	1330	731	0.5496	0.06522	0.993	-0.1193	-0.05063
chr7	134000000	135000000	0.4107	0.033	0.0193	0	0.0591	0	1677	32.63	0.0323	-0.001422	1675	1164	0.6949	0.05814	1.034	1090	34.89	0.01561	-0.02341	1083	785	0.7248	0.06	1.079	1522	35.91	0.02626	-0.006801	1521	1102	0.7245	0.05556	1.078	-0.1271	0
chr7	135000000	136000000	0.4121	0.0618	0.0103	0	0.0594	0	1581	32.73	0.03692	-0.02092	1576	739	0.4689	0.06	0.7765	1675	35.95	0.05903	-0.008127	1668	843	0.5054	0.05556	0.8369	1442	36.67	0.05628	-0.009195	1439	853	0.5928	0.05882	0.9816	-0.1271	-0.03747
chr7	136000000	137000000	0.374	-0.0477	0.0234	0	0.061	0	1362	31.31	-0.02705	0.008497	1346	733	0.5446	0.0625	1.086	1316	33.48	-0.0439	0.01295	1305	817	0.6261	0.0641	1.248	1435	33.38	-0.07924	-0.02139	1422	998	0.7018	0.05882	1.399	-0.08246	0
chr7	137000000	138000000	0.388	-0.038	0.0208	0	0.0625	0	1165	31.39	-0.02322	0.008113	1144	785	0.6862	0.05882	1.015	1156	33.57	-0.03981	0.004807	1148	778	0.6777	0.0641	1.002	1064	34.17	-0.04532	-0.005578	1057	517	0.4891	0.0625	0.7232	-0.09115	-0.03477
chr7	138000000	139000000	0.4232	0.0178	0.0119	0	0.0621	0	1621	31.98	0.003208	-0.01323	1594	1183	0.7422	0.06522	1.076	1530	35.34	0.03416	0.01047	1511	905	0.5989	0.06	0.868	1476	36	0.02969	0	1452	969	0.6674	0.0641	0.9672	-0.1644	-0.03653
chr7	139000000	140000000	0.4381	0.0554	0.0183	0	0.0588	0	911	33.27	0.06026	0.009802	907	588	0.6483	0.0625	0.923	554	36.11	0.06517	-0.002645	549	291	0.5301	0.05882	0.7546	1038	37.17	0.07599	0.01542	1037	896	0.864	0.05556	1.23	-0.1583	-0.03797
chr7	140000000	141000000	0.4378	0.0226	0.0269	0	0.0617	0	628	32.33	0.01892	0.0006459	618	378	0.6117	0.06757	0.882	1026	35.44	0.03817	0.002548	1011	806	0.7972	0.05882	1.15	735	36.85	0.06341	0.03445	733	417	0.5689	0.0625	0.8203	-0.152	-0.08746
chr7	141000000	142000000	0.417	0.0054	0.0059	0	0.0588	0	663	31.84	-0.00293	-0.01073	652	242	0.3712	0.06	0.7938	756	34.61	0.004059	-0.00856	740	364	0.4919	0.05556	1.052	680	35.53	0.01065	0.001885	668	234	0.3503	0.0641	0.7491	-0.1699	-0.03562
chr7	142000000	143000000	0.4189	-0.0092	0.014	0	0.0617	0	1743	31.79	-0.005054	0.005414	1728	942	0.5451	0.06667	0.9917	1635	34.23	-0.01177	-0.009506	1607	682	0.4244	0.05556	0.772	1706	35.65	0.01553	0.02317	1682	1159	0.6891	0.06	1.254	-0.1266	-0.03653
chr7	143000000	144000000	0.4121	-0.1374	0.0221	0	0.0617	0	1091	28.64	-0.156	-0.01461	967	675	0.698	0.0641	1.164	1074	31.57	-0.1286	0.00345	938	464	0.4947	0.06	0.825	667	32.52	-0.117	0.01673	589	258	0.438	0.05882	0.7305	-0.2895	-0.241
chr7	144000000	145000000	0.3897	-0.0272	0.0295	0	0.0656	0	865	32.45	0.02468	0.05074	733	180	0.2456	0.08722	0.3526	1299	34.38	-0.005769	0.02982	1139	995	0.8736	0.06522	1.254	1300	34.6	-0.0276	0	1142	832	0.7285	0.0625	1.046	-0.06123	0
chr7	145000000	146000000	0.3613	-0.0838	0.0163	0	0.0605	0	1009	30.55	-0.06257	0.01057	1005	463	0.4607	0.0625	0.6878	1594	31.96	-0.1108	-0.007502	1585	1373	0.8662	0.05882	1.293	1327	33.41	-0.07797	0.02302	1304	960	0.7362	0.05814	1.099	-0.09622	-0.04731
chr7	146000000	147000000	0.3593	-0.122	0.0183	0	0.0625	0	900	30.25	-0.07682	0.03221	899	392	0.436	0.06667	0.8646	994	31.42	-0.1352	0.009998	988	555	0.5617	0.05882	1.114	1626	31.53	-0.1617	-0.02569	1609	1209	0.7514	0.05882	1.49	-0.05552	0
chr7	147000000	148000000	0.3726	-0.0777	0.0218	0	0.0625	0	2348	30.36	-0.07136	0.0004906	2326	1695	0.7287	0.06	1.052	1953	32.71	-0.07732	0.009206	1933	1224	0.6332	0.0625	0.9139	2200	32.6	-0.1132	-0.03188	2178	1643	0.7544	0.06098	1.089	-0.1054	0
chr7	148000000	149000000	0.4224	0.0163	0.0203	0	0.0625	0	1702	32.34	0.01968	0.007465	1691	1335	0.7895	0.0625	1.286	1363	35.6	0.04457	0.0196	1347	804	0.5969	0.05556	0.972	1585	36.01	0.03003	0.002751	1572	1004	0.6387	0.06098	1.04	-0.1392	0
chr7	149000000	150000000	0.4706	0.04	0.0162	0	0.0587	0	1826	33.16	0.05556	0.02797	1805	1038	0.5751	0.05556	0.9793	1649	36.09	0.06454	-0.005813	1640	868	0.5293	0.05263	0.9013	1796	37	0.06915	0.01883	1789	976	0.5456	0.05556	0.9291	-0.1699	0
chr7	150000000	151000000	0.445	0.051	0.0179	0	0.0594	0	1648	33.17	0.05603	0.0164	1619	1239	0.7653	0.05882	1.072	1554	35.95	0.05897	-0.007756	1529	1291	0.8443	0.06098	1.183	1296	37.11	0.07341	0.01744	1253	718	0.573	0.05556	0.8029	-0.1234	-0.03747
chr7	151000000	152000000	0.4977	0.0828	0.0299	0	0.0585	0	1581	33.98	0.0908	0.04031	1556	836	0.5373	0.05556	0.8488	1665	37.6	0.1237	0.009239	1652	1014	0.6138	0.05556	0.9697	1600	38.22	0.1161	0.0215	1584	875	0.5524	0.05814	0.8727	-0.1481	-0.03477
chr7	152000000	153000000	0.4291	0.0202	0.027	0	0.064	0	1070	32.36	0.02066	0.003714	1018	640	0.6287	0.06667	1.008	1054	34.91	0.01644	-0.008905	998	732	0.7335	0.05882	1.176	1050	36.56	0.05214	0.02259	1018	578	0.5678	0.05882	0.9103	-0.1125	-0.111
chr7	153000000	154000000	0.415	-0.0469	0.0066	0	0.0633	0	1875	31.18	-0.0329	0.01712	1850	1111	0.6005	0.06522	1.03	2217	33.47	-0.04441	-0.007324	2204	1283	0.5821	0.05556	0.998	1862	33.39	-0.0787	-0.03537	1854	1174	0.6332	0.06712	1.086	-0.09954	0
chr7	154000000	155000000	0.4386	-0.0357	0.0111	0	0.0633	0	1866	31.59	-0.01423	0.02547	1828	951	0.5202	0.06	0.8742	1727	33.99	-0.02185	0.001714	1694	815	0.4811	0.0625	0.8085	2013	34.45	-0.03383	0.000695	1946	1172	0.6023	0.0625	1.012	-0.1054	0
chr7	155000000	156000000	0.4809	0.0453	0.013	0	0.0588	0	2576	33.01	0.04919	0.02346	2476	1476	0.5961	0.05882	1.149	2077	35.87	0.05548	-0.02007	1990	772	0.3879	0.05792	0.7476	2509	36.18	0.03676	-0.01622	2376	1171	0.4928	0.05769	0.9498	-0.1357	-0.03477
chr7	156000000	157000000	0.4383	0.0462	0.0132	0	0.0588	0	1380	32.87	0.04316	0.001289	1347	472	0.3504	0.05556	0.5683	1154	35.94	0.05832	-0.0005591	1134	24	0.02116	0.1556	0.03432	1463	36.34	0.04348	-0.007764	1445	1092	0.7557	0.05263	1.226	-0.1375	-0.03562
chr7	157000000	158000000	0.5007	0.0359	0.0132	0	0.0633	0	2090	32.57	0.02998	0.02531	1996	1379	0.6909	0.05882	1.062	1435	36.09	0.06435	-0.0083	1342	52	0.03875	0.1125	0.05955	1912	36.37	0.04446	-0.004722	1788	1217	0.6806	0.05882	1.046	-0.1822	0
chr7	158000000	159000000	0.4826	-0.0786	0.0198	0	0.0664	0	2623	29.77	-0.09992	-0.0002545	2254	1270	0.5634	0.06667	1.008	2301	33	-0.06461	-0.01699	1936	161	0.08316	0.1182	0.1488	2523	33.53	-0.07301	-0.005591	2194	1233	0.562	0.06757	1.006	-0.1751	-0.04064
chr7	159000000	159345973	0.4541	-0.0864	0.0362	0	0.0734	0	922	31.02	-0.04048	0.06072	851	645	0.7579	0.0641	1.654	584	32.14	-0.1028	-0.0359	491	60	0.1222	0.1522	0.2667	762	32.38	-0.1231	-0.04101	699	186	0.2661	0.09091	0.5807	-0.1553	0.03395
chr8	0	1000000	0.4576	-0.1004	0.0376	0	0.0625	0	2054	30.56	-0.06203	0.05299	1835	1223	0.6665	0.0625	1.019	2393	32.69	-0.07809	0	2166	1385	0.6394	0.0625	0.9776	1650	32.97	-0.09713	-0.004409	1440	789	0.5479	0.06522	0.8377	-0.1293	-0.03747
chr8	1000000	2000000	0.484	-0.0872	0.0227	0	0.0641	0	2976	30.04	-0.08704	0.02426	2666	1484	0.5566	0.06667	0.8484	3212	33.06	-0.06202	-0.008502	2908	2134	0.7338	0.06387	1.118	3007	33.61	-0.0694	0.008953	2759	1799	0.652	0.0625	0.9938	-0.1333	-0.03953
chr8	2000000	3000000	0.4214	-0.1339	0.0534	0	0.0639	0	3115	30.43	-0.06827	0.06916	2765	1953	0.7063	0.0625	1.114	2557	31.94	-0.112	0.01442	2302	1325	0.5756	0.05882	0.9077	3209	31.96	-0.1419	-0.01493	2842	1918	0.6749	0.0625	1.064	-0.04373	0
chr8	3000000	4000000	0.3909	-0.0813	0.0291	0	0.0625	0	4665	30.19	-0.07983	-0.0007479	4637	3167	0.683	0.0625	1.016	4692	32.39	-0.09137	-0.001293	4657	3260	0.7	0.06098	1.042	4571	32.63	-0.1119	-0.03018	4536	2985	0.6581	0.0625	0.9793	-0.1119	0
chr8	4000000	5000000	0.3787	-0.0904	0.0331	0	0.0625	0	4271	30.11	-0.08353	0.003447	4237	2671	0.6304	0.0625	1.096	4000	31.97	-0.1103	-0.01189	3978	2382	0.5988	0.06	1.041	4273	32.55	-0.1155	-0.01976	4253	2697	0.6341	0.0625	1.102	-0.1119	0
chr8	5000000	6000000	0.3777	-0.05	0.0159	0	0.061	0	4107	31.1	-0.03677	0.01095	4076	2334	0.5726	0.0633	0.9822	4225	33.33	-0.05048	0.01166	4197	2452	0.5842	0.0625	1.002	4162	33.14	-0.08984	-0.03569	4155	2948	0.7095	0.0625	1.217	-0.09622	0.03653
chr8	6000000	7000000	0.4307	0.0212	0.0059	0	0.0605	0	3938	32.4	0.02204	0.004321	3815	2818	0.7387	0.06098	1.307	3625	35.04	0.02187	-0.00715	3509	1518	0.4326	0.05882	0.7657	3643	35.8	0.02166	-0.005489	3569	2651	0.7428	0.06098	1.315	-0.1255	0
chr8	7000000	8000000	0.452	-0.1873	0.0617	0	0.0843	0	2737	28.42	-0.1667	0.02738	1930	713	0.3694	0.08621	0.7824	2469	29.91	-0.2065	-0.03917	1772	922	0.5203	0.07895	1.102	2580	29.14	-0.275	-0.09478	1761	947	0.5378	0.07895	1.139	0.08776	0.07909
chr8	8000000	9000000	0.4371	-0.0017	0.0598	0	0.0625	0	2484	30.99	-0.04208	-0.03236	2090	1123	0.5373	0.06667	0.8417	2379	35.35	0.0346	0.02292	1997	1259	0.6304	0.0625	0.9875	2349	33.85	-0.05924	-0.06523	1956	1013	0.5179	0.05882	0.8112	-0.1699	0
chr8	9000000	10000000	0.4186	0.0146	0.0116	0	0.0597	0	2576	32.2	0.01333	0	2561	1741	0.6798	0.05882	1.433	2525	35.2	0.02855	0.005821	2520	1643	0.652	0.05882	1.375	2532	35.89	0.02548	0.008281	2522	1694	0.6717	0.05882	1.416	-0.1417	0
chr8	10000000	11000000	0.4531	0.0317	0.0177	0	0.0594	0	2501	32.9	0.04428	0.02721	2483	1753	0.706	0.06098	1.204	2413	35.9	0.05673	0.004389	2392	1425	0.5957	0.05882	1.016	2143	35.92	0.02633	-0.0087	2134	1567	0.7343	0.05769	1.252	-0.1282	0.03104
chr8	11000000	12000000	0.4591	0.095	0.0142	0	0.0588	0	2450	33.96	0.09008	0.01151	2447	1572	0.6424	0.06098	1	2309	37.62	0.1244	0.008374	2306	1568	0.68	0.05882	1.058	2410	38.03	0.1087	0.003603	2401	1545	0.6435	0.05882	1.002	-0.1592	0
chr8	12000000	13000000	0.4288	0.1623	0.0617	0	0.0882	0	2822	36.38	0.1893	0.0306	2336	1139	0.4876	0.08182	0.9602	3068	39.43	0.1922	0.02301	2476	1282	0.5178	0.08864	1.02	2681	40.92	0.2146	0.04076	2272	1006	0.4428	0.08195	0.872	-0.1005	-0.03953
chr8	13000000	14000000	0.3799	-0.065	0.0131	0	0.0625	0	3285	30.39	-0.0701	-0.01477	3261	2029	0.6222	0.0625	1.103	3146	32.96	-0.06662	0.00995	3133	1994	0.6365	0.05882	1.129	3537	32.77	-0.1057	-0.03609	3522	2204	0.6258	0.05882	1.11	-0.1266	0
chr8	14000000	15000000	0.3503	-0.1006	0.0264	0	0.0625	0	2696	30.07	-0.08523	0.005347	2688	1759	0.6544	0.06	1.073	2425	31.71	-0.1222	0.01032	2420	1427	0.5897	0.0625	0.967	2601	32.41	-0.1219	0.005051	2594	1753	0.6758	0.06667	1.108	-0.0902	-0.04182
chr8	15000000	16000000	0.3719	-0.0989	0.0229	0	0.0652	0	2780	30.1	-0.08401	0.01262	2776	2031	0.7316	0.0625	1.213	2428	31.62	-0.1262	-0.01931	2420	1284	0.5306	0.0625	0.8795	2747	32.61	-0.113	-0.003424	2726	2037	0.7472	0.0625	1.239	-0.09954	-0.05063
chr8	16000000	17000000	0.3633	-0.0919	0.0364	0	0.06	0	2111	30.87	-0.04774	0.03624	2104	1392	0.6616	0.0625	1.237	2091	31.84	-0.1162	-0.006485	2081	1019	0.4897	0.05556	0.9153	2126	32.48	-0.1187	-0.01568	2115	1441	0.6813	0.0625	1.274	-0.05445	-0.03477
chr8	17000000	18000000	0.3931	-0.034	0.0182	0	0.0617	0	2421	31.29	-0.02822	0.005428	2414	1849	0.7659	0.0625	1.463	2435	33.61	-0.03819	0.002453	2427	1376	0.567	0.06	1.083	2551	34.12	-0.04745	-0.01427	2543	1941	0.7633	0.0625	1.458	-0.1155	0
chr8	18000000	19000000	0.3952	-0.0437	0.0091	0	0.0605	0	2272	30.93	-0.04483	-0.001379	2264	1625	0.7178	0.0641	1.199	2435	33.58	-0.03966	0.01005	2429	1640	0.6752	0.05882	1.128	2421	34.06	-0.05008	-0.00265	2412	1849	0.7666	0.05556	1.28	-0.1278	0
chr8	19000000	20000000	0.4138	-0.0414	0.0286	0	0.0594	0	1859	31.19	-0.03264	0.00809	1854	1171	0.6316	0.05882	0.9753	1989	33.55	-0.04062	-0.008141	1980	1471	0.7429	0.0625	1.147	2067	34.17	-0.0457	-0.007874	2059	1405	0.6824	0.05882	1.054	-0.1339	-0.03477
chr8	20000000	21000000	0.4346	-0.0327	0.0285	0	0.06	0	1834	31.23	-0.03101	0.007383	1815	1392	0.7669	0.06	1.019	1672	33.52	-0.0419	-0.01961	1665	1330	0.7988	0.05556	1.061	1837	34.03	-0.05158	-0.01873	1829	1404	0.7676	0.05556	1.02	-0.1155	-0.03953
chr8	21000000	22000000	0.452	0.016	0.0141	0	0.058	0	1674	32.44	0.02404	0.01478	1663	1264	0.7601	0.06174	1.06	1552	35.48	0.03972	0.003742	1540	1112	0.7221	0.05882	1.007	1622	35.05	-0.009008	-0.03205	1609	1331	0.8272	0.05882	1.153	-0.1155	0
chr8	22000000	23000000	0.4907	0.1134	0.0344	0	0.0556	0	1591	33.8	0.08341	-0.000264	1580	1221	0.7728	0.06	1.126	1439	38.01	0.1392	-0.01046	1433	961	0.6706	0.05556	0.977	1687	38.65	0.1321	0.005569	1677	1196	0.7132	0.05814	1.039	-0.1718	-0.02802
chr8	23000000	24000000	0.4435	0.0497	0.02	0	0.0599	0	1680	32.75	0.03752	-0.002934	1673	1171	0.6999	0.06098	1.009	1795	36.23	0.07002	0.007252	1778	1235	0.6946	0.05556	1.002	1833	36.89	0.065	0.00793	1825	1278	0.7003	0.05556	1.01	-0.1278	-0.03653
chr8	24000000	25000000	0.3781	-0.0577	0.0199	0	0.0602	0	1244	30.46	-0.06678	-0.01136	1233	560	0.4542	0.06049	0.979	1718	33.31	-0.05122	0.0185	1713	1056	0.6165	0.05882	1.329	1182	33.71	-0.06491	-0.0008079	1176	526	0.4473	0.05556	0.9642	-0.1375	-0.03562
chr8	25000000	26000000	0.4116	-0.0501	0.0221	0	0.0625	0	1710	31.39	-0.02336	0.03036	1681	915	0.5443	0.0625	0.9458	1771	33.13	-0.0588	-0.01405	1746	1006	0.5762	0.06	1.001	1910	33.91	-0.05666	-0.01095	1886	1322	0.701	0.06098	1.218	-0.09433	-0.04064
chr8	26000000	27000000	0.422	-0.0112	0.0121	0	0.0597	0	1604	31.3	-0.02765	-0.01152	1574	885	0.5623	0.06522	0.8755	1625	34.43	-0.00348	0.001382	1591	1003	0.6304	0.0641	0.9817	1613	34.92	-0.01419	-0.01193	1591	1134	0.7128	0.05556	1.11	-0.1489	0
chr8	27000000	28000000	0.4435	0.047	0.0072	0	0.0578	0	1925	32.89	0.04401	0.006255	1908	1165	0.6106	0.06	1.006	2004	36.2	0.06883	0.008756	1996	1246	0.6242	0.05556	1.028	1957	36.68	0.05656	0.002187	1934	1354	0.7001	0.05556	1.153	-0.1497	0
chr8	28000000	29000000	0.4234	0.0621	0.0254	0	0.0585	0	1039	32.75	0.03776	-0.0196	1038	439	0.4229	0.05556	0.7573	1132	35.62	0.0457	-0.02214	1131	478	0.4226	0.05263	0.7567	1190	37.1	0.07302	0.003224	1189	912	0.767	0.05882	1.373	-0.1699	-0.07215
chr8	29000000	30000000	0.4245	0.0623	0.0114	0	0.0588	0	913	33.24	0.05903	0.001998	908	381	0.4196	0.05882	0.7294	1061	36.24	0.07052	0.00233	1055	575	0.545	0.05172	0.9474	1361	37.68	0.09546	0.02918	1355	1038	0.7661	0.05556	1.332	-0.1454	-0.03653
chr8	30000000	31000000	0.4207	0.0236	0.0171	0	0.0585	0	1222	32.03	0.005732	-0.01501	1213	822	0.6777	0.05882	1.138	1067	35.17	0.02734	-0.002598	1056	642	0.608	0.05556	1.021	1404	35.89	0.02536	-0.000771	1397	861	0.6163	0.05814	1.035	-0.1752	0
chr8	31000000	32000000	0.3783	-0.0437	0.0122	0	0.0625	0	1477	31	-0.04143	-0.001157	1476	585	0.3963	0.06098	0.7071	1641	33.37	-0.04869	0.008639	1639	865	0.5278	0.05556	0.9416	1585	33.9	-0.05707	-0.009083	1581	950	0.6009	0.05556	1.072	-0.1211	0
chr8	32000000	33000000	0.3817	-0.0752	0.0188	0	0.0633	0	1527	30.58	-0.06105	0.01207	1524	662	0.4344	0.05882	0.7869	1575	32.73	-0.07665	0.008571	1572	742	0.472	0.06098	0.8551	1473	33.27	-0.08385	-0.004449	1468	620	0.4223	0.05556	0.7651	-0.1137	0
chr8	33000000	34000000	0.4094	-0.034	0.0095	0	0.0591	0	1030	31.01	-0.04096	-0.005256	1023	634	0.6197	0.06098	0.8425	1333	33.58	-0.03946	-0.002626	1320	966	0.7318	0.06098	0.9949	817	35	-0.01091	0.01808	800	567	0.7087	0.05263	0.9635	-0.1392	-0.078
chr8	34000000	35000000	0.3758	-0.0841	0.021	0	0.06	0	886	30.36	-0.07154	0.007187	880	579	0.658	0.0625	1.254	676	32.33	-0.09404	-6.321e-05	675	317	0.4696	0.06667	0.895	1537	32.8	-0.1044	-0.01681	1530	923	0.6033	0.06	1.15	-0.1153	-0.03653
chr8	35000000	36000000	0.3829	-0.109	0.0384	0	0.0617	0	953	30.05	-0.08644	0.01833	947	714	0.754	0.06	1.111	913	31.5	-0.132	-0.0125	903	677	0.7497	0.06	1.104	773	32.29	-0.1273	-0.01264	766	328	0.4282	0.06667	0.6307	-0.06609	0
chr8	36000000	37000000	0.3835	-0.0843	0.0419	0	0.0625	0	352	30.88	-0.04698	0.03301	350	305	0.8714	0.0625	1.142	260	32.12	-0.1039	-0.01345	254	169	0.6654	0.05556	0.8723	792	33.09	-0.09204	-0.001514	788	597	0.7576	0.0641	0.9932	-0.08406	-0.05063
chr8	37000000	38000000	0.4509	0.0197	0.0083	0	0.0591	0	925	32.41	0.02256	0.009609	915	397	0.4339	0.0641	0.9113	1215	35.72	0.04949	0.01198	1207	788	0.6529	0.05882	1.371	1086	36.19	0.03715	0.007426	1077	692	0.6425	0.05685	1.35	-0.1489	-0.03103
chr8	38000000	39000000	0.4449	0.0762	0.0276	0	0.0617	0	836	32.96	0.0468	-0.01725	832	443	0.5325	0.06757	0.86	1022	37.06	0.1025	0.008282	1019	655	0.6428	0.05882	1.038	849	37.52	0.08934	0.007167	845	488	0.5775	0.05319	0.9328	-0.1938	0
chr8	39000000	40000000	0.3675	-0.0048	0.0255	0	0.0605	0	1026	31.65	-0.01143	-0.01585	1023	218	0.2131	0.06522	0.3537	1035	34.36	-0.006511	0.009151	1035	373	0.3604	0.06098	0.5983	1461	35.27	0.0003253	0.01873	1454	948	0.652	0.0641	1.082	-0.1529	-0.03847
chr8	40000000	41000000	0.406	-0.0433	0.0213	0	0.0617	0	2184	31.29	-0.02824	0.01606	2169	1427	0.6579	0.0625	1.054	2337	33.47	-0.04425	-0.003877	2323	1453	0.6255	0.0625	1.002	2189	34.4	-0.03579	0.006008	2178	1530	0.7025	0.05556	1.126	-0.1119	-0.04182
chr8	41000000	42000000	0.4529	0.0557	0.0146	0	0.0605	0	1545	33.12	0.05399	0.01018	1533	1082	0.7058	0.06	0.9818	1387	35.93	0.05812	-0.01774	1375	975	0.7091	0.05814	0.9864	1839	36.61	0.05408	-0.003194	1828	1339	0.7325	0.05882	1.019	-0.1375	-0.03395
chr8	42000000	43000000	0.4393	0.0512	0.031	0	0.0568	0	605	32.55	0.0287	-0.01881	585	266	0.4547	0.05556	0.7736	693	36.6	0.08459	0.02138	685	486	0.7095	0.05556	1.207	904	37.2	0.07691	0.02384	893	727	0.8141	0.05882	1.385	-0.1844	-0.03747
chr8	43000000	44000000	0.3987	-0.0367	0.0161	0	0.0628	0	793	31	-0.04168	-0.00634	756	97	0.1283	0.06522	0.5324	872	33.63	-0.03756	0.00361	823	222	0.2697	0.05	1.119	1136	34.48	-0.03265	0.003472	1075	626	0.5823	0.05882	2.416	-0.1339	0
chr8	44000000	45000000	0.3911	-2.242	0.197	1	0.1066	1	465	6.599	-2.274	NA	68	29	0.4265	NA	1.176	682	7.21	-2.259	NA	62	16	0.2581	NA	0.7115	657	6.863	-2.361	NA	73	17	0.2329	NA	0.6421	0.5707	0.263
chr8	45000000	46000000	0.3902	-1.807	0.0894	0	0.0926	1	695	8.499	-1.908	-0.1034	192	36	0.1875	NA	0.4428	1030	9.657	-1.837	-0.02324	242	117	0.4835	NA	1.142	944	10.71	-1.719	0.08919	232	146	0.6293	NA	1.486	0	0
chr8	46000000	47000000	0.4425	-0.0028	0.0272	0	0.061	0	1128	31.99	0.003788	0.01	1116	96	0.08602	0.06594	0.2163	1832	34.93	0.01737	0.0102	1829	1242	0.6791	0.05556	1.707	1451	34.81	-0.01874	-0.02262	1448	1003	0.6927	0.05882	1.742	-0.1333	0
chr8	47000000	48000000	0.4146	-0.0318	0.0182	0	0.0629	0	459	31.4	-0.02295	0.01145	458	138	0.3013	0.06757	0.8759	479	33.06	-0.06195	-0.04177	477	165	0.3459	0.0625	1.006	642	34.82	-0.0183	0.009826	636	378	0.5943	0.06	1.728	-0.1305	-0.078
chr8	48000000	49000000	0.4288	0.0184	0.0217	0	0.0605	0	780	32.05	0.006438	-0.008396	779	542	0.6958	0.05556	1.121	1009	34.82	0.01273	-0.01252	1006	691	0.6869	0.0625	1.107	913	36.42	0.04628	0.01636	909	786	0.8647	0.06	1.393	-0.1561	-0.04731
chr8	49000000	50000000	0.3692	-0.0842	0.0289	0	0.0603	0	1931	30.61	-0.05959	0.01445	1919	1026	0.5347	0.0641	1.059	1579	32.28	-0.09634	0.008367	1572	802	0.5102	0.06098	1.01	2216	32.92	-0.09922	-0.01008	2207	1458	0.6606	0.06	1.308	-0.09654	-0.03477
chr8	50000000	51000000	0.3568	-0.0963	0.0278	0	0.0625	0	1447	30.25	-0.077	0.008036	1445	1056	0.7308	0.05882	1.128	1394	32.16	-0.1018	0.01888	1391	961	0.6909	0.0625	1.067	1480	32.63	-0.1121	0.004989	1476	929	0.6294	0.06	0.9719	-0.1119	-0.03562
chr8	51000000	52000000	0.3801	-0.0297	0.0195	0	0.0611	0	1617	31.24	-0.03045	-0.009991	1597	1235	0.7733	0.0641	1.079	2063	33.5	-0.04313	-0.003405	2052	1656	0.807	0.0641	1.126	1464	34.81	-0.01857	0.01542	1448	1210	0.8356	0.05882	1.166	-0.1509	-0.04182
chr8	52000000	53000000	0.3979	-0.0141	0.0119	0	0.0588	0	973	31.47	-0.01985	-0.0007703	971	633	0.6519	0.06818	1.039	994	33.64	-0.03701	-0.01636	993	744	0.7492	0.05882	1.195	1333	35.1	-0.006954	0.006162	1329	838	0.6305	0.05437	1.005	-0.1119	-0.04182
chr8	53000000	54000000	0.402	-0.0078	0.013	0	0.0599	0	1626	31.64	-0.01199	-0.004998	1624	869	0.5351	0.0625	0.8599	1714	34.27	-0.01011	-0.00499	1712	1343	0.7845	0.05882	1.261	1778	35.12	-0.006133	-0.0005714	1771	989	0.5584	0.05882	0.8974	-0.1454	-0.01738
chr8	54000000	55000000	0.4037	0.0082	0.0202	0	0.058	0	1249	32.04	0.006	-0.000846	1245	1099	0.8827	0.0625	1.349	1171	34.91	0.0164	0.00528	1169	889	0.7605	0.05556	1.162	1606	35.92	0.02636	0.01743	1600	1071	0.6694	0.05319	1.023	-0.152	-0.03519
chr8	55000000	56000000	0.4069	0.0422	0.0142	0	0.0588	0	1386	32.96	0.04698	0.004292	1384	961	0.6944	0.05882	1.183	1394	35.53	0.04204	-0.0006274	1390	860	0.6187	0.05263	1.054	1630	36.04	0.03125	-0.01499	1627	1269	0.78	0.05882	1.328	-0.1375	0
chr8	56000000	57000000	0.3972	0.0106	0.0295	0	0.06	0	1564	32.12	0.009873	0.002252	1563	1301	0.8324	0.0625	1.325	1388	34.54	0.0009646	-0.003337	1383	840	0.6074	0.05882	0.9669	1314	35.88	0.02485	0.0136	1309	833	0.6364	0.05263	1.013	-0.1375	-0.03747
chr8	57000000	58000000	0.393	-0.0213	0.0302	0	0.0613	0	1438	32.04	0.006145	0.02901	1413	1286	0.9101	0.05556	1.202	1751	34.33	-0.007779	0.02126	1711	1292	0.7551	0.05882	0.9971	2039	34.98	-0.01182	0.008938	1985	1670	0.8413	0.06098	1.111	-0.1155	-0.03395
chr8	58000000	59000000	0.3879	-0.0029	0.0162	0	0.0605	0	1394	32.01	0.004858	0.001385	1388	803	0.5785	0.0625	0.8032	1536	34.33	-0.007723	0.001797	1531	1046	0.6832	0.05882	0.9485	1816	35.47	0.008434	0.01268	1811	1312	0.7245	0.05814	1.006	-0.122	-0.03562
chr8	59000000	60000000	0.3645	-0.0109	0.021	0	0.0625	0	968	31.91	0.0002086	-0.003525	966	794	0.8219	0.0625	1.172	756	33.64	-0.03701	-0.01371	755	408	0.5404	0.05882	0.7708	1144	34.64	-0.02585	-0.002671	1141	753	0.6599	0.05263	0.9413	-0.08326	-0.04977
chr8	60000000	61000000	0.4039	0.0506	0.0238	0	0.0594	0	1199	32.81	0.04032	-0.008473	1195	553	0.4628	0.05882	0.6479	1362	35.6	0.0449	-0.007307	1361	773	0.568	0.05556	0.7951	1471	36.23	0.039	-0.01178	1469	806	0.5487	0.05556	0.7681	-0.152	-0.03395
chr8	61000000	62000000	0.3927	0.0223	0.0181	0	0.0621	0	1158	32.56	0.02936	0.005614	1150	645	0.5609	0.06522	0.8862	1267	34.68	0.006942	-0.007747	1265	840	0.664	0.05882	1.049	1347	35.4	0.005453	-0.01775	1335	896	0.6712	0.0625	1.06	-0.1054	-0.03395
chr8	62000000	63000000	0.3732	-0.0456	0.0275	0	0.06	0	1669	31.31	-0.02694	0.003503	1653	1345	0.8137	0.06	1.309	1795	33.23	-0.05472	0.001082	1771	1456	0.8221	0.05814	1.322	1601	33.69	-0.06604	-0.01177	1590	1017	0.6396	0.05556	1.029	-0.078	0
chr8	63000000	64000000	0.3792	-0.0553	0.0274	0	0.0605	0	837	31.26	-0.02923	0.019	828	574	0.6932	0.06667	0.9918	830	32.29	-0.09618	-0.02918	813	603	0.7417	0.05556	1.061	1024	34.16	-0.046	0.01462	1014	619	0.6105	0.05556	0.8733	-0.08253	0
chr8	64000000	65000000	0.3714	-0.0029	0.0291	0	0.059	0	960	32.18	0.0122	0.007637	945	552	0.5841	0.05882	0.913	1216	33.84	-0.02853	-0.01315	1198	832	0.6945	0.05882	1.085	635	34.56	-0.02931	-0.01576	630	222	0.3524	0.05941	0.5508	-0.124	-0.04891
chr8	65000000	66000000	0.3936	0.044	0.0262	0	0.0588	0	962	33.2	0.05724	0.01219	961	797	0.8293	0.05556	1.274	1102	35.43	0.0378	0.001394	1102	823	0.7468	0.05882	1.147	973	36.21	0.0382	-0.007683	971	632	0.6509	0.05172	0.9995	-0.122	-0.03847
chr8	66000000	67000000	0.4093	0.0474	0.0328	0	0.0604	0	425	33	0.04854	0.002853	421	261	0.62	0.0625	0.8929	793	35.35	0.03449	-0.01008	786	621	0.7901	0.05882	1.138	431	36.17	0.03668	-0.01573	427	316	0.74	0.05662	1.066	-0.1271	0
chr8	67000000	68000000	0.3938	-0.0355	0.0224	0	0.0613	0	1113	31.25	-0.02998	0.004165	1099	871	0.7925	0.0641	1.243	1133	33.85	-0.0281	0.01382	1128	717	0.6356	0.05882	0.9971	857	34.65	-0.02539	0.008217	851	518	0.6087	0.06	0.9548	-0.1263	0
chr8	68000000	69000000	0.3694	-0.065	0.0278	0	0.0607	0	1132	31.12	-0.03588	0.01947	1129	664	0.5881	0.0633	0.8835	1187	32.92	-0.06811	0.01329	1182	644	0.5448	0.05882	0.8184	1031	33.16	-0.08861	-0.01867	1016	762	0.75	0.0625	1.127	-0.09311	0.03847
chr8	69000000	70000000	0.3958	-0.0111	0.0161	0	0.0611	0	1402	32.14	0.01062	0.02696	1400	1163	0.8307	0.0625	1.14	1100	33.98	-0.02231	-0.009507	1095	705	0.6438	0.06	0.8832	1566	34.74	-0.02156	-0.007708	1565	1153	0.7367	0.05882	1.011	-0.09954	0
chr8	70000000	71000000	0.3935	0.0048	0.014	0	0.0625	0	1079	31.76	-0.006348	-0.01203	1075	885	0.8233	0.06	1.105	521	34.68	0.00699	0.009788	519	294	0.5665	0.06635	0.7604	1146	35.98	0.02886	0.02217	1144	909	0.7946	0.06098	1.067	-0.1255	-0.07308
chr8	71000000	72000000	0.3819	0.0005	0.0082	0	0.06	0	1673	31.94	0.001671	-0.0009085	1665	1117	0.6709	0.06	0.9851	1303	34.21	-0.01285	-0.00363	1297	857	0.6608	0.05556	0.9703	1662	35.25	-0.0005812	0.003207	1657	1191	0.7188	0.05556	1.055	-0.1357	-0.037
chr8	72000000	73000000	0.3854	-0.0188	0.0103	0	0.0613	0	1925	31.56	-0.01565	-0.006697	1913	1394	0.7287	0.06	1.08	1522	33.25	-0.05371	-0.03087	1513	1011	0.6682	0.05882	0.9901	1820	35.03	-0.009553	0.01555	1812	1286	0.7097	0.06098	1.052	-0.1096	-0.06416
chr8	73000000	74000000	0.4048	0.0013	0.0225	0	0.061	0	1258	31.9	-0.0001595	0.001176	1248	976	0.7821	0.06	1.123	1263	34.18	-0.01407	-0.01256	1258	881	0.7003	0.0625	1.005	1480	35.27	0.0003248	-0.001701	1466	1066	0.7271	0.05882	1.044	-0.1155	-0.04439
chr8	74000000	75000000	0.3856	-0.0187	0.0169	0	0.06	0	1479	31.86	-0.002033	0.006816	1467	1092	0.7444	0.0625	1.016	963	34.1	-0.0175	0.004762	963	654	0.6791	0.05556	0.9271	1603	35.1	-0.006936	0.01833	1600	1170	0.7312	0.06	0.9983	-0.1125	-0.04811
chr8	75000000	76000000	0.355	-0.0684	0.0184	0	0.0625	0	1068	31.04	-0.0396	0.01867	1064	428	0.4023	0.0641	0.5657	823	31.52	-0.131	-0.03909	815	121	0.1485	0.06	0.2088	1584	33.69	-0.0659	0.02495	1575	1058	0.6717	0.0625	0.9447	-0.08489	-0.08489
chr8	76000000	77000000	0.3547	-0.0886	0.0112	0	0.0617	0	1255	30.2	-0.07899	-0.001763	1251	557	0.4452	0.0625	0.7122	1117	32.35	-0.09316	0.01822	1116	427	0.3826	0.05882	0.612	1257	33.23	-0.08587	0.02517	1254	676	0.5391	0.05556	0.8622	-0.1375	-0.04307
chr8	77000000	78000000	0.3462	-0.1106	0.0297	0	0.0652	0	1607	30.33	-0.07303	0.02882	1601	1248	0.7795	0.06522	1.132	1658	31.85	-0.116	0.02214	1654	1289	0.7793	0.0641	1.132	1713	32.48	-0.1185	0.01691	1703	1298	0.7622	0.0625	1.107	-0.1085	0
chr8	78000000	79000000	0.3533	-0.0297	0.0237	0	0.061	0	1223	31.06	-0.03857	-0.0259	1218	954	0.7833	0.06	0.969	741	32.26	-0.09756	-0.0488	740	425	0.5743	0.06098	0.7105	1974	33.84	-0.0594	-0.007257	1969	1530	0.777	0.06	0.9613	-0.111	-0.0458
chr8	79000000	80000000	0.381	0.0153	0.014	0	0.0556	0	1076	32.45	0.02456	0.001211	1069	740	0.6922	0.05882	0.9509	858	34.75	0.009958	0.002614	854	556	0.6511	0.05814	0.8943	1158	35.42	0.006455	-0.003709	1155	757	0.6554	0.05172	0.9003	-0.1069	-0.03653
chr8	80000000	81000000	0.4128	0.0372	0.03	0	0.0615	0	1354	32.36	0.02062	-0.01494	1351	1165	0.8623	0.06	1.265	731	35.72	0.04941	0.006852	730	194	0.2658	0.06712	0.3898	1092	36.49	0.04933	0.008867	1091	985	0.9028	0.05556	1.324	-0.1333	0
chr8	81000000	82000000	0.3817	0.0087	0.024	0	0.0625	0	1793	32	0.004194	-0.006585	1770	1345	0.7599	0.0625	1.076	1210	34.96	0.01852	0.01984	1205	845	0.7012	0.06	0.9934	1712	35.25	-0.0005233	-0.005027	1694	1428	0.843	0.05556	1.194	-0.1375	-0.03436
chr8	82000000	83000000	0.3451	-0.0805	0.0225	0	0.0625	0	1171	30.1	-0.08408	-0.01301	1170	895	0.765	0.06098	0.9808	860	32.36	-0.09273	0.01803	858	456	0.5315	0.06522	0.6815	1028	32.41	-0.1217	-0.0194	1025	802	0.7824	0.0641	1.003	-0.1575	0
chr8	83000000	84000000	0.3522	-0.0855	0.0125	0	0.0633	0	1962	30.26	-0.07623	-0.0008676	1954	1214	0.6213	0.06667	0.9063	2117	32.05	-0.1068	0.007947	2110	1648	0.781	0.06	1.139	1867	32.31	-0.1263	-0.01782	1856	1322	0.7123	0.05814	1.039	-0.09622	0
chr8	84000000	85000000	0.3548	-0.0648	0.0206	0	0.0641	0	1424	30.68	-0.05668	-0.002843	1414	985	0.6966	0.06	1.053	1255	32.54	-0.08484	0.002741	1249	747	0.5981	0.06	0.9044	1014	33.25	-0.08473	0.00251	1010	647	0.6406	0.06098	0.9687	-0.1098	-0.03847
chr8	85000000	86000000	0.3948	0.034	0.0474	0	0.0639	0	1298	31.35	-0.0254	-0.06008	1075	569	0.5293	0.0625	1.068	964	35.33	0.03366	0.002606	751	160	0.213	0.06667	0.43	1338	33.95	-0.0549	-0.08476	1076	549	0.5102	0.05814	1.03	-0.1354	0.02335
chr8	86000000	87000000	0.3788	-0.0685	0.0197	0	0.06	0	1537	30.45	-0.06753	-0.004183	1515	1051	0.6937	0.0625	1.08	1305	32.33	-0.09417	-0.01543	1288	640	0.4969	0.05556	0.7734	1805	33.35	-0.0807	-0.004986	1788	1365	0.7634	0.06098	1.188	-0.1227	-0.0458
chr8	87000000	88000000	0.3579	-0.1032	0.0324	0	0.0625	0	1554	29.84	-0.09653	-0.005052	1537	1351	0.879	0.0641	1.16	656	31.56	-0.129	-0.005818	652	450	0.6902	0.05556	0.9108	1494	32.23	-0.1297	-0.01134	1471	1286	0.8742	0.05882	1.154	-0.1336	-0.0458
chr8	88000000	89000000	0.3542	-0.0879	0.0519	0	0.0625	0	1351	31.04	-0.03942	0.0328	1341	1022	0.7621	0.06	1.347	1017	32.1	-0.1044	0.006107	1014	682	0.6726	0.0625	1.189	1460	32.67	-0.1105	0	1453	799	0.5499	0.06	0.9717	-0.0666	0
chr8	89000000	90000000	0.3682	-0.0153	0.0362	0	0.0614	0	1827	31.67	-0.01072	-0.002664	1821	1193	0.6551	0.0625	1.09	1619	33.93	-0.02439	0.006271	1610	1171	0.7273	0.05882	1.21	1675	34.53	-0.03028	-0.002768	1670	1052	0.6299	0.0625	1.048	-0.1155	-0.04307
chr8	90000000	91000000	0.3758	0.0026	0.011	0	0.0588	0	1573	32.1	0.008893	0.0009172	1568	881	0.5619	0.0625	0.7834	1397	33.75	-0.03231	-0.02503	1393	534	0.3833	0.06098	0.5345	1642	35.31	0.001618	0.002455	1639	972	0.593	0.05792	0.8269	-0.1042	-0.04731
chr8	91000000	92000000	0.3714	-0.0595	0.0269	0	0.0625	0	787	30.57	-0.0616	-0.009563	772	617	0.7992	0.05882	1.315	1161	32.29	-0.09586	-0.02388	1144	1005	0.8785	0.05556	1.445	925	33.89	-0.05756	0.0126	909	784	0.8625	0.0625	1.419	-0.111	0
chr8	92000000	93000000	0.3687	-0.0552	0.0219	0	0.0625	0	846	31.04	-0.03965	0.005382	844	532	0.6303	0.06	0.9293	961	32.11	-0.1039	-0.03454	959	747	0.7789	0.0625	1.148	834	33.23	-0.08573	-0.01832	832	617	0.7416	0.05814	1.093	-0.0982	-0.0458
chr8	93000000	94000000	0.3965	-0.0245	0.0298	0	0.0607	0	1143	31.62	-0.01311	0.01777	1125	623	0.5538	0.0625	0.8618	1492	34.34	-0.007041	0.01959	1474	1054	0.7151	0.05556	1.113	1102	34.61	-0.02725	-0.001224	1091	474	0.4345	0.06466	0.6761	-0.1182	0
chr8	94000000	95000000	0.4101	0.054	0.0199	0	0.0594	0	1678	32.58	0.03034	-0.02324	1668	1278	0.7662	0.0641	1.218	1412	35.85	0.05494	-0.002902	1404	918	0.6538	0.05556	1.04	1781	36.81	0.06184	0.005656	1772	1306	0.737	0.05882	1.172	-0.1788	-0.03953
chr8	95000000	96000000	0.4023	0.0415	0.0242	0	0.06	0	1573	32.97	0.04746	0.005152	1570	1199	0.7637	0.05814	1.127	1706	35.19	0.02797	-0.01713	1688	1160	0.6872	0.06098	1.014	1608	36.45	0.04758	0.003273	1604	1264	0.788	0.05882	1.163	-0.1039	-0.05346
chr8	96000000	97000000	0.4031	-0.0017	0.0318	0	0.0588	0	1180	32.28	0.01706	0.01891	1178	749	0.6358	0.06098	0.9768	1198	34.31	-0.008635	-0.01053	1191	899	0.7548	0.05556	1.16	1275	35.32	0.00223	0.0008713	1275	771	0.6047	0.05556	0.929	-0.1155	0
chr8	97000000	98000000	0.4209	0.0355	0.022	0	0.0625	0	1787	32.51	0.02729	-0.005296	1775	1285	0.7239	0.05882	1.077	1557	35.55	0.04279	0.0003219	1553	1196	0.7701	0.05556	1.146	1842	36.56	0.05209	0.01356	1831	1292	0.7056	0.0625	1.05	-0.1497	-0.04064
chr8	98000000	99000000	0.4052	0.0394	0.0184	0	0.0614	0	931	32.87	0.04323	0.006465	928	725	0.7812	0.06098	1.189	965	35.3	0.03255	-0.004797	951	473	0.4974	0.06	0.7571	788	36.15	0.03581	-0.004633	779	500	0.6418	0.0625	0.9771	-0.1031	0
chr8	99000000	100000000	0.3703	0.0229	0.029	0	0.0607	0	851	32.43	0.02351	-0.008906	846	679	0.8026	0.05882	0.9831	961	34.76	0.01018	0.0007748	953	785	0.8237	0.05882	1.009	403	35.87	0.02444	0.008459	403	82	0.2035	0.06386	0.2492	-0.1238	-0.04244
chr8	100000000	101000000	0.4169	0.0687	0.0151	0	0.0588	0	1303	33.3	0.06189	-0.01	1292	1032	0.7988	0.0625	1.102	1374	36.36	0.07506	-0.001148	1358	1015	0.7474	0.06098	1.031	881	37.5	0.08881	0.01623	875	442	0.5051	0.05456	0.697	-0.1699	-0.04307
chr8	101000000	102000000	0.4212	0.047	0.0239	0	0.0588	0	1512	32.72	0.03653	-0.005966	1500	1180	0.7867	0.05941	1.274	1610	35.39	0.03613	-0.01748	1598	1115	0.6977	0.05556	1.13	1090	36.65	0.05566	0.001821	1086	790	0.7274	0.05319	1.178	-0.1624	-0.0458
chr8	102000000	103000000	0.4273	0.0673	0.0256	0	0.0594	0	1306	32.74	0.03746	-0.02194	1294	945	0.7303	0.06667	0.9558	1113	36.43	0.07795	0.005181	1100	828	0.7527	0.05556	0.9851	1125	37.85	0.102	0.02825	1122	881	0.7852	0.05319	1.028	-0.2081	-0.04307
chr8	103000000	104000000	0.3806	0.0364	0.0183	0	0.0607	0	664	32.9	0.04445	-0.001605	664	240	0.3614	0.05848	0.4631	924	35.47	0.03937	0.01012	923	638	0.6912	0.05662	0.8856	1381	35.69	0.01735	-0.01512	1378	1076	0.7808	0.06	1	-0.1333	-0.01621
chr8	104000000	105000000	0.381	-0.0319	0.0143	0	0.0588	0	1267	31.62	-0.01284	0.01101	1264	926	0.7326	0.06	1.054	1129	34.06	-0.01923	0.02063	1125	826	0.7342	0.0625	1.056	1289	34.29	-0.04036	-0.00332	1285	830	0.6459	0.05882	0.9292	-0.09372	0
chr8	105000000	106000000	0.362	-0.0829	0.0265	0	0.0617	0	1430	30.22	-0.07846	-0.001545	1422	1066	0.7496	0.06522	1.131	1371	32.38	-0.09202	0.01476	1364	903	0.662	0.0641	0.9988	842	33.02	-0.09511	-0.001396	835	551	0.6599	0.06	0.9956	-0.1325	-0.05658
chr8	106000000	107000000	0.3723	-0.0517	0.0237	0	0.0615	0	1362	30.88	-0.04696	-0.001101	1357	998	0.7354	0.05882	1.022	1485	32.48	-0.08767	-0.02859	1479	1112	0.7519	0.06667	1.045	1111	34.08	-0.04924	0.007181	1106	641	0.5796	0.0625	0.8052	-0.09686	-0.03477
chr8	107000000	108000000	0.3725	-0.0768	0.0171	0	0.0617	0	1740	30.52	-0.06404	0.007474	1737	1224	0.7047	0.0625	1.171	1572	32.61	-0.08191	0.00372	1564	1097	0.7014	0.0625	1.165	1570	33.47	-0.0752	0.004985	1566	1001	0.6392	0.05556	1.062	-0.1155	0
chr8	108000000	109000000	0.3724	-0.0652	0.018	0	0.0621	0	1864	30.08	-0.08476	-0.0254	1854	1390	0.7497	0.06	1.035	1864	32.85	-0.07136	0.002023	1860	1095	0.5887	0.0625	0.8125	1738	34.4	-0.03592	0.03313	1727	1231	0.7128	0.05882	0.9837	-0.1592	-0.078
chr8	109000000	110000000	0.3702	-0.0278	0.0162	0	0.0613	0	1317	31.4	-0.02289	-0.004746	1314	1086	0.8265	0.0625	0.9719	1637	33.38	-0.04831	-0.005756	1632	1114	0.6826	0.05882	0.8027	749	34.99	-0.01137	0.02137	743	455	0.6124	0.05882	0.7201	-0.1278	-0.0902
chr8	110000000	111000000	0.3445	-0.0954	0.0336	0	0.0594	0	1288	30.24	-0.07734	0.007062	1281	956	0.7463	0.06	1.119	1304	31.81	-0.1175	0.009546	1295	823	0.6355	0.0625	0.9529	758	32.28	-0.1275	-0.008688	752	96	0.1277	0.06	0.1914	-0.08746	0
chr8	111000000	112000000	0.3458	-0.1089	0.0323	0	0.0635	0	1232	29.85	-0.09622	0.002144	1229	1092	0.8885	0.06	1.56	1184	31.26	-0.1428	-0.006316	1182	1072	0.9069	0.0625	1.592	1197	32.39	-0.1227	0.01103	1193	234	0.1961	0.06	0.3443	-0.1031	-0.04891
chr8	112000000	113000000	0.3424	-0.0971	0.0308	0	0.0613	0	1157	29.82	-0.09726	-0.008886	1156	830	0.718	0.06522	0.8848	1057	31.17	-0.1471	-0.01389	1053	929	0.8822	0.06	1.087	874	32.06	-0.1373	-0.01249	869	609	0.7008	0.05556	0.8636	-0.06817	-0.04891
chr8	113000000	114000000	0.3428	-0.1107	0.0184	0	0.0617	0	1119	29.84	-0.09667	0.004783	1117	901	0.8066	0.0625	1.239	1263	31.39	-0.1367	0.01076	1254	850	0.6778	0.0625	1.041	803	32.37	-0.1236	0.01469	795	684	0.8604	0.0625	1.321	-0.0982	-0.04307
chr8	114000000	115000000	0.3454	-0.0922	0.0308	0	0.0621	0	1389	30.53	-0.06361	0.01832	1385	1158	0.8361	0.06049	1	1502	32.19	-0.1005	0.02128	1493	1168	0.7823	0.0625	0.9361	520	32.81	-0.104	0.009885	516	312	0.6047	0.0633	0.7235	-0.142	0
chr8	115000000	116000000	0.3614	-0.0733	0.0141	0	0.06	0	1622	30.4	-0.06971	-0.007075	1601	1181	0.7377	0.0625	1.394	1636	32.09	-0.1051	-0.01111	1617	1169	0.7229	0.06098	1.367	964	33.41	-0.07805	0.007489	959	467	0.487	0.0625	0.9205	-0.1278	-0.09311
chr8	116000000	117000000	0.3882	-0.036	0.0149	0	0.0612	0	1142	30.83	-0.04924	-0.01817	1132	749	0.6617	0.06	1.118	1052	33.12	-0.05956	-0.01559	1044	681	0.6523	0.05882	1.102	902	34.88	-0.01602	0.02119	891	344	0.3861	0.0625	0.6524	-0.1497	-0.078
chr8	117000000	118000000	0.391	-0.0267	0.0121	0	0.0612	0	1300	31.27	-0.02889	-0.004998	1289	940	0.7292	0.05882	0.998	1240	33.86	-0.02766	0.007818	1233	842	0.6829	0.0641	0.9346	1135	34.78	-0.02008	0.007028	1129	776	0.6873	0.05556	0.9407	-0.1333	-0.04064
chr8	118000000	119000000	0.3928	-0.0315	0.0137	0	0.0607	0	1831	30.95	-0.0436	-0.01207	1825	1427	0.7819	0.0625	1.255	1743	33.79	-0.03042	0.01098	1736	1321	0.7609	0.0625	1.221	1329	34.76	-0.0208	0.01034	1322	810	0.6127	0.05556	0.9833	-0.1656	-0.03953
chr8	119000000	120000000	0.3942	-0.0241	0.0166	0	0.0605	0	1481	31.53	-0.01683	0.003136	1477	1128	0.7637	0.06	1.047	1522	33.4	-0.04732	-0.02065	1519	1133	0.7459	0.06098	1.022	1551	34.44	-0.03407	-0.00768	1543	1328	0.8607	0.05814	1.179	-0.1182	-0.04891
chr8	120000000	121000000	0.3882	-0.0385	0.0147	0	0.0625	0	1545	30.74	-0.05384	-0.02026	1525	847	0.5554	0.06667	0.9183	1822	32.97	-0.06611	-0.01964	1793	1104	0.6157	0.05882	1.018	1357	34.3	-0.03998	-0.0002701	1333	690	0.5176	0.05556	0.8559	-0.1255	-0.04182
chr8	121000000	122000000	0.3784	-0.0513	0.0251	0	0.0588	0	1459	31.17	-0.03381	0.01406	1452	1135	0.7817	0.06	1.069	1482	32.8	-0.07324	-0.01015	1474	1042	0.7069	0.0641	0.9668	1615	32.97	-0.09706	-0.0412	1604	1265	0.7887	0.05556	1.079	-0.09067	0
chr8	122000000	123000000	0.4067	-0.0033	0.0133	0	0.0612	0	1152	32.2	0.01335	0.01616	1145	709	0.6192	0.0625	0.8766	1092	33.98	-0.02231	-0.01916	1087	681	0.6265	0.05556	0.8869	1191	35.24	-0.001086	-0.001824	1186	924	0.7791	0.05848	1.103	-0.1186	-0.04307
chr8	123000000	124000000	0.4247	0.0234	0.0187	0	0.06	0	1495	32.24	0.01499	-0.0008631	1475	914	0.6197	0.05941	0.9685	1360	34.97	0.01911	-0.01022	1347	832	0.6177	0.06098	0.9654	1424	36.46	0.04792	0.02053	1420	1120	0.7887	0.05882	1.233	-0.152	-0.06711
chr8	124000000	125000000	0.4261	0.0276	0.012	0	0.06	0	1751	32.53	0.0281	0.00464	1742	1222	0.7015	0.05882	1.083	1338	35.23	0.02972	-0.003806	1329	882	0.6637	0.05556	1.025	1612	36.67	0.05635	0.02277	1610	850	0.528	0.05814	0.8154	-0.1255	-0.06871
chr8	125000000	126000000	0.4182	0.0568	0.0193	0	0.0591	0	1256	32.69	0.03526	-0.02269	1254	920	0.7337	0.0625	1.096	1226	35.63	0.04581	-0.02082	1225	752	0.6139	0.05556	0.9169	1300	37.22	0.07798	0.01833	1292	841	0.6509	0.05556	0.9723	-0.1644	-0.07039
chr8	126000000	127000000	0.3958	0.0289	0.0217	0	0.0625	0	1735	32.86	0.04257	0.0189	1729	1240	0.7172	0.0641	1.026	1085	35.25	0.03038	0.003179	1085	640	0.5899	0.05848	0.8437	1986	35.41	0.005832	-0.02031	1971	1187	0.6022	0.06	0.8614	-0.1096	0
chr8	127000000	128000000	0.4223	0.0659	0.0208	0	0.0588	0	1734	33.46	0.06867	0.006859	1712	1286	0.7512	0.06	1.144	1469	36	0.06082	-0.0128	1457	830	0.5697	0.0641	0.8672	1737	37.68	0.09563	0.02092	1716	1250	0.7284	0.05556	1.109	-0.1414	-0.03847
chr8	128000000	129000000	0.399	0.0377	0.0108	0	0.0588	0	1280	32.78	0.03906	0.002176	1268	880	0.694	0.0625	1.004	1421	35.35	0.0345	0	1412	775	0.5489	0.05556	0.794	1669	36.15	0.03559	-0.002929	1642	1263	0.7692	0.05814	1.113	-0.1414	-0.03395
chr8	129000000	130000000	0.3935	0.0027	0.0113	0	0.0594	0	1347	32.4	0.02221	0.01863	1337	1107	0.828	0.05882	1.307	1213	34.51	-0.0002808	0.004617	1209	788	0.6518	0.0625	1.029	1641	35.23	-0.001484	-0.006068	1634	1020	0.6242	0.06	0.9854	-0.09954	-0.04182
chr8	130000000	131000000	0.4219	0.0191	0.0154	0	0.0599	0	1011	32.41	0.02248	0.008364	983	524	0.5331	0.05685	0.7672	1271	35.4	0.03682	0.01138	1258	918	0.7297	0.0625	1.05	1636	35.5	0.00947	-0.0187	1620	1343	0.829	0.05556	1.193	-0.1255	-0.03653
chr8	131000000	132000000	0.3844	-0.053	0.015	0	0.0588	0	1493	31.27	-0.02878	0.01889	1482	1090	0.7355	0.0625	1.104	1266	33.42	-0.04632	0.01183	1252	663	0.5296	0.05556	0.7949	1762	33.94	-0.05546	0.002152	1754	1220	0.6956	0.05814	1.044	-0.1125	-0.03797
chr8	132000000	133000000	0.4201	-0.0218	0.0146	0	0.061	0	1414	32.04	0.006175	0.02956	1410	935	0.6631	0.0625	0.9993	1316	34.22	-0.01228	0.002899	1314	721	0.5487	0.05556	0.8269	1456	34.53	-0.03062	-0.01032	1455	1018	0.6997	0.05882	1.054	-0.1155	0
chr8	133000000	134000000	0.4557	0.0117	0.0137	0	0.0572	0	1503	32.36	0.02026	0.02326	1489	794	0.5332	0.05882	0.7714	1724	35.44	0.03837	0.009605	1708	1234	0.7225	0.05556	1.045	1971	36.08	0.03305	0.01482	1963	1411	0.7188	0.05556	1.04	-0.1414	0
chr8	134000000	135000000	0.423	0.0301	0.0164	0	0.0594	0	1680	32.6	0.03117	0.006342	1667	1300	0.7798	0.05882	1.156	1792	35.06	0.02286	-0.01445	1778	944	0.5309	0.05437	0.7869	1751	36.11	0.0343	-0.006776	1737	1381	0.795	0.05882	1.178	-0.165	-0.04811
chr8	135000000	136000000	0.416	-0.0226	0.0189	0	0.0602	0	1540	31.63	-0.01237	0.009596	1535	1168	0.7609	0.0625	1.182	1002	34.02	-0.02054	-0.001705	1001	459	0.4585	0.05556	0.712	1772	34.04	-0.0509	-0.03104	1757	1207	0.687	0.05556	1.067	-0.1069	-0.03562
chr8	136000000	137000000	0.3762	-0.0893	0.0215	0	0.0602	0	1824	30.45	-0.0671	0.01647	1814	1220	0.6725	0.0633	1.213	1560	32.46	-0.0885	0.01095	1551	783	0.5048	0.06	0.9108	1933	32.56	-0.1152	-0.02153	1919	1382	0.7202	0.05556	1.299	-0.078	0
chr8	137000000	138000000	0.3785	-0.0945	0.0325	0	0.0625	0	1891	30.28	-0.07542	0.0168	1876	1208	0.6439	0.06049	1.02	1690	32.02	-0.1081	-0.003605	1684	1000	0.5938	0.0625	0.9406	2190	32.35	-0.1246	-0.02474	2176	1447	0.665	0.0641	1.053	-0.1031	0
chr8	138000000	139000000	0.4361	-0.0448	0.0191	0	0.0609	0	1739	31.17	-0.0334	0.01853	1727	868	0.5026	0.0641	0.8583	1945	33.39	-0.04772	-0.01311	1929	1209	0.6267	0.05882	1.07	2103	33.87	-0.05818	-0.01388	2088	1382	0.6619	0.06174	1.13	-0.1155	0
chr8	139000000	140000000	0.4605	0.0314	0.0153	0	0.0599	0	1519	32.78	0.03906	0.01944	1491	997	0.6687	0.05882	1.044	1751	36.45	0.07894	0.02698	1732	994	0.5739	0.05556	0.8959	1523	36.25	0.03964	-0.002533	1508	1017	0.6744	0.05556	1.053	-0.1619	0.03797
chr8	140000000	141000000	0.4437	0.0627	0.0236	0	0.0615	0	1409	32.6	0.03116	-0.02266	1402	1046	0.7461	0.05882	1.273	1142	36.34	0.07453	-0.001828	1136	398	0.3504	0.05848	0.5976	1246	37.18	0.07633	0.006929	1240	950	0.7661	0.05556	1.307	-0.1895	0
chr8	141000000	142000000	0.5373	0.1615	0.022	0	0.0576	0	1739	35.35	0.1481	0.01602	1678	996	0.5936	0.06174	1.039	1709	40.38	0.2266	0.007588	1628	1032	0.6339	0.05319	1.11	1922	39.35	0.1581	-0.01335	1835	1139	0.6207	0.05556	1.087	-0.174	0.04731
chr8	142000000	143000000	0.547	0.1515	0.0404	0	0.0591	0	2368	34.95	0.1316	0.01738	2316	1682	0.7263	0.05882	1.174	1441	40.08	0.2159	-0.001465	1403	156	0.1112	0.0684	0.1797	2036	39.24	0.1539	-0.007445	1989	1041	0.5234	0.05556	0.8458	-0.1884	0.06413
chr8	143000000	144000000	0.5661	0.1478	0.0403	0	0.0568	0	2068	34.4	0.1088	0.006756	1936	1106	0.5713	0.05848	1.059	1463	39.58	0.1977	-0.0159	1346	50	0.03715	0.1414	0.06883	2119	38.65	0.1321	-0.02588	1966	1030	0.5239	0.06522	0.9707	-0.2051	0.03847
chr8	144000000	145000000	0.5378	0.1303	0.0422	0	0.0612	0	1266	34.37	0.1073	0.005234	1199	782	0.6522	0.06098	1.348	812	40.59	0.2339	0.04638	771	27	0.03502	0.1667	0.0724	1154	38.3	0.119	-0.01803	1076	609	0.566	0.05882	1.17	-0.2224	0.06711
chr8	145000000	145138636	0.4362	0.0362	0.0677	0	0.0652	0	177	30.64	-0.05811	-0.08873	174	169	0.9713	0.06522	3.441	84	35.92	0.05778	0.01054	83	0	0	NA	0	183	34.63	-0.02622	-0.06118	181	173	0.9558	0.06757	3.386	-0.1844	0.04182
chr9	0	1000000	0.4245	0.0599	0.0317	0	0.0659	0	2550	33.49	0.07016	0.01552	2402	1512	0.6295	0.07143	1.054	2136	36.13	0.0661	0.0003157	2018	384	0.1903	0.06344	0.3186	2818	36.46	0.04818	-0.0157	2681	2110	0.787	0.0625	1.318	-0.1333	-0.03562
chr9	1000000	2000000	0.3971	-0.0027	0.0071	0	0.0625	0	1964	32.09	0.008479	0.01575	1956	1555	0.795	0.0625	1.25	2041	34.91	0.01651	0.0268	2029	1124	0.554	0.05556	0.8712	1989	35.13	-0.005678	-0.003073	1980	1672	0.8444	0.05882	1.328	-0.1193	0
chr9	2000000	3000000	0.4017	0.0198	0.0173	0	0.0591	0	1748	32.47	0.02521	0.005536	1744	1146	0.6571	0.0625	1.014	1691	35.29	0.03215	0.01112	1689	913	0.5406	0.05556	0.8341	1713	35.37	0.004231	-0.01329	1711	990	0.5786	0.05556	0.8928	-0.1293	0
chr9	3000000	4000000	0.3774	0.016	0.0298	0	0.0594	0	1549	32.77	0.03882	0.02	1547	1085	0.7014	0.06	1.275	1480	34.85	0.01417	0.008557	1478	993	0.6719	0.05556	1.221	1284	35.09	-0.007338	-0.01918	1273	608	0.4776	0.06195	0.8681	-0.08489	-0.03562
chr9	4000000	5000000	0.4086	0.0537	0.0227	0	0.06	0	2327	33.34	0.06347	0.01149	2313	1441	0.623	0.06098	1.07	2058	35.71	0.04924	-0.001852	2049	931	0.4544	0.05556	0.7803	2246	36.86	0.06393	0.007123	2239	1321	0.59	0.05814	1.013	-0.1293	-0.04439
chr9	5000000	6000000	0.3873	0.0672	0.0153	0	0.0588	0	1427	33.16	0.05553	-0.01833	1423	670	0.4708	0.06098	0.6662	1548	36.3	0.07288	0.01104	1543	1278	0.8283	0.05556	1.172	1518	37.22	0.07766	0.01179	1511	1209	0.8001	0.05172	1.132	-0.1375	-0.04064
chr9	6000000	7000000	0.4117	0.0582	0.0187	0	0.0588	0	1526	33.13	0.05424	0	1518	904	0.5955	0.0641	1.019	2056	35.92	0.05764	-0.00591	2045	1211	0.5922	0.05882	1.013	1467	37.17	0.07579	0.01119	1465	1016	0.6935	0.05556	1.187	-0.152	-0.04439
chr9	7000000	8000000	0.3943	0.0101	0.0316	0	0.06	0	2201	32.13	0.01035	-0.00405	2192	1337	0.6099	0.06	0.8916	2119	35.17	0.02713	0.01878	2112	1290	0.6108	0.05882	0.8928	2137	35.56	0.01197	0.004552	2131	1576	0.7396	0.05941	1.081	-0.1293	-0.03607
chr9	8000000	9000000	0.3742	-0.0842	0.0147	0	0.061	0	1494	30.69	-0.05612	0.01636	1487	831	0.5588	0.05882	0.9133	1380	32.59	-0.08263	0.01075	1377	719	0.5221	0.06	0.8533	2149	33.08	-0.09232	0.002039	2141	1500	0.7006	0.05556	1.145	-0.09311	-0.03395
chr9	9000000	10000000	0.3509	-0.0893	0.0183	0	0.06	0	2467	30.2	-0.07927	-0.005347	2461	1814	0.7371	0.05882	1.119	2380	31.81	-0.1176	0.004334	2378	1433	0.6026	0.0641	0.915	2026	32.58	-0.1141	0.002353	2020	1528	0.7564	0.05882	1.149	-0.0902	0
chr9	10000000	11000000	0.3515	-0.1022	0.0193	0	0.0625	0	2109	30.02	-0.08773	-0.0002357	2103	1462	0.6952	0.06	1.085	2412	31.27	-0.1424	-0.009484	2407	1806	0.7503	0.06522	1.171	2034	31.93	-0.1433	-0.01622	2031	1527	0.7518	0.05882	1.173	-0.08055	0
chr9	11000000	12000000	0.3491	-0.0951	0.017	0	0.0612	0	2123	30.04	-0.0869	-0.000473	2114	1551	0.7337	0.06522	1.148	2104	31.62	-0.1265	-0.002086	2102	1646	0.7831	0.05882	1.225	2748	32.41	-0.1219	0.001348	2744	1917	0.6986	0.05882	1.093	-0.1069	-0.0458
chr9	12000000	13000000	0.355	-0.1128	0.0334	0	0.0625	0	2427	29.58	-0.109	-0.006364	2415	1756	0.7271	0.06667	1.264	2365	31.36	-0.1383	-0.001961	2351	1651	0.7023	0.06098	1.221	2222	32.27	-0.1279	0.007367	2209	1431	0.6478	0.06098	1.126	-0.1155	-0.0458
chr9	13000000	14000000	0.3758	-0.0754	0.0223	0	0.0617	0	1890	30.35	-0.07226	-0.002236	1888	1451	0.7685	0.0625	1.231	1850	32.13	-0.1033	-0.01803	1847	1485	0.804	0.0625	1.288	1442	33.53	-0.07301	0.005826	1437	938	0.6527	0.05882	1.046	-0.1155	-0.04064
chr9	14000000	15000000	0.3879	-0.0361	0.0176	0	0.0613	0	1889	31.46	-0.02012	0.009611	1883	1290	0.6851	0.06098	1.009	1905	33.76	-0.0317	0.01102	1896	1355	0.7147	0.05556	1.053	1683	34.08	-0.04921	-0.01177	1675	1138	0.6794	0.05556	1.001	-0.1085	0
chr9	15000000	16000000	0.3874	-0.0035	0.0082	0	0.0599	0	2160	32.09	0.008176	0.005013	2146	1534	0.7148	0.0625	1.177	2027	34.18	-0.01392	-0.005285	2018	1219	0.6041	0.05263	0.9947	2067	35.22	-0.001674	0.003162	2053	1224	0.5962	0.06	0.9817	-0.1155	-0.05658
chr9	16000000	17000000	0.4128	-0.0269	0.0221	0	0.0594	0	2187	31.78	-0.005499	0.02304	2178	1644	0.7548	0.05556	1.217	2410	34.13	-0.01601	0.00554	2398	1770	0.7381	0.05556	1.19	1766	34.08	-0.04925	-0.02561	1763	1236	0.7011	0.05882	1.13	-0.1119	0
chr9	17000000	18000000	0.3806	-0.0694	0.0189	0	0.0615	0	2362	30.7	-0.0556	0.00415	2342	1630	0.696	0.0625	1.073	2592	32.88	-0.07013	0.006419	2575	1785	0.6932	0.06098	1.069	2223	32.51	-0.1172	-0.04388	2199	1453	0.6608	0.0625	1.019	-0.0902	0
chr9	18000000	19000000	0.3903	-0.0117	0.0162	0	0.0617	0	2174	31.82	-0.003746	0.005738	2170	1539	0.7092	0.06	1.059	2002	34.12	-0.01649	0.003131	1994	1492	0.7482	0.05882	1.117	1652	35.08	-0.007798	0.004997	1649	958	0.581	0.05882	0.8671	-0.1182	-0.04064
chr9	19000000	20000000	0.4064	0.0137	0.007	0	0.0594	0	1682	32.14	0.01073	-0.001964	1674	1357	0.8106	0.05882	1.279	1603	35.11	0.02466	0.01057	1597	1242	0.7777	0.05814	1.227	1753	35.65	0.01566	-0.0002564	1749	1219	0.697	0.0641	1.1	-0.1475	-0.04182
chr9	20000000	21000000	0.3798	0.0329	0.0184	0	0.06	0	1303	32.35	0.01995	-0.02218	1290	860	0.6667	0.05882	0.9961	1064	35.11	0.02485	0.002955	1059	686	0.6478	0.05263	0.9678	1470	35.96	0.02828	0.0003375	1469	1032	0.7025	0.05556	1.05	-0.1255	-0.04064
chr9	21000000	22000000	0.3823	0.0204	0.0261	0	0.06	0	1722	32.2	0.01314	-0.01001	1717	1478	0.8608	0.0625	1.113	2159	34.81	0.01244	0.005388	2146	1376	0.6412	0.05556	0.8292	1008	35.78	0.02071	0.004793	1006	801	0.7962	0.05882	1.03	-0.1375	-0.07595
chr9	22000000	23000000	0.3668	-0.0617	0.0237	0	0.0602	0	1809	30.87	-0.04745	0.003951	1804	1221	0.6768	0.06	1.124	1776	32.57	-0.08349	-0.008787	1760	1082	0.6148	0.05882	1.021	1581	33.45	-0.07622	-0.002507	1575	851	0.5403	0.05556	0.8969	-0.1024	-0.04182
chr9	23000000	24000000	0.3718	-0.098	0.0292	0	0.0625	0	1548	29.97	-0.09039	0.002863	1533	1137	0.7417	0.06	1.265	1465	32.33	-0.09421	0.01541	1455	1019	0.7003	0.0625	1.195	1220	31.83	-0.1477	-0.03901	1217	832	0.6836	0.06	1.166	-0.09311	0
chr9	24000000	25000000	0.3573	-0.1154	0.0227	0	0.0605	0	987	29.75	-0.1011	0.003132	985	540	0.5482	0.05941	0.7613	1243	31.84	-0.1164	0.01391	1238	1030	0.832	0.0625	1.155	1051	32.21	-0.1308	0.00499	1048	969	0.9246	0.05556	1.284	-0.1193	-0.03847
chr9	25000000	26000000	0.3552	-0.0885	0.054	0	0.0613	0	1789	30.18	-0.08	-0.001636	1785	1246	0.698	0.0641	1.134	1846	31.74	-0.121	-0.007562	1842	1262	0.6851	0.06	1.113	1463	32.26	-0.1284	-0.01912	1462	817	0.5588	0.05882	0.9082	-0.08746	0
chr9	26000000	27000000	0.3749	-0.048	0.014	0	0.0605	0	1363	31.28	-0.02859	0.0124	1359	758	0.5578	0.06522	1.005	1361	32.41	-0.09069	-0.03389	1356	657	0.4845	0.0625	0.8728	1481	33.63	-0.06852	-0.01039	1472	999	0.6787	0.05882	1.223	-0.1085	-0.04731
chr9	27000000	28000000	0.3954	-0.0062	0.0115	0	0.0607	0	1591	31.64	-0.01211	-0.001709	1586	956	0.6028	0.06049	1.046	1669	33.3	-0.05144	-0.04267	1664	984	0.5913	0.05882	1.026	1689	35.17	-0.003983	0.005342	1685	1044	0.6196	0.06098	1.075	-0.1357	-0.06871
chr9	28000000	29000000	0.3596	-0.095	0.0286	0	0.0625	0	1891	30.45	-0.06709	0.01462	1876	923	0.492	0.05882	0.9039	1987	31.54	-0.1298	-0.01292	1968	1100	0.5589	0.06174	1.027	2056	32.64	-0.1115	-0.0006907	2036	1343	0.6596	0.0641	1.212	-0.078	-0.04307
chr9	29000000	30000000	0.3513	-0.0992	0.037	0	0.0617	0	1539	30.14	-0.08215	0	1534	838	0.5463	0.0625	0.8049	1894	31.43	-0.1352	-0.007695	1884	1403	0.7447	0.05882	1.097	1531	32.24	-0.1293	-0.00454	1524	821	0.5387	0.06	0.7937	-0.09622	-0.0451
chr9	30000000	31000000	0.3455	-0.0946	0.0279	0	0.0659	0	1152	30.1	-0.08379	0	1139	173	0.1519	0.0625	0.2775	1155	31.91	-0.113	0.01062	1144	275	0.2404	0.0641	0.4392	1342	32.18	-0.1322	-0.01333	1339	760	0.5676	0.07143	1.037	-0.0902	0
chr9	31000000	32000000	0.3582	-0.0651	0.035	0	0.0614	0	2159	30.6	-0.06023	-0.007198	2151	1470	0.6834	0.06667	1.075	1638	32.8	-0.07331	0.01084	1637	1055	0.6445	0.05882	1.014	1857	32.88	-0.1009	-0.0206	1856	1157	0.6234	0.05882	0.9805	-0.1096	0
chr9	32000000	33000000	0.3981	0.0084	0.0154	0	0.0609	0	1826	32.2	0.01334	0.005669	1813	547	0.3017	0.0641	0.6714	1836	34.48	-0.00126	-0.003361	1822	771	0.4232	0.06	0.9416	2004	35.5	0.009384	0	1988	1368	0.6881	0.05882	1.531	-0.1155	-0.04064
chr9	33000000	34000000	0.438	0.0619	0.0169	0	0.06	0	1531	33.11	0.05337	-0.003586	1516	1087	0.717	0.05882	1.011	1259	36.87	0.09528	0.01953	1255	927	0.7386	0.06	1.041	1530	37.7	0.09619	0.0288	1510	1140	0.755	0.05814	1.064	-0.1887	-0.06274
chr9	34000000	35000000	0.4597	0.0511	0.0232	0	0.057	0	1373	32.82	0.04074	0.006074	1365	910	0.6667	0.0641	1.001	1354	36.27	0.07165	-0.0004396	1345	931	0.6922	0.05556	1.04	1363	36.98	0.06864	0.006799	1362	830	0.6094	0.05814	0.9154	-0.1561	0
chr9	35000000	36000000	0.4477	0.075	0.0277	0	0.0568	0	716	33.11	0.05359	-0.01056	705	401	0.5688	0.06	0.897	734	36.83	0.09367	0.0001995	729	417	0.572	0.05814	0.9021	911	36.84	0.06297	-0.01637	896	531	0.5926	0.05814	0.9346	-0.1497	0.01374
chr9	36000000	37000000	0.4478	0.088	0.0157	0	0.0591	0	1249	33.53	0.07164	-0.005506	1237	674	0.5449	0.0599	0.9832	1130	37.43	0.1171	0.01115	1121	556	0.496	0.05882	0.895	1264	37.72	0.0972	0.003707	1248	688	0.5513	0.05556	0.9947	-0.1699	0
chr9	37000000	38000000	0.4311	0.093	0.0268	0	0.0556	0	1027	33.1	0.0531	-0.03429	1023	2	0.001955	NA	0.003076	1189	37.12	0.1052	0.004261	1187	752	0.6335	0.0625	0.9967	1195	38.2	0.1153	0.01898	1189	800	0.6728	0.05556	1.059	-0.1776	-0.04182
chr9	38000000	39000000	0.4401	0.0121	0.0158	0	0.0647	0	1411	32.17	0.01175	0.002621	1318	779	0.591	0.06667	0.9516	1290	35.8	0.05271	0.0286	1220	588	0.482	0.0625	0.776	1541	34.93	-0.01372	-0.03086	1439	751	0.5219	0.06	0.8403	-0.1255	0
chr9	39000000	40000000	0.388	0.7469	0.1104	1	0.1114	1	2062	56.47	0.8237	NA	1586	1249	0.7875	NA	1.005	2387	59.69	0.7904	NA	1765	1558	0.8827	NA	1.126	2301	58.89	0.7398	NA	1772	1344	0.7585	NA	0.9679	-0.1784	0
chr9	40000000	41000000	0.3886	0.7075	0.1132	1	0.1418	1	2117	52.65	0.7226	NA	1427	1057	0.7407	NA	0.9859	2240	53.28	0.6265	NA	1551	1155	0.7447	NA	0.9912	2068	62.74	0.8312	NA	1502	1073	0.7144	NA	0.9509	-0.1459	-0.1871
chr9	41000000	42000000	0.3942	0.7267	0.0958	0	0.1079	1	4166	56.35	0.8208	0.08992	3002	2573	0.8571	NA	1.109	4061	60.13	0.8009	0.07673	3047	2373	0.7788	NA	1.008	3909	68.08	0.9491	0.2247	3045	2249	0.7386	NA	0.956	-0.1215	-0.1375
chr9	42000000	43000000	0.3988	0.3361	0.0858	0	0.1029	1	3175	40.85	0.3566	0.01914	2547	2218	0.8708	NA	1.162	3671	44.16	0.3557	0.0232	3106	1686	0.5428	NA	0.7244	2853	43.06	0.2881	-0.04863	2515	2232	0.8875	NA	1.184	-0.06559	0.08489
chr9	43000000	44000000	0.3753	-0.6143	0.0703	0	0.0782	0	1853	20.53	-0.6359	-0.02794	843	724	0.8588	0.07473	1.165	1418	23.88	-0.5312	0.09359	624	450	0.7212	0.0901	0.978	1850	21.74	-0.6977	-0.07877	845	696	0.8237	0.07538	1.117	-0.2039	0.1538
chr9	44000000	45000000	0.3746	-2.258	0.127	1	0.1226	1	1568	7.038	-2.18	NA	157	74	0.4713	NA	1.044	1332	7.713	-2.162	NA	210	110	0.5238	NA	1.16	1353	6.606	-2.416	NA	160	61	0.3812	NA	0.8446	-0.3903	1.211
chr9	45000000	46000000	0.3751	-2.7	0.2	1	0.1329	1	602	5.343	-2.578	NA	44	24	0.5455	NA	1.091	566	5.565	-2.633	NA	70	48	0.6857	NA	1.371	561	5.178	-2.768	NA	58	18	0.3103	NA	0.6207	-0.2224	-0.263
chr9	46000000	47000000	NA	NA	NA	1	NA	0	0	NA	NA	NA	0	0	NA	NA	NA	0	NA	NA	NA	0	0	NA	NA	NA	0	NA	NA	NA	0	0	NA	NA	NA	NA	NA
chr9	47000000	48000000	NA	NA	NA	1	NA	0	0	NA	NA	NA	0	0	NA	NA	NA	0	NA	NA	NA	0	0	NA	NA	NA	0	NA	NA	NA	0	0	NA	NA	NA	NA	NA
chr9	48000000	49000000	NA	NA	NA	1	NA	0	0	NA	NA	NA	0	0	NA	NA	NA	0	NA	NA	NA	0	0	NA	NA	NA	0	NA	NA	NA	0	0	NA	NA	NA	NA	NA
chr9	49000000	50000000	NA	NA	NA	1	NA	0	0	NA	NA	NA	0	0	NA	NA	NA	0	NA	NA	NA	0	0	NA	NA	NA	0	NA	NA	NA	0	0	NA	NA	NA	NA	NA
chr9	50000000	51000000	NA	NA	NA	1	NA	0	0	NA	NA	NA	0	0	NA	NA	NA	0	NA	NA	NA	0	0	NA	NA	NA	0	NA	NA	NA	0	0	NA	NA	NA	NA	NA
chr9	51000000	52000000	NA	NA	NA	1	NA	0	0	NA	NA	NA	0	0	NA	NA	NA	0	NA	NA	NA	0	0	NA	NA	NA	0	NA	NA	NA	0	0	NA	NA	NA	NA	NA
chr9	52000000	53000000	NA	NA	NA	1	NA	0	0	NA	NA	NA	0	0	NA	NA	NA	0	NA	NA	NA	0	0	NA	NA	NA	0	NA	NA	NA	0	0	NA	NA	NA	NA	NA
chr9	53000000	54000000	NA	NA	NA	1	NA	0	0	NA	NA	NA	0	0	NA	NA	NA	0	NA	NA	NA	0	0	NA	NA	NA	0	NA	NA	NA	0	0	NA	NA	NA	NA	NA
chr9	54000000	55000000	NA	NA	NA	1	NA	0	0	NA	NA	NA	0	0	NA	NA	NA	0	NA	NA	NA	0	0	NA	NA	NA	0	NA	NA	NA	0	0	NA	NA	NA	NA	NA
chr9	55000000	56000000	NA	NA	NA	1	NA	0	0	NA	NA	NA	0	0	NA	NA	NA	0	NA	NA	NA	0	0	NA	NA	NA	0	NA	NA	NA	0	0	NA	NA	NA	NA	NA
chr9	56000000	57000000	NA	NA	NA	1	NA	0	0	NA	NA	NA	0	0	NA	NA	NA	0	NA	NA	NA	0	0	NA	NA	NA	0	NA	NA	NA	0	0	NA	NA	NA	NA	NA
chr9	57000000	58000000	NA	NA	NA	1	NA	0	0	NA	NA	NA	0	0	NA	NA	NA	0	NA	NA	NA	0	0	NA	NA	NA	0	NA	NA	NA	0	0	NA	NA	NA	NA	NA
chr9	58000000	59000000	NA	NA	NA	1	NA	0	0	NA	NA	NA	0	0	NA	NA	NA	0	NA	NA	NA	0	0	NA	NA	NA	0	NA	NA	NA	0	0	NA	NA	NA	NA	NA
chr9	59000000	60000000	NA	NA	NA	1	NA	0	0	NA	NA	NA	0	0	NA	NA	NA	0	NA	NA	NA	0	0	NA	NA	NA	0	NA	NA	NA	0	0	NA	NA	NA	NA	NA
chr9	60000000	61000000	0.3905	-1.396	0.1675	1	0.1099	1	643	14.65	-1.123	NA	212	156	0.7358	NA	1.206	441	14.83	-1.218	NA	152	83	0.5461	NA	0.8952	500	11.64	-1.599	NA	144	80	0.5556	NA	0.9107	0	0.3935
chr9	61000000	62000000	0.4175	-0.5515	0.2232	1	0.082	0	676	23.72	-0.4275	NA	437	249	0.5698	0.07895	1.621	734	25.71	-0.4249	NA	523	194	0.3709	0.07538	1.055	572	23.81	-0.567	NA	342	158	0.462	0.09259	1.314	-0.1761	-0.001511
chr9	62000000	63000000	0.3923	0.7763	0.1136	1	0.1461	1	1234	51.18	0.6819	NA	664	461	0.6943	NA	1.061	1245	56.96	0.7229	NA	629	461	0.7329	NA	1.12	1226	68.22	0.9519	NA	830	540	0.6506	NA	0.9942	-0.2224	-0.2182
chr9	63000000	64000000	0.3899	0.7317	0.0433	0	0.1048	1	2810	52.78	0.7263	-0.006491	2019	1762	0.8727	NA	1.223	2628	56.77	0.7179	-0.005561	1900	1338	0.7042	NA	0.9866	2327	68.51	0.9581	0.227	1678	1188	0.708	NA	0.9919	-0.1375	-0.114
chr9	64000000	65000000	0.386	-0.0839	0.1637	1	0.0976	1	1861	29.63	-0.1066	NA	1219	772	0.6333	NA	1.047	1890	34.58	0.002629	NA	1347	907	0.6733	NA	1.114	1767	31.19	-0.1774	NA	1192	330	0.2768	NA	0.4579	-0.1271	0.04773
chr9	65000000	66000000	0.4179	0.0323	0.1069	1	0.0976	1	1159	32.41	0.02283	NA	794	434	0.5466	NA	1.131	1041	34.64	0.005104	NA	647	326	0.5039	NA	1.043	1131	37.08	0.07218	NA	838	270	0.3222	NA	0.6669	0.04891	-0.05772
chr9	66000000	67000000	0.3949	-0.366	0.1709	1	0.09	0	1267	23.01	-0.4712	NA	786	311	0.3957	0.1071	0.7775	1437	25.29	-0.4488	NA	927	541	0.5836	0.08333	1.147	1307	31.52	-0.1622	NA	905	289	0.3193	0.1066	0.6275	-0.2501	-0.3862
chr9	67000000	68000000	0.4006	-0.4703	0.0747	0	0.0955	1	1281	22.06	-0.5322	-0.06197	775	131	0.169	NA	0.4706	1431	23.74	-0.5396	-0.06919	874	221	0.2529	NA	0.704	1267	25.6	-0.4622	0.006924	803	125	0.1557	NA	0.4334	-0.1605	0
chr9	68000000	69000000	0.4034	0.0138	0.0191	0	0.0633	0	970	32.46	0.02493	0.009748	841	434	0.5161	0.0625	0.9111	1101	34.95	0.01804	0.0007084	1006	589	0.5855	0.06667	1.034	971	36.14	0.03536	0.01779	850	333	0.3918	0.07143	0.6917	-0.09192	-0.1125
chr9	69000000	70000000	0.4132	0.0127	0.0117	0	0.0594	0	1509	32.31	0.01817	0.006772	1498	735	0.4907	0.0625	0.8975	1659	34.82	0.01272	-0.008908	1639	821	0.5009	0.05882	0.9163	1167	35.75	0.01958	0.002627	1154	300	0.26	0.05	0.4755	-0.1336	-0.04439
chr9	70000000	71000000	0.3988	-0.0329	0.022	0	0.06	0	1641	31.27	-0.02888	0.002662	1632	1137	0.6967	0.05882	1.137	1382	33.55	-0.041	-0.004519	1369	703	0.5135	0.06	0.8383	1428	34.67	-0.02438	0.007867	1424	750	0.5267	0.06098	0.8598	-0.1354	-0.03324
chr9	71000000	72000000	0.3819	-0.0412	0.0123	0	0.0625	0	1382	30.66	-0.05761	-0.01849	1374	730	0.5313	0.06	1.09	1395	32.89	-0.06953	-0.01862	1392	668	0.4799	0.06	0.9846	1096	34.22	-0.0436	0.001885	1089	254	0.2332	0.05556	0.4785	-0.1329	-0.04439
chr9	72000000	73000000	0.3984	-0.0251	0.0129	0	0.0617	0	878	31.42	-0.02213	0.003139	872	662	0.7592	0.0625	1.069	844	33.47	-0.04425	-0.01367	841	516	0.6136	0.05685	0.8636	863	35.08	-0.0075	0.01691	863	622	0.7207	0.06098	1.014	-0.119	-0.05155
chr9	73000000	74000000	0.3522	-0.0626	0.0411	0	0.0613	0	1532	30.69	-0.05608	-0.003613	1516	1092	0.7203	0.05882	1.879	1462	32.23	-0.09893	-0.007126	1455	1075	0.7388	0.05882	1.927	1118	32.95	-0.09801	-0.01239	1104	174	0.1576	0.06174	0.4111	-0.08489	-0.0458
chr9	74000000	75000000	0.3761	-0.0695	0.0097	0	0.0625	0	1281	30.38	-0.0704	-0.006979	1271	1021	0.8033	0.0625	1.261	1385	32.74	-0.07629	0.003568	1370	1115	0.8139	0.0625	1.278	1255	33.33	-0.0813	-0.007065	1249	623	0.4988	0.06757	0.7832	-0.1085	0
chr9	75000000	76000000	0.3935	-0.0414	0.0115	0	0.0625	0	1600	31.04	-0.03974	0.0007832	1597	1374	0.8604	0.0625	1.246	1425	34.31	-0.008459	0.04054	1422	1179	0.8291	0.05556	1.201	1496	34.41	-0.03545	0.00407	1493	1092	0.7314	0.06049	1.06	-0.1584	0
chr9	76000000	77000000	0.4106	-0.0068	0.0148	0	0.0588	0	1889	31.94	0.001696	0.006433	1882	1450	0.7705	0.06098	1.124	1805	35.24	0.02993	0.03071	1796	1361	0.7578	0.05882	1.106	1543	34.82	-0.0184	-0.01159	1530	1059	0.6922	0.05882	1.01	-0.1329	0
chr9	77000000	78000000	0.3965	-0.0367	0.0221	0	0.0588	0	1223	30.95	-0.0437	-0.000617	1217	1098	0.9022	0.0625	1.325	1369	34.16	-0.01496	0.02387	1365	1120	0.8205	0.05814	1.205	822	34.17	-0.04545	-0.007217	816	680	0.8333	0.05685	1.224	-0.1543	0
chr9	78000000	79000000	0.3967	-0.0485	0.0151	0	0.06	0	1655	30.97	-0.04294	0.01256	1641	1302	0.7934	0.06	1.154	1351	33.54	-0.04109	0.00939	1346	1108	0.8232	0.0625	1.197	1250	34.14	-0.0468	0.0006262	1242	1006	0.81	0.05556	1.178	-0.142	0
chr9	79000000	80000000	0.3894	-0.0808	0.0163	0	0.0639	0	1249	30.39	-0.06996	0.008552	1242	1042	0.839	0.06667	1.125	1264	32.42	-0.0902	-0.0007064	1252	928	0.7412	0.0625	0.9939	887	33.32	-0.08209	-0.000488	883	724	0.8199	0.05882	1.099	-0.1137	0
chr9	80000000	81000000	0.3671	-0.1095	0.0279	0	0.0607	0	2456	30.05	-0.08638	0.01217	2413	1951	0.8085	0.06098	1.187	2269	31.85	-0.1158	0.005604	2263	1451	0.6412	0.06	0.9413	2083	32.47	-0.1193	0.002752	2061	1536	0.7453	0.06	1.094	-0.09686	-0.04731
chr9	81000000	82000000	0.4035	-0.1039	0.0231	0	0.0652	0	1305	30.17	-0.08046	0.02358	1296	915	0.706	0.0625	1	1131	32.35	-0.09328	0.007427	1115	804	0.7211	0.06049	1.021	1345	32.56	-0.1153	-0.01215	1339	896	0.6692	0.0641	0.9479	-0.07039	0
chr9	82000000	83000000	0.3852	-0.0842	0.0372	0	0.0629	0	795	30.83	-0.04951	0.02613	793	723	0.9117	0.0625	1.254	385	32.82	-0.07245	0.01712	384	230	0.599	0.05437	0.8238	872	32.75	-0.1066	-0.01858	869	653	0.7514	0.0625	1.033	-0.1314	-0.05275
chr9	83000000	84000000	0.4028	-0.0231	0.0114	0	0.06	0	1306	31.52	-0.01758	0.003833	1295	771	0.5954	0.0625	0.8818	1328	34.06	-0.01905	0.0003677	1322	1032	0.7806	0.05882	1.156	1426	34.98	-0.01192	0.008324	1416	1093	0.7719	0.05882	1.143	-0.1043	-0.03242
chr9	84000000	85000000	0.4116	-0.0063	0.0208	0	0.0588	0	1203	32.2	0.0134	0.02332	1197	698	0.5831	0.0625	0.8162	1174	34.12	-0.01644	-0.01549	1169	696	0.5954	0.0625	0.8334	1028	35.49	0.009158	0.01107	1027	805	0.7838	0.05814	1.097	-0.1203	-0.0451
chr9	85000000	86000000	0.3998	-0.0048	0.0245	0	0.0621	0	1066	32.23	0.01485	0.01829	1064	782	0.735	0.06098	1.031	893	34.3	-0.008934	-0.001468	884	561	0.6346	0.05882	0.8906	994	36.06	0.03221	0.03619	993	728	0.7331	0.05556	1.029	-0.1119	-0.04064
chr9	86000000	87000000	0.414	-0.0257	0.016	0	0.0613	0	1158	31.49	-0.01873	0.005482	1144	934	0.8164	0.0625	1.024	1180	34.38	-0.005687	0.01202	1161	846	0.7287	0.06098	0.9137	1313	35.08	-0.007519	0.01492	1302	1048	0.8049	0.06	1.009	-0.1304	-0.03436
chr9	87000000	88000000	0.4297	-0.0061	0.0225	0	0.0629	0	1625	31.69	-0.009666	-0.0006882	1596	862	0.5401	0.0625	0.979	1773	34.55	0.00156	0.0005078	1747	998	0.5713	0.0625	1.035	1834	35.41	0.006045	0.002946	1791	1297	0.7242	0.05882	1.313	-0.1375	-0.03477
chr9	88000000	89000000	0.4349	0.0107	0.0288	0	0.0588	0	1488	32.11	0.009254	0.002967	1432	721	0.5035	0.05882	0.8723	1268	35.6	0.04489	0.02355	1233	675	0.5474	0.06098	0.9484	1863	34.92	-0.01434	-0.02553	1827	1157	0.6333	0.06	1.097	-0.1644	0.03847
chr9	89000000	90000000	0.4594	0.1146	0.0261	0	0.0588	0	901	34.05	0.09398	-0.004192	893	557	0.6237	0.05882	0.914	822	38.14	0.1442	0.008642	819	453	0.5531	0.05882	0.8105	1214	38.3	0.1192	-0.005718	1206	934	0.7745	0.05556	1.135	-0.1497	0
chr9	90000000	91000000	0.4147	0.0542	0.0201	0	0.0599	0	1601	32.66	0.03385	-0.01722	1585	1117	0.7047	0.0625	1.153	1332	35.79	0.05247	-0.0131	1318	582	0.4416	0.05882	0.7226	1590	36.71	0.05777	-9.442e-05	1582	1053	0.6656	0.05556	1.089	-0.1343	-0.03847
chr9	91000000	92000000	0.431	0.0583	0.0078	0	0.0605	0	1037	33.29	0.06143	0.007669	1033	824	0.7977	0.06098	1.019	1394	35.76	0.05107	-0.01378	1388	1064	0.7666	0.05814	0.9793	991	36.77	0.06032	-0.001336	987	633	0.6413	0.05263	0.8193	-0.1699	-0.03747
chr9	92000000	93000000	0.4315	0.0655	0.0294	0	0.0556	0	986	32.81	0.04049	-0.01515	981	859	0.8756	0.05882	1.018	1239	36.61	0.08508	0.008946	1231	1045	0.8489	0.05556	0.9868	659	38.21	0.1156	0.04798	656	573	0.8735	0.05556	1.015	-0.1699	-0.0614
chr9	93000000	94000000	0.4789	0.1007	0.0264	0	0.0585	0	1696	33.77	0.08183	-0.0005755	1666	1087	0.6525	0.05556	1.012	1725	37.79	0.1309	0	1717	1109	0.6459	0.05556	1.002	1572	37.83	0.1013	-0.006985	1562	1170	0.749	0.05556	1.162	-0.1375	0.03244
chr9	94000000	95000000	0.4272	0.0063	0.0166	0	0.0625	0	1476	31.86	-0.002157	0	1455	996	0.6845	0.05882	1.065	1330	34.25	-0.01111	-0.02288	1302	683	0.5246	0.05882	0.8165	1238	35.73	0.0187	0.005961	1227	774	0.6308	0.06	0.9818	-0.1304	-0.04182
chr9	95000000	96000000	0.4281	0.0404	0.0151	0	0.0556	0	1206	33.16	0.05582	0.02262	1196	945	0.7901	0.05882	1.106	833	35.35	0.03471	-0.01116	820	612	0.7463	0.05882	1.045	1289	36.17	0.03639	-0.01109	1283	874	0.6812	0.05556	0.9535	-0.09312	-0.04373
chr9	96000000	97000000	0.4367	0.0361	0.0256	0	0.0588	0	780	32.71	0.03614	0.007864	779	700	0.8986	0.05882	1.288	477	35.18	0.02781	-0.01933	475	357	0.7516	0.06098	1.078	781	36.06	0.03229	-0.01147	777	515	0.6628	0.05102	0.9504	-0.1926	-0.04064
chr9	97000000	98000000	0.4278	0.0431	0.028	0	0.0578	0	1046	32.8	0.03985	0.004646	1038	555	0.5347	0.05556	0.7778	1199	36.51	0.08123	0.03266	1182	905	0.7657	0.05556	1.114	1146	36.67	0.05622	0.006048	1122	892	0.795	0.05685	1.157	-0.1468	0
chr9	98000000	99000000	0.4641	0.0857	0.015	0	0.0589	0	1653	33.94	0.08917	0.01455	1642	1179	0.718	0.06757	1.03	1531	36.94	0.09818	-0.01246	1524	1117	0.7329	0.05556	1.051	1387	37.49	0.08842	-0.009858	1385	837	0.6043	0.05769	0.8666	-0.1543	-0.03317
chr9	99000000	100000000	0.4085	0.0481	0.0146	0	0.0572	0	717	32.95	0.04638	-0.001741	714	348	0.4874	0.05848	0.9435	857	35.83	0.05423	0.00874	856	445	0.5199	0.05882	1.006	774	36.4	0.04564	-0.005565	772	460	0.5959	0.05319	1.153	-0.1588	-0.037
chr9	100000000	101000000	0.3906	-0.0121	0.0102	0	0.0602	0	1125	31.65	-0.01139	-0.001119	1109	405	0.3652	0.0625	0.4885	1188	34.3	-0.008821	0.01206	1183	925	0.7819	0.05814	1.046	1234	34.79	-0.0196	-0.005106	1232	799	0.6485	0.05882	0.8675	-0.1293	0
chr9	101000000	102000000	0.3822	-0.0675	0.024	0	0.0607	0	1441	30.59	-0.06087	0.003868	1425	1047	0.7347	0.05882	1.184	1317	32.8	-0.07348	0.007364	1308	833	0.6369	0.06098	1.026	1420	33.51	-0.07375	-0.001738	1401	916	0.6538	0.05882	1.053	-0.1278	-0.04182
chr9	102000000	103000000	0.3511	-0.1125	0.0263	0	0.0625	0	1864	29.81	-0.09779	-0.00124	1858	1020	0.549	0.06	0.8192	1689	31.4	-0.1362	0.004623	1678	838	0.4994	0.0625	0.7453	1968	32.34	-0.1248	0.01255	1957	1625	0.8304	0.0641	1.239	-0.1119	-0.04891
chr9	103000000	104000000	0.3521	-0.1003	0.0288	0	0.0652	0	1102	30.08	-0.08509	0.005073	1099	765	0.6961	0.0625	1.032	1055	31.55	-0.1295	-0.002021	1050	459	0.4371	0.05932	0.648	1144	32.36	-0.1238	-0.0005131	1139	977	0.8578	0.0625	1.272	-0.08246	-0.04182
chr9	104000000	105000000	0.3847	-0.0393	0.0227	0	0.0588	0	1369	31.6	-0.01376	0.01975	1362	1058	0.7768	0.05882	1.047	1336	32.74	-0.07622	-0.03279	1331	783	0.5883	0.05882	0.7928	1525	34.33	-0.0387	0.006195	1518	896	0.5903	0.05556	0.7955	-0.08017	-0.078
chr9	105000000	106000000	0.3998	0.0046	0.0268	0	0.0597	0	1159	32.35	0.01983	0.01386	1156	823	0.7119	0.0641	1.041	994	34.14	-0.01565	-0.01759	990	780	0.7879	0.05882	1.152	1226	35.97	0.02842	0.023	1222	829	0.6784	0.06	0.9922	-0.1155	-0.078
chr9	106000000	107000000	0.3882	-0.0292	0.0135	0	0.0607	0	1072	31.17	-0.03356	-0.009285	1072	848	0.791	0.0625	1.031	1011	33.38	-0.04806	-0.01089	1009	802	0.7948	0.0625	1.036	601	34.29	-0.04068	-0.01027	599	385	0.6427	0.05556	0.838	-0.1497	-0.04439
chr9	107000000	108000000	0.4324	-0.0121	0.0198	0	0.0591	0	1483	31.34	-0.02559	-0.002819	1473	1221	0.8289	0.05882	1.248	1144	33.75	-0.03243	-0.02959	1137	811	0.7133	0.05882	1.074	1604	35.12	-0.006045	0.002695	1589	1202	0.7565	0.05814	1.139	-0.1293	-0.05667
chr9	108000000	109000000	0.408	-0.0069	0.0044	0	0.0588	0	1715	32.09	0.008389	0.01133	1706	1163	0.6817	0.0641	0.907	1736	34.38	-0.005524	0.001462	1729	1358	0.7854	0.05662	1.045	1850	35.28	0.0007761	0.003559	1847	1377	0.7455	0.05814	0.9919	-0.1193	0
chr9	109000000	110000000	0.4274	0.0523	0.0133	0	0.0592	0	1279	32.87	0.04319	-0.001211	1277	852	0.6672	0.0625	0.9352	1248	35.96	0.05915	0.00138	1247	727	0.583	0.06	0.8172	1181	36.36	0.04424	-0.0145	1176	856	0.7279	0.05556	1.02	-0.161	-0.06486
chr9	110000000	111000000	0.3927	0.0163	0.0154	0	0.0605	0	1456	32.42	0.02308	0.005327	1446	753	0.5207	0.0625	0.7704	1730	35.29	0.03232	0.02363	1699	1325	0.7799	0.05556	1.154	1479	35.21	-0.00222	-0.01943	1469	931	0.6338	0.05556	0.9377	-0.139	0
chr9	111000000	112000000	0.4004	0.0353	0.0166	0	0.0613	0	1156	32.55	0.02886	-0.005217	1143	506	0.4427	0.0633	0.6385	1587	35.54	0.04215	0.009357	1575	1070	0.6794	0.06098	0.9799	1595	36.28	0.04103	0.003823	1591	1100	0.6914	0.05556	0.9972	-0.1454	0
chr9	112000000	113000000	0.414	0.0522	0.0267	0	0.0591	0	1656	32.7	0.03564	-0.01805	1636	659	0.4028	0.05556	1.112	2027	35.92	0.05783	-0.002361	2011	1056	0.5251	0.05814	1.45	1725	36.67	0.05651	0.001045	1700	810	0.4765	0.05556	1.315	-0.1497	-0.03847
chr9	113000000	114000000	0.452	0.0599	0.0219	0	0.0593	0	945	32.6	0.0311	-0.02205	921	417	0.4528	0.06098	0.6663	1264	36.59	0.0844	0.004516	1239	952	0.7684	0.0625	1.131	1172	36.53	0.05092	-0.01602	1130	661	0.585	0.0625	0.8609	-0.1651	0
chr9	114000000	115000000	0.4647	0.0559	0.0206	0	0.06	0	1382	33.19	0.05691	0.01406	1379	591	0.4286	0.06	0.6962	1574	37.03	0.1015	0.02124	1567	1221	0.7792	0.05814	1.266	1412	37.23	0.07829	0.01403	1409	669	0.4748	0.05556	0.7713	-0.1644	0
chr9	115000000	116000000	0.3902	-0.0521	0.0145	0	0.0614	0	1030	30.9	-0.04624	0.00404	1026	99	0.09649	0.0625	0.1377	1574	34.03	-0.02043	0.03912	1570	1270	0.8089	0.06	1.154	1380	33.86	-0.05853	-0.005148	1377	978	0.7102	0.05882	1.014	-0.1186	0
chr9	116000000	117000000	0.4127	-0.0587	0.0197	0	0.0603	0	1164	30.65	-0.058	0.00563	1153	413	0.3582	0.0641	0.6408	1551	33.67	-0.03571	0.01982	1539	1035	0.6725	0.05882	1.203	1268	33.59	-0.07015	-0.01472	1259	562	0.4464	0.05556	0.7985	-0.1329	0
chr9	117000000	118000000	0.4013	-0.0612	0.0134	0	0.0617	0	1545	30.82	-0.05004	0.01017	1541	1044	0.6775	0.06	1.03	1599	33.12	-0.05963	0	1589	1167	0.7344	0.05882	1.116	1622	33.54	-0.0722	-0.008693	1618	930	0.5748	0.05556	0.8737	-0.1108	0
chr9	118000000	119000000	0.3718	-0.0855	0.0192	0	0.0617	0	810	30.85	-0.0483	0.03246	807	599	0.7423	0.06	1.23	1266	32.73	-0.07674	0.02038	1264	1059	0.8378	0.05814	1.388	1242	32.99	-0.09615	0	1239	941	0.7595	0.05882	1.258	-0.09466	0
chr9	119000000	120000000	0.402	-0.0408	0.0315	0	0.0625	0	1118	31.31	-0.02715	0.01284	1115	754	0.6762	0.0625	1.061	1167	34.35	-0.006726	0.0314	1162	769	0.6618	0.0625	1.038	1278	33.32	-0.08169	-0.04313	1273	794	0.6237	0.06667	0.9784	-0.09788	0.04655
chr9	120000000	121000000	0.4329	0.0481	0.0176	0	0.0588	0	1165	33.05	0.05096	0.01321	1149	663	0.577	0.06098	1.02	1259	36.62	0.08543	0.02617	1244	741	0.5957	0.05814	1.053	906	36.16	0.0362	-0.01404	897	253	0.2821	0.0625	0.4988	-0.1699	0
chr9	121000000	122000000	0.456	0.0674	0.0155	0	0.0588	0	1194	33.41	0.06669	0.01376	1189	864	0.7267	0.05882	1	1450	37.04	0.1021	0.01519	1447	1186	0.8196	0.05882	1.128	1270	36.8	0.06136	-0.01229	1265	567	0.4482	0.06098	0.617	-0.1468	0
chr9	122000000	123000000	0.4233	0.0331	0.0123	0	0.0594	0	1225	32.63	0.03244	0.004081	1222	769	0.6293	0.0625	0.9794	1387	35.56	0.04319	0.004356	1386	1128	0.8139	0.0625	1.267	1114	36.16	0.03606	-0.008928	1109	559	0.5041	0.05556	0.7845	-0.1584	0
chr9	123000000	124000000	0.4287	0.1083	0.0307	0	0.057	0	998	33.29	0.06119	-0.04321	993	755	0.7603	0.0625	1.245	1044	37.14	0.1058	-0.009307	1037	802	0.7734	0.05662	1.267	895	37.88	0.103	-0.0144	892	724	0.8117	0.05882	1.329	-0.1629	0
chr9	124000000	125000000	0.4683	0.1318	0.0249	0	0.0594	0	1374	34.04	0.09353	-0.01935	1371	908	0.6623	0.06098	1.01	1438	38.03	0.14	-0.01624	1435	1019	0.7101	0.05556	1.083	1077	38.88	0.1409	-0.004867	1076	634	0.5892	0.05556	0.8987	-0.1784	-0.03356
chr9	125000000	126000000	0.4228	0.047	0.0233	0	0.0588	0	1098	32.67	0.03427	-0.01137	1089	745	0.6841	0.0625	1.054	1003	36.12	0.06584	0.01295	995	811	0.8151	0.05882	1.256	802	36.46	0.04807	-0.01003	782	135	0.1726	0.05556	0.266	-0.1743	-0.03519
chr9	126000000	127000000	0.4748	0.0974	0.022	0	0.0588	0	1471	33.81	0.08378	0.005693	1466	1050	0.7162	0.06	1.083	1426	37.31	0.1123	-0.01545	1420	1064	0.7493	0.05814	1.133	1434	37.66	0.09486	-0.01369	1428	941	0.659	0.05556	0.9968	-0.1605	0
chr9	127000000	128000000	0.4968	0.1366	0.0269	0	0.0588	0	1256	34.26	0.1026	-0.002764	1249	909	0.7278	0.05882	1.263	1225	38.96	0.1749	0.006582	1220	905	0.7418	0.05556	1.288	882	39.17	0.1515	0.003151	879	435	0.4949	0.05556	0.859	-0.209	0
chr9	128000000	129000000	0.5092	0.0816	0.0367	0	0.0562	0	1254	33.07	0.0519	-0.004823	1241	782	0.6301	0.06174	1.821	1256	37.88	0.1344	0.005715	1239	784	0.6328	0.05263	1.829	852	38.1	0.1115	0.0159	837	165	0.1971	0.04762	0.5697	-0.2016	0
chr9	129000000	130000000	0.5195	0.1236	0.0498	0	0.0588	0	1686	33.51	0.07088	-0.02329	1680	915	0.5446	0.05556	1.071	2027	38.91	0.173	-0.002662	2019	1473	0.7296	0.05556	1.434	1458	38.51	0.127	-0.007831	1446	721	0.4986	0.05263	0.9802	-0.2163	0
chr9	130000000	131000000	0.5051	0.1093	0.0369	0	0.0578	0	1702	33.54	0.07209	-0.007506	1695	1077	0.6354	0.05882	1.09	1588	38.23	0.1478	-0.0009736	1573	1137	0.7228	0.05882	1.24	1547	38.27	0.1181	-0.006721	1539	801	0.5205	0.05556	0.893	-0.1859	0
chr9	131000000	132000000	0.4896	0.1179	0.0258	0	0.0568	0	1617	33.82	0.08412	-0.003922	1609	1037	0.6445	0.06098	1.253	1691	38.49	0.1572	0.001781	1683	1091	0.6482	0.05882	1.26	1375	38.41	0.1234	-0.01064	1373	1169	0.8514	0.05263	1.655	-0.1926	0
chr9	132000000	133000000	0.4713	0.0841	0.0396	0	0.0597	0	1638	32.74	0.0373	-0.02926	1613	1158	0.7179	0.06	1.155	1465	37.23	0.1092	-0.005669	1454	1041	0.716	0.05556	1.152	1512	37.8	0.09994	0.005082	1502	1044	0.6951	0.06098	1.119	-0.2058	-0.037
chr9	133000000	134000000	0.5439	0.1443	0.0334	0	0.0579	0	2000	34.36	0.107	-0.007817	1970	1405	0.7132	0.05882	1.093	2110	39.53	0.1958	-0.0128	2065	1401	0.6785	0.05556	1.04	2055	39.25	0.1545	0.003492	2019	1387	0.687	0.05882	1.053	-0.1859	0
chr9	134000000	135000000	0.5479	0.1239	0.0535	0	0.0585	0	1532	34.09	0.0957	0.01083	1475	916	0.621	0.06	0.9624	1507	38.92	0.1734	-0.01638	1406	903	0.6422	0.05814	0.9953	1698	38.5	0.1266	-0.007116	1590	950	0.5975	0.05556	0.9259	-0.2224	0
chr9	135000000	136000000	0.5338	0.1213	0.0455	0	0.0591	0	1682	34.24	0.1017	0.01049	1637	1044	0.6378	0.06	1.02	1828	38.88	0.1717	-0.006822	1773	1123	0.6334	0.05556	1.013	1846	38.44	0.1242	-0.007055	1809	1356	0.7496	0.05357	1.199	-0.1953	0.03653
chr9	136000000	137000000	0.5856	0.2286	0.0506	0	0.0556	0	1823	36.14	0.1797	-0.002139	1787	1306	0.7308	0.05556	1.227	1910	42.53	0.3015	0.008804	1865	1351	0.7244	0.05319	1.216	1690	41.3	0.2279	-0.01115	1653	1060	0.6413	0.05769	1.076	-0.2288	0.02975
chr9	137000000	138000000	0.551	0.1463	0.0563	0	0.06	0	1234	33.18	0.05647	-0.04632	1114	686	0.6158	0.06098	0.9562	1564	39.44	0.1927	-0.01954	1482	1154	0.7787	0.05556	1.209	1240	38.45	0.1248	-0.03157	1121	727	0.6485	0.06098	1.007	-0.2563	0.02915
chr9	138000000	138394717	0.4668	0.0984	0.1864	1	0.0641	0	783	53.8	0.7538	NA	701	522	0.7447	0.05556	1.004	875	44.14	0.3549	NA	745	623	0.8362	0.125	1.127	950	58.74	0.736	NA	808	713	0.8824	0.07143	1.19	0.03747	-0.4493
chr10	0	1000000	0.4569	-0.025	0.0238	0	0.0685	0	1420	31.4	-0.02287	0.01684	1196	492	0.4114	0.07143	0.7118	1843	33.93	-0.02436	-0.02172	1611	850	0.5276	0.07143	0.913	1561	35.31	0.001703	0.01946	1353	715	0.5285	0.07143	0.9144	-0.1444	-0.06277
chr10	1000000	2000000	0.4568	0.0046	0.0095	0	0.0625	0	2395	31.66	-0.01129	-0.001102	2230	1304	0.5848	0.0625	0.9439	2317	34.7	0.00778	-0.01913	2176	1335	0.6135	0.0625	0.9903	2420	35.16	-0.00451	-0.01536	2262	1425	0.63	0.06098	1.017	-0.1468	-0.039
chr10	2000000	3000000	0.4049	-0.0184	0.0279	0	0.0594	0	2286	31.88	-0.001277	0.01934	2259	1469	0.6503	0.0641	1.232	2173	33.78	-0.03106	-0.01005	2143	1399	0.6528	0.06	1.237	2311	33.82	-0.06022	-0.04243	2282	1487	0.6516	0.05882	1.235	-0.07338	-0.01585
chr10	3000000	4000000	0.4426	0.0521	0.0139	0	0.0588	0	2485	33.07	0.05176	0.003072	2442	1699	0.6957	0.05556	1.262	2346	35.6	0.04475	-0.01898	2317	1432	0.618	0.05882	1.121	2292	36.75	0.05956	0.001241	2259	1190	0.5268	0.05556	0.9555	-0.1293	-0.04731
chr10	4000000	5000000	0.3888	0.0025	0.0153	0	0.0602	0	1926	32.38	0.02153	0.01671	1910	1556	0.8147	0.06	1.322	1907	34.48	-0.001544	0.004654	1895	1434	0.7567	0.05941	1.228	1665	35.06	-0.008314	-0.01041	1648	722	0.4381	0.05882	0.7112	-0.09954	0
chr10	5000000	6000000	0.4361	0.0524	0.0113	0	0.0585	0	2320	32.87	0.04299	-0.002283	2298	1685	0.7332	0.05556	1.224	2002	35.75	0.05099	-0.01159	1977	1180	0.5969	0.05882	0.9964	2220	36.58	0.05289	0	2198	1468	0.6679	0.05882	1.115	-0.1468	-0.04244
chr10	6000000	7000000	0.4346	0.0493	0.0148	0	0.0633	0	2293	32.87	0.04286	-0.0007505	2266	1385	0.6112	0.06098	1.113	2242	35.95	0.05884	-0.0008752	2206	1371	0.6215	0.05814	1.131	2097	36.38	0.04483	-0.00432	2057	880	0.4278	0.06667	0.7788	-0.142	0
chr10	7000000	8000000	0.4242	0.0375	0.0137	0	0.06	0	1989	32.06	0.006808	-0.02371	1959	1406	0.7177	0.0625	1.114	1924	35.1	0.02431	-0.01907	1890	1297	0.6862	0.05556	1.065	1514	36.22	0.03856	-0.002933	1490	755	0.5067	0.05814	0.7863	-0.1449	-0.06715
chr10	8000000	9000000	0.3992	-0.0384	0.0078	0	0.0625	0	2215	31.32	-0.02671	0.01088	2208	1510	0.6839	0.0625	1.153	2119	33.25	-0.05369	-0.01143	2111	1333	0.6315	0.05882	1.065	1868	34.24	-0.04248	-0.003993	1857	937	0.5046	0.05814	0.851	-0.1024	0
chr10	9000000	10000000	0.3622	-0.0669	0.0073	0	0.06	0	1073	30.83	-0.0493	0.01301	1066	649	0.6088	0.05882	0.9504	1369	32.74	-0.07603	0.01475	1356	965	0.7117	0.06	1.111	1240	33.59	-0.07035	0.00736	1234	774	0.6272	0.05882	0.9791	-0.1069	-0.04439
chr10	10000000	11000000	0.3911	-0.027	0.0207	0	0.0625	0	1745	31.46	-0.02022	0.004175	1722	1412	0.82	0.06049	1.299	1695	33.31	-0.05119	-0.01434	1679	1298	0.7731	0.05662	1.225	1642	34.48	-0.03239	-0.004983	1620	910	0.5617	0.05556	0.8902	-0.1119	-0.04891
chr10	11000000	12000000	0.4378	0.0863	0.0225	0	0.0588	0	1474	33.52	0.07133	-0.01064	1450	793	0.5469	0.06	1.018	1640	36.92	0.09742	-0.001912	1618	1131	0.699	0.05556	1.301	1478	38.16	0.1136	0.02096	1459	767	0.5257	0.05882	0.9788	-0.1745	-0.04182
chr10	12000000	13000000	0.4511	0.063	0.0228	0	0.0585	0	2159	32.98	0.04801	-0.002558	2131	1144	0.5368	0.05848	0.9962	2079	36.02	0.0615	-0.02007	2044	1157	0.566	0.05814	1.05	2239	37.48	0.08795	0.01472	2221	1451	0.6533	0.05882	1.212	-0.1844	-0.05063
chr10	13000000	14000000	0.4426	0.0451	0.0088	0	0.0591	0	2213	32.72	0.03623	-0.005462	2208	1415	0.6409	0.0625	1.133	2073	35.82	0.05357	-0.003154	2063	1232	0.5972	0.05848	1.056	2335	36.85	0.06343	0.01211	2332	1476	0.6329	0.05882	1.119	-0.1575	-0.04439
chr10	14000000	15000000	0.4269	0.0528	0.0139	0	0.0605	0	2073	32.69	0.03531	-0.01282	2059	1378	0.6693	0.05882	1.061	1776	35.93	0.05823	-4.321e-05	1773	988	0.5572	0.05556	0.8831	2061	37	0.06923	0.01045	2039	1483	0.7273	0.05882	1.153	-0.1751	-0.03847
chr10	15000000	16000000	0.4147	-0.0034	0.0161	0	0.061	0	1903	31.52	-0.01746	-0.01094	1873	1402	0.7485	0.0641	1.243	1418	35.4	0.03677	0.0288	1398	839	0.6001	0.0625	0.9963	1978	35.27	0.0002871	2.319e-05	1946	1528	0.7852	0.05882	1.303	-0.1751	0
chr10	16000000	17000000	0.4017	-0.0265	0.0092	0	0.0617	0	2175	31.18	-0.03299	-0.006357	2166	1664	0.7682	0.0625	1.267	1426	33.75	-0.03215	-0.006879	1423	808	0.5678	0.05556	0.9362	2150	34.56	-0.02901	-0.0002379	2142	1702	0.7946	0.06	1.31	-0.1575	-0.03747
chr10	17000000	18000000	0.3994	-0.0113	0.0117	0	0.0625	0	1924	31.64	-0.01211	-0.002466	1921	1494	0.7777	0.05882	1.006	1635	33.38	-0.04827	-0.03339	1630	1327	0.8141	0.05556	1.053	1817	34.88	-0.01568	-0.005098	1815	1386	0.7636	0.06049	0.9875	-0.08246	-0.07308
chr10	18000000	19000000	0.3945	-0.0548	0.0118	0	0.0621	0	1921	30.82	-0.05007	0.0009096	1912	1425	0.7453	0.06	1.034	1534	32.49	-0.08708	-0.02971	1526	485	0.3178	0.0641	0.4408	1801	33.9	-0.05709	0.00155	1796	1058	0.5891	0.06	0.817	-0.08883	-0.06635
chr10	19000000	20000000	0.3657	-0.0896	0.0246	0	0.0625	0	1766	30.24	-0.07736	-0.0003684	1735	970	0.5591	0.06	0.9153	1366	31.48	-0.1329	-0.02803	1347	3	0.002227	NA	0.003646	2062	33.19	-0.08749	0.011	2051	1410	0.6875	0.05882	1.126	-0.06817	-0.04731
chr10	20000000	21000000	0.3795	-0.0664	0.0184	0	0.0625	0	1328	30.4	-0.06957	-0.0112	1303	566	0.4344	0.06522	0.7232	1049	32.72	-0.07685	0.0005605	1042	7	0.006718	0.05172	0.01119	1827	33.44	-0.07656	-0.00502	1810	1091	0.6028	0.06098	1.004	-0.1354	-0.04439
chr10	21000000	22000000	0.4099	-0.0214	0.0137	0	0.0625	0	343	31.68	-0.01035	0.01172	342	114	0.3333	0.05903	0.5414	327	33.67	-0.03567	-0.01521	322	4	0.01242	NA	0.02018	904	35.9	0.02582	0.04477	902	740	0.8204	0.06098	1.332	-0.09686	-0.09311
chr10	22000000	23000000	0.401	0.0211	0.0217	0	0.0588	0	485	32.16	0.01143	-0.009543	484	290	0.5992	0.07143	0.8438	458	34.69	0.007469	-0.01452	454	227	0.5	0.05263	0.7041	1206	36.52	0.05023	0.0282	1197	1030	0.8605	0.05556	1.212	-0.1155	-0.06143
chr10	23000000	24000000	0.4038	-0.0065	0.0175	0	0.0588	0	485	31.36	-0.02479	-0.01693	474	214	0.4515	0.07295	0.5921	698	34.44	-0.00313	0.0004471	689	487	0.7068	0.0625	0.927	1799	35.05	-0.008892	-0.002885	1795	1588	0.8847	0.05814	1.16	-0.1561	-0.08246
chr10	24000000	25000000	0.4124	-0.0207	0.011	0	0.0602	0	1185	31.17	-0.03359	-0.008925	1173	806	0.6871	0.05556	1.012	1014	33.93	-0.02446	-0.006925	1008	578	0.5734	0.05776	0.8445	1443	34.79	-0.01945	-0.001903	1435	1048	0.7303	0.0625	1.076	-0.1575	-0.03847
chr10	25000000	26000000	0.3849	-0.0321	0.0207	0	0.0594	0	1846	31.42	-0.02225	0.004059	1830	352	0.1923	0.05941	0.3068	2091	33.66	-0.03604	0.002677	2078	1689	0.8128	0.05556	1.296	2355	34.4	-0.03592	0.0007402	2340	1746	0.7462	0.05814	1.19	-0.09954	-0.04064
chr10	26000000	27000000	0.4046	0.0433	0.0231	0	0.0588	0	1299	32.42	0.02302	-0.01808	1292	1	0.000774	NA	0.001195	2125	35.11	0.02477	-0.01534	2115	1523	0.7201	0.05556	1.111	1866	36.65	0.05537	0.01189	1858	1519	0.8175	0.05556	1.262	-0.1454	-0.0458
chr10	27000000	28000000	0.3928	0.0066	0.0105	0	0.061	0	1403	32.43	0.02355	0.01698	1387	6	0.004326	0.1006	0.006953	1819	34.64	0.005436	0.00874	1805	1200	0.6648	0.06	1.068	2048	35.5	0.009685	0.002724	2043	1264	0.6187	0.06098	0.9944	-0.122	-0.03847
chr10	28000000	29000000	0.4097	-0.0304	0.011	0	0.06	0	1323	31.15	-0.03459	-0.0006876	1319	7	0.005307	0.05556	0.008369	1819	34.06	-0.0192	0.01355	1815	1116	0.6149	0.05941	0.9697	1945	34.88	-0.01604	0.01083	1936	1383	0.7144	0.06098	1.127	-0.1454	-0.03953
chr10	29000000	30000000	0.4307	0.0017	0.0159	0	0.0594	0	1556	31.82	-0.003909	-0.00213	1545	11	0.00712	0.08333	0.01086	2416	34.9	0.01623	0.006717	2401	1777	0.7401	0.05556	1.129	2328	35.06	-0.008525	-0.01618	2316	1531	0.6611	0.05882	1.009	-0.1454	0
chr10	30000000	31000000	0.4304	0.0736	0.022	0	0.06	0	1432	33.47	0.06901	-0.001202	1428	7	0.004902	0.05	0.009156	2130	36.35	0.07494	-0.007223	2126	1331	0.6261	0.05556	1.169	2135	37.35	0.08295	0.002257	2132	1314	0.6163	0.05556	1.151	-0.1293	-0.06081
chr10	31000000	32000000	0.3989	0.0244	0.0085	0	0.06	0	760	32.5	0.02669	0.002036	744	2	0.002688	NA	0.004078	1355	34.93	0.01723	-0.004646	1333	913	0.6849	0.05882	1.039	1179	36	0.0299	0.004782	1164	870	0.7474	0.06098	1.134	-0.15	-0.039
chr10	32000000	33000000	0.3927	0.0002	0.0164	0	0.0588	0	759	31.91	0.0001707	-0.00148	748	6	0.008021	0.1443	0.01208	1625	34.71	0.008035	0.01545	1615	1269	0.7858	0.05882	1.183	1562	35.82	0.02245	0.02134	1561	1198	0.7675	0.05556	1.156	-0.1375	-0.04307
chr10	33000000	34000000	0.4142	-0.0289	0.0064	0	0.0588	0	1257	31.2	-0.03202	-0.002491	1244	390	0.3135	0.06125	0.4358	1491	33.74	-0.03283	-0.01286	1478	1086	0.7348	0.06	1.021	1394	34.89	-0.01549	0.00972	1383	988	0.7144	0.05882	0.993	-0.1497	-0.04439
chr10	34000000	35000000	0.415	-0.0002	0.0299	0	0.0597	0	1116	31.59	-0.01437	-0.01105	1114	867	0.7783	0.05882	1.062	1253	33.68	-0.0353	-0.04491	1252	1104	0.8818	0.0641	1.203	1117	35.41	0.005763	0.002393	1116	798	0.7151	0.05848	0.9759	-0.1394	-0.08618
chr10	35000000	36000000	0.4203	0.0117	0.0095	0	0.061	0	1248	32.2	0.01313	0.003578	1234	986	0.799	0.05941	1.204	496	34.49	-0.0009599	-0.01914	488	169	0.3463	0.05263	0.522	1487	35.72	0.01865	0.005193	1485	987	0.6646	0.05556	1.002	-0.1064	-0.0451
chr10	36000000	37000000	0.3848	-0.0715	0.0188	0	0.0625	0	1875	30.83	-0.04924	0.01647	1864	1142	0.6127	0.06667	1.149	1664	32.92	-0.0683	0.008618	1648	869	0.5273	0.05882	0.9891	1866	33.23	-0.08592	-0.008823	1858	1206	0.6491	0.0641	1.218	-0.07529	0
chr10	37000000	38000000	0.3964	-0.0834	0.0137	0	0.0639	0	756	30.34	-0.07267	0.01614	734	367	0.5	0.06757	1.05	733	32.2	-0.1003	-0.01075	713	342	0.4797	0.06522	1.007	697	33.52	-0.07344	0.008892	674	313	0.4644	0.05556	0.9752	-0.09067	0
chr10	38000000	39000000	0.3952	0.2728	0.0833	0	0.0926	1	4290	38.64	0.2764	0.003391	3603	3254	0.9031	NA	1.101	2024	66.58	0.9479	0.6811	1432	1182	0.8254	NA	1.006	4656	41.63	0.2395	-0.02961	4002	2215	0.5535	NA	0.6746	-0.1203	-0.1375
chr10	39000000	40000000	0.376	-0.2024	0.0472	0	0.0714	0	2247	28.08	-0.1844	0.0125	1872	648	0.3462	0.07363	0.8353	1918	30.11	-0.1969	0.01542	1517	175	0.1154	0.1	0.2784	2454	31.5	-0.1629	0.04313	2079	978	0.4704	0.0625	1.135	-0.1725	0
chr10	40000000	41000000	0.3839	-2.002	0.3239	1	0.1091	1	1847	6.855	-2.219	NA	183	53	0.2896	NA	0.7765	1854	7.029	-2.296	NA	222	76	0.3423	NA	0.9178	1645	7.548	-2.224	NA	167	57	0.3413	NA	0.9151	0.1062	0
chr10	41000000	42000000	0.3823	0.1987	0.1409	1	0.1371	1	3124	36.57	0.1969	NA	1454	1143	0.7861	NA	1.04	3727	38.72	0.1658	NA	1873	1470	0.7848	NA	1.038	3461	46.16	0.3884	NA	1853	1518	0.8192	NA	1.083	-0.2109	-0.01168
chr10	42000000	43000000	0.416	0.466	0.2477	1	0.088	0	2708	42.86	0.4259	NA	2257	1704	0.755	0.08065	0.8913	2721	47.21	0.4521	NA	2390	2090	0.8745	0.08333	1.032	2676	45.74	0.3751	NA	2332	1985	0.8512	0.07576	1.005	-0.09311	0.03206
chr10	43000000	44000000	0.4645	0.0675	0.0168	0	0.0572	0	1360	33.86	0.08584	0.0303	1358	789	0.581	0.0625	1.019	1228	36.24	0.07033	-0.02259	1227	554	0.4515	0.05814	0.7917	1679	37.3	0.08081	0.003767	1678	1167	0.6955	0.05263	1.219	-0.1411	-0.04182
chr10	44000000	45000000	0.4341	0.0269	0.025	0	0.0599	0	1824	32.17	0.01199	-0.008844	1814	1357	0.7481	0.06098	1.05	1427	35.8	0.05294	0.0117	1419	1258	0.8865	0.06098	1.244	1919	35.98	0.02911	0.002847	1906	1581	0.8295	0.05556	1.164	-0.1561	0
chr10	45000000	46000000	0.4095	-0.0054	0.0178	0	0.06	0	1242	31.67	-0.01062	-0.001719	1214	753	0.6203	0.05882	0.9646	1033	34.51	-0.0003032	0.007792	1006	816	0.8111	0.0625	1.261	1135	35.33	0.002764	0.003717	1104	727	0.6585	0.05814	1.024	-0.1656	-0.05247
chr10	46000000	47000000	0.4326	0.082	0.1756	1	0.0744	0	1883	25.93	-0.2992	NA	1520	566	0.3724	0.1071	0.5778	1920	31.32	-0.1401	NA	1609	955	0.5935	0.08065	0.9209	2267	34.21	-0.04403	NA	1965	1160	0.5903	0.06863	0.916	-0.255	-0.1817
chr10	47000000	48000000	0.4507	-0.0647	0.1138	1	0.0758	0	1086	27.44	-0.2177	NA	887	588	0.6629	0.07143	1.067	1142	32.14	-0.1026	NA	971	746	0.7683	0.06757	1.237	1212	33.09	-0.09208	NA	1036	629	0.6071	0.0641	0.9777	-0.241	-0.03847
chr10	48000000	49000000	0.4376	0.0918	0.025	0	0.0625	0	1625	32.6	0.0313	-0.05452	1532	926	0.6044	0.0625	1.004	1748	36.92	0.09738	-0.005898	1672	1250	0.7476	0.05882	1.241	1615	37.57	0.09134	-0.007911	1526	1059	0.694	0.0625	1.152	-0.1699	-0.03279
chr10	49000000	50000000	0.4391	0.062	0.0226	0	0.0588	0	1405	33.76	0.08153	0.02386	1403	798	0.5688	0.06	0.9315	1592	36.45	0.07865	0.004532	1585	1068	0.6738	0.05556	1.104	1567	36.56	0.052	-0.01187	1563	1111	0.7108	0.05556	1.164	-0.1678	0.037
chr10	50000000	51000000	0.3988	0.0134	0.0252	0	0.0599	0	1553	31.89	-0.0005687	-0.01533	1498	1259	0.8405	0.06098	1.919	1635	34.33	-0.007782	-0.0176	1582	1359	0.859	0.06098	1.962	1553	36.25	0.03958	0.02552	1525	428	0.2807	0.06667	0.6409	-0.1575	-0.074
chr10	51000000	52000000	0.365	-0.0538	0.02	0	0.0613	0	2051	31.08	-0.03763	0.0008329	2043	1395	0.6828	0.06	1.101	1745	33.41	-0.04695	0.02318	1734	1339	0.7722	0.05882	1.245	1613	33.71	-0.06527	0	1606	928	0.5778	0.05685	0.932	-0.1255	0
chr10	52000000	53000000	0.3727	-0.064	0.0272	0	0.0633	0	2190	30.64	-0.05815	0.0005561	2163	1637	0.7568	0.06522	1.276	2080	32.42	-0.09044	-0.01732	2065	1345	0.6513	0.05882	1.098	1954	33.56	-0.07143	-0.003582	1937	1159	0.5983	0.06667	1.009	-0.1069	-0.03847
chr10	53000000	54000000	0.3553	-0.099	0.0345	0	0.0625	0	2090	30	-0.08864	0.0004917	2081	1567	0.753	0.0625	1.145	1978	31.61	-0.1268	-0.002094	1964	1294	0.6589	0.0625	1.002	1596	32.3	-0.1267	-0.004343	1593	748	0.4696	0.0625	0.7139	-0.09622	-0.04891
chr10	54000000	55000000	0.3485	-0.1172	0.0306	0	0.0633	0	2372	29.55	-0.1107	-0.002645	2370	1730	0.73	0.0625	1.379	2283	31.4	-0.1365	0.007189	2274	1679	0.7383	0.0625	1.394	1818	32	-0.1402	0.003896	1810	520	0.2873	0.05848	0.5426	-0.1027	0
chr10	55000000	56000000	0.3437	-0.1114	0.0305	0	0.061	0	1829	29.64	-0.1064	-0.007261	1817	1404	0.7727	0.0625	1.601	1081	31.35	-0.1389	0.006297	1071	4	0.003735	NA	0.007737	1642	32.16	-0.1332	0.003593	1633	785	0.4807	0.06	0.9959	-0.078	0
chr10	56000000	57000000	0.349	-0.0973	0.017	0	0.0625	0	1797	29.65	-0.1059	-0.01677	1790	796	0.4447	0.06757	1.007	1671	31.74	-0.1208	0.006604	1670	2	0.001198	NA	0.002712	1752	32.92	-0.09942	0.0254	1746	749	0.429	0.05882	0.9714	-0.122	-0.04731
chr10	57000000	58000000	0.355	-0.0944	0.0294	0	0.0625	0	1876	30.21	-0.07866	0.005607	1846	952	0.5157	0.06098	0.8111	1108	31.75	-0.1205	-0.002573	1085	3	0.002765	NA	0.004349	2075	32.45	-0.1199	-0.003034	2046	1292	0.6315	0.0625	0.9932	-0.08746	-0.01697
chr10	58000000	59000000	0.3854	-0.047	0.0217	0	0.0625	0	1212	30.84	-0.04911	-0.01196	1212	496	0.4092	0.06	0.9914	966	32.9	-0.06897	-0.01793	965	1	0.001036	NA	0.00251	1794	34.14	-0.0466	0.006702	1791	1219	0.6806	0.06098	1.649	-0.152	-0.03747
chr10	59000000	60000000	0.389	-0.0383	0.015	0	0.0625	0	1065	31.29	-0.02814	0.01135	1054	549	0.5209	0.05882	0.9899	1073	32.98	-0.06555	-0.01718	1063	439	0.413	0.06667	0.7848	1026	34.79	-0.01964	0.01957	1014	366	0.3609	0.05882	0.6859	-0.1155	-0.09622
chr10	60000000	61000000	0.382	-0.0494	0.0192	0	0.0625	0	1457	31.07	-0.03808	0.008481	1455	617	0.4241	0.06667	0.6238	1687	32.99	-0.06493	-0.00581	1683	1233	0.7326	0.06	1.078	1716	33.76	-0.06303	-0.009142	1698	1065	0.6272	0.06098	0.9226	-0.111	-0.04064
chr10	61000000	62000000	0.3776	0.0115	0.0298	0	0.0602	0	993	31.75	-0.0069	-0.02067	992	788	0.7944	0.06	1.303	1430	34.2	-0.01332	-0.01443	1428	1091	0.764	0.05882	1.253	779	35.49	0.009163	0.001818	779	584	0.7497	0.05556	1.23	-0.1375	-0.03953
chr10	62000000	63000000	0.3996	0.0372	0.0146	0	0.0594	0	1350	32.5	0.02674	-0.01182	1333	436	0.3271	0.0625	0.6103	1468	35.45	0.03852	0.004901	1459	694	0.4757	0.06	0.8876	1470	36.34	0.04316	0.005244	1460	798	0.5466	0.05556	1.02	-0.1414	-0.03317
chr10	63000000	64000000	0.3965	0.0351	0.0235	0	0.0588	0	1441	32.16	0.0116	-0.01712	1430	447	0.3126	0.0625	0.5399	1667	36.02	0.0617	0.02873	1653	999	0.6044	0.06	1.044	1553	36.46	0.048	0.01443	1540	650	0.4221	0.05814	0.729	-0.1722	0
chr10	64000000	65000000	0.3656	-0.0432	0.02	0	0.0621	0	1216	31.31	-0.02734	0.002063	1209	381	0.3151	0.06667	0.9573	1205	33.36	-0.04903	0.0105	1203	406	0.3375	0.06174	1.025	1169	33.38	-0.07948	-0.02739	1164	257	0.2208	0.06	0.6707	-0.1075	0
chr10	65000000	66000000	0.3528	-0.0819	0.0238	0	0.061	0	2201	30.57	-0.0616	0.005929	2191	1235	0.5637	0.06	0.8956	2037	32.26	-0.09761	0.01148	2033	1447	0.7118	0.06	1.131	1929	32.37	-0.1236	-0.019	1913	1259	0.6581	0.05814	1.046	-0.08746	0
chr10	66000000	67000000	0.359	-0.0922	0.0319	0	0.0625	0	2332	31.01	-0.04118	0.03796	2329	1688	0.7248	0.0625	1.063	2400	31.95	-0.1113	0.00314	2394	1788	0.7469	0.0641	1.095	1550	32.61	-0.1131	-0.007031	1547	786	0.5081	0.0633	0.745	-0.07127	-0.05063
chr10	67000000	68000000	0.3776	-0.03	0.0155	0	0.0654	0	1276	31.25	-0.02999	-0.002255	1268	874	0.6893	0.06522	1.732	923	33.44	-0.0455	-0.005114	917	501	0.5463	0.0641	1.373	1108	34.5	-0.03167	0.002485	1096	819	0.7473	0.05556	1.878	-0.1271	-0.0583
chr10	68000000	69000000	0.4209	0.0299	0.0145	0	0.0633	0	1460	31.82	-0.003731	-0.03071	1450	922	0.6359	0.06466	1.113	1544	35.22	0.02934	-0.007527	1534	1086	0.708	0.05556	1.239	1140	36.18	0.03692	0.003989	1135	619	0.5454	0.0625	0.9548	-0.1552	-0.03653
chr10	69000000	70000000	0.4734	0.1021	0.0325	0	0.0585	0	2007	34	0.09157	0.007691	2001	1499	0.7491	0.06	1.114	1879	37.85	0.1331	0.0004344	1872	1391	0.7431	0.05556	1.105	1932	38.03	0.1088	-0.004417	1926	1232	0.6397	0.05814	0.951	-0.168	0
chr10	70000000	71000000	0.4758	0.0818	0.0241	0	0.0587	0	1692	33.3	0.06174	-0.001856	1673	882	0.5272	0.05882	1.018	1800	37.07	0.1031	-0.009265	1775	1098	0.6186	0.05556	1.194	1653	38.02	0.1087	0.01652	1645	1013	0.6158	0.05882	1.189	-0.1859	-0.03103
chr10	71000000	72000000	0.5061	0.1326	0.0359	0	0.0568	0	1706	34.07	0.09476	-0.008136	1688	1192	0.7062	0.05882	1.078	1750	38.93	0.1736	0	1726	1148	0.6651	0.05556	1.016	1515	38.67	0.1331	-0.01354	1503	927	0.6168	0.05319	0.9419	-0.1748	0
chr10	72000000	73000000	0.4286	0.0776	0.0317	0	0.0572	0	828	33.04	0.05038	-0.02332	828	752	0.9082	0.0625	2.329	759	36.4	0.07691	-0.006164	754	720	0.9549	0.05814	2.449	905	37.81	0.1005	0.01519	901	363	0.4029	0.05556	1.033	-0.1568	-0.04009
chr10	73000000	74000000	0.4317	0.0623	0.0568	0	0.0614	0	327	32.63	0.03265	-0.01979	300	71	0.2367	0.07143	0.5819	304	36.51	0.08098	0.008043	290	58	0.2	0.07143	0.4918	325	36.91	0.06566	0.001282	313	79	0.2524	0.07576	0.6206	-0.1998	0.03436
chr10	74000000	75000000	0.3925	0.0494	0.0273	0	0.0607	0	662	32.25	0.0156	-0.03478	657	76	0.1157	0.06905	0.3377	661	35.26	0.03108	-0.01071	660	74	0.1121	0.0599	0.3274	865	36.87	0.06414	0.01445	862	287	0.3329	0.05263	0.9721	-0.1605	-0.03953
chr10	75000000	76000000	0.4377	0.0532	0.0095	0	0.0556	0	770	33.17	0.05626	0.00801	765	647	0.8458	0.06	1.061	768	36.14	0.06658	0.001257	764	644	0.8429	0.05814	1.058	962	37.28	0.08001	0.01915	958	693	0.7234	0.05556	0.9079	-0.1468	-0.03747
chr10	76000000	77000000	0.3988	-0.0535	0.0236	0	0.0594	0	1334	30.86	-0.04823	0.003908	1324	923	0.6971	0.0641	1.005	1336	33.79	-0.03068	0.02641	1325	925	0.6981	0.05814	1.007	1155	34.02	-0.05169	0.001154	1142	261	0.2285	0.05556	0.3295	-0.152	0
chr10	77000000	78000000	0.4529	0.0126	0.0399	0	0.0594	0	1393	32.08	0.007817	0.007108	1385	1030	0.7437	0.05556	1.076	1396	35.29	0.03198	-0.0007824	1391	1012	0.7275	0.05941	1.052	1395	36.5	0.04965	0.03548	1385	809	0.5841	0.05556	0.845	-0.1489	-0.01585
chr10	78000000	79000000	0.4711	0.0353	0.0246	0	0.0594	0	1109	32.71	0.03594	0.01611	1107	592	0.5348	0.05882	0.8326	1103	36.49	0.08019	0.0135	1099	541	0.4923	0.05556	0.7664	1005	36.41	0.04605	0.0004322	1002	589	0.5878	0.05556	0.9152	-0.1543	0
chr10	79000000	80000000	0.4719	0.0458	0.0305	0	0.0601	0	1877	32.83	0.04144	0.01454	1815	1194	0.6579	0.0625	0.9576	1590	36.91	0.09691	0.02008	1580	965	0.6108	0.05814	0.889	1618	36.65	0.05556	-0.001516	1560	1127	0.7224	0.05556	1.052	-0.1375	0
chr10	80000000	81000000	0.4363	0.0221	0.0211	0	0.06	0	1872	32.58	0.03004	0.01507	1832	1322	0.7216	0.05882	1.035	1766	35.51	0.04095	0.007815	1742	1108	0.6361	0.05556	0.9127	1610	36.86	0.06392	0.04219	1577	1003	0.636	0.05769	0.9126	-0.1751	-0.04731
chr10	81000000	82000000	0.3641	-0.0779	0.019	0	0.0594	0	936	30.69	-0.05605	0.008817	931	71	0.07626	0.0625	0.1134	1104	32.7	-0.07763	0.01408	1096	745	0.6797	0.05556	1.01	1686	33.5	-0.07415	0.01595	1684	1383	0.8213	0.05882	1.221	-0.09954	0
chr10	82000000	83000000	0.3739	-0.0877	0.014	0	0.0602	0	1118	30.1	-0.08393	-0.008821	1118	749	0.6699	0.0625	1	1347	32.64	-0.08043	0.01645	1339	1076	0.8036	0.05882	1.2	1343	32.41	-0.1219	-0.02402	1339	913	0.6819	0.06098	1.018	-0.0902	0.03519
chr10	83000000	84000000	0.3781	-0.0703	0.0198	0	0.0617	0	1475	30.69	-0.05596	0.01205	1474	1289	0.8745	0.0625	1.078	1521	32.86	-0.07096	0.01137	1516	1345	0.8872	0.05882	1.093	1662	33.48	-0.0748	0.001911	1659	1354	0.8162	0.05882	1.006	-0.1193	-0.04064
chr10	84000000	85000000	0.4121	-0.0207	0.0188	0	0.0625	0	1099	31.11	-0.03656	-0.0119	1096	498	0.4544	0.05882	0.725	999	34.21	-0.01287	0.002475	998	415	0.4158	0.05556	0.6635	1380	35.35	0.003454	0.02048	1374	841	0.6121	0.05882	0.9767	-0.1751	-0.04182
chr10	85000000	86000000	0.397	-0.042	0.0136	0	0.0605	0	1355	31.17	-0.03378	0.0144	1341	1026	0.7651	0.0625	1.155	1034	33.56	-0.04055	0.007746	1027	712	0.6933	0.0625	1.046	1455	34.19	-0.04459	-0.0009096	1451	666	0.459	0.05814	0.6926	-0.1497	0
chr10	86000000	87000000	0.4624	0.0968	0.0206	0	0.0593	0	1240	33.86	0.08572	0.0008813	1225	912	0.7445	0.05556	1.135	1341	37.2	0.108	-0.01332	1331	867	0.6514	0.05882	0.9933	1117	37.79	0.09956	-0.00835	1114	646	0.5799	0.05662	0.8843	-0.1392	0
chr10	87000000	88000000	0.3987	-0.0005	0.0453	0	0.0625	0	1138	31.46	-0.02007	-0.02094	1028	768	0.7471	0.06098	1.297	1033	34.34	-0.007052	-0.002082	982	530	0.5397	0.06098	0.937	876	33.15	-0.08908	-0.08916	821	542	0.6602	0.06098	1.146	-0.08132	0
chr10	88000000	89000000	0.3812	0.0663	0.0198	0	0.0588	0	1186	33.2	0.05735	-0.01624	1181	786	0.6655	0.0625	0.9494	1131	35.79	0.05246	-0.007595	1126	591	0.5249	0.05882	0.7487	1116	37.05	0.07106	0.009898	1113	881	0.7916	0.05172	1.129	-0.1338	-0.039
chr10	89000000	90000000	0.3922	0.0612	0.0199	0	0.0579	0	1140	33.31	0.06201	-0.0001694	1140	785	0.6886	0.05556	0.9058	1434	35.98	0.06002	0.00547	1434	1040	0.7252	0.05319	0.954	1113	37.44	0.08635	0.0253	1111	870	0.7831	0.05556	1.03	-0.1511	-0.03653
chr10	90000000	91000000	0.382	0.0201	0.0201	0	0.0588	0	1423	32.24	0.01504	-0.007898	1419	1101	0.7759	0.06098	1.137	1131	35.16	0.02676	0.01638	1130	770	0.6814	0.0625	0.9984	1653	34.98	-0.01182	-0.02744	1651	1166	0.7062	0.0625	1.035	-0.1069	0.04064
chr10	91000000	92000000	0.3964	0.0251	0.012	0	0.0614	0	626	32.28	0.01697	-0.002709	619	325	0.525	0.06757	0.8073	777	35.25	0.03033	0.01139	771	489	0.6342	0.05	0.9752	1109	35.97	0.02841	0.002238	1098	880	0.8015	0.05685	1.232	-0.114	0
chr10	92000000	93000000	0.4095	0.0046	0.0122	0	0.0619	0	910	32.01	0.004733	0.003638	897	568	0.6332	0.05685	0.9885	664	35.1	0.02444	0.02253	655	418	0.6382	0.05556	0.9962	1026	35.63	0.01502	0.005971	1017	591	0.5811	0.05556	0.9072	-0.1568	-0.03797
chr10	93000000	94000000	0.4256	0.015	0.0159	0	0.0588	0	1377	32.23	0.0147	0.004364	1369	597	0.4361	0.06	0.8103	1415	35.28	0.03187	0.009912	1410	579	0.4106	0.05556	0.763	1740	35.12	-0.005787	-0.02599	1735	1039	0.5988	0.05556	1.113	-0.1375	0
chr10	94000000	95000000	0.3959	0.0081	0.0102	0	0.0585	0	663	32.14	0.01075	0.007496	660	447	0.6773	0.05882	1.006	655	34.38	-0.005602	-0.01185	652	471	0.7224	0.05882	1.073	621	35.27	0.0002074	-0.004767	620	438	0.7065	0.05556	1.05	-0.124	-0.04182
chr10	95000000	96000000	0.4143	0.0481	0.0375	0	0.0594	0	1104	32.82	0.04066	-0.00535	1103	637	0.5775	0.0625	0.8023	1140	35.82	0.05364	-0.004273	1134	954	0.8413	0.05556	1.169	1344	37.28	0.08003	0.02798	1340	1111	0.8291	0.05556	1.152	-0.1419	-0.05929
chr10	96000000	97000000	0.4174	0.0791	0.0072	0	0.0562	0	1152	33.5	0.0706	-0.0109	1142	620	0.5429	0.05882	0.9597	1100	36.58	0.08381	-0.003274	1092	624	0.5714	0.05556	1.01	1341	37.19	0.0768	-0.004761	1325	845	0.6377	0.05556	1.127	-0.1605	-0.03395
chr10	97000000	98000000	0.4849	0.1065	0.034	0	0.0587	0	1309	33.71	0.07955	0	1306	791	0.6057	0.05814	1.107	1226	37.96	0.1374	-0.001643	1221	525	0.43	0.06098	0.7861	1247	37.93	0.1052	-0.0126	1242	839	0.6755	0.05556	1.235	-0.1999	0
chr10	98000000	99000000	0.4144	-0.0041	0.0194	0	0.0588	0	1523	32.04	0.006142	0.01336	1507	615	0.4081	0.05556	0.8139	1675	34.65	0.00571	0	1660	901	0.5428	0.05263	1.083	1623	35.46	0.007822	0.008258	1611	831	0.5158	0.05556	1.029	-0.1155	-0.03953
chr10	99000000	100000000	0.417	0.0209	0.016	0	0.06	0	1597	32.59	0.03064	0.007341	1572	726	0.4618	0.06	1.015	1459	35.1	0.02435	-0.003769	1436	260	0.1811	0.06098	0.3978	1499	35.25	-0.0006541	-0.02492	1479	977	0.6606	0.05556	1.451	-0.1333	0
chr10	100000000	101000000	0.456	0.0568	0.0381	0	0.06	0	791	32.4	0.02234	-0.01999	780	552	0.7077	0.06049	0.998	943	35.42	0.03735	-0.03896	929	662	0.7126	0.05437	1.005	987	37	0.06933	0.006277	961	647	0.6733	0.05556	0.9495	-0.1864	-0.04182
chr10	101000000	102000000	0.4605	0.0744	0.038	0	0.0588	0	1037	32.87	0.04281	-0.01981	1036	653	0.6303	0.06	1.13	993	36.77	0.09128	-0.003669	991	553	0.558	0.05556	1	818	37.43	0.08589	0.0007135	816	217	0.2659	0.04717	0.4766	-0.1699	0
chr10	102000000	103000000	0.4709	0.0826	0.0261	0	0.0567	0	1021	33.11	0.05348	-0.01433	1014	743	0.7327	0.0625	1.021	865	37.35	0.114	0.001049	861	621	0.7213	0.05319	1.005	765	37.75	0.09811	0.005617	761	21	0.0276	0.05263	0.03846	-0.2274	-0.03477
chr10	103000000	104000000	0.4642	0.0928	0.0341	0	0.0579	0	892	33.37	0.06461	-0.01711	889	548	0.6164	0.0625	0.9483	1016	38.15	0.1447	0.026	1014	619	0.6105	0.05172	0.9392	778	38.22	0.1159	0.01148	770	407	0.5286	0.05556	0.8132	-0.1874	0
chr10	104000000	105000000	0.4205	0.0184	0.0177	0	0.0617	0	1219	32.18	0.01242	-0.003126	1211	820	0.6771	0.05941	1.126	763	35.43	0.03771	0.01385	754	371	0.492	0.06098	0.818	1533	35.39	0.004979	-0.01595	1521	952	0.6259	0.06098	1.041	-0.1644	0
chr10	105000000	106000000	0.3858	-0.0721	0.0146	0	0.0594	0	1171	30.63	-0.0588	0.001724	1155	921	0.7974	0.06	1.261	1014	32.9	-0.06905	0.007092	1004	678	0.6753	0.05882	1.068	1275	33.19	-0.08731	-0.009161	1255	900	0.7171	0.05882	1.134	-0.1155	-0.04064
chr10	106000000	107000000	0.3843	-0.0594	0.0204	0	0.0611	0	1726	30.42	-0.06869	-0.01279	1716	1247	0.7267	0.0625	1.104	1673	32.1	-0.1046	-0.03857	1667	1104	0.6623	0.0641	1.006	1684	33.84	-0.05962	0.004339	1675	1118	0.6675	0.05882	1.014	-0.1119	-0.078
chr10	107000000	108000000	0.3751	-0.0536	0.0243	0	0.06	0	1525	30.75	-0.05328	-0.005553	1523	974	0.6395	0.06	0.9627	1457	32.13	-0.1034	-0.03922	1455	1048	0.7203	0.06049	1.084	1518	34.01	-0.05227	0.008517	1514	1080	0.7133	0.05882	1.074	-0.1137	-0.09788
chr10	108000000	109000000	0.3718	-0.0748	0.0235	0	0.0625	0	1516	30.13	-0.08267	-0.01262	1507	1341	0.8898	0.0641	1.217	1374	32.49	-0.08729	-0.0008598	1359	1158	0.8521	0.06174	1.165	1039	33.13	-0.09028	-0.004833	1024	486	0.4746	0.05882	0.6489	-0.1293	0
chr10	109000000	110000000	0.3981	0.0085	0.0209	0	0.0587	0	1216	31.67	-0.01064	-0.01841	1214	769	0.6334	0.05882	0.9415	1066	34.66	0.00598	0.003779	1056	688	0.6515	0.0625	0.9684	1179	35.22	-0.001754	-0.01124	1178	630	0.5348	0.05556	0.7949	-0.1339	-0.03562
chr10	110000000	111000000	0.4215	0.1014	0.019	0	0.0587	0	1097	34	0.09165	-0.004823	1094	561	0.5128	0.05556	0.961	1083	37.19	0.1077	-0.001382	1080	507	0.4694	0.0625	0.8798	1327	38.04	0.1093	-0.0003739	1325	800	0.6038	0.05556	1.132	-0.1605	-0.04064
chr10	111000000	112000000	0.4018	0.0106	0.0367	0	0.0605	0	1642	32.63	0.03257	0.0221	1608	821	0.5106	0.05882	0.8701	1908	35.38	0.03589	0.02372	1891	1149	0.6076	0.0625	1.035	1670	35.21	-0.002462	-0.01446	1657	1100	0.6639	0.05882	1.131	-0.122	0
chr10	112000000	113000000	0.4184	-0.0052	0.0185	0	0.0588	0	859	31.88	-0.001272	0.005196	858	548	0.6387	0.05882	0.9589	804	34.64	0.005152	0.0006428	796	594	0.7462	0.05882	1.12	944	34.74	-0.02176	-0.01929	940	654	0.6957	0.05882	1.045	-0.1392	0
chr10	113000000	114000000	0.4296	0.018	0.0135	0	0.0594	0	1200	32.36	0.02039	0.004826	1186	788	0.6644	0.05882	1.087	1108	35.03	0.02158	-0.001568	1105	672	0.6081	0.05556	0.9953	1148	35.84	0.02315	-0.004046	1144	746	0.6521	0.05882	1.067	-0.1234	-0.03653
chr10	114000000	115000000	0.4233	0.0173	0.0166	0	0.06	0	1149	32.64	0.03287	0.02031	1140	822	0.7211	0.0625	1.005	1382	34.73	0.009002	-0.01404	1377	1085	0.7879	0.05882	1.098	1167	35.76	0.01998	-0.009206	1161	813	0.7003	0.05556	0.9756	-0.1085	-0.04182
chr10	115000000	116000000	0.3639	-0.0702	0.0243	0	0.0625	0	1284	30.97	-0.04293	0.01445	1274	473	0.3713	0.06667	0.6019	1272	32.86	-0.07063	0.01706	1259	659	0.5234	0.0625	0.8486	1734	33.3	-0.08277	-0.0004545	1725	1172	0.6794	0.06049	1.102	-0.09622	0
chr10	116000000	117000000	0.4223	-0.0387	0.0187	0	0.0594	0	1659	31.38	-0.0239	0.01889	1651	883	0.5348	0.0641	1.132	1771	33.83	-0.02868	0.002297	1769	1075	0.6077	0.05814	1.286	1676	34.2	-0.04424	-0.01435	1673	976	0.5834	0.05556	1.235	-0.09311	0
chr10	117000000	118000000	0.437	-0.0089	0.0066	0	0.0588	0	1575	31.68	-0.01026	0.006465	1564	941	0.6017	0.06	1.113	1613	34.74	0.009374	0.004179	1603	1232	0.7686	0.05814	1.421	1568	35.99	0.02926	0.02965	1561	902	0.5778	0.05556	1.069	-0.1557	-0.03956
chr10	118000000	119000000	0.4155	0.0443	0.0125	0	0.0585	0	1253	33.31	0.06229	0.01745	1244	669	0.5378	0.06098	0.9443	1423	36.25	0.071	0.02408	1413	1045	0.7396	0.06098	1.299	1446	35.83	0.02302	-0.02124	1442	1047	0.7261	0.05556	1.275	-0.1293	0
chr10	119000000	120000000	0.4594	0.0873	0.0435	0	0.0588	0	1380	33.52	0.07109	0.0002155	1367	550	0.4023	0.06098	0.7155	1427	37.09	0.1038	-0.004494	1420	889	0.6261	0.05263	1.113	1461	38.02	0.1083	0.01074	1451	865	0.5961	0.05556	1.06	-0.1722	-0.01487
chr10	120000000	121000000	0.4174	-0.002	0.0226	0	0.0594	0	2327	31.93	0.001186	0.000787	2306	1180	0.5117	0.06	1.036	2321	34.82	0.0128	0.006817	2285	1291	0.565	0.05556	1.144	2016	35.31	0.001875	0.001419	2005	758	0.3781	0.06	0.7656	-0.1793	0
chr10	121000000	122000000	0.4288	-0.0259	0.0205	0	0.0602	0	1720	31.62	-0.01304	0.01643	1714	581	0.339	0.06	0.6667	1913	34.47	-0.001686	0.01736	1903	1277	0.671	0.0625	1.32	1923	34.86	-0.01681	-0.002426	1905	855	0.4488	0.05556	0.8828	-0.1414	-0.03953
chr10	122000000	123000000	0.45	0.0149	0.0182	0	0.0602	0	1400	32.5	0.02653	0.01687	1395	916	0.6566	0.0625	1.039	1714	35.92	0.05767	0.02613	1711	1187	0.6937	0.05556	1.098	1664	35.65	0.01543	-0.01055	1649	1239	0.7514	0.06	1.189	-0.1414	0
chr10	123000000	124000000	0.4527	0.0449	0.0351	0	0.0588	0	1808	32.58	0.03044	0	1796	1237	0.6888	0.06522	1.064	1740	36.07	0.06347	-0.0009332	1726	1159	0.6715	0.06098	1.037	1983	36.93	0.06638	0.01915	1976	1346	0.6812	0.05814	1.052	-0.1561	0
chr10	124000000	125000000	0.4885	0.1004	0.027	0	0.0568	0	1961	33.84	0.08477	0.01437	1929	1184	0.6138	0.05814	1.015	1772	37.83	0.1325	-0.002478	1744	1031	0.5912	0.05556	0.9779	1914	38.05	0.1095	-0.007265	1883	1228	0.6522	0.05556	1.079	-0.1783	-0.03317
chr10	125000000	126000000	0.4395	0.0523	0.0188	0	0.0609	0	1474	33.19	0.05708	0.00819	1438	834	0.58	0.0625	0.8938	1434	36.49	0.08049	0.01618	1389	1128	0.8121	0.0625	1.251	1275	37.55	0.09071	0.03654	1249	762	0.6101	0.06098	0.9402	-0.1751	-0.04123
chr10	126000000	127000000	0.4342	-0.0229	0.012	0	0.0625	0	1796	31.55	-0.01598	0.01261	1773	827	0.4664	0.06522	0.8409	1971	33.85	-0.02782	-0.01919	1942	1128	0.5808	0.05556	1.047	1699	34.22	-0.04349	-0.02045	1677	851	0.5075	0.06	0.9148	-0.1031	-0.03519
chr10	127000000	128000000	0.4378	-0.0142	0.0295	0	0.0588	0	2048	31.97	0.00278	0.02131	2037	956	0.4693	0.05882	0.9242	2213	33.98	-0.02246	-0.02129	2207	1394	0.6316	0.06	1.244	2058	34.5	-0.03153	-0.0237	2049	1020	0.4978	0.05556	0.9803	-0.1069	-0.03317
chr10	128000000	129000000	0.4504	0.0107	0.0167	0	0.06	0	1789	32.3	0.01764	0.01037	1781	1319	0.7406	0.05882	1.14	1517	35.38	0.03561	0.007096	1510	963	0.6377	0.06	0.9813	1704	35.7	0.01774	0	1693	1249	0.7377	0.05319	1.135	-0.1171	0
chr10	129000000	130000000	0.4493	0.0001	0.0201	0	0.0625	0	1820	32.26	0.016	0.0219	1806	1355	0.7503	0.05556	1.191	1655	34.75	0.009721	-0.008195	1644	1116	0.6788	0.05882	1.078	1616	35.42	0.006155	0.0005584	1606	987	0.6146	0.05882	0.9758	-0.1085	-0.03653
chr10	130000000	131000000	0.465	-0.0133	0.0227	0	0.061	0	2268	32.06	0.007065	0.04013	2224	1665	0.7487	0.0625	1.134	2107	34.82	0.01261	0.001091	2056	1427	0.6941	0.05882	1.052	2238	34.97	-0.01211	-0.008405	2196	1479	0.6735	0.05882	1.02	-0.1592	0
chr10	131000000	132000000	0.4865	0.0342	0.0299	0	0.0594	0	2326	33.07	0.05197	0.04987	2256	1632	0.7234	0.0625	1.039	2254	35.6	0.04476	-0.02567	2164	1333	0.616	0.06098	0.8848	2011	36.09	0.03351	-0.01387	1954	1389	0.7108	0.05556	1.021	-0.1293	0
chr10	132000000	133000000	0.5481	0.0984	0.0417	0	0.0615	0	2116	33.63	0.07582	0.01729	2004	1385	0.6911	0.06098	0.9928	2136	38.02	0.1398	-0.02473	2016	1470	0.7292	0.06098	1.048	1905	37.75	0.0982	-0.009254	1795	1289	0.7181	0.05556	1.032	-0.1699	0
chr10	133000000	133797422	0.5412	0.0763	0.0315	0	0.0714	0	2327	33.15	0.05527	0.008522	1910	1256	0.6576	0.07143	1.255	1966	38.25	0.1484	0.01453	1619	1044	0.6448	0.06667	1.23	2415	37.2	0.07699	-0.005999	1982	1141	0.5757	0.0625	1.098	-0.1532	0
chr11	0	1000000	0.5481	0.1424	0.0364	0	0.0614	0	1865	33.75	0.08094	-0.0216	1736	1061	0.6112	0.06522	1.019	1828	38.15	0.1447	-0.06384	1628	853	0.524	0.05882	0.8733	1927	39.79	0.1742	0.02278	1800	1270	0.7056	0.05556	1.176	-0.1816	-0.03953
chr11	1000000	2000000	0.5683	0.1289	0.0394	0	0.0599	0	1887	34.26	0.1028	0.01914	1726	866	0.5017	0.06098	0.7946	2316	38.91	0.173	-0.02198	2163	1432	0.662	0.05769	1.049	2091	38.86	0.1399	0.0004069	1956	1400	0.7157	0.05814	1.134	-0.1876	0
chr11	2000000	3000000	0.5332	0.1332	0.0376	0	0.0594	0	1674	34.72	0.1222	0.02123	1643	959	0.5837	0.0625	1.023	1753	39.77	0.2047	0.01451	1737	1123	0.6465	0.05814	1.133	1618	38.98	0.1444	0.00103	1587	857	0.54	0.05556	0.9462	-0.174	0.02677
chr11	3000000	4000000	0.4722	0.085	0.0167	0	0.0613	0	2476	33.87	0.08638	0.02027	2415	1543	0.6389	0.05882	1.018	2386	37.73	0.1284	0.0126	2318	1610	0.6946	0.05966	1.106	2453	37.76	0.09876	0.002491	2388	1732	0.7253	0.05882	1.155	-0.1538	0
chr11	4000000	5000000	0.4002	-0.0361	0.0375	0	0.0633	0	2479	29.49	-0.1134	-0.07613	2268	1426	0.6287	0.06667	1.086	2989	31.6	-0.1271	-0.09087	2681	1753	0.6539	0.0641	1.129	2564	34.6	-0.02758	0.006613	2485	1711	0.6885	0.0625	1.189	-0.1806	-0.04439
chr11	5000000	6000000	0.383	-0.0196	0.0121	0	0.0594	0	3592	31.33	-0.02605	-0.01075	3569	2429	0.6806	0.0625	1.152	3470	33.65	-0.03651	-0.007623	3462	2342	0.6765	0.06098	1.145	3399	34.65	-0.02532	-0.0006539	3379	2053	0.6076	0.05882	1.028	-0.1255	-0.04439
chr11	6000000	7000000	0.4207	0.0385	0.0098	0	0.061	0	1910	32.84	0.04183	0.006189	1908	1312	0.6876	0.0641	1.071	1629	35.66	0.04733	0.002493	1622	789	0.4864	0.06098	0.7576	2021	36.26	0.04	-0.001025	2015	1505	0.7469	0.05882	1.163	-0.1375	0
chr11	7000000	8000000	0.4019	0.013	0.0152	0	0.0588	0	2178	32.29	0.01743	0.003437	2152	1698	0.789	0.06098	1.262	2029	34.18	-0.01393	-0.0285	2010	1243	0.6184	0.06522	0.9893	2266	35.53	0.01069	-0.003979	2246	1676	0.7462	0.05814	1.194	-0.1085	-0.078
chr11	8000000	9000000	0.4457	0.0632	0.0185	0	0.0585	0	1726	32.91	0.04495	-0.00698	1717	997	0.5807	0.05556	0.9618	1761	36.51	0.08127	0.002338	1757	1172	0.667	0.05882	1.105	1724	36.88	0.06451	-0.006064	1719	1197	0.6963	0.05814	1.153	-0.1829	0
chr11	9000000	10000000	0.4236	0.0614	0.0155	0	0.0588	0	1136	33.17	0.05613	-0.000532	1132	796	0.7032	0.06	1.147	1316	36.16	0.06714	-0.0001498	1284	854	0.6651	0.05556	1.085	1621	37.15	0.07526	0.009768	1617	1214	0.7508	0.05814	1.224	-0.1414	-0.03242
chr11	10000000	11000000	0.416	0.058	0.0192	0	0.0581	0	1041	33.23	0.05854	-9.512e-05	1041	768	0.7378	0.05556	1.087	1534	35.41	0.03693	-0.02483	1526	1053	0.69	0.05814	1.017	1152	36.98	0.06836	0.00762	1144	756	0.6608	0.05556	0.9735	-0.1293	-0.0614
chr11	11000000	12000000	0.4309	0.0284	0.0236	0	0.0597	0	2023	32.62	0.03196	0.008043	2015	1237	0.6139	0.06098	1.015	1869	36.07	0.0635	0.02713	1862	903	0.485	0.06	0.8017	2041	35.98	0.02901	-0.002749	2035	1343	0.66	0.05882	1.091	-0.1497	0
chr11	12000000	13000000	0.4351	0.0362	0.0077	0	0.0588	0	2009	32.77	0.03843	0.00664	2005	1467	0.7317	0.05882	1.3	1621	35.41	0.03698	-0.009856	1616	858	0.5309	0.05556	0.9431	1960	36.06	0.03232	-0.004372	1955	1321	0.6757	0.05556	1.2	-0.142	-0.04307
chr11	13000000	14000000	0.4083	0.0066	0.0086	0	0.0591	0	1844	31.65	-0.01151	-0.01813	1840	1317	0.7158	0.05882	1.181	1972	34.39	-0.00496	-0.008953	1967	1291	0.6563	0.05556	1.083	1796	35.5	0.009704	-0.0006231	1793	1188	0.6626	0.05556	1.093	-0.1497	-0.03356
chr11	14000000	15000000	0.3998	0.0036	0.0159	0	0.0594	0	950	31.8	-0.004884	-0.009846	933	570	0.6109	0.05882	0.8702	982	34.92	0.017	0.01607	972	584	0.6008	0.05882	0.8558	1154	35.61	0.01382	0.0094	1138	874	0.768	0.05941	1.094	-0.1193	-0.03847
chr11	15000000	16000000	0.4149	-0.0244	0.0291	0	0.06	0	1413	31.72	-0.008267	0.01953	1408	927	0.6584	0.05882	1.068	1422	34.59	0.003129	0.01772	1419	1027	0.7237	0.05556	1.174	1458	34.01	-0.05215	-0.03141	1455	959	0.6591	0.06	1.069	-0.114	0.04064
chr11	16000000	17000000	0.3851	-0.01	0.0209	0	0.0617	0	1195	31.51	-0.01773	-0.01404	1192	792	0.6644	0.0625	1.067	1168	34.18	-0.01412	0.002802	1167	778	0.6667	0.05556	1.07	976	35.43	0.006846	0.02067	971	408	0.4202	0.05556	0.6745	-0.1437	-0.03436
chr11	17000000	18000000	0.4517	0.0617	0.0224	0	0.0597	0	1458	33.3	0.06168	0.00494	1452	1104	0.7603	0.0625	1.264	1381	36.62	0.08559	0.003367	1367	892	0.6525	0.05556	1.085	1464	36.82	0.06229	-0.006473	1457	1011	0.6939	0.05556	1.153	-0.1598	0
chr11	18000000	19000000	0.4237	0.0441	0.0275	0	0.061	0	1846	32.6	0.03125	-0.007583	1833	1377	0.7512	0.06098	1.166	1843	34.98	0.01921	-0.03077	1834	1272	0.6936	0.05556	1.076	1801	36.96	0.0676	0.01946	1785	1360	0.7619	0.0625	1.183	-0.1454	-0.09115
chr11	19000000	20000000	0.4341	0.0267	0.0111	0	0.0617	0	1879	32.63	0.03224	0.0116	1874	1349	0.7199	0.06	1.482	1777	34.78	0.01096	-0.03008	1776	844	0.4752	0.05556	0.9784	2021	35.9	0.02556	-0.0004963	2017	1474	0.7308	0.05882	1.505	-0.122	-0.03747
chr11	20000000	21000000	0.4087	-0.0275	0.0161	0	0.0625	0	2274	31.55	-0.01589	0.01553	2271	1561	0.6874	0.0625	1.331	1865	34	-0.02145	0.006458	1857	806	0.434	0.06098	0.8402	2348	34.52	-0.03075	-0.007977	2339	1757	0.7512	0.0625	1.454	-0.1155	-0.01487
chr11	21000000	22000000	0.3708	-0.0744	0.0149	0	0.0625	0	1915	30.94	-0.04444	0.02769	1907	1486	0.7792	0.0625	1.39	1388	32.29	-0.09625	-0.009368	1382	335	0.2424	0.06	0.4323	1751	33.36	-0.0802	0.005681	1744	1093	0.6267	0.05556	1.118	-0.06609	-0.05667
chr11	22000000	23000000	0.3646	-0.0462	0.0177	0	0.061	0	1784	31.01	-0.04101	-0.008928	1772	1395	0.7872	0.06667	1.602	1106	32.34	-0.09393	-0.03392	1093	3	0.002745	NA	0.005587	1570	34.21	-0.04393	0.01455	1563	1089	0.6967	0.06098	1.418	-0.1125	-0.08883
chr11	23000000	24000000	0.3593	-0.0801	0.0162	0	0.0652	0	2768	30.25	-0.0768	-0.009674	2749	1558	0.5668	0.0625	1.113	2151	31.66	-0.1247	-0.02132	2143	3	0.0014	NA	0.00275	2508	33.43	-0.0772	0.01696	2500	1460	0.584	0.0625	1.147	-0.1031	-0.05063
chr11	24000000	25000000	0.3522	-0.1155	0.0235	0	0.0625	0	2375	29.57	-0.1097	-0.004332	2357	1592	0.6754	0.06667	1.109	1606	31.13	-0.149	-0.004283	1587	2	0.00126	NA	0.002068	2249	31.96	-0.1418	-0.003271	2239	1498	0.669	0.06	1.098	-0.09311	-0.04811
chr11	25000000	26000000	0.3525	-0.1163	0.0312	0	0.0646	0	2783	29.44	-0.1162	-0.0102	2759	1489	0.5397	0.06667	1.141	2132	31.28	-0.142	0.001003	2109	29	0.01375	0.0814	0.02906	2862	32.14	-0.134	0.004446	2831	1558	0.5503	0.06	1.163	-0.1091	-0.03847
chr11	26000000	27000000	0.3648	-0.0866	0.0186	0	0.0625	0	2050	30.05	-0.08637	-0.01389	2034	1475	0.7252	0.0625	1.149	1909	31.97	-0.1106	-0.01018	1895	918	0.4844	0.0625	0.7676	2000	33.1	-0.09133	0.00674	1989	1322	0.6647	0.05882	1.053	-0.1096	-0.08246
chr11	27000000	28000000	0.3959	-0.0663	0.021	0	0.0611	0	1449	30.9	-0.04603	0.02512	1440	863	0.5993	0.06098	0.963	1314	32.7	-0.07768	-0.009523	1307	842	0.6442	0.0625	1.035	1493	34.39	-0.03646	0.03297	1477	985	0.6669	0.05882	1.072	-0.1285	-0.08246
chr11	28000000	29000000	0.3658	-0.0814	0.0154	0	0.0594	0	1273	30.19	-0.07989	-0.009937	1269	881	0.6942	0.0625	1.378	1283	32.47	-0.08799	0.009737	1270	710	0.5591	0.05556	1.11	1502	33.13	-0.09029	0.00258	1495	1085	0.7258	0.06	1.441	-0.1255	-0.06711
chr11	29000000	30000000	0.3656	-0.1057	0.0239	0	0.0613	0	1288	29.94	-0.0919	0	1284	973	0.7578	0.06	1.081	1333	32.06	-0.1064	0.01566	1331	1061	0.7971	0.05882	1.137	1217	32.67	-0.1103	0.0043	1204	983	0.8164	0.0625	1.164	-0.1031	0
chr11	30000000	31000000	0.3844	-0.0649	0.0219	0	0.0613	0	1353	30.65	-0.05806	0.001501	1345	806	0.5993	0.06049	1.041	1326	32.84	-0.07183	-0.001779	1321	811	0.6139	0.05882	1.066	1379	33.61	-0.06946	5.031e-05	1372	957	0.6975	0.05882	1.211	-0.1085	-0.03395
chr11	31000000	32000000	0.3765	-0.0425	0.0208	0	0.0556	0	812	31.43	-0.02178	0.01481	806	442	0.5484	0.06466	0.8076	967	33.17	-0.05739	-0.00623	956	824	0.8619	0.05814	1.269	1016	34.12	-0.0478	0.0005529	1007	809	0.8034	0.05556	1.183	-0.1054	-0.04064
chr11	32000000	33000000	0.4117	0.0236	0.0173	0	0.0594	0	1024	31.74	-0.007659	-0.0273	1019	636	0.6241	0.0625	0.8935	1111	34.88	0.01521	-0.01375	1109	631	0.569	0.05814	0.8146	1136	35.67	0.01645	-0.01356	1133	867	0.7652	0.06	1.096	-0.1461	-0.04009
chr11	33000000	34000000	0.4195	0.0646	0.0217	0	0.0588	0	1244	32.22	0.01435	-0.04898	1239	887	0.7159	0.0641	0.9935	1056	36.19	0.06862	-0.002601	1053	799	0.7588	0.06098	1.053	1292	36.85	0.06342	-0.0004195	1292	965	0.7469	0.0625	1.037	-0.1699	0
chr11	34000000	35000000	0.4243	0.0774	0.0192	0	0.0588	0	1885	32.97	0.0474	-0.02269	1877	997	0.5312	0.06098	0.8788	1836	36.51	0.08119	-0.002254	1835	1093	0.5956	0.05882	0.9855	1923	37.21	0.07747	-0.003916	1917	1090	0.5686	0.05792	0.9408	-0.1745	-0.03242
chr11	35000000	36000000	0.4183	0.0619	0.0131	0	0.0591	0	1118	33.25	0.0598	-0.002523	1114	867	0.7783	0.05882	1.108	962	36.28	0.07184	0	957	711	0.7429	0.05319	1.057	1262	36.6	0.05343	-0.01107	1249	921	0.7374	0.05814	1.049	-0.1434	0
chr11	36000000	37000000	0.4139	0.0067	0.0249	0	0.0606	0	1294	31.82	-0.003932	-0.01208	1281	677	0.5285	0.06667	0.9578	1404	34.87	0.01469	-0.001621	1375	781	0.568	0.05263	1.029	1308	34.8	-0.01927	-0.02954	1292	712	0.5511	0.0641	0.9987	-0.1285	0
chr11	37000000	38000000	0.3552	-0.0785	0.0264	0	0.0639	0	1380	30.41	-0.06918	-0.0008086	1369	536	0.3915	0.06	0.6411	1273	32.51	-0.08638	0.0171	1262	667	0.5285	0.0625	0.8654	1773	32.38	-0.123	-0.02375	1766	1103	0.6246	0.06522	1.023	-0.09622	0
chr11	38000000	39000000	0.352	-0.0912	0.0286	0	0.063	0	1438	30.47	-0.06631	0.01103	1436	591	0.4116	0.0625	1.368	1650	31.65	-0.1251	-0.004731	1644	805	0.4897	0.0641	1.627	1371	32.42	-0.1215	-0.007531	1368	232	0.1696	0.07538	0.5636	-0.08746	-0.03847
chr11	39000000	40000000	0.3647	-0.1109	0.0256	0	0.0647	0	2086	29.86	-0.09557	0.0023	2081	1044	0.5017	0.06466	0.9753	2148	31.17	-0.147	-0.02223	2135	1085	0.5082	0.0625	0.9879	1744	32.19	-0.1317	-0.008568	1735	1164	0.6709	0.05556	1.304	-0.08489	-0.06871
chr11	40000000	41000000	0.3675	-0.095	0.0197	0	0.0652	0	1621	30	-0.08864	-0.002859	1614	1165	0.7218	0.0625	1.342	1451	31.59	-0.1276	-0.0217	1442	912	0.6325	0.0625	1.176	1352	32.74	-0.1073	0.001341	1346	723	0.5371	0.05882	0.9988	-0.1155	-0.05658
chr11	41000000	42000000	0.3681	-0.1002	0.0212	0	0.0664	0	1227	29.63	-0.1067	-0.01343	1219	193	0.1583	0.06757	0.3372	1362	32.06	-0.1063	0.008574	1353	650	0.4804	0.0625	1.023	1525	32.68	-0.1097	0.002755	1519	817	0.5379	0.06667	1.145	-0.1234	0
chr11	42000000	43000000	0.3761	-0.0855	0.0107	0	0.061	0	1661	29.98	-0.08956	-0.01014	1637	1013	0.6188	0.0625	1.017	1918	32.2	-0.1002	-0.004388	1896	1169	0.6166	0.06	1.013	1697	32.54	-0.1159	-0.02565	1682	949	0.5642	0.06	0.9271	-0.1234	-0.03847
chr11	43000000	44000000	0.4058	0.0042	0.0044	0	0.0621	0	1203	31.83	-0.003558	-0.006756	1202	735	0.6115	0.0641	0.9834	1285	34.55	0.001385	-0.003775	1281	894	0.6979	0.05814	1.122	1225	35.35	0.003541	-0.002157	1221	691	0.5659	0.05556	0.9101	-0.1375	-0.03797
chr11	44000000	45000000	0.4779	0.0722	0.0229	0	0.0588	0	1561	33.06	0.05151	-0.002042	1557	833	0.535	0.05556	1.115	1050	37.66	0.126	0.02392	1043	1	0.0009588	NA	0.001998	1579	37.26	0.07949	-0.00276	1563	759	0.4856	0.05	1.012	-0.1775	0
chr11	45000000	46000000	0.4742	0.0661	0.0254	0	0.0594	0	970	33.3	0.06187	0.01477	964	190	0.1971	0.06466	0.4175	808	37.19	0.1076	0.01117	805	7	0.008696	0.2368	0.01842	1236	36.65	0.05553	-0.02142	1227	547	0.4458	0.06098	0.9443	-0.1605	0
chr11	46000000	47000000	0.4474	0.0818	0.0104	0	0.0625	0	518	32.6	0.03109	-0.03925	515	172	0.334	0.04545	1.085	425	36.95	0.09855	-0.001514	420	1	0.002381	NA	0.007738	618	37.33	0.0822	-0.003944	614	340	0.5537	0.05662	1.8	-0.1806	0
chr11	47000000	48000000	0.4644	0.0614	0.0306	0	0.0588	0	1087	32.5	0.02665	-0.02279	1075	662	0.6158	0.06522	1.409	785	36.71	0.089	0.001696	767	4	0.005215	NA	0.01193	968	36.8	0.06147	-0.01067	943	437	0.4634	0.05556	1.06	-0.1999	-0.03953
chr11	48000000	49000000	0.394	-0.0456	0.0215	0	0.0647	0	2540	31.33	-0.0263	0.0153	2491	106	0.04255	0.0973	0.08149	2517	33.17	-0.05728	-0.007944	2444	21	0.008592	0.141	0.01645	3091	34.11	-0.04828	-0.00457	3049	1600	0.5248	0.0625	1.005	-0.1031	-0.04064
chr11	49000000	50000000	0.3649	-0.0899	0.0299	0	0.0625	0	1338	30.67	-0.0569	0.01836	1325	84	0.0634	0.07143	0.1	1299	32.56	-0.08383	0.0224	1288	1	0.0007764	NA	0.001225	1999	32.81	-0.104	-0.004458	1962	1532	0.7808	0.0625	1.232	-0.078	0
chr11	50000000	51000000	0.3873	-0.0966	0.0246	0	0.0625	0	1298	29.72	-0.1025	-0.0126	1272	85	0.06682	0.0625	0.1001	1250	32.19	-0.1004	0.001588	1230	3	0.002439	NA	0.003654	2060	33.57	-0.07122	0.02672	2017	1785	0.885	0.05882	1.326	-0.152	-0.05247
chr11	51000000	52000000	0.4004	-2.118	0.044	0	0.1036	1	1755	8.425	-1.921	0.1978	237	53	0.2236	NA	0.5795	1871	9.616	-1.844	0.2766	296	71	0.2399	NA	0.6216	2069	7.953	-2.149	-0.03299	205	74	0.361	NA	0.9354	0	0.9175
chr11	52000000	53000000	0.4011	-2.205	0.0773	0	0.1	1	2193	7.479	-2.093	0.1125	284	82	0.2887	NA	0.7084	2442	8.523	-2.018	0.1866	387	94	0.2429	NA	0.5959	2457	7.426	-2.248	-0.04219	290	103	0.3552	NA	0.8714	0	0.9475
chr11	53000000	54000000	0.4009	-2.39	0.0457	0	0.1167	1	2097	6.858	-2.218	0.1727	225	65	0.2889	NA	0.6933	2253	8.183	-2.077	0.3141	311	69	0.2219	NA	0.5324	2334	6.735	-2.389	0	208	57	0.274	NA	0.6576	0	0.8745
chr11	54000000	55000000	0.3883	-0.6985	0.1199	1	0.069	0	2799	18.55	-0.7825	NA	1389	334	0.2405	0.07143	0.3298	2781	19.88	-0.796	NA	1423	249	0.175	0.09091	0.24	3021	22.93	-0.6213	NA	1739	1343	0.7723	0.0625	1.059	-0.09954	0.0458
chr11	55000000	56000000	0.3664	-0.0909	0.0207	0	0.0617	0	1618	29.68	-0.1042	-0.02515	1602	601	0.3752	0.0625	0.5426	1320	32.47	-0.08793	0.0176	1301	44	0.03382	0.07997	0.04892	1692	33.16	-0.08876	0.01613	1681	1183	0.7037	0.06	1.018	-0.1461	-0.04123
chr11	56000000	57000000	0.3641	-0.0574	0.019	0	0.0602	0	1141	30.64	-0.05843	-0.01407	1123	301	0.268	0.06757	0.3633	953	32.35	-0.09318	-0.02197	950	17	0.01789	0.119	0.02426	1751	33.39	-0.0788	-0.009209	1746	1288	0.7377	0.06	1	-0.1037	0
chr11	57000000	58000000	0.4513	0.0304	0.0171	0	0.06	0	801	32.69	0.03502	0.009399	790	30	0.03797	0.06584	0.06349	781	35.55	0.04263	-0.006366	776	3	0.003866	NA	0.006464	1442	35.85	0.0237	-0.01683	1427	971	0.6804	0.05556	1.138	-0.1333	0
chr11	58000000	59000000	0.3848	0.0069	0.0155	0	0.0588	0	1391	31.51	-0.01815	-0.03084	1385	448	0.3235	0.0633	0.5435	1390	34.42	-0.003902	-0.005382	1382	440	0.3184	0.05556	0.535	1382	34.9	-0.01519	-0.01649	1377	418	0.3036	0.05556	0.5101	-0.1444	0
chr11	59000000	60000000	0.4079	0.0498	0.022	0	0.0596	0	973	33.6	0.07471	0.02081	965	626	0.6487	0.06667	0.8935	815	36.03	0.06201	0.01229	812	497	0.6121	0.05556	0.8431	1141	35.76	0.02005	-0.03392	1140	698	0.6123	0.05882	0.8434	-0.1054	0.04307
chr11	60000000	61000000	0.4191	0.0665	0.0145	0	0.0586	0	1630	33.63	0.07582	0.01058	1618	953	0.589	0.06098	1.005	1971	36.62	0.08555	0.01192	1952	1489	0.7628	0.05882	1.301	1617	37	0.0691	0.00264	1604	1016	0.6334	0.05556	1.081	-0.1375	0
chr11	61000000	62000000	0.5144	0.1134	0.0444	0	0.0589	0	1318	33.12	0.05417	-0.02774	1280	843	0.6586	0.06	1.163	1306	38.74	0.1669	0.00408	1271	847	0.6664	0.05769	1.177	1037	38.44	0.1244	-0.003779	986	518	0.5254	0.05291	0.9275	-0.2451	0
chr11	62000000	63000000	0.4784	0.0627	0.0221	0	0.0597	0	1246	32.31	0.01818	-0.02588	1220	817	0.6697	0.06522	1.06	1167	36.82	0.09342	0.001745	1150	677	0.5887	0.06	0.9322	1284	37.03	0.07027	-0.002486	1255	858	0.6837	0.05556	1.083	-0.2106	-0.02801
chr11	63000000	64000000	0.4398	0.0507	0.0189	0	0.061	0	1493	32.51	0.02716	-0.02057	1487	976	0.6564	0.06667	1.295	1591	35.86	0.05535	-0.006291	1584	1294	0.8169	0.05882	1.612	1271	36.96	0.06773	0.01275	1260	531	0.4214	0.05556	0.8315	-0.1651	-0.04123
chr11	64000000	65000000	0.5427	0.173	0.0519	0	0.0566	0	1197	34.76	0.1236	-0.01997	1190	927	0.779	0.05814	1.455	1210	39.82	0.2062	-0.03049	1200	945	0.7875	0.05556	1.471	1083	39.46	0.162	-0.01693	1074	624	0.581	0.05218	1.085	-0.195	0.01192
chr11	65000000	66000000	0.5178	0.1493	0.0529	0	0.0568	0	1124	33.41	0.06665	-0.05043	1113	768	0.69	0.05556	1.261	1133	39.17	0.1826	-0.0176	1126	811	0.7202	0.05556	1.316	1052	39.44	0.1613	-0.0003403	1042	650	0.6238	0.05556	1.14	-0.22	0
chr11	66000000	67000000	0.4952	0.1109	0.0272	0	0.058	0	965	33.87	0.08642	-0.0001222	959	717	0.7477	0.05882	1.517	959	38.48	0.1569	0.0118	958	688	0.7182	0.06098	1.457	570	38.5	0.1265	0.003235	562	139	0.2473	0.04545	0.5017	-0.1806	0
chr11	67000000	68000000	0.5008	0.123	0.0332	0	0.0587	0	1682	33.66	0.0773	-0.02131	1664	821	0.4934	0.05556	1.07	1740	38.32	0.151	-0.008789	1726	672	0.3893	0.05792	0.8447	1362	38.46	0.1251	-0.0112	1354	373	0.2755	0.05172	0.5977	-0.1993	0
chr11	68000000	69000000	0.4868	0.0967	0.0298	0	0.0602	0	1311	33.29	0.06132	-0.002523	1292	629	0.4868	0.06	0.7879	1366	38.14	0.1442	0.01207	1350	854	0.6326	0.05792	1.024	1392	38.33	0.1202	0.01033	1385	950	0.6859	0.05319	1.11	-0.1898	0
chr11	69000000	70000000	0.5192	0.1	0.036	0	0.0581	0	1518	33.65	0.07677	0.004066	1491	882	0.5915	0.05556	1.021	1522	39.02	0.1771	0.02509	1499	955	0.6371	0.05556	1.1	1714	37.78	0.09949	-0.01254	1686	905	0.5368	0.05882	0.9267	-0.1776	0.03607
chr11	70000000	71000000	0.5088	0.0666	0.0213	0	0.0568	0	1210	33.52	0.07148	0.0294	1193	635	0.5323	0.0625	0.9247	1240	38.03	0.1402	0.02648	1230	684	0.5561	0.05556	0.9661	1383	37.02	0.06987	-0.01227	1371	785	0.5726	0.05556	0.9947	-0.1699	0.03953
chr11	71000000	72000000	0.4724	0.0706	0.0208	0	0.0568	0	1310	33.23	0.05886	0.007151	1289	467	0.3623	0.0641	0.6148	1638	37.29	0.1116	0.01024	1616	727	0.4499	0.04839	0.7634	1629	37.2	0.07685	-0.003509	1612	1040	0.6452	0.05556	1.095	-0.1745	0
chr11	72000000	73000000	0.4711	0.0849	0.0213	0	0.0585	0	1233	33.02	0.04966	-0.01977	1226	670	0.5465	0.06	1.23	984	37.5	0.1197	0.003391	980	390	0.398	0.05556	0.8959	1185	37.32	0.08176	-0.01346	1173	619	0.5277	0.0625	1.188	-0.174	0
chr11	73000000	74000000	0.4499	0.0961	0.0455	0	0.0583	0	640	32.59	0.03061	-0.06025	640	441	0.6891	0.06667	1.039	676	36.78	0.09172	-0.02078	672	504	0.75	0.05263	1.131	722	37.59	0.09208	-0.01261	719	550	0.765	0.05357	1.154	-0.1772	0
chr11	74000000	75000000	0.4176	0.0602	0.0318	0	0.0588	0	1179	32.44	0.0239	-0.0387	1175	740	0.6298	0.05882	1.015	1072	36.18	0.06819	-0.0006936	1067	666	0.6242	0.05882	1.006	1070	36.84	0.06305	-0.0007775	1065	504	0.4732	0.05556	0.763	-0.1615	0
chr11	75000000	76000000	0.4653	0.1059	0.013	0	0.0587	0	915	33.89	0.08698	0.004057	914	567	0.6204	0.0625	1.09	833	37.77	0.1301	0	830	286	0.3446	0.05556	0.6056	718	38.54	0.1281	0.01054	717	175	0.2441	0.05814	0.4289	-0.1975	0
chr11	76000000	77000000	0.4496	0.0809	0.018	0	0.0597	0	1402	33.45	0.06846	-0.007196	1395	1153	0.8265	0.06522	1.213	1417	37.31	0.1125	0.01433	1403	708	0.5046	0.05556	0.7407	1188	37.9	0.1039	0.01585	1180	931	0.789	0.05556	1.158	-0.1699	0
chr11	77000000	78000000	0.4308	0.0557	0.016	0	0.0578	0	990	33.06	0.05121	-0.0009198	974	607	0.6232	0.05882	0.8197	1153	35.35	0.03466	-0.02901	1150	803	0.6983	0.05882	0.9184	1014	36.97	0.06804	0.008989	1001	750	0.7493	0.05556	0.9855	-0.1375	-0.03953
chr11	78000000	79000000	0.4333	0.0441	0.0142	0	0.0584	0	1100	32.58	0.03018	-0.003577	1098	515	0.469	0.06	0.9685	1101	35.76	0.05107	-0.003215	1099	564	0.5132	0.05556	1.06	970	35.95	0.02773	-0.01973	962	350	0.3638	0.05556	0.7512	-0.1559	-0.03477
chr11	79000000	80000000	0.4196	-0.0172	0.0165	0	0.0591	0	1320	31.82	-0.003614	0.01485	1311	653	0.4981	0.06522	0.7654	1586	34.01	-0.02115	-0.01076	1580	1114	0.7051	0.05556	1.083	1247	34.85	-0.0172	0.0002007	1243	908	0.7305	0.05814	1.122	-0.122	-0.03562
chr11	80000000	81000000	0.3737	-0.0764	0.0278	0	0.06	0	1233	30.61	-0.05962	0.00759	1228	833	0.6783	0.06	1.024	1272	32.22	-0.09901	-0.00983	1267	1119	0.8832	0.06	1.333	1200	33.27	-0.08413	0.00251	1195	849	0.7105	0.0625	1.072	-0.1119	0
chr11	81000000	82000000	0.3576	-0.0597	0.0375	0	0.061	0	1782	30.87	-0.04763	0.0008901	1775	1063	0.5989	0.0641	0.8492	1759	32.66	-0.07968	-0.000663	1755	1010	0.5755	0.06	0.8161	1586	33.15	-0.0892	-0.01336	1580	1232	0.7797	0.0625	1.106	-0.09622	-0.04731
chr11	82000000	83000000	0.3779	-0.0027	0.0203	0	0.06	0	1443	31.76	-0.006327	-0.005911	1427	1023	0.7169	0.06098	1.108	1419	34.07	-0.01877	-0.004047	1394	1001	0.7181	0.05556	1.11	1606	35.1	-0.006855	0.0003408	1586	1179	0.7434	0.05814	1.149	-0.114	-0.04064
chr11	83000000	84000000	0.3914	0.0163	0.0106	0	0.0588	0	1228	32.07	0.007371	-0.01119	1221	1049	0.8591	0.06098	1.405	927	34.94	0.01792	0.01169	922	416	0.4512	0.05172	0.7381	1111	35.61	0.0139	-0.004866	1107	879	0.794	0.05814	1.299	-0.1333	0
chr11	84000000	85000000	0.3656	-0.0601	0.0255	0	0.0625	0	895	31.01	-0.04105	0.005249	889	408	0.4589	0.07143	0.8278	907	32.73	-0.07643	0	900	749	0.8322	0.05556	1.501	1033	33.33	-0.08144	-0.01245	1020	448	0.4392	0.0625	0.7922	-0.1024	0
chr11	85000000	86000000	0.3809	0.0067	0.0242	0	0.0625	0	1097	32.11	0.009374	-0.006209	1092	838	0.7674	0.06522	1.374	752	34.65	0.005554	0.00465	751	401	0.534	0.05882	0.9559	924	35.3	0.001564	-0.002922	917	423	0.4613	0.05882	0.8258	-0.1489	0
chr11	86000000	87000000	0.4097	0.0416	0.0171	0	0.0594	0	1628	32.7	0.03547	-0.002629	1616	1124	0.6955	0.05882	0.9866	1526	35.91	0.05727	0.01802	1511	1020	0.675	0.05882	0.9575	1353	36.39	0.04513	0	1336	891	0.6669	0.05556	0.946	-0.1605	-0.03037
chr11	87000000	88000000	0.3788	-0.0367	0.0185	0	0.0594	0	1504	31.04	-0.03968	-0.008133	1461	654	0.4476	0.05882	0.7766	1762	33.31	-0.0513	-0.004367	1712	1024	0.5981	0.05814	1.038	1417	33.87	-0.05833	-0.01441	1378	513	0.3723	0.05556	0.6459	-0.1069	0
chr11	88000000	89000000	0.3692	-0.0144	0.0169	0	0.0612	0	2040	31.68	-0.01027	-0.006031	2032	1450	0.7136	0.06098	1.156	1832	33.5	-0.04293	-0.008028	1821	1208	0.6634	0.0625	1.075	1708	35.01	-0.01043	0.008914	1699	456	0.2684	0.05556	0.4349	-0.1227	-0.05155
chr11	89000000	90000000	0.3637	-0.0885	0.0223	0	0.0698	0	1375	30.01	-0.08826	-0.009879	1289	1144	0.8875	0.06522	1.141	979	32.88	-0.07002	0.03625	865	581	0.6717	0.07143	0.8633	975	32.84	-0.103	-0.002378	917	732	0.7983	0.06098	1.026	-0.1436	0.03906
chr11	90000000	91000000	0.3579	-0.1139	0.0266	0	0.0613	0	1750	29.66	-0.1051	-0.00296	1698	538	0.3168	0.06667	0.5272	2211	31.06	-0.152	-0.01815	2141	1241	0.5796	0.06	0.9645	1767	32.25	-0.1291	0	1732	1387	0.8008	0.05882	1.332	-0.08092	-0.06711
chr11	91000000	92000000	0.3608	-0.1053	0.0184	0	0.0621	0	1777	29.88	-0.09443	0.0002005	1773	1179	0.665	0.0625	1.114	1674	31.95	-0.1113	0.01617	1668	1122	0.6727	0.0625	1.127	1942	32.51	-0.1176	0.004573	1934	1375	0.711	0.05882	1.191	-0.0902	0
chr11	92000000	93000000	0.3965	-0.0844	0.014	0	0.0621	0	1264	29.95	-0.09101	-0.0002212	1253	580	0.4629	0.0625	0.6816	1151	32.32	-0.09465	-0.008121	1135	546	0.4811	0.0625	0.7084	1243	33.17	-0.08827	-0.002339	1228	539	0.4389	0.05882	0.6463	-0.1278	-0.0458
chr11	93000000	94000000	0.4006	-0.0163	0.0106	0	0.0591	0	1887	31.52	-0.01757	-0.001376	1870	1143	0.6112	0.06	1.175	1858	34.2	-0.01334	0.003053	1853	1193	0.6438	0.06	1.238	1519	34.73	-0.02197	-0.006879	1497	670	0.4476	0.05882	0.8607	-0.1336	0
chr11	94000000	95000000	0.4079	0.0056	0.011	0	0.06	0	1558	32.03	0.00562	-0.004077	1544	1078	0.6982	0.06098	1.465	1745	34.2	-0.0132	-0.01871	1722	1241	0.7207	0.05814	1.512	1256	35.43	0.006802	-0.002967	1244	541	0.4349	0.06	0.9125	-0.1206	-0.05155
chr11	95000000	96000000	0.3907	0.0139	0.0257	0	0.061	0	1077	32.08	0.007869	-0.007499	1070	680	0.6355	0.06049	0.9905	1397	34.38	-0.005607	-0.009655	1394	1015	0.7281	0.05882	1.135	1071	36.03	0.03104	0.01954	1066	777	0.7289	0.05882	1.136	-0.1339	-0.0458
chr11	96000000	97000000	0.3789	-0.01	0.0168	0	0.0585	0	1719	31.45	-0.0206	-0.01747	1695	1064	0.6277	0.06174	0.9361	1475	33.21	-0.05561	-0.03404	1453	1072	0.7378	0.06	1.1	1283	34.92	-0.01428	0.001038	1265	665	0.5257	0.05263	0.7839	-0.1575	-0.04891
chr11	97000000	98000000	0.3573	-0.0642	0.0333	0	0.0605	0	1452	30.76	-0.05284	0.0001768	1452	637	0.4387	0.06667	0.9236	1557	32.26	-0.0973	-0.01814	1556	918	0.59	0.06	1.242	1480	32.78	-0.1053	-0.02075	1479	779	0.5267	0.06098	1.109	-0.08489	-0.03653
chr11	98000000	99000000	0.3552	-0.0998	0.0325	0	0.0629	0	2133	30.14	-0.08216	0.007508	2130	1160	0.5446	0.0641	1.059	1890	31.43	-0.1349	-0.01008	1881	820	0.4359	0.0641	0.8475	2510	32.24	-0.1295	-0.008879	2508	1715	0.6838	0.0625	1.329	-0.08246	0
chr11	99000000	100000000	0.348	-0.0998	0.0285	0	0.0625	0	2040	30.2	-0.07939	0.01233	2025	1073	0.5299	0.0625	1.064	2303	31.54	-0.1299	-0.003706	2286	1238	0.5416	0.0641	1.088	1983	32.62	-0.1123	0.01247	1970	976	0.4954	0.06	0.9952	-0.08246	0
chr11	100000000	101000000	0.3745	-0.0573	0.0133	0	0.0594	0	1604	30.64	-0.05814	-0.01299	1589	1192	0.7502	0.06	1.049	1621	32.49	-0.08695	-0.02084	1613	1046	0.6485	0.06522	0.9071	1394	33.89	-0.0575	0.009568	1391	984	0.7074	0.05882	0.9895	-0.1186	-0.04307
chr11	101000000	102000000	0.3769	-0.0349	0.0238	0	0.06	0	1513	31.13	-0.03566	-0.005063	1500	1213	0.8087	0.05556	1.078	1659	34.34	-0.007413	0.03787	1648	1344	0.8155	0.06174	1.087	1622	33.83	-0.05998	-0.02177	1610	1307	0.8118	0.05882	1.082	-0.1318	0.03847
chr11	102000000	103000000	0.3988	0.0499	0.0097	0	0.0585	0	1440	32.89	0.0438	-0.007464	1434	851	0.5934	0.05882	0.9592	1738	35.73	0.05	0.003681	1725	1119	0.6487	0.06098	1.048	1374	36.3	0.04167	-0.008891	1372	802	0.5845	0.05556	0.9448	-0.1615	-0.03477
chr11	103000000	104000000	0.3707	-0.0085	0.0264	0	0.0585	0	1882	31.64	-0.01209	-0.005859	1878	1162	0.6187	0.0625	1.136	2120	34.03	-0.0203	0.001691	2115	1288	0.609	0.05882	1.118	1627	34.95	-0.01285	0.007962	1620	597	0.3685	0.05556	0.6766	-0.1417	0
chr11	104000000	105000000	0.3589	-0.0551	0.023	0	0.06	0	1741	31.22	-0.03119	0.01085	1732	1068	0.6166	0.05882	1.136	1681	32.64	-0.08031	-0.004121	1669	1040	0.6231	0.05882	1.148	1484	33.61	-0.06938	2.488e-05	1480	620	0.4189	0.05556	0.7716	-0.1024	-0.04123
chr11	105000000	106000000	0.3562	-0.0636	0.0403	0	0.06	0	1506	30.96	-0.04349	0.0105	1499	1141	0.7612	0.06	1.438	1317	32.02	-0.108	-0.0199	1312	802	0.6113	0.0625	1.154	1295	32.96	-0.09771	-0.01335	1289	569	0.4414	0.05882	0.8337	-0.08092	-0.04307
chr11	106000000	107000000	0.3694	-0.0623	0.0204	0	0.0625	0	1264	31.24	-0.0305	0.02214	1258	968	0.7695	0.05848	1.414	1413	33.07	-0.06163	0.01706	1406	1006	0.7155	0.05882	1.315	1329	33.77	-0.06248	0.00476	1324	1022	0.7719	0.05882	1.418	-0.1048	-0.03953
chr11	107000000	108000000	0.3938	-0.0112	0.0185	0	0.061	0	1839	31.93	0.001379	0.01123	1827	1202	0.6579	0.06	0.982	1989	34.07	-0.0188	-0.001184	1947	1358	0.6975	0.0641	1.041	1857	34.87	-0.01643	-0.007122	1835	1260	0.6866	0.05556	1.025	-0.1155	-0.04009
chr11	108000000	109000000	0.3923	0.026	0.0163	0	0.0583	0	1143	32.42	0.0231	-0.003883	1138	468	0.4112	0.06098	0.8861	1184	34.52	0.0004005	-0.01955	1179	703	0.5963	0.05102	1.285	1088	36.03	0.03089	0.005041	1083	660	0.6094	0.05662	1.313	-0.1255	-0.07215
chr11	109000000	110000000	0.3837	0.0183	0.018	0	0.0568	0	966	32.28	0.01686	-0.006777	946	686	0.7252	0.05556	1.306	1108	35.31	0.03285	0.02066	1097	706	0.6436	0.05556	1.159	629	35.26	-0.0002918	-0.013	621	296	0.4767	0.06049	0.8585	-0.1293	0
chr11	110000000	111000000	0.3961	0.0639	0.0172	0	0.0605	0	1537	33.01	0.04924	-0.009434	1532	1201	0.7839	0.06	1.157	1687	36.02	0.06149	-0.000551	1682	1247	0.7414	0.05882	1.094	1290	36.89	0.06497	0.003339	1287	826	0.6418	0.05556	0.9473	-0.1454	-0.03653
chr11	111000000	112000000	0.4146	0.0706	0.0192	0	0.0588	0	851	33.22	0.05818	-0.009814	851	296	0.3478	0.05814	0.6465	1072	36.02	0.06173	-0.02049	1070	628	0.5869	0.05814	1.091	1144	37.21	0.07745	0.003178	1143	748	0.6544	0.05882	1.216	-0.1639	-0.04182
chr11	112000000	113000000	0.4238	0.0229	0.0145	0	0.0588	0	1333	32.22	0.01442	-0.003481	1332	579	0.4347	0.05882	0.8676	1311	35.18	0.02743	-0.001358	1306	601	0.4602	0.05882	0.9185	1303	35.57	0.01253	-0.01435	1301	692	0.5319	0.05882	1.062	-0.1193	0
chr11	113000000	114000000	0.4369	-0.0072	0.0244	0	0.0588	0	1378	32.19	0.01301	0.02842	1374	1105	0.8042	0.06	1.214	1318	34.6	0.003837	-0.002338	1314	863	0.6568	0.06098	0.9917	1140	35.6	0.01377	0.01328	1136	843	0.7421	0.05556	1.12	-0.1339	-0.03847
chr11	114000000	115000000	0.4205	-0.0131	0.0117	0	0.0588	0	1119	32.08	0.008067	0.02402	1106	629	0.5687	0.05882	1.059	1510	34.17	-0.0145	-0.006864	1499	1060	0.7071	0.05814	1.316	1167	34.79	-0.0197	-0.009126	1158	625	0.5397	0.05556	1.005	-0.09311	-0.04064
chr11	115000000	116000000	0.4209	0.0133	0.0213	0	0.0594	0	1173	32.59	0.03062	0.02023	1172	834	0.7116	0.05882	1.208	1124	35.27	0.03121	0.01095	1124	617	0.5489	0.05814	0.9318	1075	35.6	0.01355	-0.002782	1069	561	0.5248	0.05556	0.8908	-0.1085	-0.03137
chr11	116000000	117000000	0.4517	0.0565	0.0142	0	0.061	0	1120	33.24	0.05922	0.007674	1116	514	0.4606	0.06522	0.7471	1407	36.31	0.07314	-0.003886	1403	946	0.6743	0.05556	1.094	1430	36.69	0.05694	-0.006623	1422	1079	0.7588	0.05882	1.231	-0.1497	-0.03653
chr11	117000000	118000000	0.4793	0.0905	0.0301	0	0.0594	0	1092	33.53	0.07185	-0.0001634	1069	495	0.463	0.05556	0.8269	1204	37.12	0.105	-0.0158	1179	704	0.5971	0.05556	1.066	1206	37.88	0.103	0.004937	1190	517	0.4345	0.05882	0.7758	-0.1903	-0.03477
chr11	118000000	119000000	0.4629	0.086	0.0377	0	0.0578	0	1487	33.62	0.07578	0.0008517	1468	958	0.6526	0.06	0.99	1705	36.9	0.09654	-0.01383	1683	1163	0.691	0.05556	1.048	1158	38.09	0.1111	0.01437	1150	705	0.613	0.05556	0.93	-0.1444	-0.07595
chr11	119000000	120000000	0.4923	0.0906	0.0426	0	0.0588	0	1452	33.41	0.0665	0.006516	1438	603	0.4193	0.06098	0.7775	1517	38.16	0.1448	0.01886	1503	610	0.4059	0.05338	0.7526	1465	37.71	0.09655	-0.006927	1453	852	0.5864	0.05102	1.087	-0.1656	0
chr11	120000000	121000000	0.4652	0.0804	0.0157	0	0.0599	0	1552	33.6	0.07465	0.01723	1532	1144	0.7467	0.0625	1.104	1556	37.47	0.1186	0.01388	1534	1114	0.7262	0.05556	1.073	1328	37.35	0.08288	-0.009152	1316	891	0.6771	0.05556	1.001	-0.1584	0.01487
chr11	121000000	122000000	0.4121	0.0625	0.0213	0	0.0611	0	1727	32.84	0.04149	-0.01705	1705	1173	0.688	0.0625	1.248	1574	36.02	0.06184	-0.006017	1549	1154	0.745	0.06	1.351	1536	36.79	0.0612	-0.004972	1509	701	0.4645	0.05814	0.8426	-0.1497	-0.0458
chr11	122000000	123000000	0.4108	0.0109	0.0149	0	0.0617	0	1295	32.13	0.009995	-0.0002022	1277	865	0.6774	0.05882	1.084	1377	35.03	0.02142	0.004867	1353	920	0.68	0.05556	1.088	1352	35.23	-0.001298	-0.01102	1335	874	0.6547	0.05882	1.048	-0.1541	0
chr11	123000000	124000000	0.4285	0.0161	0.0223	0	0.0605	0	1828	32.17	0.01202	-0.0001789	1821	1142	0.6271	0.0625	0.9709	1876	35.39	0.0362	0.01325	1870	1043	0.5578	0.05882	0.8635	1368	35.95	0.02788	0.004055	1360	833	0.6125	0.05882	0.9483	-0.1333	-0.04439
chr11	124000000	125000000	0.4012	-0.0134	0.0217	0	0.06	0	1620	31.9	0	0.01241	1612	867	0.5378	0.05882	0.6825	2106	34.61	0.004019	0.01585	2098	1472	0.7016	0.05556	0.8903	1888	34.51	-0.03137	-0.01573	1874	1507	0.8042	0.05814	1.02	-0.1039	0
chr11	125000000	126000000	0.439	0.0163	0.0201	0	0.0597	0	1625	32.66	0.03357	0.0216	1613	999	0.6193	0.05814	1.116	1823	35.36	0.03486	0.006402	1807	1045	0.5783	0.05556	1.042	1503	35.46	0.007909	-0.01212	1488	816	0.5484	0.05556	0.9877	-0.1333	0
chr11	126000000	127000000	0.4684	0.042	0.0214	0	0.0592	0	1662	32.61	0.03153	0.006595	1656	934	0.564	0.05882	0.9261	1856	36.04	0.06262	-0.003914	1852	1101	0.5945	0.06098	0.9762	1496	37.02	0.06995	0.01566	1491	1099	0.7371	0.05357	1.21	-0.183	-0.04811
chr11	127000000	128000000	0.3907	-0.0108	0.0131	0	0.0605	0	1403	31.76	-0.006362	0.002969	1385	1063	0.7675	0.06667	1.086	1500	33.95	-0.02391	-0.003261	1481	1079	0.7286	0.06098	1.031	1198	34.82	-0.01849	-0.005291	1195	910	0.7615	0.05556	1.078	-0.1255	-0.0458
chr11	128000000	129000000	0.4219	0.0783	0.0098	0	0.06	0	1742	33.57	0.07325	-6.504e-05	1739	1307	0.7516	0.06	1.132	1678	36.26	0.07112	-0.01352	1670	1088	0.6515	0.05848	0.9815	1487	37.05	0.07135	-0.01602	1477	1033	0.6994	0.05814	1.054	-0.111	-0.04439
chr11	129000000	130000000	0.4105	0.007	0.0115	0	0.0625	0	1434	32.14	0.01079	0.003907	1431	1050	0.7338	0.05882	1.049	1649	35.2	0.02831	0.01547	1648	1141	0.6924	0.05556	0.9896	1259	35.49	0.00915	0.001505	1251	842	0.6731	0.06	0.9621	-0.152	0
chr11	130000000	131000000	0.4397	0.011	0.009	0	0.061	0	1922	31.94	0.001465	-0.006566	1910	1512	0.7916	0.06667	1.234	2206	34.74	0.009345	-0.01328	2188	1647	0.7527	0.05882	1.173	1128	35.27	-9.044e-06	-0.01584	1123	415	0.3695	0.05556	0.5761	-0.1278	0
chr11	131000000	132000000	0.4314	-0.0399	0.0191	0	0.0591	0	1713	31.12	-0.03584	0.0127	1700	1067	0.6276	0.0625	0.9819	1632	33.47	-0.04425	-0.01498	1623	1083	0.6673	0.05814	1.044	1565	34.27	-0.04148	-0.004108	1546	770	0.4981	0.0641	0.7792	-0.1271	-0.03953
chr11	132000000	133000000	0.4158	-0.0562	0.0276	0	0.0625	0	1533	31.52	-0.01733	0.03833	1531	1191	0.7779	0.0625	1.052	1523	33.01	-0.06424	-0.0118	1518	1189	0.7833	0.05882	1.059	1372	33.92	-0.05624	0	1368	1151	0.8414	0.06	1.137	-0.078	-0.03242
chr11	133000000	134000000	0.4409	-0.0327	0.0338	0	0.0597	0	1320	31.54	-0.01649	0.01907	1299	1001	0.7706	0.0641	1.085	1365	34.04	-0.01984	0.003707	1347	1011	0.7506	0.06	1.057	1150	34.74	-0.02146	0.006193	1128	792	0.7021	0.05556	0.9886	-0.1333	-0.04182
chr11	134000000	135000000	0.4664	-0.0094	0.0269	0	0.0625	0	1866	31.54	-0.01656	0.01345	1746	1375	0.7875	0.0625	1.028	2017	34.42	-0.004048	-0.01901	1926	1580	0.8204	0.06	1.071	1665	35.46	0.007945	0.005717	1594	1122	0.7039	0.05556	0.9187	-0.1329	-0.04009
chr11	135000000	135086622	0.4498	-0.0739	0.0635	0	0.0633	0	214	30.35	-0.07187	0.007267	193	144	0.7461	0.05556	0.7779	110	32.24	-0.09818	-0.04148	97	93	0.9588	0.07143	0.9995	168	33.89	-0.05731	0.009541	157	151	0.9618	0.06667	1.003	-0.09923	-0.04064
chr12	0	1000000	0.4546	0.2803	0.0382	0	0.0729	0	2097	38.67	0.2774	0.01061	1964	1190	0.6059	0.06923	0.9682	2344	43.23	0.325	0.02761	2165	1511	0.6979	0.07143	1.115	2262	41.79	0.2449	-0.03972	2076	1297	0.6248	0.07143	0.9983	-0.1996	0.1093
chr12	1000000	2000000	0.4249	0.0884	0.035	0	0.0587	0	1548	33.55	0.07235	-0.01138	1524	1177	0.7723	0.05814	1.324	1625	35.99	0.06062	-0.03475	1588	1123	0.7072	0.05556	1.212	1127	38.18	0.1144	0.02195	1103	639	0.5793	0.05556	0.993	-0.1592	-0.0458
chr12	2000000	3000000	0.4745	0.0482	0.0289	0	0.0646	0	1433	32.73	0.03699	0.008309	1399	831	0.594	0.06757	1.095	1281	36.44	0.07852	0	1257	682	0.5426	0.05556	0.9997	1590	36.43	0.04681	-0.012	1548	1174	0.7584	0.05769	1.397	-0.1644	0
chr12	3000000	4000000	0.4706	0.0741	0.0168	0	0.0594	0	1870	33.53	0.07191	0.01022	1865	1182	0.6338	0.06098	1.062	1920	37.14	0.106	0.001514	1905	1119	0.5874	0.05556	0.9841	1792	37.35	0.08286	-0.001565	1783	1137	0.6377	0.05814	1.068	-0.1543	0
chr12	4000000	5000000	0.4286	0.063	0.0156	0	0.0585	0	1424	32.83	0.04114	-0.01796	1419	994	0.7005	0.05882	1.309	1411	36.23	0.07015	0.001682	1400	1011	0.7221	0.05556	1.35	1463	37.04	0.07072	0	1447	1045	0.7222	0.05882	1.35	-0.1543	-0.03847
chr12	5000000	6000000	0.4401	0.0306	0.0152	0	0.0599	0	1683	32.52	0.02763	0	1654	1113	0.6729	0.05556	1.094	1709	35.75	0.05072	0.008109	1689	1115	0.6602	0.05814	1.073	1667	35.96	0.02801	-0.007635	1639	977	0.5961	0.05882	0.9688	-0.1497	0
chr12	6000000	7000000	0.4976	0.1014	0.0377	0	0.0583	0	1380	33.25	0.05945	-0.008268	1360	983	0.7228	0.06098	1.012	1748	37.6	0.1237	-0.007274	1727	1247	0.7221	0.05556	1.011	1441	38.05	0.1097	-0.003747	1425	1063	0.746	0.05263	1.044	-0.1851	-0.01255
chr12	7000000	8000000	0.4255	0.0197	0.0099	0	0.0625	0	1869	32.63	0.03255	0.01698	1842	1214	0.6591	0.05882	1.134	1930	35.37	0.03541	0.008748	1920	1254	0.6531	0.05882	1.124	1796	37.86	0.1023	0.07854	1772	1029	0.5807	0.07143	0.9995	-0.1745	-0.08746
chr12	8000000	9000000	0.43	0.0616	0.0098	0	0.0625	0	2255	33.34	0.06341	0.004465	2203	1397	0.6341	0.06098	1.265	2768	36.1	0.06483	-0.005959	2720	1885	0.693	0.0625	1.383	1849	37.1	0.07311	0.002426	1796	762	0.4243	0.06098	0.8465	-0.1375	-0.03562
chr12	9000000	10000000	0.3988	0.0203	0.0365	0	0.0625	0	2291	31.6	-0.01389	-0.03556	2207	1424	0.6452	0.0625	1.1	2496	34.64	0.005423	-0.01129	2407	1409	0.5854	0.06098	0.9981	2206	36.26	0.04026	0.0193	2120	1282	0.6047	0.05882	1.031	-0.1561	-0.04182
chr12	10000000	11000000	0.3757	0.026	0.0225	0	0.061	0	2133	31.86	-0.001888	-0.03326	2112	1157	0.5478	0.06667	1.122	2169	34.58	0.002747	-0.01331	2143	1522	0.7102	0.05556	1.454	2119	35.29	0.001052	-0.02094	2100	1247	0.5938	0.05769	1.216	-0.1255	-0.039
chr12	11000000	12000000	0.4033	-0.0154	0.0596	0	0.0646	0	3260	31.08	-0.03756	-0.02355	3075	2286	0.7434	0.06667	1.083	3150	34.36	-0.006259	0.005458	2917	2393	0.8204	0.06667	1.195	1773	36.21	0.03799	0.04978	1735	658	0.3793	0.05685	0.5526	-0.1699	-0.04307
chr12	12000000	13000000	0.4262	0.0446	0.0207	0	0.0605	0	1340	32.63	0.03236	-0.005034	1323	758	0.5729	0.0633	0.9865	1678	35.95	0.05899	0.008691	1662	1145	0.6889	0.05882	1.186	1587	36.98	0.06832	0.01767	1571	1021	0.6499	0.05556	1.119	-0.1543	-0.03279
chr12	13000000	14000000	0.4154	0.027	0.0183	0	0.0605	0	1403	32.43	0.0235	-0.002549	1390	852	0.6129	0.06098	1.032	1525	35.68	0.0481	0.01609	1516	996	0.657	0.05556	1.106	1341	35.93	0.02674	-0.00207	1330	780	0.5865	0.05882	0.9872	-0.1497	0
chr12	14000000	15000000	0.396	0.0091	0.0115	0	0.0621	0	1577	31.9	-1.872e-05	-0.003888	1565	831	0.531	0.05882	0.923	1744	35.01	0.02053	0.01384	1732	1164	0.6721	0.05848	1.168	1578	35.53	0.01067	0.004322	1564	746	0.477	0.05814	0.8291	-0.1468	-0.04009
chr12	15000000	16000000	0.3744	-0.0066	0.0249	0	0.06	0	1247	31.74	-0.007648	-0.01364	1246	718	0.5762	0.06049	1.063	1064	33.31	-0.05121	-0.03765	1063	605	0.5691	0.05882	1.05	1245	34.93	-0.01378	0.002972	1241	681	0.5488	0.05172	1.012	-0.1137	-0.07909
chr12	16000000	17000000	0.3662	-0.0385	0.0146	0	0.0625	0	1261	30.89	-0.04641	-0.02052	1260	842	0.6683	0.0625	1.113	1128	32.81	-0.07308	-0.0193	1126	719	0.6385	0.05556	1.064	1378	34.42	-0.03506	0.01742	1378	1042	0.7562	0.05814	1.259	-0.1375	-0.05155
chr12	17000000	18000000	0.3557	-0.0881	0.0218	0	0.0636	0	1450	30.25	-0.07673	0.001472	1437	1141	0.794	0.06	1.186	1567	31.63	-0.1258	-0.01226	1555	1054	0.6778	0.06	1.013	1689	33.16	-0.08871	0.02017	1685	1357	0.8053	0.06098	1.203	-0.1027	-0.04439
chr12	18000000	19000000	0.3636	-0.104	0.023	0	0.0659	0	1227	29.78	-0.0994	-0.006067	1214	931	0.7669	0.06522	1.012	1349	31.91	-0.1132	0.008032	1332	1019	0.765	0.0625	1.01	1422	32.75	-0.1067	0.009421	1418	1165	0.8216	0.0641	1.085	-0.1182	-0.04731
chr12	19000000	20000000	0.3911	-0.0622	0.0268	0	0.0625	0	1373	30.61	-0.05959	0	1364	765	0.5609	0.05882	0.9109	1656	32.56	-0.0842	-0.01215	1651	1262	0.7644	0.06	1.241	1758	33.62	-0.06898	-0.006368	1751	1421	0.8115	0.05882	1.318	-0.1293	-0.04182
chr12	20000000	21000000	0.3653	-0.0724	0.0326	0	0.0628	0	1852	30.28	-0.07532	-0.01825	1850	1385	0.7486	0.06098	1.358	1971	32.3	-0.09556	-0.008086	1965	1473	0.7496	0.0625	1.36	2263	33.15	-0.08912	-0.007839	2259	1328	0.5879	0.05941	1.066	-0.09165	0
chr12	21000000	22000000	0.3663	-0.061	0.0199	0	0.0625	0	1801	30.85	-0.04839	0.0007668	1790	836	0.467	0.06049	0.8971	1738	32.85	-0.07113	0.005669	1719	1182	0.6876	0.05556	1.321	1865	33.81	-0.06072	0.01427	1861	1005	0.54	0.06	1.037	-0.1054	-0.04439
chr12	22000000	23000000	0.3776	-0.0446	0.0283	0	0.0625	0	1552	31.15	-0.03441	0.007921	1550	1092	0.7045	0.06098	1.055	1542	33.18	-0.05685	-0.001869	1530	1124	0.7346	0.0641	1.1	1103	33.69	-0.06604	-0.01729	1098	684	0.623	0.05882	0.9327	-0.1085	-0.04373
chr12	23000000	24000000	0.3605	-0.0444	0.0189	0	0.06	0	1301	30.98	-0.04244	-0.01204	1296	944	0.7284	0.06049	1.224	1338	32.77	-0.07476	-0.008167	1336	896	0.6707	0.0641	1.127	1296	33.13	-0.09019	-0.03001	1294	696	0.5379	0.06	0.9037	-0.09165	0
chr12	24000000	25000000	0.3797	0.0373	0.0193	0	0.0588	0	1674	32.72	0.03623	-0.009867	1666	1198	0.7191	0.05882	1.154	1700	34.67	0.00674	-0.02053	1694	1206	0.7119	0.06049	1.142	1497	35.06	-0.008529	-0.04087	1489	811	0.5447	0.06	0.874	-0.124	0
chr12	25000000	26000000	0.39	0.0526	0.0258	0	0.0613	0	1723	32.72	0.03624	-0.01749	1714	1078	0.6289	0.06	1.196	1737	35.01	0.02054	-0.02533	1733	1149	0.663	0.05882	1.261	1961	36.32	0.04238	-0.009319	1947	1301	0.6682	0.05814	1.271	-0.1454	-0.04307
chr12	26000000	27000000	0.3901	0.0561	0.0211	0	0.0588	0	1527	32.95	0.04657	-0.01118	1518	1157	0.7622	0.0625	1.3	1379	35.16	0.02692	-0.02126	1372	773	0.5634	0.05263	0.9606	1629	36.74	0.05899	0.003792	1614	1078	0.6679	0.05556	1.139	-0.121	-0.06711
chr12	27000000	28000000	0.3979	0.0711	0.0189	0	0.0588	0	1679	32.79	0.03972	-0.0264	1664	1219	0.7326	0.06098	1.173	1529	36.08	0.06413	-0.0004198	1518	937	0.6173	0.05882	0.9887	1511	36.67	0.05617	-0.01591	1489	1124	0.7549	0.05556	1.209	-0.1538	0
chr12	28000000	29000000	0.367	-0.0145	0.0263	0	0.0617	0	1130	31.57	-0.0153	-0.01175	1122	663	0.5909	0.0625	0.9741	1193	34.04	-0.01971	0.007798	1189	763	0.6417	0.06098	1.058	1266	34.58	-0.02848	-0.001722	1262	776	0.6149	0.05556	1.014	-0.1155	-0.03562
chr12	29000000	30000000	0.3857	-0.0139	0.0267	0	0.0605	0	1764	31.31	-0.02724	-0.02341	1759	1381	0.7851	0.05882	1.484	1256	33.65	-0.03636	-0.01866	1252	559	0.4465	0.0625	0.844	1877	34.6	-0.02765	-0.007444	1866	1131	0.6061	0.0625	1.146	-0.1325	-0.04811
chr12	30000000	31000000	0.4061	0.0018	0.0234	0	0.0588	0	2033	32.22	0.01426	0.01346	2028	1588	0.783	0.05941	1.065	2367	34.59	0.003238	0	2360	1759	0.7453	0.06	1.014	1863	34.75	-0.02123	-0.02498	1860	1327	0.7134	0.05556	0.9701	-0.1187	0
chr12	31000000	32000000	0.4287	0.046	0.0272	0	0.0594	0	2036	32.9	0.0442	0.002102	2012	1016	0.505	0.05848	0.792	2042	36.26	0.07135	0.0185	2011	1038	0.5162	0.05792	0.8095	1993	37.22	0.07764	0.02255	1972	1002	0.5081	0.05814	0.7969	-0.1543	-0.03103
chr12	32000000	33000000	0.4109	0.0181	0.0242	0	0.06	0	1787	32.29	0.01733	0	1783	1306	0.7325	0.05882	1.058	1970	35.2	0.02846	0.005343	1960	1356	0.6918	0.06098	0.999	1453	35.92	0.02633	0.006927	1440	1100	0.7639	0.05556	1.103	-0.1375	-0.04307
chr12	33000000	34000000	0.3673	-0.059	0.0229	0	0.0597	0	2032	30.9	-0.04595	0.002744	2014	1628	0.8083	0.0625	0.9968	1467	32.8	-0.07363	-0.003461	1463	1306	0.8927	0.05882	1.101	2041	33.07	-0.09288	-0.02162	2030	1644	0.8099	0.05556	0.9987	-0.1061	0
chr12	34000000	35000000	0.4168	-0.3449	0.2013	1	0.0662	0	1324	20.74	-0.621	NA	800	331	0.4138	0.07692	0.6356	2004	29.66	-0.2188	NA	1501	1194	0.7955	0.06098	1.222	1293	24.51	-0.5251	NA	809	332	0.4104	0.07143	0.6304	-0.122	-0.142
chr12	35000000	36000000	0.3855	-1.933	0.1098	1	0.112	1	1791	9.694	-1.719	NA	392	184	0.4694	NA	0.9506	1976	9.837	-1.811	NA	388	193	0.4974	NA	1.007	1813	10.42	-1.758	NA	443	194	0.4379	NA	0.8868	0.2539	-1
chr12	36000000	37000000	0.3855	-2.106	0.1066	1	0.1154	1	2378	8.011	-1.994	NA	451	203	0.4501	NA	0.9178	2476	7.908	-2.126	NA	483	263	0.5445	NA	1.11	2298	9.025	-1.966	NA	516	207	0.4012	NA	0.818	0.0614	-0.7324
chr12	37000000	38000000	0.3785	-0.2539	0.0481	0	0.0679	0	2033	25.73	-0.3103	-0.05865	1472	698	0.4742	0.06667	0.7401	2592	28.92	-0.2552	0.008681	2025	1610	0.7951	0.06466	1.241	2060	29.81	-0.2427	0.01655	1493	719	0.4816	0.0641	0.7516	-0.1278	-0.08746
chr12	38000000	39000000	0.376	-0.0506	0.0293	0	0.0625	0	1506	30.9	-0.04607	-0.000934	1499	947	0.6318	0.0625	1.009	1810	32.96	-0.06636	-0.005821	1799	1153	0.6409	0.06098	1.023	1521	33.96	-0.05445	-0.0002074	1515	962	0.635	0.06098	1.014	-0.1234	-0.04307
chr12	39000000	40000000	0.3708	-0.0017	0.0303	0	0.06	0	844	31.61	-0.01336	-0.01393	835	359	0.4299	0.06098	0.9048	901	33.47	-0.04421	-0.03002	893	436	0.4882	0.05882	1.027	958	34.92	-0.01435	-0.001167	954	399	0.4182	0.06667	0.8801	-0.1444	-0.05247
chr12	40000000	41000000	0.3625	-0.0025	0.0165	0	0.0594	0	2103	31.6	-0.0136	-0.01643	2089	1393	0.6668	0.06	1.104	2004	32.96	-0.06652	-0.04136	1987	1256	0.6321	0.05882	1.046	2050	35.17	-0.003824	0.009495	2035	1361	0.6688	0.05882	1.107	-0.1155	-0.08246
chr12	41000000	42000000	0.3729	-0.0363	0.0235	0	0.0625	0	1783	30.78	-0.05169	-0.02143	1762	1226	0.6958	0.06522	1.107	1634	32.5	-0.08683	-0.04033	1619	988	0.6103	0.06098	0.9711	1569	33.8	-0.06122	-0.01722	1544	916	0.5933	0.05263	0.9441	-0.1119	-0.04891
chr12	42000000	43000000	0.3969	0.0135	0.0185	0	0.0602	0	1691	31.5	-0.01833	-0.02523	1688	1199	0.7103	0.0625	1.145	1289	33.6	-0.03884	-0.04701	1287	794	0.6169	0.06	0.9943	1749	35.76	0.02001	0.007307	1742	1004	0.5763	0.05556	0.9288	-0.142	-0.06642
chr12	43000000	44000000	0.3698	-0.0214	0.0129	0	0.0625	0	1412	31.66	-0.01123	-0.0004851	1399	872	0.6233	0.0625	0.9777	1106	33.73	-0.03315	0.004644	1102	563	0.5109	0.06	0.8014	1592	34.63	-0.02634	0.001972	1582	1140	0.7206	0.05882	1.13	-0.1186	-0.037
chr12	44000000	45000000	0.3685	-0.0429	0.0222	0	0.0609	0	627	31.05	-0.03939	-0.006789	625	506	0.8096	0.0625	1.247	365	33.5	-0.04307	0.01221	360	170	0.4722	0.05848	0.7272	1336	34.18	-0.04503	0.01008	1317	1028	0.7806	0.06174	1.202	-0.1155	-0.03747
chr12	45000000	46000000	0.3855	0.0163	0.0167	0	0.0588	0	787	32.01	0.004987	-0.02116	785	364	0.4637	0.0633	0.8144	1216	34.83	0.0132	0.0008429	1210	962	0.795	0.05882	1.396	802	35.61	0.01418	0.004445	798	306	0.3835	0.05291	0.6734	-0.1293	-0.04064
chr12	46000000	47000000	0.3889	0.0272	0.0176	0	0.0585	0	1391	32.25	0.0154	-0.01409	1386	750	0.5411	0.05882	0.8775	1265	34.81	0.01216	-0.005989	1261	920	0.7296	0.0625	1.183	1431	35.65	0.01567	-0.01063	1427	673	0.4716	0.05556	0.7647	-0.1375	-0.04064
chr12	47000000	48000000	0.4315	0.0752	0.0225	0	0.0585	0	1444	33.86	0.08576	0.02042	1443	1078	0.7471	0.05556	1.115	1296	36.63	0.08583	0	1295	867	0.6695	0.05814	0.999	1419	37.44	0.08644	0.009162	1414	978	0.6917	0.05556	1.032	-0.1561	-0.03747
chr12	48000000	49000000	0.4369	0.0606	0.0243	0	0.0588	0	1523	33.18	0.05658	0.004189	1513	1211	0.8004	0.05556	1.116	1252	36.65	0.08658	0.01261	1240	888	0.7161	0.05882	0.9981	1456	36.75	0.05937	-0.008919	1443	1182	0.8191	0.05814	1.142	-0.1543	-0.03562
chr12	49000000	50000000	0.4747	0.0813	0.0285	0	0.0578	0	1086	33.22	0.0584	-0.003375	1082	930	0.8595	0.06	1.074	448	37.3	0.1122	0.00056	444	326	0.7342	0.05556	0.9178	1035	37.93	0.105	0.01264	1031	855	0.8293	0.05556	1.037	-0.1971	0.03519
chr12	50000000	51000000	0.4309	0.0298	0.0297	0	0.0594	0	1209	31.81	-0.004326	-0.02964	1187	916	0.7717	0.06	1.243	627	35.26	0.0309	-0.006879	623	8	0.01284	0.09687	0.02068	1411	35.88	0.02509	-0.008073	1386	998	0.7201	0.06	1.16	-0.1509	-0.04897
chr12	51000000	52000000	0.4489	0.0627	0.0186	0	0.0602	0	1317	33.1	0.05296	-0.001122	1307	830	0.635	0.05882	1.217	1171	36.46	0.0791	-0.002069	1164	412	0.354	0.06	0.6783	1282	36.99	0.06901	-0.0004232	1265	814	0.6435	0.05814	1.233	-0.1481	-0.03171
chr12	52000000	53000000	0.4963	0.1042	0.025	0	0.0588	0	2359	34.22	0.1012	0.02828	2330	1681	0.7215	0.0625	1.092	1850	38.03	0.1401	0.004066	1834	1384	0.7546	0.05319	1.143	2301	37.89	0.1037	-0.01255	2275	1647	0.724	0.05882	1.096	-0.152	-0.01487
chr12	53000000	54000000	0.4711	0.1004	0.0303	0	0.0568	0	1078	33.35	0.06395	-0.02098	1068	748	0.7004	0.06	1.214	887	37.23	0.1092	-0.02258	883	552	0.6251	0.05263	1.083	1080	37.98	0.1071	-0.003633	1077	738	0.6852	0.05556	1.187	-0.1699	-0.03653
chr12	54000000	55000000	0.4483	0.0592	0.0202	0	0.0585	0	1329	32.32	0.01875	-0.03016	1313	672	0.5118	0.06098	0.8879	1412	36.06	0.06332	-0.01445	1404	852	0.6068	0.05556	1.053	1308	36.48	0.04873	-0.01678	1293	553	0.4277	0.06098	0.742	-0.1751	0
chr12	55000000	56000000	0.4065	0.0278	0.01	0	0.0588	0	1156	32.34	0.0197	-0.006324	1150	701	0.6096	0.06098	1	1228	35.16	0.02691	-0.0008081	1220	847	0.6943	0.0625	1.139	682	35.68	0.01677	-0.01445	675	4	0.005926	NA	0.009724	-0.1357	0
chr12	56000000	57000000	0.4652	0.0429	0.0187	0	0.06	0	831	32.28	0.017	-0.002922	821	347	0.4227	0.05172	0.9534	846	35.74	0.05033	-0.01693	839	471	0.5614	0.05263	1.266	898	36.73	0.05868	0.00415	894	278	0.311	0.05556	0.7015	-0.1478	-0.06076
chr12	57000000	58000000	0.4774	0.0888	0.0241	0	0.0588	0	905	32.81	0.04032	-0.03106	892	464	0.5202	0.06	1.008	774	37.22	0.1091	-0.009641	767	372	0.485	0.05814	0.9403	997	37.78	0.09941	0	990	697	0.704	0.06098	1.365	-0.1967	-0.03477
chr12	58000000	59000000	0.3841	-0.0049	0.0349	0	0.0611	0	1203	31.96	0.002573	0.003056	1181	489	0.4141	0.05556	0.6497	1456	34.6	0.003475	0.01499	1439	1035	0.7192	0.05882	1.129	1544	34.01	-0.05218	-0.04218	1518	997	0.6568	0.06	1.031	-0.08964	0
chr12	59000000	60000000	0.3629	-0.063	0.0184	0	0.06	0	1369	30.55	-0.06273	-0.007599	1343	945	0.7036	0.0625	1.13	1091	32.8	-0.07331	0.007188	1078	625	0.5798	0.05556	0.9314	1289	32.88	-0.1011	-0.02755	1281	978	0.7635	0.05882	1.226	-0.1293	0
chr12	60000000	61000000	0.3472	-0.0872	0.0484	0	0.0633	0	1351	29.98	-0.08986	-0.0118	1345	804	0.5978	0.0625	1.106	1326	31.63	-0.1258	-0.01217	1322	660	0.4992	0.05882	0.9235	1108	32.13	-0.1345	-0.02074	1098	697	0.6348	0.0641	1.174	-0.09622	0
chr12	61000000	62000000	0.3615	-0.0844	0.0225	0	0.0641	0	1912	30.76	-0.05247	0.02126	1900	1464	0.7705	0.06	1.181	1825	31.96	-0.1109	-0.006972	1812	1478	0.8157	0.05882	1.25	1935	32.84	-0.1029	-0.006835	1926	1384	0.7186	0.0625	1.101	-0.08246	-0.04064
chr12	62000000	63000000	0.3881	-0.0117	0.0295	0	0.0594	0	1122	32.27	0.01631	0.02135	1120	980	0.875	0.05941	1.27	1199	34.26	-0.01058	0.007936	1198	1052	0.8781	0.05556	1.275	705	35.12	-0.00595	0.007497	704	504	0.7159	0.05137	1.039	-0.1227	0
chr12	63000000	64000000	0.3817	-0.0215	0.0138	0	0.0637	0	1020	31.65	-0.01168	0.00774	1009	803	0.7958	0.06667	1.109	1175	33.64	-0.03685	-0.005322	1172	767	0.6544	0.06	0.912	1462	34.56	-0.0291	-0.003404	1445	1159	0.8021	0.06098	1.118	-0.1171	-0.04373
chr12	64000000	65000000	0.4124	-0.0051	0.0224	0	0.0578	0	1179	31.57	-0.01521	-0.006146	1156	746	0.6453	0.06098	1.015	1243	34.67	0.006414	0.008344	1230	791	0.6431	0.05556	1.011	1226	35.47	0.008282	0.01023	1210	898	0.7421	0.0625	1.167	-0.1751	-0.06559
chr12	65000000	66000000	0.3874	-0.0135	0.0316	0	0.0617	0	783	32.07	0.00738	0.01422	780	487	0.6244	0.06098	1.319	684	34.17	-0.0142	0.004427	681	403	0.5918	0.05556	1.251	717	34.64	-0.02581	-0.01098	716	404	0.5642	0.05814	1.192	-0.1125	0
chr12	66000000	67000000	0.39	-0.0155	0.0223	0	0.0613	0	1317	31.37	-0.02441	-0.01004	1311	729	0.5561	0.06	0.9418	1134	34.01	-0.0211	0.001136	1129	458	0.4057	0.05556	0.6871	1493	34.87	-0.0163	0.0001076	1481	860	0.5807	0.05882	0.9836	-0.1497	-0.04307
chr12	67000000	68000000	0.3944	0.0051	0.0229	0	0.06	0	1289	32.21	0.01394	0.00471	1283	485	0.378	0.06757	0.673	1668	34.31	-0.008322	-0.01168	1664	1160	0.6971	0.05882	1.241	1341	35.23	-0.001571	-0.003545	1336	779	0.5831	0.06098	1.038	-0.1027	-0.03953
chr12	68000000	69000000	0.4022	0.0516	0.015	0	0.0588	0	980	32.95	0.04648	-0.006503	978	486	0.4969	0.05882	0.7762	1269	35.76	0.05116	-0.003114	1269	865	0.6816	0.05882	1.065	1176	35.88	0.02501	-0.02948	1175	849	0.7226	0.05814	1.129	-0.1085	-0.03747
chr12	69000000	70000000	0.399	0.0205	0.0163	0	0.0605	0	1757	32.29	0.0173	-0.00239	1746	1261	0.7222	0.06	1.098	1426	34.77	0.0107	-0.006599	1411	1077	0.7633	0.0641	1.161	1475	35.7	0.01777	-0.003549	1467	858	0.5849	0.05556	0.8894	-0.1274	-0.03653
chr12	70000000	71000000	0.3798	-0.0402	0.0159	0	0.06	0	1348	30.83	-0.04955	-0.01859	1332	1011	0.759	0.05882	1.093	1394	33.59	-0.03907	0.01213	1388	924	0.6657	0.06	0.9585	1506	34.17	-0.04552	-0.0003595	1489	1075	0.722	0.05882	1.04	-0.1357	0
chr12	71000000	72000000	0.3775	-0.04	0.0114	0	0.0613	0	1326	30.91	-0.04552	-0.008343	1312	861	0.6562	0.06098	1.096	1460	33.72	-0.03352	0.01749	1454	1048	0.7208	0.0633	1.204	1203	34.15	-0.04641	-0.002252	1185	520	0.4388	0.05882	0.7331	-0.1481	0
chr12	72000000	73000000	0.3648	-0.0696	0.0163	0	0.0613	0	1160	31.05	-0.03928	0.0162	1157	725	0.6266	0.06	0.9545	1278	32.93	-0.06792	0.0155	1273	950	0.7463	0.05556	1.137	1213	33.21	-0.08677	-0.005707	1211	844	0.6969	0.06098	1.062	-0.08368	-0.0375
chr12	73000000	74000000	0.35	-0.0971	0.0348	0	0.0633	0	1083	29.96	-0.09093	-0.003859	1067	223	0.209	0.05556	0.3015	1590	31.16	-0.1477	-0.01865	1572	1103	0.7017	0.06098	1.012	1275	32.16	-0.1331	-0.009132	1254	711	0.567	0.06667	0.8179	-0.08246	-0.04439
chr12	74000000	75000000	0.3518	-0.0905	0.027	0	0.0646	0	1197	30.11	-0.08338	-0.007355	1185	629	0.5308	0.06522	0.8155	1484	31.85	-0.116	0.003752	1466	971	0.6623	0.0625	1.018	1384	32.67	-0.1103	0.002369	1373	919	0.6693	0.0625	1.028	-0.09527	-0.01658
chr12	75000000	76000000	0.3724	-0.0293	0.0232	0	0.0615	0	1199	30.73	-0.054	-0.03054	1191	908	0.7624	0.0641	1.155	1372	32.7	-0.07794	-0.04046	1361	1055	0.7752	0.05556	1.174	1271	34.63	-0.02617	0.006976	1267	1012	0.7987	0.05556	1.21	-0.1304	-0.08883
chr12	76000000	77000000	0.391	-0.0132	0.0136	0	0.0607	0	1142	31.02	-0.0406	-0.03021	1127	837	0.7427	0.06	1.142	1417	33.34	-0.0497	-0.02772	1403	1028	0.7327	0.06098	1.127	1318	34.81	-0.01879	-0.005184	1300	872	0.6708	0.0641	1.031	-0.1227	-0.05155
chr12	77000000	78000000	0.3689	-0.0487	0.0155	0	0.0643	0	1683	30.84	-0.04887	-0.01082	1677	1030	0.6142	0.0625	1.02	1721	32.68	-0.07862	-0.01209	1712	1216	0.7103	0.05556	1.179	1385	34.18	-0.04509	0.01399	1383	778	0.5625	0.06	0.934	-0.123	-0.07039
chr12	78000000	79000000	0.3519	-0.0758	0.0211	0	0.0647	0	720	30.44	-0.06757	-0.006145	715	510	0.7133	0.06667	0.9918	1073	32.08	-0.1054	-0.0004271	1060	844	0.7962	0.0625	1.107	795	33.5	-0.07424	0.0251	791	509	0.6435	0.0625	0.8947	-0.1171	-0.04977
chr12	79000000	80000000	0.3728	-0.0643	0.0163	0	0.0673	0	488	30.86	-0.04799	0.01102	486	254	0.5226	0.07143	0.943	835	32.57	-0.08373	-0.01025	832	578	0.6947	0.05882	1.254	569	34.17	-0.04545	0.0243	561	371	0.6613	0.05263	1.193	-0.1278	-0.07595
chr12	80000000	81000000	0.363	-0.0736	0.0286	0	0.0633	0	1598	30.25	-0.07692	-0.01241	1562	954	0.6108	0.0625	1.056	1980	32.37	-0.09227	-0.0009014	1923	1271	0.6609	0.0641	1.143	1352	33.69	-0.06591	0.0185	1306	1009	0.7726	0.06667	1.336	-0.152	-0.05889
chr12	81000000	82000000	0.3508	-0.0721	0.02	0	0.0625	0	1145	30.32	-0.07333	-0.01594	1139	437	0.3837	0.0625	0.6805	1408	32.21	-0.09977	0.003699	1402	889	0.6341	0.06	1.125	1211	33.41	-0.07805	0.0209	1207	649	0.5377	0.06098	0.9537	-0.1278	0
chr12	82000000	83000000	0.3653	-0.0536	0.0242	0	0.0656	0	1132	30.3	-0.0745	-0.03624	1129	515	0.4562	0.06757	0.9029	1383	32.25	-0.09804	-0.02936	1381	997	0.7219	0.0641	1.429	1062	33.99	-0.05326	0.009222	1060	380	0.3585	0.06	0.7096	-0.1193	-0.06871
chr12	83000000	84000000	0.3617	-0.0877	0.0253	0	0.0629	0	1915	30.25	-0.07703	0.0002344	1907	1237	0.6487	0.06098	1.059	2155	31.94	-0.1116	-0.004372	2141	1629	0.7609	0.0625	1.242	1508	33.06	-0.093	0.005772	1495	866	0.5793	0.05882	0.9453	-0.0902	-0.03953
chr12	84000000	85000000	0.3466	-0.0805	0.0228	0	0.0617	0	1756	30.09	-0.08428	-0.01458	1747	1285	0.7355	0.06667	1.08	1899	31.67	-0.1242	-0.01615	1893	1244	0.6572	0.05882	0.9653	1522	32.68	-0.1098	-0.005287	1511	892	0.5903	0.05882	0.8671	-0.09466	-0.04439
chr12	85000000	86000000	0.3466	-0.0721	0.025	0	0.0625	0	919	30.14	-0.08202	-0.02073	907	659	0.7266	0.06	0.8963	1612	31.42	-0.1356	-0.03598	1596	1172	0.7343	0.0625	0.9059	1102	33.21	-0.08672	0.009384	1093	903	0.8262	0.06098	1.019	-0.07698	-0.04244
chr12	86000000	87000000	0.3458	-0.1111	0.0198	0	0.0667	0	1181	29.73	-0.1017	-0.001105	1178	287	0.2436	0.0625	0.4166	1337	31.36	-0.1383	0.0003732	1330	990	0.7444	0.05882	1.273	1624	32.24	-0.1294	0.006484	1615	1112	0.6885	0.05556	1.177	-0.1054	0
chr12	87000000	88000000	0.3537	-0.081	0.026	0	0.0594	0	1137	30.4	-0.06962	-0.00567	1135	909	0.8009	0.05882	1.404	986	32.38	-0.09203	0.007964	983	645	0.6562	0.05556	1.15	1168	32.77	-0.106	-0.002543	1163	879	0.7558	0.06	1.325	-0.09788	0
chr12	88000000	89000000	0.3625	-0.047	0.018	0	0.0621	0	656	31.34	-0.02586	0.01581	653	226	0.3461	0.0625	0.8497	879	33.56	-0.04033	0.02933	874	631	0.722	0.05882	1.773	568	34.45	-0.03375	0.02407	561	121	0.2157	0.05556	0.5296	-0.1298	-0.04731
chr12	89000000	90000000	0.3844	0.0314	0.0344	0	0.0585	0	947	32.41	0.02274	-0.01399	944	585	0.6197	0.06	1.042	931	34.93	0.01749	-0.008763	928	589	0.6347	0.05556	1.067	942	35.89	0.02512	-0.001665	937	419	0.4472	0.05882	0.7515	-0.1031	-0.0458
chr12	90000000	91000000	0.3577	-0.0121	0.0185	0	0.0613	0	1346	31.43	-0.02146	-0.02091	1324	815	0.6156	0.05882	1.028	1423	33.92	-0.02488	0.007198	1410	825	0.5851	0.06098	0.9768	870	33.59	-0.07023	-0.04199	857	407	0.4749	0.05882	0.7928	-0.1024	0
chr12	91000000	92000000	0.3614	0.0227	0.0192	0	0.0591	0	1310	32.48	0.02584	-0.007525	1309	530	0.4049	0.0625	0.7638	1532	34.32	-0.008013	-0.009999	1530	994	0.6497	0.05882	1.226	1186	35.25	-0.0007002	-0.01117	1185	667	0.5629	0.05	1.062	-0.09622	-0.03171
chr12	92000000	93000000	0.3931	0.068	0.0342	0	0.0613	0	1026	32.84	0.04188	-0.02647	1019	566	0.5554	0.06	0.8215	1101	35.21	0.02899	-0.03237	1094	771	0.7048	0.06098	1.042	1060	37.41	0.08505	0.01623	1055	738	0.6995	0.05556	1.035	-0.1375	-0.0902
chr12	93000000	94000000	0.4133	0.0724	0.0154	0	0.0572	0	895	33.58	0.07381	0.002376	892	473	0.5303	0.0641	0.6895	1541	36.03	0.06199	-0.01982	1532	1234	0.8055	0.05556	1.047	1193	37.16	0.07566	-0.0009292	1181	875	0.7409	0.05172	0.9633	-0.1341	-0.03906
chr12	94000000	95000000	0.4202	0.0593	0.0171	0	0.0588	0	1750	32.93	0.0455	-0.01194	1748	1115	0.6379	0.0641	0.9421	1921	36.04	0.06253	-0.003368	1916	1421	0.7416	0.05882	1.095	1731	36.64	0.05534	-0.004204	1730	923	0.5335	0.05319	0.788	-0.152	-0.03436
chr12	95000000	96000000	0.4106	0.0296	0.0197	0	0.0605	0	1610	32.22	0.01437	-0.0173	1594	1129	0.7083	0.06667	1.009	1744	35.41	0.03715	0.001525	1732	1281	0.7396	0.05882	1.054	1751	35.51	0.00992	-0.01967	1729	1221	0.7062	0.05556	1.006	-0.1414	0
chr12	96000000	97000000	0.3988	0.0318	0.0176	0	0.0588	0	1176	32.08	0.008083	-0.02508	1172	638	0.5444	0.06667	0.8371	1413	35.45	0.03884	0.01062	1406	1092	0.7767	0.06098	1.194	1387	36.07	0.03252	6.29e-05	1377	792	0.5752	0.05882	0.8845	-0.1836	-0.04123
chr12	97000000	98000000	0.3864	-0.0455	0.0321	0	0.0621	0	1544	31.69	-0.009936	0.02919	1528	723	0.4732	0.06098	0.7542	1500	33.36	-0.04906	0.001336	1459	833	0.5709	0.05882	0.91	1638	33.82	-0.06038	-0.01149	1592	1059	0.6652	0.0625	1.06	-0.06413	-0.03747
chr12	98000000	99000000	0.4059	0.0065	0.0148	0	0.06	0	1031	32.04	0.006067	0.0007619	1021	710	0.6954	0.0633	1.063	1409	33.89	-0.02647	-0.03441	1402	1035	0.7382	0.06	1.129	782	35.2	-0.002865	-0.0104	777	689	0.8867	0.05556	1.356	-0.122	-0.07215
chr12	99000000	100000000	0.3723	-0.0299	0.0181	0	0.0633	0	938	31.06	-0.03852	-0.01446	936	669	0.7147	0.06667	1.01	1071	33.6	-0.03873	-0.001455	1071	756	0.7059	0.05882	0.9977	904	34.72	-0.0224	0.01222	903	631	0.6988	0.06	0.9877	-0.1278	-0.03103
chr12	100000000	101000000	0.3997	-0.0105	0.025	0	0.0594	0	842	31.18	-0.03332	-0.02254	840	640	0.7619	0.0625	0.9552	1138	34.2	-0.013	0.0006959	1136	905	0.7967	0.05814	0.9988	780	35.03	-0.009679	5.146e-05	778	640	0.8226	0.05556	1.031	-0.1543	-0.04439
chr12	101000000	102000000	0.4017	0.0274	0.0181	0	0.0597	0	1242	31.89	-0.0004622	-0.02773	1225	848	0.6922	0.06049	0.9181	1539	35.24	0.03008	0.001448	1518	1208	0.7958	0.05882	1.055	1408	36.08	0.03276	0.007635	1383	993	0.718	0.05556	0.9523	-0.142	-0.03953
chr12	102000000	103000000	0.3915	0.0175	0.0152	0	0.0625	0	989	32.24	0.01527	-0.004843	983	519	0.528	0.06818	0.8887	1367	34.86	0.01464	0.009444	1362	1019	0.7482	0.06	1.259	974	35.69	0.01709	-0.004353	972	533	0.5484	0.0625	0.923	-0.1414	-0.03747
chr12	103000000	104000000	0.4015	0.0426	0.0244	0	0.0588	0	1065	33	0.04892	0.005977	1061	668	0.6296	0.06174	0.9544	1178	35.42	0.03724	-0.006936	1170	891	0.7615	0.05882	1.154	1455	36.75	0.05944	0.01916	1444	924	0.6399	0.05882	0.97	-0.1333	-0.03171
chr12	104000000	105000000	0.4256	0.0747	0.0229	0	0.0556	0	1068	32.88	0.0436	-0.02643	1067	836	0.7835	0.06667	1.247	1346	36.71	0.089	0.007343	1345	915	0.6803	0.05556	1.082	1213	37.12	0.07412	-0.005787	1210	834	0.6893	0.05556	1.097	-0.1541	0
chr12	105000000	106000000	0.4126	0.0328	0.0275	0	0.06	0	1579	32.03	0.005602	-0.02275	1568	869	0.5542	0.06	0.8787	1906	35.58	0.04377	0.008193	1899	1455	0.7662	0.06098	1.215	1772	36.05	0.0318	-0.004261	1761	1417	0.8047	0.06	1.276	-0.1561	-0.03242
chr12	106000000	107000000	0.4182	0.0265	0.0181	0	0.0607	0	857	32.75	0.03755	0.009899	851	555	0.6522	0.0625	0.9019	1118	35.26	0.03098	-0.005351	1112	969	0.8714	0.05814	1.205	941	35.71	0.01805	-0.0113	937	673	0.7182	0.05556	0.9933	-0.1329	-0.03519
chr12	107000000	108000000	0.43	0.0224	0.0263	0	0.0609	0	1528	32.44	0.02383	0.004091	1528	747	0.4889	0.0625	0.7385	1756	35.8	0.05297	0.02138	1752	1186	0.6769	0.05814	1.023	1471	36.18	0.03684	0.00535	1460	1209	0.8281	0.05556	1.251	-0.1497	-0.03171
chr12	108000000	109000000	0.4598	0.0695	0.0343	0	0.0591	0	1307	32.99	0.04821	-0.005072	1297	718	0.5536	0.05263	0.7993	1527	36.7	0.08861	-0.001446	1520	1102	0.725	0.06098	1.047	1452	37.2	0.07706	-0.002935	1441	1007	0.6988	0.05814	1.009	-0.1758	-0.03356
chr12	109000000	110000000	0.4751	0.0698	0.0311	0	0.0585	0	1183	33.94	0.08915	0.03845	1175	1034	0.88	0.05882	1.223	1221	37.3	0.1119	0.01174	1216	855	0.7031	0.05556	0.9772	1122	37.2	0.07716	-0.003742	1105	739	0.6688	0.05882	0.9295	-0.1598	0
chr12	110000000	111000000	0.4492	0.0887	0.0347	0	0.059	0	567	32.49	0.0261	-0.05286	557	399	0.7163	0.06604	0.9672	851	36.86	0.09489	-0.01196	842	602	0.715	0.06098	0.9654	513	36.71	0.05786	-0.03576	494	247	0.5	0.05814	0.6751	-0.2157	0
chr12	111000000	112000000	0.4667	0.0543	0.091	0	0.0556	0	102	31.85	-0.002239	-0.03678	97	49	0.5052	0.05556	0.7468	667	37.15	0.1064	0.02775	657	621	0.9452	0.0625	1.397	641	37.25	0.07915	0.01289	632	596	0.943	0.05814	1.394	-0.1678	0
chr12	112000000	113000000	0.438	0.0619	0.0286	0	0.0575	0	551	32.84	0.0417	-0.01526	544	394	0.7243	0.05941	1.087	721	35.73	0.05009	-0.02567	708	479	0.6766	0.06098	1.016	764	36.82	0.06238	-0.005009	755	532	0.7046	0.05882	1.058	-0.152	-0.03747
chr12	113000000	114000000	0.4932	0.0776	0.0307	0	0.0588	0	980	32.88	0.04328	-0.004593	974	532	0.5462	0.0625	0.7709	1437	36.84	0.09428	-0.01829	1427	1099	0.7701	0.05556	1.087	1461	37.54	0.09031	0.0001822	1453	1120	0.7708	0.05556	1.088	-0.1699	-0.03395
chr12	114000000	115000000	0.4431	-0.0288	0.0317	0	0.0617	0	1492	31.43	-0.02168	0.01423	1472	967	0.6569	0.05882	0.9334	1784	34.74	0.009258	0.02716	1759	1207	0.6862	0.05556	0.975	1462	34.28	-0.0408	-0.01697	1445	1036	0.717	0.06	1.019	-0.1699	0.04307
chr12	115000000	116000000	0.4262	-0.0285	0.0252	0	0.0605	0	1460	31.75	-0.006788	0.02891	1457	908	0.6232	0.06	0.8866	1648	35.04	0.02205	0.04485	1640	1148	0.7	0.05882	0.9959	1575	34.37	-0.03719	-0.01474	1573	1217	0.7737	0.05556	1.101	-0.1375	0.05445
chr12	116000000	117000000	0.435	0.0152	0.0201	0	0.0592	0	1052	32.23	0.01456	0.003769	1048	535	0.5105	0.05882	0.8438	1092	36.67	0.08749	0.0582	1085	672	0.6194	0.05814	1.024	1039	36.55	0.05162	0.03657	1036	612	0.5907	0.05662	0.9764	-0.2039	0
chr12	117000000	118000000	0.4601	0.0222	0.0267	0	0.0594	0	1419	32.48	0.02583	0.01769	1405	1036	0.7374	0.06	1.052	1698	36.27	0.07159	0.02699	1691	1232	0.7286	0.05556	1.039	1507	36.22	0.03865	0.005707	1505	1123	0.7462	0.05882	1.064	-0.1745	0
chr12	118000000	119000000	0.4268	-0.0163	0.0119	0	0.061	0	1242	31.17	-0.0334	-0.01302	1238	780	0.63	0.0625	0.972	1242	35.25	0.03068	0.04151	1236	717	0.5801	0.05556	0.8949	1493	34.8	-0.01902	-0.008734	1491	1020	0.6841	0.05882	1.055	-0.1651	0
chr12	119000000	120000000	0.4396	0.026	0.0263	0	0.0607	0	1184	31.53	-0.01718	-0.04014	1177	523	0.4444	0.05882	0.6998	1491	35.44	0.03816	0.0001508	1482	1013	0.6835	0.05882	1.076	1290	35.29	0.0009163	-0.02814	1277	794	0.6218	0.05556	0.9792	-0.152	0
chr12	120000000	121000000	0.4727	0.0555	0.0396	0	0.0617	0	1228	32.7	0.0355	-0.001103	1217	760	0.6245	0.0641	0.9336	1311	36.91	0.09697	0.01066	1303	926	0.7107	0.05556	1.062	1152	37.13	0.07421	0.008954	1137	773	0.6799	0.05882	1.016	-0.1829	0
chr12	121000000	122000000	0.4873	0.095	0.0583	0	0.0561	0	984	32.84	0.04176	-0.01946	964	667	0.6919	0.06	0.9973	1392	37.56	0.122	-0.009225	1360	1077	0.7919	0.05882	1.141	1202	37.8	0.1001	-0.01091	1173	875	0.746	0.05556	1.075	-0.1926	-0.03953
chr12	122000000	123000000	0.4701	0.081	0.0363	0	0.0594	0	823	32.84	0.04154	-0.02399	817	532	0.6512	0.05556	1.074	1333	37.28	0.1113	0	1327	1124	0.847	0.05814	1.397	1400	38.02	0.1087	0.01539	1391	944	0.6786	0.06	1.119	-0.1993	-0.0458
chr12	123000000	124000000	0.4693	0.0758	0.0397	0	0.0611	0	622	32.14	0.01081	-0.04952	613	205	0.3344	0.06667	0.6363	997	36.44	0.07855	-0.02286	995	705	0.7085	0.05814	1.348	1178	38.03	0.1089	0.02184	1170	806	0.6889	0.05556	1.311	-0.2065	-0.06711
chr12	124000000	125000000	0.5146	0.1325	0.0193	0	0.0572	0	1904	34.05	0.09382	-0.005912	1872	1126	0.6015	0.05882	1.149	1929	39.25	0.1857	0.003801	1906	1183	0.6207	0.05556	1.186	1688	38.64	0.1318	-0.01873	1669	1098	0.6579	0.05263	1.257	-0.1946	0
chr12	125000000	126000000	0.4412	0.054	0.0248	0	0.0588	0	1624	33.02	0.0497	-0.001547	1615	860	0.5325	0.05882	0.7882	1580	35.83	0.054	-0.008776	1570	663	0.4223	0.05556	0.6251	1719	36.06	0.03213	-0.02809	1703	1370	0.8045	0.05882	1.191	-0.1414	0
chr12	126000000	127000000	0.4054	-0.053	0.0453	0	0.0617	0	1723	31.46	-0.02024	0.03422	1702	939	0.5517	0.0625	0.8901	1566	33.63	-0.03721	0.01674	1549	611	0.3944	0.06	0.6364	1766	33.14	-0.08959	-0.03762	1749	1191	0.681	0.05882	1.099	-0.1031	0.03953
chr12	127000000	128000000	0.4135	-0.0689	0.0336	0	0.0629	0	2018	30.74	-0.05351	0.01492	1991	1185	0.5952	0.06667	1.125	2081	32.45	-0.08899	-0.03044	2048	1076	0.5254	0.06667	0.993	2183	33.36	-0.08018	-0.01454	2141	1232	0.5754	0.06049	1.088	-0.1024	-0.04182
chr12	128000000	129000000	0.4495	-0.0204	0.0144	0	0.0625	0	2116	31.51	-0.01797	0.008055	2090	1310	0.6268	0.0625	1.106	2232	33.95	-0.02369	-0.02058	2194	1306	0.5953	0.06098	1.05	2183	34.61	-0.02694	-0.01322	2133	1259	0.5902	0.0625	1.041	-0.1414	-0.04064
chr12	129000000	130000000	0.4302	-0.0508	0.0109	0	0.0602	0	2157	30.88	-0.04688	0.006575	2127	1380	0.6488	0.06	1.146	1974	33.35	-0.04949	-0.007882	1951	1151	0.59	0.05882	1.042	2002	33.72	-0.06461	-0.02097	1965	1003	0.5104	0.0641	0.9017	-0.1119	-0.03653
chr12	130000000	131000000	0.4708	0.0143	0.0105	0	0.0602	0	2260	32.37	0.02108	0.01852	2198	1179	0.5364	0.05556	0.9509	2327	35.13	0.02567	-0.01898	2282	1384	0.6065	0.05882	1.075	2223	35.51	0.009842	-0.01521	2176	1201	0.5519	0.05882	0.9784	-0.1414	0
chr12	131000000	132000000	0.5102	0.0517	0.018	0	0.0625	0	2463	32.5	0.02682	0.0007267	2333	1252	0.5366	0.0625	1.005	2475	36.77	0.09146	-0.006026	2388	1567	0.6562	0.06098	1.229	2391	36.45	0.04769	-0.01802	2286	1443	0.6312	0.05882	1.183	-0.1656	0
chr12	132000000	133000000	0.5429	0.0697	0.0305	0	0.0625	0	2119	32.94	0.04596	0.004466	1919	1357	0.7071	0.06522	1.018	2102	37.5	0.1199	-0.01349	1929	1316	0.6822	0.05932	0.9822	2126	37.03	0.07036	-0.006028	1878	1300	0.6922	0.0625	0.9966	-0.1884	0
chr12	133000000	133275309	0.4225	0.0293	0.0366	0	0.0613	0	419	31.48	-0.01921	-0.04715	410	22	0.05366	0.07143	0.09442	505	35.11	0.02457	-0.01245	499	197	0.3948	0.06	0.6947	621	34.52	-0.03072	-0.07099	616	373	0.6055	0.06757	1.065	-0.1543	0
chr13	0	1000000	NA	NA	NA	1	NA	0	0	NA	NA	NA	0	0	NA	NA	NA	0	NA	NA	NA	0	0	NA	NA	NA	0	NA	NA	NA	0	0	NA	NA	NA	NA	NA
chr13	1000000	2000000	NA	NA	NA	1	NA	0	0	NA	NA	NA	0	0	NA	NA	NA	0	NA	NA	NA	0	0	NA	NA	NA	0	NA	NA	NA	0	0	NA	NA	NA	NA	NA
chr13	2000000	3000000	NA	NA	NA	1	NA	0	0	NA	NA	NA	0	0	NA	NA	NA	0	NA	NA	NA	0	0	NA	NA	NA	0	NA	NA	NA	0	0	NA	NA	NA	NA	NA
chr13	3000000	4000000	NA	NA	NA	1	NA	0	0	NA	NA	NA	0	0	NA	NA	NA	0	NA	NA	NA	0	0	NA	NA	NA	0	NA	NA	NA	0	0	NA	NA	NA	NA	NA
chr13	4000000	5000000	NA	NA	NA	1	NA	0	0	NA	NA	NA	0	0	NA	NA	NA	0	NA	NA	NA	0	0	NA	NA	NA	0	NA	NA	NA	0	0	NA	NA	NA	NA	NA
chr13	5000000	6000000	NA	NA	NA	1	NA	0	0	NA	NA	NA	0	0	NA	NA	NA	0	NA	NA	NA	0	0	NA	NA	NA	0	NA	NA	NA	0	0	NA	NA	NA	NA	NA
chr13	6000000	7000000	NA	NA	NA	1	NA	0	0	NA	NA	NA	0	0	NA	NA	NA	0	NA	NA	NA	0	0	NA	NA	NA	0	NA	NA	NA	0	0	NA	NA	NA	NA	NA
chr13	7000000	8000000	NA	NA	NA	1	NA	0	0	NA	NA	NA	0	0	NA	NA	NA	0	NA	NA	NA	0	0	NA	NA	NA	0	NA	NA	NA	0	0	NA	NA	NA	NA	NA
chr13	8000000	9000000	NA	NA	NA	1	NA	0	0	NA	NA	NA	0	0	NA	NA	NA	0	NA	NA	NA	0	0	NA	NA	NA	0	NA	NA	NA	0	0	NA	NA	NA	NA	NA
chr13	9000000	10000000	NA	NA	NA	1	NA	0	0	NA	NA	NA	0	0	NA	NA	NA	0	NA	NA	NA	0	0	NA	NA	NA	0	NA	NA	NA	0	0	NA	NA	NA	NA	NA
chr13	10000000	11000000	NA	NA	NA	1	NA	0	0	NA	NA	NA	0	0	NA	NA	NA	0	NA	NA	NA	0	0	NA	NA	NA	0	NA	NA	NA	0	0	NA	NA	NA	NA	NA
chr13	11000000	12000000	NA	NA	NA	1	NA	0	0	NA	NA	NA	0	0	NA	NA	NA	0	NA	NA	NA	0	0	NA	NA	NA	0	NA	NA	NA	0	0	NA	NA	NA	NA	NA
chr13	12000000	13000000	NA	NA	NA	1	NA	0	0	NA	NA	NA	0	0	NA	NA	NA	0	NA	NA	NA	0	0	NA	NA	NA	0	NA	NA	NA	0	0	NA	NA	NA	NA	NA
chr13	13000000	14000000	NA	NA	NA	1	NA	0	0	NA	NA	NA	0	0	NA	NA	NA	0	NA	NA	NA	0	0	NA	NA	NA	0	NA	NA	NA	0	0	NA	NA	NA	NA	NA
chr13	14000000	15000000	NA	NA	NA	1	NA	0	0	NA	NA	NA	0	0	NA	NA	NA	0	NA	NA	NA	0	0	NA	NA	NA	0	NA	NA	NA	0	0	NA	NA	NA	NA	NA
chr13	15000000	16000000	NA	NA	NA	1	NA	0	0	NA	NA	NA	0	0	NA	NA	NA	0	NA	NA	NA	0	0	NA	NA	NA	0	NA	NA	NA	0	0	NA	NA	NA	NA	NA
chr13	16000000	17000000	0.3834	-1.419	0.1206	1	0.1098	1	6474	11.91	-1.421	NA	1635	805	0.4924	NA	1.145	6694	11.84	-1.544	NA	1812	829	0.4575	NA	1.064	6901	13.6	-1.375	NA	1922	700	0.3642	NA	0.8468	-0.273	-0.2838
chr13	17000000	18000000	0.387	-1.583	0.0914	0	0.1079	1	4121	10.2	-1.645	-0.06893	779	294	0.3774	NA	1.029	4518	11.33	-1.607	-0.0188	993	368	0.3706	NA	1.011	4280	12.8	-1.462	0.1225	1069	311	0.2909	NA	0.7936	-0.2801	-0.341
chr13	18000000	19000000	0.4151	-0.0299	0.0427	0	0.0736	0	2337	31.08	-0.03771	-0.004685	2088	1164	0.5575	0.07143	0.9031	2297	35.62	0.04552	0.06989	2017	1329	0.6589	0.08333	1.067	2143	34.67	-0.02475	0.001581	1924	1218	0.6331	0.06667	1.026	-0.1993	0.0973
chr13	19000000	20000000	0.4174	-0.0211	0.0094	0	0.0594	0	2409	31.49	-0.0187	0	2397	1950	0.8135	0.0641	1.517	2394	33.66	-0.03589	-0.02278	2379	1178	0.4952	0.05556	0.9236	2590	34.56	-0.02914	-0.0105	2573	1972	0.7664	0.06	1.43	-0.1024	-0.05063
chr13	20000000	21000000	0.4261	0.0287	0.0121	0	0.0617	0	1965	32.44	0.02403	-0.000531	1955	1376	0.7038	0.0625	1.282	1961	35.19	0.02815	-0.006483	1951	1154	0.5915	0.05814	1.077	2078	36.1	0.03393	-0.0007486	2075	1444	0.6959	0.05882	1.267	-0.1234	-0.03847
chr13	21000000	22000000	0.4235	0.0166	0.0141	0	0.0617	0	2050	32.35	0.01996	0.01034	2017	1402	0.6951	0.05556	1.149	1751	35.17	0.02718	0.005151	1744	1021	0.5854	0.05882	0.9681	1901	35.84	0.02318	0.002493	1875	1162	0.6197	0.05882	1.025	-0.1497	-0.03747
chr13	22000000	23000000	0.3952	-0.0192	0.0131	0	0.0588	0	2018	32.37	0.02096	0.03991	2012	1378	0.6849	0.05882	1.129	2006	34.04	-0.02002	0.005193	1997	1140	0.5709	0.05882	0.9411	1925	34.44	-0.03412	-0.01119	1913	1386	0.7245	0.05814	1.194	-0.08746	-0.03395
chr13	23000000	24000000	0.407	0.016	0.0217	0	0.0591	0	2169	32.84	0.04175	0.02611	2155	1498	0.6951	0.06	1.053	2153	34.36	-0.006291	-0.02276	2142	1398	0.6527	0.06098	0.9886	2182	35.37	0.004456	-0.01565	2175	1541	0.7085	0.05556	1.073	-0.09954	-0.03395
chr13	24000000	25000000	0.4307	0.035	0.0158	0	0.06	0	2306	32.78	0.03914	0.007622	2273	1381	0.6076	0.05882	0.9954	2243	35.01	0.02065	-0.02217	2224	1433	0.6443	0.06	1.056	2485	36.36	0.0442	0.003245	2453	1511	0.616	0.05814	1.009	-0.1255	-0.03847
chr13	25000000	26000000	0.4162	0.0119	0.0147	0	0.0621	0	1832	32.31	0.01839	0.003305	1824	1303	0.7144	0.06	1.421	1341	35.2	0.02864	0.01329	1330	535	0.4023	0.05814	0.8	1544	35.35	0.003365	-0.008498	1537	588	0.3826	0.05966	0.7609	-0.1122	0
chr13	26000000	27000000	0.4209	0.0124	0.0106	0	0.0594	0	2036	32.31	0.01842	0.008935	2027	1305	0.6438	0.0625	1.13	1726	35.13	0.02554	0.006173	1722	809	0.4698	0.05556	0.8246	2063	35.77	0.02068	0.005248	2056	1031	0.5015	0.05556	0.8802	-0.1155	-0.03747
chr13	27000000	28000000	0.4299	0.0382	0.0111	0	0.0585	0	1604	32.62	0.0322	-0.003119	1582	896	0.5664	0.0625	1.131	1468	35.44	0.03829	-0.006033	1459	553	0.379	0.06098	0.7568	1446	35.98	0.02904	-0.01836	1430	651	0.4552	0.05263	0.909	-0.1293	-0.03607
chr13	28000000	29000000	0.4117	0.0419	0.0133	0	0.0611	0	1213	32.5	0.0269	-0.01104	1211	538	0.4443	0.06522	0.7658	1263	35.37	0.03535	-0.01191	1252	391	0.3123	0.05556	0.5384	1104	36.88	0.06438	0.01607	1103	441	0.3998	0.05556	0.6892	-0.1543	-0.04182
chr13	29000000	30000000	0.4167	0.0323	0.0182	0	0.0588	0	1942	32.39	0.02158	-0.01391	1931	1090	0.5645	0.05556	1.04	1744	35.39	0.03606	-0.002594	1730	714	0.4127	0.05814	0.7601	2028	35.69	0.01741	-0.01877	2013	1254	0.623	0.05556	1.147	-0.1375	0
chr13	30000000	31000000	0.4318	0.0794	0.0164	0	0.0588	0	1632	33.51	0.07076	0.001703	1629	1095	0.6722	0.06	1.123	1678	36.56	0.08299	-0.007038	1677	1034	0.6166	0.05556	1.03	1564	37.65	0.09451	0.01309	1559	1113	0.7139	0.05814	1.192	-0.1575	-0.03847
chr13	31000000	32000000	0.4059	0.0219	0.0135	0	0.0597	0	1666	32.19	0.01277	-0.007934	1644	1172	0.7129	0.06	1.332	1488	34.99	0.01985	-0.003487	1465	825	0.5631	0.05556	1.052	1603	35.06	-0.008345	-0.03128	1584	1071	0.6761	0.05263	1.264	-0.1333	0
chr13	32000000	33000000	0.3931	0.0406	0.0226	0	0.0588	0	1194	32.61	0.03138	-0.009573	1191	864	0.7254	0.06	1.184	1149	35.23	0.02961	-0.004341	1136	537	0.4727	0.05263	0.7715	1105	36.42	0.0465	0.005078	1098	828	0.7541	0.05556	1.231	-0.1375	-0.07698
chr13	33000000	34000000	0.393	0.0394	0.0175	0	0.0617	0	1563	33	0.04885	0.01102	1562	1184	0.758	0.05882	1.685	1281	35.21	0.02898	-0.002682	1272	725	0.57	0.06	1.267	1656	36.13	0.03492	-0.00502	1653	1208	0.7308	0.05662	1.624	-0.1155	-0.04244
chr13	34000000	35000000	0.3877	-0.0367	0.0146	0	0.0617	0	1597	31.31	-0.02709	0.003509	1580	1169	0.7399	0.05556	1.409	1353	34.24	-0.01141	0.03191	1347	785	0.5828	0.05882	1.11	1639	34.31	-0.03978	-0.003203	1619	1165	0.7196	0.0625	1.37	-0.1293	0
chr13	35000000	36000000	0.3719	-0.0592	0.0307	0	0.0625	0	1403	31.04	-0.03955	0.01738	1399	909	0.6497	0.06	1.177	1064	32.43	-0.08982	-0.02262	1059	577	0.5449	0.0625	0.9872	1495	34.29	-0.04048	0.02937	1490	1073	0.7201	0.05556	1.305	-0.1096	-0.08246
chr13	36000000	37000000	0.3923	-0.0419	0.0212	0	0.0602	0	1338	30.97	-0.04287	-0.001954	1333	965	0.7239	0.05556	1.238	1130	33.45	-0.04514	0.002811	1128	378	0.3351	0.05556	0.573	1223	34.37	-0.037	0.005047	1218	766	0.6289	0.05556	1.075	-0.1375	-0.078
chr13	37000000	38000000	0.3649	-0.0789	0.0191	0	0.0625	0	1998	30.72	-0.05477	0.009497	1993	1327	0.6658	0.05882	1.046	2091	32.64	-0.08036	0.01487	2081	1590	0.7641	0.06098	1.2	1931	33.31	-0.08213	0.006385	1926	1229	0.6381	0.0625	1.003	-0.111	-0.03412
chr13	38000000	39000000	0.3663	-0.0649	0.0245	0	0.0597	0	1991	30.81	-0.05039	0.002665	1983	1393	0.7025	0.06	1.396	1574	32.76	-0.07524	0.005457	1567	787	0.5022	0.05882	0.9981	1949	33.39	-0.07906	-0.0001697	1939	1327	0.6844	0.06	1.36	-0.1031	-0.03653
chr13	39000000	40000000	0.384	-0.0087	0.0121	0	0.0611	0	1859	31.79	-0.005237	-3.691e-05	1845	994	0.5388	0.0625	1.041	1889	34.4	-0.004727	0.01059	1882	1059	0.5627	0.0625	1.087	1684	35.04	-0.009242	0.005055	1682	590	0.3508	0.06049	0.6776	-0.1375	0
chr13	40000000	41000000	0.4201	0.0289	0.0105	0	0.06	0	1539	32.64	0.03275	0.005434	1530	1095	0.7157	0.0625	1.072	1595	35.53	0.04185	0.006335	1584	1177	0.7431	0.05882	1.113	1549	35.65	0.0158	-0.0146	1528	1126	0.7369	0.0625	1.104	-0.1054	0
chr13	41000000	42000000	0.3936	0.0475	0.0248	0	0.0594	0	1069	33.07	0.05163	0.00309	1064	553	0.5197	0.0625	0.8421	982	35.67	0.04749	0.007585	969	333	0.3437	0.0625	0.5568	1245	36.49	0.04939	9.095e-06	1227	960	0.7824	0.05882	1.268	-0.1291	-0.039
chr13	42000000	43000000	0.396	0.0546	0.0249	0	0.0594	0	1841	33.25	0.05951	0.01015	1828	1209	0.6614	0.06	1.064	1739	35.36	0.03517	-0.01702	1727	1068	0.6184	0.06098	0.9952	1795	36.88	0.06451	0.01266	1788	1129	0.6314	0.05319	1.016	-0.1125	-0.03797
chr13	43000000	44000000	0.3921	0.0073	0.0091	0	0.0605	0	1407	32.11	0.00922	0.0009399	1394	821	0.589	0.05556	1.033	1444	34.82	0.01284	0.01427	1423	879	0.6177	0.05263	1.083	1411	35.07	-0.008043	-0.01634	1399	816	0.5833	0.06098	1.023	-0.1409	-0.03395
chr13	44000000	45000000	0.4199	0.0181	0.0119	0	0.0605	0	925	32.34	0.01975	0.003241	919	277	0.3014	0.06	0.6461	1014	35.03	0.02137	-0.003538	1005	472	0.4697	0.05882	1.007	956	35.7	0.01774	-0.0006059	952	309	0.3246	0.0625	0.6958	-0.1375	0
chr13	45000000	46000000	0.4223	0.0184	0.0233	0	0.0605	0	1237	31.94	0.001405	-0.01291	1199	650	0.5421	0.06522	0.8321	1279	35.28	0.03165	0.005525	1265	901	0.7123	0.05814	1.093	1312	36.71	0.05783	0.03062	1292	1004	0.7771	0.05814	1.193	-0.1653	-0.04064
chr13	46000000	47000000	0.393	0.0317	0.0115	0	0.0588	0	1681	32.02	0.005258	-0.02487	1676	973	0.5805	0.05882	0.997	1455	34.96	0.01838	-0.005589	1453	824	0.5671	0.05556	0.9739	1483	36.04	0.03144	-0.0008031	1479	937	0.6335	0.05556	1.088	-0.1454	-0.04307
chr13	47000000	48000000	0.3857	-0.0139	0.0208	0	0.0625	0	1874	31.89	-0.0007739	0.003057	1864	1502	0.8058	0.06	1.21	1481	34.32	-0.007967	0.009735	1480	1081	0.7304	0.06098	1.096	1823	34.47	-0.03299	-0.01278	1814	1204	0.6637	0.0625	0.9963	-0.1024	-0.01487
chr13	48000000	49000000	0.3971	0.0574	0.032	0	0.0556	0	1164	32.71	0.03592	-0.01691	1155	563	0.4874	0.05882	0.9255	1305	34.96	0.01874	-0.03107	1292	885	0.685	0.05556	1.301	1020	36.79	0.06108	0.003586	1011	462	0.457	0.05556	0.8676	-0.122	-0.08246
chr13	49000000	50000000	0.4055	0.0414	0.0113	0	0.0595	0	1316	32.42	0.02297	-0.01723	1303	815	0.6255	0.05882	1.096	1269	35.54	0.04236	0.001112	1259	915	0.7268	0.05556	1.274	1340	36.43	0.04673	0.004288	1334	814	0.6102	0.05941	1.069	-0.1485	0
chr13	50000000	51000000	0.394	0.0166	0.0179	0	0.0617	0	1245	32.29	0.01748	-0.003132	1241	866	0.6978	0.05882	1.033	1230	34.83	0.01328	0.000414	1226	968	0.7896	0.06	1.169	1304	35.55	0.01152	-0.006971	1300	913	0.7023	0.06098	1.04	-0.1293	-0.03242
chr13	51000000	52000000	0.4192	0.0553	0.012	0	0.0621	0	952	33.11	0.05345	-0.0002667	948	681	0.7184	0.06	1.085	942	36.11	0.06539	0.003489	940	639	0.6798	0.06	1.026	707	36.61	0.05413	-0.001125	704	296	0.4205	0.0641	0.6348	-0.1186	-0.04064
chr13	52000000	53000000	0.4145	-0.0054	0.0134	0	0.0625	0	1266	31.7	-0.009389	-0.0006865	1237	821	0.6637	0.0641	1.187	1341	34.66	0.006069	0	1293	723	0.5592	0.0625	1	731	35.24	-0.001179	0.0005572	720	304	0.4222	0.05882	0.7553	-0.142	-0.03847
chr13	53000000	54000000	0.3763	-0.073	0.0181	0	0.0625	0	1478	30.47	-0.06627	0.001596	1473	1083	0.7352	0.0641	1.211	1394	32.58	-0.08336	0	1387	896	0.646	0.05882	1.064	1415	33.09	-0.09169	-0.01452	1412	1040	0.7365	0.05814	1.213	-0.1266	-0.04009
chr13	54000000	55000000	0.3587	-0.1011	0.0294	0	0.061	0	1391	30.02	-0.08781	0.0007516	1388	712	0.513	0.0625	0.9404	1372	31.63	-0.1258	-0.003661	1370	622	0.454	0.05556	0.8323	1508	32.51	-0.1172	-0.001587	1503	880	0.5855	0.05556	1.073	-0.1061	-0.04064
chr13	55000000	56000000	0.3423	-0.1249	0.027	0	0.0656	0	1810	29.91	-0.09309	0.02146	1798	367	0.2041	0.06757	0.4712	1658	31.22	-0.1446	0.01615	1650	60	0.03636	0.07634	0.08394	1862	31.79	-0.1496	0.00319	1858	884	0.4758	0.06	1.098	-0.078	-0.039
chr13	56000000	57000000	0.3406	-0.1068	0.0314	0	0.0659	0	1445	29.8	-0.09864	-0.00587	1437	931	0.6479	0.0641	1.072	1111	31.02	-0.1541	-0.0124	1101	607	0.5513	0.05556	0.9126	1328	31.96	-0.1419	-0.007034	1318	810	0.6146	0.06098	1.017	-0.04307	-0.04439
chr13	57000000	58000000	0.3461	-0.1221	0.0384	0	0.0625	0	1451	29.86	-0.09576	0.0169	1424	944	0.6629	0.0625	1.196	1509	31.04	-0.153	-0.003325	1484	838	0.5647	0.0625	1.019	1453	31.5	-0.1629	-0.01603	1428	966	0.6765	0.06	1.221	-0.07529	-0.04307
chr13	58000000	59000000	0.3521	-0.0919	0.031	0	0.0625	0	1291	30.08	-0.08482	-0.003061	1283	984	0.767	0.06	1.215	1366	31.44	-0.1345	-0.01538	1349	943	0.699	0.0625	1.108	1449	32.36	-0.1239	-0.008952	1436	1024	0.7131	0.0641	1.13	-0.09311	-0.04182
chr13	59000000	60000000	0.3759	-0.0611	0.0138	0	0.0594	0	1275	30.67	-0.05708	-0.001527	1270	1095	0.8622	0.06098	1.751	1438	32.83	-0.07213	-0.001213	1431	943	0.659	0.06	1.338	1458	33.96	-0.05428	0.01067	1453	1204	0.8286	0.05556	1.682	-0.1282	-0.06015
chr13	60000000	61000000	0.3762	-0.0776	0.0193	0	0.0612	0	1533	30.34	-0.07259	-0.0007175	1510	1203	0.7967	0.06667	1.186	1430	32.34	-0.09396	-0.006206	1414	1013	0.7164	0.05556	1.066	1473	34.05	-0.05081	0.03113	1453	1057	0.7275	0.06098	1.083	-0.1293	-0.07595
chr13	61000000	62000000	0.352	-0.0622	0.0167	0	0.0625	0	1595	30.47	-0.06615	-0.01781	1587	783	0.4934	0.06667	0.7021	1202	31.87	-0.115	-0.0236	1199	844	0.7039	0.0625	1.002	1763	32.56	-0.1151	-0.03014	1757	1331	0.7575	0.0625	1.078	-0.07276	-0.03847
chr13	62000000	63000000	0.3408	-0.0813	0.0316	0	0.061	0	1863	30.54	-0.06319	0.003838	1852	1339	0.723	0.0625	1.022	1842	31.59	-0.1276	-0.01185	1830	1384	0.7563	0.0625	1.069	1404	32.72	-0.1082	0.0009989	1390	887	0.6381	0.0625	0.9023	-0.07529	-0.0902
chr13	63000000	64000000	0.3454	-0.0989	0.0479	0	0.0648	0	1779	30.02	-0.08771	0.0009173	1736	1361	0.784	0.06364	1.07	1581	31.38	-0.1373	-0.008794	1554	1164	0.749	0.0625	1.023	1556	32.49	-0.1183	0.002234	1496	1122	0.75	0.0625	1.024	-0.09788	-0.05552
chr13	64000000	65000000	0.3417	-0.1198	0.0312	0	0.0609	0	2019	29.53	-0.1116	-0.006322	2007	1555	0.7748	0.06667	1.302	1966	30.62	-0.1727	-0.01803	1962	1105	0.5632	0.05882	0.9464	1125	31.85	-0.1469	0.000967	1119	580	0.5183	0.05882	0.871	-0.06928	-0.05658
chr13	65000000	66000000	0.3431	-0.0948	0.0314	0	0.0619	0	1057	30.25	-0.07695	0.007579	1056	608	0.5758	0.06	1.018	1017	31.02	-0.1539	-0.02295	1017	525	0.5162	0.05882	0.913	1015	32.39	-0.1226	-0.0002408	1013	357	0.3524	0.05556	0.6233	-0.05247	-0.04731
chr13	66000000	67000000	0.3504	-0.0841	0.0234	0	0.0649	0	1477	30.06	-0.08608	-0.01219	1469	905	0.6161	0.05882	1.129	1356	31.11	-0.1496	-0.03409	1349	681	0.5048	0.06757	0.9253	1593	32.59	-0.1139	-0.002461	1586	1131	0.7131	0.05882	1.307	-0.09654	-0.04811
chr13	67000000	68000000	0.3493	-0.1148	0.0296	0	0.0632	0	1557	29.46	-0.1149	-0.009289	1543	1060	0.687	0.0625	1.303	1176	31.18	-0.1467	-0.003603	1163	342	0.2941	0.06049	0.5576	1573	31.74	-0.1518	-0.008789	1559	1059	0.6793	0.06667	1.288	-0.1054	-0.03747
chr13	68000000	69000000	0.3398	-0.1122	0.0418	0	0.0652	0	1805	29.62	-0.1072	-0.008848	1797	1426	0.7935	0.06667	1.212	1339	30.85	-0.1616	-0.01503	1328	820	0.6175	0.0633	0.9428	1874	32.04	-0.1384	0.003343	1865	1349	0.7233	0.06098	1.104	-0.1085	-0.05155
chr13	69000000	70000000	0.341	-0.1064	0.0374	0	0.0621	0	1970	29.83	-0.09715	-0.00527	1965	1213	0.6173	0.06667	0.9605	1886	30.92	-0.1584	-0.01806	1881	898	0.4774	0.0625	0.7428	1972	32.13	-0.1345	0	1967	1236	0.6284	0.05882	0.9777	-0.09954	-0.04731
chr13	70000000	71000000	0.3421	-0.089	0.0287	0	0.0625	0	1888	29.99	-0.08904	-0.01371	1884	1071	0.5685	0.06	0.9949	1858	31.08	-0.1512	-0.02603	1845	812	0.4401	0.05882	0.7702	2076	32.35	-0.1246	-0.007555	2069	1212	0.5858	0.05882	1.025	-0.08992	-0.04307
chr13	71000000	72000000	0.3464	-0.0873	0.02	0	0.0625	0	1363	29.93	-0.09232	-0.01582	1357	922	0.6794	0.0625	1.484	1409	31.49	-0.1322	-0.01772	1405	1088	0.7744	0.05882	1.692	1483	32.99	-0.09644	0.01551	1473	1023	0.6945	0.0625	1.517	-0.1155	-0.08246
chr13	72000000	73000000	0.369	-0.0637	0.0095	0	0.0617	0	1571	30.64	-0.05811	-0.005062	1566	1131	0.7222	0.0625	1.299	1518	32.46	-0.0884	-0.006875	1513	818	0.5406	0.06	0.9726	1392	33.7	-0.06548	0.007437	1392	781	0.5611	0.05882	1.009	-0.1027	0
chr13	73000000	74000000	0.3911	-0.0364	0.0135	0	0.0613	0	1700	31.11	-0.03652	-0.002727	1693	1279	0.7555	0.0625	1.255	1584	33.29	-0.05187	-0.005616	1573	1021	0.6491	0.05882	1.078	1691	34.57	-0.02856	0.008245	1679	1098	0.654	0.06	1.086	-0.1227	-0.04891
chr13	74000000	75000000	0.3747	-0.0325	0.0161	0	0.0611	0	1787	31.35	-0.02548	-0.004701	1768	1127	0.6374	0.05882	1.315	1605	32.94	-0.06708	-0.02763	1575	680	0.4317	0.0625	0.8904	1793	34.13	-0.04715	-0.006254	1772	1047	0.5909	0.05882	1.219	-0.1102	-0.0451
chr13	75000000	76000000	0.3826	0.0204	0.007	0	0.0594	0	1297	32.13	0.0101	-0.01306	1296	820	0.6327	0.06098	1.192	1517	33.75	-0.03207	-0.03913	1514	908	0.5997	0.05882	1.13	1355	35.81	0.02202	0.005712	1355	878	0.648	0.05556	1.221	-0.1293	-0.078
chr13	76000000	77000000	0.3785	-0.0127	0.0321	0	0.0599	0	1667	32.05	0.00648	0.0169	1655	1012	0.6115	0.06	1.028	1703	34.06	-0.01895	0.003777	1693	1085	0.6409	0.05814	1.077	1647	34.6	-0.02743	-0.009406	1631	1026	0.6291	0.0625	1.057	-0.1119	-0.04064
chr13	77000000	78000000	0.3737	0.0417	0.0284	0	0.0588	0	942	33.23	0.05887	0.007986	935	638	0.6824	0.06	1.205	1079	35.38	0.0357	0.006775	1078	650	0.603	0.05882	1.065	890	36.08	0.03303	0.001568	881	511	0.58	0.06098	1.024	-0.1019	-0.03953
chr13	78000000	79000000	0.3735	-0.007	0.0157	0	0.06	0	1534	31.95	0.001873	-0.005369	1531	715	0.467	0.06	0.9105	1648	33.96	-0.02314	-0.005798	1645	901	0.5477	0.05882	1.068	1777	34.29	-0.04053	-0.02374	1773	1048	0.5911	0.05882	1.152	-0.1083	-0.03607
chr13	79000000	80000000	0.3762	-0.0194	0.0134	0	0.0594	0	1298	31.62	-0.01307	0.0006056	1287	786	0.6107	0.06	1.036	1407	34.01	-0.02135	0.008201	1402	928	0.6619	0.05882	1.123	1075	34.73	-0.0222	0.001541	1068	313	0.2931	0.05882	0.4971	-0.1206	-0.04123
chr13	80000000	81000000	0.3731	-0.0822	0.0143	0	0.0625	0	1210	30.45	-0.06729	0.005722	1209	868	0.7179	0.0625	1.074	1438	32.27	-0.09716	-0.004764	1432	950	0.6634	0.06522	0.9921	1310	33.31	-0.08229	0.007723	1297	897	0.6916	0.05882	1.034	-0.1102	-0.03953
chr13	81000000	82000000	0.348	-0.1025	0.0345	0	0.0613	0	1615	29.84	-0.09665	-0.002234	1603	910	0.5677	0.06522	1.091	1675	31.07	-0.1517	-0.02278	1668	783	0.4694	0.05882	0.902	1644	32.33	-0.1256	0.001899	1639	979	0.5973	0.05882	1.148	-0.1119	0
chr13	82000000	83000000	0.3425	-0.1313	0.0382	0	0.0652	0	1446	29.86	-0.09551	0.02434	1433	660	0.4606	0.0625	0.9528	1504	30.73	-0.1674	0	1475	697	0.4725	0.06667	0.9775	1606	31.77	-0.1506	0.008061	1595	1166	0.731	0.0633	1.512	-0.08169	-0.0458
chr13	83000000	84000000	0.3464	-0.107	0.0269	0	0.0633	0	1283	29.89	-0.09429	0.001906	1279	987	0.7717	0.0625	1.184	1423	31.44	-0.1345	-0.0003732	1414	989	0.6994	0.06	1.073	962	31.58	-0.159	-0.02739	958	645	0.6733	0.05556	1.033	-0.06511	0
chr13	84000000	85000000	0.3457	-0.1157	0.0285	0	0.0625	0	1455	29.44	-0.1159	-0.01103	1435	1086	0.7568	0.05882	1.097	1391	30.99	-0.1552	-0.01051	1378	1026	0.7446	0.06466	1.079	1270	31.88	-0.1455	-0.005183	1259	800	0.6354	0.0625	0.9209	-0.07595	-0.04307
chr13	85000000	86000000	0.3489	-0.1071	0.028	0	0.0625	0	1805	29.59	-0.1084	-0.01006	1798	1390	0.7731	0.0625	1.232	1769	31.14	-0.1482	-0.01248	1762	1311	0.744	0.06	1.186	1620	32.18	-0.1322	0	1615	918	0.5684	0.06098	0.9061	-0.0902	-0.03953
chr13	86000000	87000000	0.3447	-0.1008	0.0311	0	0.0659	0	1565	29.8	-0.09824	-0.007716	1536	1281	0.834	0.06522	1.2	1307	30.91	-0.1591	-0.02689	1286	988	0.7683	0.0625	1.106	900	31.61	-0.158	-0.0338	887	63	0.07103	0.05263	0.1022	-0.09311	-0.04439
chr13	87000000	88000000	0.342	-0.1394	0.0388	0	0.0667	0	882	29.24	-0.1257	-0.0003631	864	432	0.5	0.0625	0.6941	943	30.61	-0.173	0.00126	927	638	0.6882	0.05941	0.9554	1136	31.44	-0.1655	0.00192	1124	658	0.5854	0.0625	0.8126	-0.078	0
chr13	88000000	89000000	0.3449	-0.1091	0.0425	0	0.0607	0	2022	29.58	-0.109	-0.009308	2014	1287	0.639	0.06	1.088	1673	30.93	-0.1582	-0.01819	1666	746	0.4478	0.06	0.7627	1980	31.84	-0.1475	-0.01662	1974	1499	0.7594	0.0625	1.293	-0.06713	-0.04731
chr13	89000000	90000000	0.3456	-0.0897	0.0365	0	0.0625	0	1765	29.91	-0.0932	-0.01431	1761	1058	0.6008	0.06522	1.36	1712	31.31	-0.1403	-0.02162	1708	987	0.5779	0.05882	1.308	2203	32.05	-0.1381	-0.0241	2195	1277	0.5818	0.0641	1.317	-0.08092	0
chr13	90000000	91000000	0.3585	-0.0699	0.0282	0	0.0633	0	1701	30.45	-0.06747	-0.01011	1695	1123	0.6625	0.06	0.9949	1393	32.1	-0.1047	-0.01529	1387	688	0.496	0.0633	0.7449	1432	32.78	-0.1052	-0.01994	1429	1016	0.711	0.06	1.068	-0.08726	-0.04009
chr13	91000000	92000000	0.3656	-0.0349	0.0247	0	0.0625	0	1235	30.8	-0.05094	-0.02984	1230	769	0.6252	0.0625	0.9423	1202	32.5	-0.08663	-0.03541	1199	860	0.7173	0.0625	1.081	1094	34.41	-0.03562	0.00817	1088	823	0.7564	0.05556	1.14	-0.1096	-0.09311
chr13	92000000	93000000	0.3566	-0.0726	0.0275	0	0.0625	0	1630	30.4	-0.06954	-0.007077	1616	1233	0.763	0.05556	1.07	1460	31.78	-0.119	-0.02217	1448	802	0.5539	0.06522	0.7766	1126	32.38	-0.1231	-0.02973	1115	810	0.7265	0.06522	1.019	-0.07529	0
chr13	93000000	94000000	0.3659	-0.0709	0.0396	0	0.0637	0	2005	30.29	-0.0751	-0.01645	2000	1251	0.6255	0.0625	1.071	1911	31.91	-0.1132	-0.02526	1911	1017	0.5322	0.06667	0.9108	1761	32.53	-0.1164	-0.03374	1760	1049	0.596	0.0625	1.02	-0.09311	0
chr13	94000000	95000000	0.3939	-0.0181	0.0199	0	0.0625	0	1458	31.43	-0.02138	-0.004328	1454	1080	0.7428	0.0625	1.158	1219	33.65	-0.03656	-0.01334	1211	795	0.6565	0.05882	1.023	1497	34.57	-0.02877	-0.01196	1490	815	0.547	0.05882	0.8525	-0.1245	-0.03953
chr13	95000000	96000000	0.4097	0.0007	0.0273	0	0.0625	0	1756	31.54	-0.01662	-0.01381	1749	1162	0.6644	0.0625	1.155	1870	34.35	-0.007001	-0.005354	1865	1280	0.6863	0.06174	1.194	1803	36.24	0.03925	0.03502	1798	1349	0.7503	0.05814	1.305	-0.152	-0.05063
chr13	96000000	97000000	0.3836	-0.0338	0.0178	0	0.0629	0	1323	31.44	-0.02108	0.007622	1319	872	0.6611	0.0625	1.313	1100	33.76	-0.03186	0.007361	1098	488	0.4444	0.05882	0.8827	1306	34.01	-0.05241	-0.01301	1304	863	0.6618	0.0641	1.314	-0.1271	0
chr13	97000000	98000000	0.4035	-0.0066	0.0151	0	0.0614	0	1395	31.8	-0.004703	0.002041	1378	1047	0.7598	0.05882	1.077	1245	34.2	-0.01305	-0.00964	1236	880	0.712	0.05556	1.009	1319	34.76	-0.02087	-0.015	1310	1020	0.7786	0.05882	1.104	-0.1481	-0.03847
chr13	98000000	99000000	0.4421	0.0648	0.022	0	0.0588	0	1612	33.23	0.05862	-0.002772	1608	1059	0.6586	0.06098	1.018	1657	36.32	0.07357	-0.001198	1647	1087	0.66	0.05882	1.02	1430	35.97	0.0287	-0.04356	1419	1072	0.7555	0.05814	1.168	-0.1339	0.03317
chr13	99000000	100000000	0.4361	0.0777	0.0235	0	0.0583	0	1430	33.46	0.0687	-0.001868	1424	744	0.5225	0.05882	0.8146	1370	36.67	0.08757	-0.0003096	1367	861	0.6298	0.05556	0.982	1346	37.03	0.07056	-0.007629	1339	878	0.6557	0.06098	1.022	-0.1481	-0.03847
chr13	100000000	101000000	0.4147	0.0106	0.0319	0	0.0625	0	1317	32.41	0.02289	0.01542	1314	790	0.6012	0.06522	0.9872	1425	35.38	0.03585	0.01388	1422	896	0.6301	0.05848	1.035	1340	35	-0.01086	-0.02512	1331	866	0.6506	0.05556	1.068	-0.1293	0
chr13	101000000	102000000	0.374	-0.0511	0.0326	0	0.0602	0	1664	31.22	-0.03137	0.007571	1660	981	0.591	0.05882	1.052	1696	32.95	-0.06686	-0.006612	1692	992	0.5863	0.06174	1.044	1478	33	-0.0959	-0.03464	1476	752	0.5095	0.0625	0.907	-0.08746	0
chr13	102000000	103000000	0.3861	0.0035	0.0193	0	0.06	0	1641	31.77	-0.005969	-0.01619	1638	939	0.5733	0.0625	0.8536	1638	34.16	-0.01485	-0.01345	1637	861	0.526	0.05814	0.7831	1403	35.44	0.00702	0.009569	1393	634	0.4551	0.06098	0.6777	-0.1304	-0.06711
chr13	103000000	104000000	0.3688	-0.0305	0.0249	0	0.0607	0	1499	31.47	-0.01985	0.0007419	1495	807	0.5398	0.0625	1.019	1793	33.13	-0.0592	-0.01087	1790	1021	0.5704	0.05556	1.077	1469	34.08	-0.04942	-0.007624	1464	716	0.4891	0.05882	0.9231	-0.09686	-0.03847
chr13	104000000	105000000	0.3594	-0.0807	0.0298	0	0.06	0	1867	30.48	-0.06568	0.001959	1848	1077	0.5828	0.06	1.048	1726	32.14	-0.1029	0.0009072	1713	824	0.481	0.06	0.8652	1849	32.52	-0.1167	-0.02025	1835	1027	0.5597	0.0625	1.007	-0.1069	-0.03562
chr13	105000000	106000000	0.366	-0.0896	0.0267	0	0.0602	0	1925	30.13	-0.08247	-0.004321	1921	1113	0.5794	0.05882	0.9864	1850	31.67	-0.1242	-0.01551	1845	1095	0.5935	0.0625	1.01	1959	32.97	-0.09706	0.004546	1956	904	0.4622	0.06	0.7868	-0.114	-0.04307
chr13	106000000	107000000	0.399	-0.072	0.0222	0	0.0659	0	1694	30.65	-0.05808	0.01473	1684	897	0.5327	0.06667	0.9892	1655	32.75	-0.07558	-0.0003857	1651	815	0.4936	0.05882	0.9167	1674	33.58	-0.07086	0.0003234	1664	886	0.5325	0.05556	0.9888	-0.08883	-0.04655
chr13	107000000	108000000	0.3752	-0.0752	0.0291	0	0.0617	0	1743	30.76	-0.05268	0.01664	1741	928	0.533	0.06757	0.9798	1756	32.27	-0.09701	-0.01103	1745	880	0.5043	0.0625	0.927	1639	33.39	-0.07864	0.003364	1635	892	0.5456	0.05556	1.003	-0.1024	-0.04977
chr13	108000000	109000000	0.3785	-0.059	0.0094	0	0.0625	0	1679	30.7	-0.05557	0.001142	1661	989	0.5954	0.0625	0.9731	1737	32.59	-0.08285	-0.01382	1721	1107	0.6432	0.0625	1.051	1445	33.36	-0.08015	-0.01583	1433	852	0.5946	0.06098	0.9717	-0.1375	-0.03747
chr13	109000000	110000000	0.4104	-0.0318	0.0201	0	0.0606	0	1649	30.99	-0.04191	-0.009437	1640	1068	0.6512	0.0625	1.036	1747	32.91	-0.06847	-0.04248	1734	1137	0.6557	0.06098	1.043	1648	34.39	-0.03637	-0.006716	1623	1017	0.6266	0.0625	0.9965	-0.1255	-0.06791
chr13	110000000	111000000	0.4562	0.0582	0.0214	0	0.0605	0	2166	33.22	0.0582	0.01352	2136	1317	0.6166	0.0625	1.097	2226	35.96	0.05912	-0.01942	2177	1218	0.5595	0.05814	0.9957	2081	36.91	0.06588	0.001436	2053	1147	0.5587	0.06098	0.9943	-0.1375	-0.03747
chr13	111000000	112000000	0.4688	0.0325	0.0117	0	0.0572	0	1863	32.71	0.03592	0.02049	1816	1096	0.6035	0.05882	1.073	1699	36.18	0.06807	0.01075	1661	884	0.5322	0.05769	0.946	1882	35.99	0.02938	-0.01439	1837	1068	0.5814	0.05556	1.033	-0.1402	0
chr13	112000000	113000000	0.4805	0.008	0.012	0	0.0625	0	1584	32	0.004273	0.01529	1445	877	0.6069	0.06667	0.9652	1708	36.22	0.06958	0.03086	1586	1041	0.6564	0.0625	1.044	1664	36.58	0.05263	0.03578	1542	964	0.6252	0.0625	0.9942	-0.1793	-0.03242
chr13	113000000	114000000	0.5182	0.0256	0.0318	0	0.0668	0	1444	31.99	0.003749	0.00819	1301	877	0.6741	0.06757	1.079	1552	36.19	0.06854	-0.008311	1398	914	0.6538	0.0625	1.047	1469	36.05	0.03186	-0.006151	1314	644	0.4901	0.07143	0.7845	-0.1592	0
chr13	114000000	114364328	0.4979	-0.0548	0.0614	0	0.0721	0	529	30.58	-0.06131	0.01796	458	364	0.7948	0.07143	1.055	683	33.27	-0.05312	-0.03018	560	327	0.5839	0.07143	0.775	719	34.05	-0.05077	-0.007983	604	481	0.7964	0.0625	1.057	-0.1926	0
chr14	0	1000000	NA	NA	NA	1	NA	0	0	NA	NA	NA	0	0	NA	NA	NA	0	NA	NA	NA	0	0	NA	NA	NA	0	NA	NA	NA	0	0	NA	NA	NA	NA	NA
chr14	1000000	2000000	NA	NA	NA	1	NA	0	0	NA	NA	NA	0	0	NA	NA	NA	0	NA	NA	NA	0	0	NA	NA	NA	0	NA	NA	NA	0	0	NA	NA	NA	NA	NA
chr14	2000000	3000000	NA	NA	NA	1	NA	0	0	NA	NA	NA	0	0	NA	NA	NA	0	NA	NA	NA	0	0	NA	NA	NA	0	NA	NA	NA	0	0	NA	NA	NA	NA	NA
chr14	3000000	4000000	NA	NA	NA	1	NA	0	0	NA	NA	NA	0	0	NA	NA	NA	0	NA	NA	NA	0	0	NA	NA	NA	0	NA	NA	NA	0	0	NA	NA	NA	NA	NA
chr14	4000000	5000000	NA	NA	NA	1	NA	0	0	NA	NA	NA	0	0	NA	NA	NA	0	NA	NA	NA	0	0	NA	NA	NA	0	NA	NA	NA	0	0	NA	NA	NA	NA	NA
chr14	5000000	6000000	NA	NA	NA	1	NA	0	0	NA	NA	NA	0	0	NA	NA	NA	0	NA	NA	NA	0	0	NA	NA	NA	0	NA	NA	NA	0	0	NA	NA	NA	NA	NA
chr14	6000000	7000000	NA	NA	NA	1	NA	0	0	NA	NA	NA	0	0	NA	NA	NA	0	NA	NA	NA	0	0	NA	NA	NA	0	NA	NA	NA	0	0	NA	NA	NA	NA	NA
chr14	7000000	8000000	NA	NA	NA	1	NA	0	0	NA	NA	NA	0	0	NA	NA	NA	0	NA	NA	NA	0	0	NA	NA	NA	0	NA	NA	NA	0	0	NA	NA	NA	NA	NA
chr14	8000000	9000000	NA	NA	NA	1	NA	0	0	NA	NA	NA	0	0	NA	NA	NA	0	NA	NA	NA	0	0	NA	NA	NA	0	NA	NA	NA	0	0	NA	NA	NA	NA	NA
chr14	9000000	10000000	NA	NA	NA	1	NA	0	0	NA	NA	NA	0	0	NA	NA	NA	0	NA	NA	NA	0	0	NA	NA	NA	0	NA	NA	NA	0	0	NA	NA	NA	NA	NA
chr14	10000000	11000000	NA	NA	NA	1	NA	0	0	NA	NA	NA	0	0	NA	NA	NA	0	NA	NA	NA	0	0	NA	NA	NA	0	NA	NA	NA	0	0	NA	NA	NA	NA	NA
chr14	11000000	12000000	NA	NA	NA	1	NA	0	0	NA	NA	NA	0	0	NA	NA	NA	0	NA	NA	NA	0	0	NA	NA	NA	0	NA	NA	NA	0	0	NA	NA	NA	NA	NA
chr14	12000000	13000000	NA	NA	NA	1	NA	0	0	NA	NA	NA	0	0	NA	NA	NA	0	NA	NA	NA	0	0	NA	NA	NA	0	NA	NA	NA	0	0	NA	NA	NA	NA	NA
chr14	13000000	14000000	NA	NA	NA	1	NA	0	0	NA	NA	NA	0	0	NA	NA	NA	0	NA	NA	NA	0	0	NA	NA	NA	0	NA	NA	NA	0	0	NA	NA	NA	NA	NA
chr14	14000000	15000000	NA	NA	NA	1	NA	0	0	NA	NA	NA	0	0	NA	NA	NA	0	NA	NA	NA	0	0	NA	NA	NA	0	NA	NA	NA	0	0	NA	NA	NA	NA	NA
chr14	15000000	16000000	NA	NA	NA	1	NA	0	0	NA	NA	NA	0	0	NA	NA	NA	0	NA	NA	NA	0	0	NA	NA	NA	0	NA	NA	NA	0	0	NA	NA	NA	NA	NA
chr14	16000000	17000000	0.3849	1.295	0.1053	1	0.1137	1	519	83.19	1.383	NA	454	392	0.8634	NA	0.993	522	89.16	1.369	NA	453	391	0.8631	NA	0.9927	557	95.29	1.434	NA	463	398	0.8596	NA	0.9886	-0.08385	-0.05445
chr14	17000000	18000000	0.3872	NA	NA	1	NA	0	0	NA	NA	NA	0	0	NA	NA	NA	0	NA	NA	NA	0	0	NA	NA	NA	0	NA	NA	NA	0	0	NA	NA	NA	NA	NA
chr14	18000000	19000000	0.4009	-0.0304	0.223	1	0.1029	1	881	30.82	-0.04978	NA	592	311	0.5253	NA	0.8792	845	34.96	0.01851	NA	566	274	0.4841	NA	0.8102	657	28.72	-0.2963	NA	458	108	0.2358	NA	0.3947	-0.03395	0.02466
chr14	19000000	20000000	0.3992	0.2774	0.2551	1	0.119	1	2983	33.6	0.07481	NA	2039	1110	0.5444	NA	0.8641	3012	46.28	0.4234	NA	2123	1116	0.5257	NA	0.8344	1939	27.31	-0.3688	NA	1444	102	0.07064	NA	0.1121	-0.02046	1
chr14	20000000	21000000	0.416	0.0311	0.0072	0	0.061	0	2266	32.06	0.007102	-0.02464	2221	1357	0.611	0.0641	0.994	2230	35.16	0.02674	-0.008126	2204	1226	0.5563	0.06098	0.9049	1808	36.29	0.0412	0.007361	1764	777	0.4405	0.05263	0.7166	-0.1644	-0.0614
chr14	21000000	22000000	0.4161	0.0299	0.0163	0	0.0588	0	1963	32.54	0.02863	-0.005404	1959	1267	0.6468	0.06098	1.102	1962	35.47	0.03937	0.006022	1957	1114	0.5692	0.05814	0.9697	1919	36.28	0.04102	0.01023	1916	1291	0.6738	0.05556	1.148	-0.1333	-0.03953
chr14	22000000	23000000	0.4267	0.0736	0.0359	0	0.0585	0	1912	32.83	0.04138	-0.02755	1896	1222	0.6445	0.05882	0.9934	2203	36.35	0.07488	-0.004422	2184	1365	0.625	0.06098	0.9633	1683	37.24	0.07841	-0.000449	1673	1113	0.6653	0.05882	1.025	-0.1793	-0.04182
chr14	23000000	24000000	0.4534	0.0574	0.027	0	0.0568	0	1104	33.08	0.05227	0.009657	1097	638	0.5816	0.05556	0.9246	1509	36.47	0.07969	0.001956	1500	1089	0.726	0.05556	1.154	1182	36.88	0.06447	0.002731	1177	779	0.6619	0.05814	1.052	-0.1392	0
chr14	24000000	25000000	0.4461	0.0631	0.0173	0	0.0591	0	1368	33.02	0.04978	-0.001951	1353	393	0.2905	0.05814	0.5469	1792	36.17	0.0677	-0.01291	1760	1353	0.7688	0.05556	1.447	1574	36.82	0.06224	-0.009443	1549	751	0.4848	0.05814	0.9129	-0.1538	-0.03171
chr14	25000000	26000000	0.3785	-0.0525	0.0193	0	0.0602	0	1964	30.97	-0.04283	0.007391	1950	1272	0.6523	0.06	1.125	2057	33.24	-0.05437	0.008156	2032	1393	0.6855	0.06	1.183	1444	33.68	-0.06619	-0.008368	1435	649	0.4523	0.05556	0.7803	-0.1193	0
chr14	26000000	27000000	0.3571	-0.0959	0.0257	0	0.0613	0	1467	30.17	-0.08068	0.00404	1461	855	0.5852	0.06	1.024	1488	31.66	-0.1243	-0.007066	1479	1155	0.7809	0.0641	1.366	1413	32.62	-0.1123	0.006074	1407	783	0.5565	0.06	0.9736	-0.1069	-0.0458
chr14	27000000	28000000	0.3443	-0.1121	0.0418	0	0.0597	0	1150	29.67	-0.1047	-0.004345	1149	533	0.4639	0.06	0.8241	1625	31.06	-0.1522	-0.008707	1618	1274	0.7874	0.05882	1.399	1743	32.1	-0.1355	0.001238	1738	1142	0.6571	0.0625	1.167	-0.09311	-0.05063
chr14	28000000	29000000	0.3574	-0.0915	0.0271	0	0.0602	0	1061	30.9	-0.04595	0.0342	1049	456	0.4347	0.05556	0.6489	1333	31.22	-0.1449	-0.03623	1322	848	0.6415	0.06	0.9575	865	31.9	-0.1445	-0.03691	859	475	0.553	0.06667	0.8254	-0.03797	-0.04731
chr14	29000000	30000000	0.3626	-0.0862	0.022	0	0.0625	0	896	30.28	-0.07553	0.00534	895	612	0.6838	0.06174	0.9964	1022	32.36	-0.09278	0.01251	1016	835	0.8219	0.06	1.198	750	32.34	-0.1249	-0.03243	744	375	0.504	0.0625	0.7344	-0.1497	0
chr14	30000000	31000000	0.3782	-0.0017	0.016	0	0.0605	0	871	32.22	0.01429	0.0137	866	402	0.4642	0.06049	0.7674	1112	34.97	0.0188	0.03275	1107	802	0.7245	0.06098	1.198	940	35.56	0.01214	0.02025	936	553	0.5908	0.05556	0.9767	-0.1245	-0.03953
chr14	31000000	32000000	0.4006	0.0031	0.0093	0	0.0594	0	1670	32.56	0.02934	0.02614	1660	1049	0.6319	0.05556	1.001	1875	34.51	0	-0.003012	1863	1220	0.6549	0.06	1.037	1300	36.08	0.03307	0.02876	1295	816	0.6301	0.05814	0.998	-0.1069	-0.07595
chr14	32000000	33000000	0.3849	-0.0394	0.0187	0	0.06	0	1535	30.67	-0.05698	-0.02337	1520	1094	0.7197	0.06712	1.054	1777	33.84	-0.02834	0.01768	1769	1314	0.7428	0.05882	1.087	1424	34.09	-0.04897	-0.005006	1413	1041	0.7367	0.06	1.079	-0.1437	0
chr14	33000000	34000000	0.3881	-0.0317	0.0231	0	0.06	0	1254	31.3	-0.02766	-0.002625	1250	714	0.5712	0.05556	0.8308	1550	33.7	-0.03429	0.00422	1544	1065	0.6898	0.05769	1.003	1146	34.91	-0.01481	0.01864	1142	677	0.5928	0.05882	0.8623	-0.1592	-0.0458
chr14	34000000	35000000	0.4225	0.0206	0.0117	0	0.0588	0	1506	32.19	0.01302	-0.006212	1481	662	0.447	0.0625	0.6376	1680	35.03	0.02161	-0.006711	1662	1161	0.6986	0.05814	0.9964	1956	36.43	0.04693	0.01536	1938	1379	0.7116	0.05882	1.015	-0.1425	-0.04182
chr14	35000000	36000000	0.401	0.0365	0.0245	0	0.0605	0	714	25.43	-0.3275	-0.3638	676	188	0.2781	0.1842	0.3563	1205	35.09	0.02375	-0.01364	1167	898	0.7695	0.0641	0.9858	1026	36.61	0.05405	0.01662	992	576	0.5806	0.06098	0.7438	-0.4447	-0.0458
chr14	36000000	37000000	0.3934	-0.0254	0.0275	0	0.0588	0	1447	21.3	-0.5827	-0.5582	1307	955	0.7307	0.2368	1.27	1506	34.33	-0.00768	0.02191	1501	1079	0.7189	0.05882	1.25	1507	34.34	-0.03836	-0.01378	1504	855	0.5685	0.05556	0.9882	-0.7162	0.03242
chr14	37000000	38000000	0.3744	-0.0867	0.0238	0	0.0625	0	1352	20.09	-0.6671	-0.593	1258	676	0.5374	0.2368	0.9878	1616	32.54	-0.08496	0.008694	1609	1045	0.6495	0.0625	1.194	1448	32.98	-0.09686	0	1446	919	0.6355	0.0625	1.168	-0.7162	0
chr14	38000000	39000000	0.3777	-0.0417	0.0216	0	0.0605	0	1187	20.94	-0.6073	-0.5679	1056	859	0.8134	0.2333	1.312	1382	33.67	-0.03583	0.01801	1381	813	0.5887	0.05882	0.9498	1342	34.26	-0.04172	0.004137	1339	1038	0.7752	0.06	1.251	-0.6978	-0.04067
chr14	39000000	40000000	0.3837	-0.0132	0.0148	0	0.0625	0	1457	21.2	-0.5895	-0.5817	1320	858	0.65	0.25	1.031	1617	34.15	-0.01519	0.004118	1613	1149	0.7123	0.05263	1.13	1568	35.48	0.008647	0.02744	1561	751	0.4811	0.06098	0.7633	-0.7469	-0.07698
chr14	40000000	41000000	0.3481	-0.0839	0.0236	0	0.0625	0	1400	20.17	-0.6614	-0.5866	1277	791	0.6194	0.2273	0.9394	1736	32.34	-0.09366	0.01585	1728	1099	0.636	0.0625	0.9645	1805	32.97	-0.09693	0.01211	1798	1187	0.6602	0.0625	1.001	-0.7116	0
chr14	41000000	42000000	0.3458	-0.1155	0.0279	0	0.0625	0	1580	27.11	-0.2351	-0.1301	1532	849	0.5542	0.09375	0.9779	1915	31.6	-0.127	0.01606	1903	1232	0.6474	0.05882	1.142	1943	31.5	-0.1629	-0.02259	1936	1369	0.7071	0.06098	1.248	-0.2081	0.04891
chr14	42000000	43000000	0.3469	-0.0989	0.0292	0	0.0617	0	1739	30.12	-0.08282	0.007333	1733	1227	0.708	0.06522	1.027	2080	31.88	-0.1146	0.01184	2073	1510	0.7284	0.0625	1.056	1800	32.33	-0.1254	-0.002224	1792	1505	0.8398	0.0625	1.218	-0.08746	0
chr14	43000000	44000000	0.3451	-0.0905	0.0289	0	0.064	0	1390	36.78	0.2052	0.2863	1355	1129	0.8332	0.1136	1.188	874	37.69	0.1272	0.248	857	552	0.6441	0.1	0.9187	1667	32.56	-0.1151	-0.002831	1655	1406	0.8495	0.0625	1.212	-0.01511	0.1926
chr14	44000000	45000000	0.369	-0.0613	0.0237	0	0.0625	0	1453	30.78	-0.05165	-0.0009986	1433	920	0.642	0.0625	0.856	1492	32.98	-0.06535	0.01377	1466	1203	0.8206	0.05556	1.094	1489	33.79	-0.06148	0.009032	1475	1080	0.7322	0.06	0.9763	-0.1375	-0.05445
chr14	45000000	46000000	0.3749	-0.0634	0.0356	0	0.0617	0	971	31.6	-0.01405	0.04233	963	621	0.6449	0.06	1.027	1282	33.17	-0.05742	0.01479	1269	913	0.7195	0.06098	1.146	764	33.24	-0.08529	-0.01176	758	357	0.471	0.0625	0.7502	-0.06609	0
chr14	46000000	47000000	0.3451	-0.1015	0.0251	0	0.06	0	1930	30.24	-0.07733	0.01473	1915	1314	0.6862	0.0625	1.164	2165	32.06	-0.1065	0.02522	2153	1460	0.6781	0.05882	1.15	1655	32.43	-0.1208	0.002513	1654	1004	0.607	0.05882	1.029	-0.1119	-0.039
chr14	47000000	48000000	0.3558	-0.0909	0.0221	0	0.0625	0	1789	30.3	-0.07441	0.00688	1783	1333	0.7476	0.0641	1.071	1893	31.83	-0.1168	-0.0002792	1888	1316	0.697	0.06522	0.9988	1861	32.25	-0.1291	-0.01746	1852	1529	0.8256	0.0625	1.183	-0.078	-0.03847
chr14	48000000	49000000	0.3541	-0.0599	0.0299	0	0.0617	0	1151	31.21	-0.03188	0.0123	1146	719	0.6274	0.0641	0.9685	2071	33.18	-0.05695	0.02428	2059	1730	0.8402	0.06098	1.297	1389	32.83	-0.1033	-0.02074	1385	946	0.683	0.0625	1.054	-0.09165	0.04182
chr14	49000000	50000000	0.4055	0.0473	0.0204	0	0.0591	0	1045	32.26	0.01606	-0.03004	1035	260	0.2512	0.07295	0.4545	1671	35.45	0.03847	-0.008674	1666	1164	0.6987	0.05882	1.264	1468	36.38	0.04492	-0.003422	1466	930	0.6344	0.05882	1.148	-0.1699	-0.04182
chr14	50000000	51000000	0.408	0.0721	0.0199	0	0.0591	0	1544	33.42	0.06702	-0.009041	1541	901	0.5847	0.05814	0.9969	1483	36.12	0.06571	-0.006304	1481	985	0.6651	0.05882	1.134	1521	37.38	0.08409	0.00787	1517	991	0.6533	0.05556	1.114	-0.1454	-0.03653
chr14	51000000	52000000	0.4013	0.0319	0.0117	0	0.0594	0	1689	32.39	0.02163	-0.01126	1682	1198	0.7122	0.06049	1.276	1478	35.07	0.02305	-0.01042	1474	1068	0.7246	0.06098	1.298	1642	36.33	0.04272	0.01313	1626	1287	0.7915	0.05556	1.418	-0.1278	-0.04891
chr14	52000000	53000000	0.3958	0.0208	0.0171	0	0.06	0	1714	32.25	0.01557	0	1701	853	0.5015	0.05882	0.8435	1825	34.85	0.01388	-0.005217	1816	1272	0.7004	0.05882	1.178	1882	35.92	0.02643	0.008384	1868	1126	0.6028	0.05556	1.014	-0.142	-0.04182
chr14	53000000	54000000	0.3928	0.0135	0.0089	0	0.0572	0	1760	32.21	0.01385	0.0003811	1758	843	0.4795	0.05882	0.7627	1672	35.1	0.02448	0.02089	1669	1186	0.7106	0.05556	1.13	1656	35.17	-0.003879	-0.01774	1652	1042	0.6308	0.05814	1.003	-0.1182	0
chr14	54000000	55000000	0.4132	0.0411	0.0112	0	0.0588	0	1012	32.86	0.04259	0.00279	1010	517	0.5119	0.05882	0.8462	1002	35.85	0.05479	0.004766	997	766	0.7683	0.05882	1.27	1253	36.14	0.03531	-0.01004	1248	789	0.6322	0.05263	1.045	-0.121	0
chr14	55000000	56000000	0.4086	0.0298	0.0164	0	0.0615	0	1016	32.21	0.01397	-0.01411	1008	552	0.5476	0.05685	0.7381	1419	35.16	0.02697	-0.0002233	1412	1140	0.8074	0.05882	1.088	1758	36.36	0.04404	0.01114	1753	1314	0.7496	0.05882	1.01	-0.1605	-0.04182
chr14	56000000	57000000	0.4039	-0.0235	0.0118	0	0.06	0	1437	31.6	-0.01387	0.01143	1424	972	0.6826	0.05882	1.013	1638	33.91	-0.02553	-0.003638	1630	1266	0.7767	0.05882	1.153	1378	34.33	-0.03891	-0.01559	1348	653	0.4844	0.05556	0.7193	-0.1255	0
chr14	57000000	58000000	0.3909	-0.0152	0.0319	0	0.06	0	1164	31.93	0.001354	0.01434	1164	723	0.6211	0.05882	1.019	1745	32.99	-0.06496	-0.04099	1741	1297	0.745	0.05882	1.223	953	35.21	-0.00209	0.01352	952	457	0.48	0.06098	0.7879	-0.1202	-0.09788
chr14	58000000	59000000	0.3982	0.0034	0.0235	0	0.0605	0	1118	31.83	-0.003416	-0.005291	1107	658	0.5944	0.0625	1.003	998	34.33	-0.007876	-0.004977	994	654	0.6579	0.05882	1.11	1264	35.73	0.01872	0.01434	1254	815	0.6499	0.05556	1.097	-0.1489	-0.08489
chr14	59000000	60000000	0.3916	0.0231	0.0106	0	0.0615	0	1429	32.49	0.02646	0.001435	1420	1001	0.7049	0.06667	1.052	1394	34.44	-0.003236	-0.01403	1387	1000	0.721	0.06	1.076	1421	35.75	0.01959	-0.005974	1415	1079	0.7625	0.05814	1.138	-0.1119	-0.04439
chr14	60000000	61000000	0.3817	0.0266	0.0232	0	0.0607	0	996	32.56	0.02936	0.0006784	994	294	0.2958	0.05848	1.037	1147	34.89	0.01585	-0.0007287	1145	571	0.4987	0.0641	1.749	988	35.95	0.02791	0.005504	986	207	0.2099	0.04762	0.7361	-0.1125	-0.03847
chr14	61000000	62000000	0.4106	0.0485	0.0124	0	0.0594	0	1376	32.8	0.04006	-0.0105	1364	772	0.566	0.0625	1.231	1281	35.97	0.05961	0.005085	1278	932	0.7293	0.05882	1.586	1448	36.53	0.05095	0.002459	1440	681	0.4729	0.05556	1.029	-0.1605	-0.03477
chr14	62000000	63000000	0.3739	-0.0194	0.0204	0	0.06	0	1627	32.04	0.00598	0.01279	1617	1002	0.6197	0.05556	0.9197	1873	34.07	-0.01874	0.009843	1867	1069	0.5726	0.05814	0.8498	1834	34.37	-0.03714	-0.007589	1818	1265	0.6958	0.05882	1.033	-0.08246	-0.03747
chr14	63000000	64000000	0.4048	0.0369	0.0266	0	0.0625	0	510	32.22	0.0143	-0.01996	502	332	0.6614	0.05882	1.004	1437	34.67	0.006446	-0.02764	1426	1271	0.8913	0.05814	1.353	1225	36.32	0.04249	0.004861	1216	1073	0.8824	0.05319	1.339	-0.152	-0.04536
chr14	64000000	65000000	0.4381	0.0791	0.0196	0	0.0566	0	1293	33.47	0.06911	-0.005049	1284	775	0.6036	0.0641	0.9477	1338	36.82	0.09319	0.001675	1328	773	0.5821	0.05814	0.9139	1394	37.14	0.07488	-0.00939	1391	991	0.7124	0.05769	1.119	-0.1543	0
chr14	65000000	66000000	0.4179	0.0619	0.0148	0	0.0578	0	1162	33.25	0.05951	-0.005108	1160	869	0.7491	0.0625	1.044	1286	36.2	0.06883	-0.002893	1284	1021	0.7952	0.05556	1.108	1434	37.32	0.08169	0.01662	1433	1018	0.7104	0.05319	0.9901	-0.1592	-0.02857
chr14	66000000	67000000	0.3831	0.0278	0.0159	0	0.0588	0	1375	32.2	0.01353	-0.01851	1368	1264	0.924	0.05882	1.105	1241	35.24	0.03003	0.01273	1237	1143	0.924	0.06	1.105	1524	36.03	0.03087	0.00737	1519	1185	0.7801	0.05556	0.9333	-0.1624	0
chr14	67000000	68000000	0.4118	0.0594	0.0184	0	0.0585	0	642	33.11	0.05358	-0.0009319	641	359	0.5601	0.05556	0.9221	880	35.92	0.05782	-0.007267	876	611	0.6975	0.05556	1.148	844	36.42	0.04644	-0.01937	842	635	0.7542	0.06	1.242	-0.1699	0
chr14	68000000	69000000	0.4354	0.1094	0.0264	0	0.0568	0	1336	33.67	0.07759	-0.02537	1332	940	0.7057	0.05556	1.056	1311	37.39	0.1155	-0.004518	1305	933	0.7149	0.05556	1.07	1558	37.67	0.09527	-0.01399	1552	1177	0.7584	0.05172	1.135	-0.1699	-0.03477
chr14	69000000	70000000	0.4446	0.0791	0.0199	0	0.0585	0	953	33.46	0.06887	0.001924	942	532	0.5648	0.05882	0.8705	1243	36.79	0.09217	-0.002657	1239	812	0.6554	0.05556	1.01	765	36.95	0.06722	-0.01824	758	384	0.5066	0.0625	0.7808	-0.1509	-0.03317
chr14	70000000	71000000	0.4176	0.0526	0.0137	0	0.0594	0	1684	32.79	0.03966	-0.01534	1665	1228	0.7375	0.06098	1.118	1849	35.98	0.0601	-0.001176	1822	1264	0.6937	0.05556	1.051	1315	36.99	0.06881	0.01259	1307	715	0.5471	0.05263	0.829	-0.1568	-0.03653
chr14	71000000	72000000	0.4064	0.0435	0.0131	0	0.0588	0	1085	32.96	0.04683	0.004335	1080	693	0.6417	0.05882	0.9985	1426	35.84	0.05443	0.01054	1421	1016	0.715	0.05172	1.113	986	36.71	0.05802	0.01231	974	624	0.6407	0.06049	0.997	-0.1255	-0.03747
chr14	72000000	73000000	0.4385	0.0528	0.0155	0	0.0556	0	1739	33.01	0.0493	0.0008295	1735	1383	0.7971	0.05556	1.259	1398	36.47	0.07944	0.01397	1396	945	0.6769	0.05556	1.069	1678	36.86	0.06395	0.009283	1675	1133	0.6764	0.05556	1.068	-0.152	0
chr14	73000000	74000000	0.4439	0.0619	0.0208	0	0.0588	0	1402	32.76	0.03829	-0.01437	1353	814	0.6016	0.0625	0.907	1176	36.26	0.07144	-0.004116	1120	628	0.5607	0.05662	0.8453	1151	36.75	0.05946	-0.009138	1091	470	0.4308	0.05882	0.6495	-0.1656	0
chr14	74000000	75000000	0.4598	0.0875	0.0415	0	0.0588	0	921	33.49	0.07006	-0.001226	910	425	0.467	0.05172	0.8119	1417	37.65	0.1254	0.01737	1410	1010	0.7163	0.06098	1.245	882	37.78	0.0994	0.001401	877	300	0.3421	0.0599	0.5947	-0.1699	-0.01551
chr14	75000000	76000000	0.4347	0.0869	0.0299	0	0.0594	0	813	27.96	-0.1904	-0.2744	797	153	0.192	0.1538	0.4149	1291	37.24	0.1098	0.01246	1291	852	0.66	0.05556	1.426	1065	37.7	0.09616	0.009088	1063	499	0.4694	0.05263	1.015	-0.415	-0.03653
chr14	76000000	77000000	0.4647	0.0817	0.0274	0	0.0603	0	1386	22.09	-0.5306	-0.5992	1293	585	0.4524	0.2419	0.8156	1808	36.78	0.09164	-0.01442	1792	1288	0.7188	0.05814	1.296	1488	37.38	0.08393	-0.006131	1473	763	0.518	0.05556	0.9338	-0.7655	-0.02857
chr14	77000000	78000000	0.4591	0.0757	0.0237	0	0.0588	0	1611	28.71	-0.152	-0.2113	1560	1075	0.6891	0.08065	1.043	1641	36.56	0.08327	-0.01342	1629	1042	0.6397	0.05882	0.9686	1647	37.43	0.0858	0	1632	1218	0.7463	0.05172	1.13	-0.3923	-0.04182
chr14	78000000	79000000	0.4103	-0.0014	0.0122	0	0.0594	0	1430	31.8	-0.004905	-0.002802	1425	989	0.694	0.06	1.161	1454	34.6	0.003618	-0.000631	1452	935	0.6439	0.05556	1.077	1028	35.29	0.001111	0.0003608	1025	530	0.5171	0.05882	0.8647	-0.1375	0
chr14	79000000	80000000	0.3833	-0.078	0.0165	0	0.0625	0	1163	30.72	-0.05439	0.01887	1154	763	0.6612	0.06	1.173	1401	32.56	-0.08414	0.003153	1394	867	0.622	0.0625	1.103	1242	32.89	-0.1007	-0.01711	1236	771	0.6238	0.05814	1.107	-0.09311	0
chr14	80000000	81000000	0.3726	-0.0478	0.0301	0	0.0647	0	988	30.9	-0.04619	-0.004237	982	577	0.5876	0.06	0.9336	1232	32.72	-0.07713	-0.0205	1226	1023	0.8344	0.0625	1.326	1240	34.03	-0.05165	-0.0002303	1237	764	0.6176	0.06098	0.9813	-0.1031	-0.04731
chr14	81000000	82000000	0.3982	-0.0325	0.0153	0	0.0619	0	1022	31.66	-0.01089	0.02314	1016	672	0.6614	0.05882	0.9738	833	33.35	-0.04931	-0.01051	830	349	0.4205	0.05882	0.6191	924	34.47	-0.03272	-0.001207	919	499	0.543	0.06098	0.7994	-0.078	-0.01697
chr14	82000000	83000000	0.3599	-0.0888	0.022	0	0.0614	0	1105	30.18	-0.08033	-0.006547	1098	695	0.633	0.0625	1.099	801	31.45	-0.1342	-0.02379	788	236	0.2995	0.06667	0.5199	1037	32.54	-0.1162	-0.01164	1032	601	0.5824	0.06098	1.011	-0.1186	-0.04123
chr14	83000000	84000000	0.3519	-0.1125	0.0245	0	0.0613	0	1161	29.6	-0.1084	-0.01025	1158	706	0.6097	0.05882	1.022	1370	31.72	-0.1217	0.02003	1366	1136	0.8316	0.05814	1.394	1188	32.34	-0.1248	0.01123	1187	625	0.5265	0.06	0.8829	-0.1186	-0.0458
chr14	84000000	85000000	0.3593	-0.1147	0.0217	0	0.0625	0	1516	29.84	-0.09668	0.005043	1510	1059	0.7013	0.06	1.046	1398	31.53	-0.1303	0.007674	1397	1044	0.7473	0.06	1.115	1477	32.01	-0.1398	-0.01103	1473	832	0.5648	0.06	0.8428	-0.07529	0
chr14	85000000	86000000	0.3736	-0.1073	0.029	0	0.0641	0	1661	30.19	-0.0798	0.01442	1650	1238	0.7503	0.06667	1.146	1356	31.55	-0.1296	-0.01087	1354	718	0.5303	0.06667	0.8102	1629	32.35	-0.1246	-0.007165	1623	1176	0.7246	0.05882	1.107	-0.07276	-0.03847
chr14	86000000	87000000	0.3598	-0.1168	0.0337	0	0.0617	0	1732	30.32	-0.07347	0.02932	1718	1004	0.5844	0.06667	1.044	1677	31.4	-0.1362	0.002201	1667	906	0.5435	0.06	0.9707	1747	31.95	-0.1424	-0.009805	1732	976	0.5635	0.05882	1.006	-0.06817	0
chr14	87000000	88000000	0.385	-0.0565	0.0289	0	0.0625	0	1300	31.13	-0.03529	0.01437	1293	812	0.628	0.06563	1.1	1149	33.58	-0.03958	0.02354	1146	585	0.5105	0.0625	0.894	1377	34.04	-0.05089	0.01018	1374	890	0.6477	0.06049	1.134	-0.1325	-0.04307
chr14	88000000	89000000	0.4021	-0.0084	0.0165	0	0.0588	0	1252	32.23	0.01454	0.02184	1241	879	0.7083	0.05882	1.014	1176	34.76	0.01026	0.01598	1171	821	0.7011	0.05556	1.004	1301	35.13	-0.00559	-4.328e-05	1288	882	0.6848	0.06098	0.9805	-0.122	-0.03953
chr14	89000000	90000000	0.4313	0.0408	0.0121	0	0.0594	0	1526	32.84	0.04178	0.009616	1514	1044	0.6896	0.05882	1.153	1470	35.41	0.03718	-0.01381	1441	880	0.6107	0.05556	1.021	1544	36.3	0.04169	-0.002469	1522	964	0.6334	0.05263	1.059	-0.152	-0.03953
chr14	90000000	91000000	0.4455	0.0497	0.0257	0	0.058	0	1506	32.6	0.0311	-0.007228	1491	1060	0.7109	0.0641	1.138	1439	36.46	0.07932	0.01389	1429	879	0.6151	0.05556	0.9845	1459	36.76	0.0598	0.003401	1445	1027	0.7107	0.05263	1.138	-0.1816	0.03317
chr14	91000000	92000000	0.4378	0.0583	0.0161	0	0.0588	0	1025	32.94	0.04615	-0.007817	1008	156	0.1548	0.05218	0.2787	1411	36.69	0.08809	0.01677	1395	817	0.5857	0.05556	1.055	1535	36.84	0.06315	-0.001514	1516	945	0.6234	0.05814	1.123	-0.1502	0
chr14	92000000	93000000	0.4647	0.0989	0.0161	0	0.0588	0	1638	33.26	0.06	-0.02585	1612	909	0.5639	0.05556	0.8843	1715	37.61	0.1238	0.0005831	1697	1085	0.6394	0.05882	1.003	1920	37.79	0.09987	-0.007389	1903	1301	0.6837	0.06098	1.072	-0.2051	0
chr14	93000000	94000000	0.4516	0.075	0.0141	0	0.061	0	1256	33.18	0.05675	-0.0139	1241	788	0.635	0.06049	1.052	1273	36.47	0.07975	-0.01523	1258	739	0.5874	0.05814	0.9737	1291	37.73	0.09751	0.01546	1285	1009	0.7852	0.04839	1.302	-0.1699	-0.03653
chr14	94000000	95000000	0.453	0.0639	0.0136	0	0.0588	0	1809	33.36	0.06455	0.01512	1791	1202	0.6711	0.0625	0.9577	1818	36.78	0.09162	0.00676	1806	1295	0.7171	0.05882	1.023	1866	36.64	0.0552	-0.01072	1849	1283	0.6939	0.05556	0.9901	-0.161	-0.03242
chr14	95000000	96000000	0.4568	0.0768	0.0198	0	0.0585	0	1631	33.31	0.06218	0.0001737	1620	986	0.6086	0.05556	0.9741	1926	36.13	0.06609	-0.03303	1913	1338	0.6994	0.05263	1.119	1708	38.12	0.1122	0.02919	1697	1115	0.657	0.05556	1.052	-0.1806	-0.08489
chr14	96000000	97000000	0.4364	0.06	0.0247	0	0.0568	0	1211	33.04	0.0504	-0.001781	1201	748	0.6228	0.0641	0.9631	1332	36.37	0.07556	0.004726	1325	782	0.5902	0.05814	0.9126	1100	37.29	0.08068	0.01681	1087	598	0.5501	0.05556	0.8507	-0.1444	-0.03953
chr14	97000000	98000000	0.4241	-0.033	0.0268	0	0.061	0	1094	31.4	-0.02314	0.01684	1088	559	0.5138	0.06	0.8246	1429	33.64	-0.0368	-0.009684	1424	994	0.698	0.05882	1.12	1360	34.11	-0.0479	-0.01899	1355	1007	0.7432	0.05556	1.193	-0.1102	0
chr14	98000000	99000000	0.4204	-0.035	0.03	0	0.0605	0	1793	31.77	-0.005888	0.03165	1791	919	0.5131	0.05556	0.8031	1822	33.81	-0.02953	0	1821	1184	0.6502	0.06	1.018	1870	34.12	-0.04748	-0.01501	1864	1354	0.7264	0.05685	1.137	-0.1054	0
chr14	99000000	100000000	0.4812	0.0872	0.0211	0	0.0594	0	1547	33.46	0.06872	0.001887	1530	847	0.5536	0.05556	0.968	1407	38.16	0.1448	0.0274	1394	698	0.5007	0.05814	0.8755	1526	37.37	0.08358	-0.01247	1517	709	0.4674	0.05882	0.8172	-0.1859	0.03747
chr14	100000000	101000000	0.4915	0.109	0.0132	0	0.0585	0	1002	34.28	0.1038	0.02478	991	653	0.6589	0.06	1.074	986	39.08	0.1793	0.0357	973	513	0.5272	0.05882	0.8594	1077	38.29	0.1187	-0.002989	1068	633	0.5927	0.05263	0.9661	-0.2016	0
chr14	101000000	102000000	0.4694	0.0777	0.0292	0	0.0597	0	1151	33.42	0.06695	0.004715	1141	631	0.553	0.0625	0.8199	1002	37.81	0.1315	0.02589	995	564	0.5668	0.05556	0.8404	1078	37.54	0.08999	0.001018	1072	767	0.7155	0.05556	1.061	-0.1656	0
chr14	102000000	103000000	0.479	0.1072	0.0169	0	0.058	0	885	33.44	0.06801	-0.02089	878	616	0.7016	0.05882	1.142	951	37.69	0.1271	-0.0103	940	734	0.7809	0.05556	1.271	989	38.69	0.1337	0.01909	985	824	0.8365	0.05456	1.362	-0.2157	0
chr14	103000000	104000000	0.4869	0.1293	0.0254	0	0.0597	0	1171	34.09	0.0957	0.0001857	1163	273	0.2347	0.06098	0.3991	1499	38.4	0.1539	-0.01166	1482	902	0.6086	0.06	1.035	1330	38.43	0.1238	-0.02148	1322	745	0.5635	0.05814	0.9582	-0.1799	0
chr14	104000000	105000000	0.5469	0.136	0.0476	0	0.0597	0	2061	34.54	0.1146	0.009183	1992	1461	0.7334	0.05882	1.145	1926	40.1	0.2164	0.01532	1868	1357	0.7264	0.06098	1.135	2031	38.93	0.1427	-0.003158	1985	1176	0.5924	0.05556	0.9253	-0.1864	0
chr14	105000000	106000000	0.5546	0.0259	0.118	1	0.0776	0	2762	29.46	-0.1149	NA	2343	1146	0.4891	0.07576	1.236	2017	37.16	0.1066	NA	1730	805	0.4653	0.1154	1.176	2666	30.56	-0.2066	NA	2336	918	0.393	0.09574	0.9931	-0.1346	0.08927
chr14	106000000	107000000	0.4135	-0.4298	0.2802	1	0.0882	0	2911	24.5	-0.381	NA	2505	1558	0.622	0.07895	1.032	3001	30.25	-0.1902	NA	2677	1586	0.5925	0.07576	0.9827	2997	27.46	-0.3608	NA	2608	1614	0.6189	0.08824	1.026	-0.2303	0.1475
chr14	107000000	107043718	NA	NA	NA	1	NA	0	0	NA	NA	NA	0	0	NA	NA	NA	0	NA	NA	NA	0	0	NA	NA	NA	0	NA	NA	NA	0	0	NA	NA	NA	NA	NA
chr15	0	1000000	NA	NA	NA	1	NA	0	0	NA	NA	NA	0	0	NA	NA	NA	0	NA	NA	NA	0	0	NA	NA	NA	0	NA	NA	NA	0	0	NA	NA	NA	NA	NA
chr15	1000000	2000000	NA	NA	NA	1	NA	0	0	NA	NA	NA	0	0	NA	NA	NA	0	NA	NA	NA	0	0	NA	NA	NA	0	NA	NA	NA	0	0	NA	NA	NA	NA	NA
chr15	2000000	3000000	NA	NA	NA	1	NA	0	0	NA	NA	NA	0	0	NA	NA	NA	0	NA	NA	NA	0	0	NA	NA	NA	0	NA	NA	NA	0	0	NA	NA	NA	NA	NA
chr15	3000000	4000000	NA	NA	NA	1	NA	0	0	NA	NA	NA	0	0	NA	NA	NA	0	NA	NA	NA	0	0	NA	NA	NA	0	NA	NA	NA	0	0	NA	NA	NA	NA	NA
chr15	4000000	5000000	NA	NA	NA	1	NA	0	0	NA	NA	NA	0	0	NA	NA	NA	0	NA	NA	NA	0	0	NA	NA	NA	0	NA	NA	NA	0	0	NA	NA	NA	NA	NA
chr15	5000000	6000000	NA	NA	NA	1	NA	0	0	NA	NA	NA	0	0	NA	NA	NA	0	NA	NA	NA	0	0	NA	NA	NA	0	NA	NA	NA	0	0	NA	NA	NA	NA	NA
chr15	6000000	7000000	NA	NA	NA	1	NA	0	0	NA	NA	NA	0	0	NA	NA	NA	0	NA	NA	NA	0	0	NA	NA	NA	0	NA	NA	NA	0	0	NA	NA	NA	NA	NA
chr15	7000000	8000000	NA	NA	NA	1	NA	0	0	NA	NA	NA	0	0	NA	NA	NA	0	NA	NA	NA	0	0	NA	NA	NA	0	NA	NA	NA	0	0	NA	NA	NA	NA	NA
chr15	8000000	9000000	NA	NA	NA	1	NA	0	0	NA	NA	NA	0	0	NA	NA	NA	0	NA	NA	NA	0	0	NA	NA	NA	0	NA	NA	NA	0	0	NA	NA	NA	NA	NA
chr15	9000000	10000000	NA	NA	NA	1	NA	0	0	NA	NA	NA	0	0	NA	NA	NA	0	NA	NA	NA	0	0	NA	NA	NA	0	NA	NA	NA	0	0	NA	NA	NA	NA	NA
chr15	10000000	11000000	NA	NA	NA	1	NA	0	0	NA	NA	NA	0	0	NA	NA	NA	0	NA	NA	NA	0	0	NA	NA	NA	0	NA	NA	NA	0	0	NA	NA	NA	NA	NA
chr15	11000000	12000000	NA	NA	NA	1	NA	0	0	NA	NA	NA	0	0	NA	NA	NA	0	NA	NA	NA	0	0	NA	NA	NA	0	NA	NA	NA	0	0	NA	NA	NA	NA	NA
chr15	12000000	13000000	NA	NA	NA	1	NA	0	0	NA	NA	NA	0	0	NA	NA	NA	0	NA	NA	NA	0	0	NA	NA	NA	0	NA	NA	NA	0	0	NA	NA	NA	NA	NA
chr15	13000000	14000000	NA	NA	NA	1	NA	0	0	NA	NA	NA	0	0	NA	NA	NA	0	NA	NA	NA	0	0	NA	NA	NA	0	NA	NA	NA	0	0	NA	NA	NA	NA	NA
chr15	14000000	15000000	NA	NA	NA	1	NA	0	0	NA	NA	NA	0	0	NA	NA	NA	0	NA	NA	NA	0	0	NA	NA	NA	0	NA	NA	NA	0	0	NA	NA	NA	NA	NA
chr15	15000000	16000000	NA	NA	NA	1	NA	0	0	NA	NA	NA	0	0	NA	NA	NA	0	NA	NA	NA	0	0	NA	NA	NA	0	NA	NA	NA	0	0	NA	NA	NA	NA	NA
chr15	16000000	17000000	NA	NA	NA	1	NA	0	0	NA	NA	NA	0	0	NA	NA	NA	0	NA	NA	NA	0	0	NA	NA	NA	0	NA	NA	NA	0	0	NA	NA	NA	NA	NA
chr15	17000000	18000000	0.3769	-0.3286	0.2015	1	0.1359	1	1832	29.32	-0.1217	NA	1077	737	0.6843	NA	1.041	1814	33.23	-0.0546	NA	1143	802	0.7017	NA	1.067	617	25.51	-0.4671	NA	360	234	0.65	NA	0.9884	-0.078	0.3785
chr15	18000000	19000000	0.3785	-1.864	0.2381	1	0.1132	1	364	9.973	-1.678	NA	140	22	0.1571	NA	0.5582	488	8.136	-2.085	NA	134	42	0.3134	NA	1.113	399	8.34	-2.08	NA	103	30	0.2913	NA	1.035	0.2016	-0.1844
chr15	19000000	20000000	0.3784	-0.5772	0.1455	1	0.0769	0	758	23.42	-0.4459	NA	446	92	0.2063	0.1108	0.3192	984	24.11	-0.5172	NA	557	426	0.7648	0.07359	1.184	880	25.34	-0.4769	NA	512	379	0.7402	0.07692	1.146	-0.06688	0
chr15	20000000	21000000	0.4262	0.9135	0.2843	1	0.169	1	2557	60.92	0.9332	NA	1711	1198	0.7002	NA	0.9212	2579	72.97	1.08	NA	1729	1287	0.7444	NA	0.9793	2655	58.09	0.7201	NA	1934	1363	0.7048	NA	0.9272	0	0.381
chr15	21000000	22000000	0.4068	-0.3308	0.5114	1	0.1158	1	1549	27.22	-0.229	NA	803	414	0.5156	NA	1.046	1534	25.75	-0.4227	NA	775	396	0.511	NA	1.037	1305	22.46	-0.6506	NA	693	230	0.3319	NA	0.6735	0.1434	0.02333
chr15	22000000	23000000	0.4324	-0.0075	0.0829	0	0.0801	0	1409	31.22	-0.03146	-0.01329	1148	607	0.5287	0.09459	0.8809	1580	35.76	0.0514	0.04965	1282	839	0.6544	0.0641	1.09	1341	33.62	-0.0689	-0.06476	1149	710	0.6179	0.05814	1.03	-0.1403	0.1561
chr15	23000000	24000000	0.4215	-0.0889	0.0422	0	0.0639	0	1706	30.6	-0.06033	0.03349	1459	806	0.5524	0.06667	1.126	1646	31.67	-0.1242	-0.04298	1485	830	0.5589	0.06098	1.14	1548	32.81	-0.1043	-0.02366	1390	429	0.3086	0.06	0.6293	-0.04731	-0.04307
chr15	24000000	25000000	0.394	-0.092	0.019	0	0.0625	0	2492	30.35	-0.07182	0.01617	2457	1891	0.7696	0.0625	1.003	2491	32.44	-0.08918	0.00656	2465	1870	0.7586	0.0641	0.9887	2870	33.34	-0.08117	0.008933	2838	2316	0.8161	0.06667	1.064	-0.1227	-0.04891
chr15	25000000	26000000	0.4305	-0.0395	0.024	0	0.0633	0	1610	31.24	-0.0303	0.01259	1569	766	0.4882	0.05882	0.9714	1701	33.55	-0.04097	-0.01003	1672	930	0.5562	0.06667	1.107	1606	33.66	-0.0672	-0.03479	1582	764	0.4829	0.0625	0.9609	-0.1125	0
chr15	26000000	27000000	0.4101	-0.0608	0.0154	0	0.0605	0	1549	31.13	-0.03545	0.02578	1538	947	0.6157	0.06	0.9813	1539	32.71	-0.07734	-0.02039	1533	1056	0.6888	0.0625	1.098	1382	33.68	-0.06645	-0.007826	1380	548	0.3971	0.05941	0.6328	-0.1085	0
chr15	27000000	28000000	0.4157	-0.0398	0.0361	0	0.0625	0	1472	31.59	-0.01447	0.02538	1451	1000	0.6892	0.06049	1.063	1167	32.93	-0.06779	-0.03175	1164	775	0.6658	0.06	1.027	1768	34.29	-0.04044	-0.0005812	1766	1402	0.7939	0.05882	1.225	-0.08017	-0.04244
chr15	28000000	29000000	0.4422	-0.1217	0.0476	0	0.0695	0	1051	31.04	-0.03957	0.08533	856	443	0.5175	0.07333	1.093	1495	31.58	-0.128	-0.01604	1276	841	0.6591	0.0625	1.393	1124	32.85	-0.1023	0.01255	889	477	0.5366	0.07143	1.134	-0.0063	-0.2846
chr15	29000000	30000000	0.4335	0.0046	0.018	0	0.0588	0	1237	32.25	0.0155	0.02076	1236	715	0.5785	0.05814	0.9721	1404	34.77	0.01062	-0.007963	1395	949	0.6803	0.06098	1.143	957	35.15	-0.004831	-0.01164	951	481	0.5058	0.05263	0.8499	-0.1329	0
chr15	30000000	31000000	0.4269	-0.2049	0.1047	1	0.0644	0	703	26.13	-0.2882	NA	504	268	0.5317	0.06522	1.012	1071	30.63	-0.172	NA	830	632	0.7614	0.0625	1.448	528	30.38	-0.2151	NA	402	79	0.1965	0.08333	0.3738	-0.1552	-0.1056
chr15	31000000	32000000	0.4478	0.0931	0.0176	0	0.0583	0	1370	33.83	0.08449	0.002238	1350	840	0.6222	0.06	0.9791	1334	37.68	0.1267	0.01565	1321	768	0.5814	0.05556	0.9148	1771	37.55	0.09045	-0.008146	1755	1145	0.6524	0.05814	1.027	-0.1444	0.03436
chr15	32000000	33000000	0.4158	-0.1465	0.0323	0	0.0659	0	1677	27.58	-0.21	-0.06407	1363	612	0.449	0.06757	0.8541	1643	30.19	-0.1932	-0.0505	1368	692	0.5058	0.05882	0.9622	1528	32.6	-0.1135	0.03301	1308	610	0.4664	0.06757	0.8871	-0.162	0
chr15	33000000	34000000	0.4102	-0.0019	0.0113	0	0.0594	0	2120	31.88	-0.0008996	0.001547	2115	1173	0.5546	0.05882	1.026	1967	34.29	-0.009507	-0.01231	1955	981	0.5018	0.05882	0.9279	2046	35.36	0.003883	0.003618	2038	1031	0.5059	0.05814	0.9354	-0.142	-0.04307
chr15	34000000	35000000	0.4107	0.0194	0.024	0	0.0605	0	1776	32.4	0.02239	0.002273	1711	1118	0.6534	0.06	1.143	1644	35.17	0.02721	0.001787	1587	626	0.3945	0.05882	0.6902	1488	34.11	-0.04818	-0.06765	1443	719	0.4983	0.05556	0.8719	-0.122	0.03279
chr15	35000000	36000000	0.3737	-0.0389	0.0143	0	0.0602	0	1472	31.06	-0.03891	-0.009194	1453	1047	0.7206	0.0625	1.271	1304	33.49	-0.04358	0.008099	1294	931	0.7195	0.0625	1.269	1231	34.14	-0.04671	0.002424	1219	761	0.6243	0.06	1.101	-0.1375	0
chr15	36000000	37000000	0.3699	-0.0593	0.0214	0	0.0588	0	1456	30.91	-0.04586	0.003535	1454	953	0.6554	0.06	1.019	1589	32.77	-0.07473	-0.0006791	1587	1073	0.6761	0.06	1.051	1475	33.9	-0.05696	0.007286	1469	941	0.6406	0.05556	0.9959	-0.1119	-0.04307
chr15	37000000	38000000	0.3728	-0.0478	0.0237	0	0.0617	0	1409	31.71	-0.008673	0.03384	1408	1082	0.7685	0.05882	1.107	1571	33.42	-0.04652	0.01046	1568	1280	0.8163	0.05882	1.176	1131	33.56	-0.07135	-0.0181	1127	774	0.6868	0.06174	0.9895	-0.07595	0
chr15	38000000	39000000	0.3951	0.023	0.0124	0	0.0572	0	1617	32.4	0.02236	-0.001099	1614	953	0.5905	0.05882	1.184	1556	35.07	0.02295	0.005817	1552	828	0.5335	0.05556	1.07	1488	35.72	0.01844	0.0009331	1486	748	0.5034	0.05556	1.009	-0.1293	-0.03477
chr15	39000000	40000000	0.3977	0.0276	0.0217	0	0.0591	0	1095	32.51	0.02699	0.003965	1086	569	0.5239	0.05882	1.013	1167	35.13	0.02562	0.004991	1161	617	0.5314	0.05882	1.027	935	36.15	0.03586	0.007277	928	356	0.3836	0.06098	0.7416	-0.1234	-0.04811
chr15	40000000	41000000	0.4802	0.1179	0.0281	0	0.0588	0	1318	33.71	0.07941	-0.01985	1308	962	0.7355	0.06098	1.126	973	38.34	0.1517	0.003101	966	436	0.4513	0.05556	0.6911	1402	38.25	0.1172	-0.009575	1398	949	0.6788	0.05814	1.039	-0.2147	0
chr15	41000000	42000000	0.4616	0.0956	0.0295	0	0.0579	0	1203	33.48	0.06937	-0.01428	1202	936	0.7787	0.0625	1.136	1073	37.39	0.1155	-0.003427	1069	645	0.6034	0.04839	0.8801	890	38.4	0.123	0.01551	887	705	0.7948	0.05814	1.159	-0.2081	-0.03207
chr15	42000000	43000000	0.4296	0.0713	0.0136	0	0.0609	0	845	32.97	0.04733	-0.02153	837	237	0.2832	0.0641	0.6858	954	36.74	0.0903	0.01385	951	447	0.47	0.05263	1.138	826	37.49	0.08824	0.007738	823	259	0.3147	0.05556	0.7622	-0.1745	-0.06559
chr15	43000000	44000000	0.4393	0.0407	0.0389	0	0.0625	0	300	32.51	0.02718	-0.009835	295	81	0.2746	0.07143	0.4711	307	35.99	0.06065	0.007934	297	82	0.2761	0.07143	0.4737	304	37.04	0.07095	0.02839	298	81	0.2718	0.0641	0.4663	-0.1699	-0.03917
chr15	44000000	45000000	0.4093	0.0055	0.0329	0	0.0613	0	576	31.94	0.001581	-0.002208	566	255	0.4505	0.05882	0.9833	698	34.09	-0.01777	-0.02044	658	295	0.4483	0.05556	0.9785	527	35.63	0.01486	0.004358	517	164	0.3172	0.06538	0.6923	-0.1699	0
chr15	45000000	46000000	0.4334	0.034	0.0173	0	0.0585	0	1364	32.54	0.02831	0.004172	1352	797	0.5895	0.05556	0.9993	1237	36.19	0.06861	0.02293	1233	563	0.4566	0.05556	0.774	1234	36.72	0.05813	0.02192	1228	740	0.6026	0.05814	1.022	-0.152	0
chr15	46000000	47000000	0.3678	-0.0698	0.0077	0	0.0607	0	1637	30.63	-0.05863	0.003037	1634	1215	0.7436	0.0625	1.089	1350	33.15	-0.05821	0.0226	1347	603	0.4477	0.05882	0.6558	1137	33.26	-0.08445	-0.001879	1135	892	0.7859	0.05882	1.151	-0.1119	0
chr15	47000000	48000000	0.3862	-0.064	0.0147	0	0.0633	0	1559	31.34	-0.02592	0.03282	1555	1141	0.7338	0.0625	1.193	1462	33.09	-0.06084	0.008297	1452	931	0.6412	0.05882	1.043	1168	33.7	-0.06572	0.002281	1159	626	0.5401	0.05882	0.8785	-0.114	0
chr15	48000000	49000000	0.3904	0.0005	0.0222	0	0.0597	0	671	31.94	0.001633	-0.002804	668	272	0.4072	0.05814	1.029	601	34.65	0.005645	0.01353	601	187	0.3111	0.06098	0.7861	701	35.93	0.02678	0.02718	697	301	0.4319	0.05	1.091	-0.1333	-0.04244
chr15	49000000	50000000	0.3744	0.0004	0.0175	0	0.0617	0	865	31.97	0.00319	-0.0098	862	269	0.3121	0.07143	0.5007	872	33.98	-0.02249	-0.01594	868	273	0.3145	0.0625	0.5046	1221	34.94	-0.01322	-0.003463	1212	897	0.7401	0.06098	1.187	-0.09954	-0.04182
chr15	50000000	51000000	0.4029	0.0406	0.0294	0	0.0599	0	1601	32.32	0.01884	-0.02315	1586	879	0.5542	0.05556	0.8635	1570	35.7	0.04899	0.004704	1566	1203	0.7682	0.05882	1.197	1468	36.73	0.05852	0.01486	1459	446	0.3057	0.05556	0.4763	-0.1699	-0.03519
chr15	51000000	52000000	0.4139	0.0509	0.028	0	0.0599	0	1173	32.43	0.02357	-0.02878	1162	572	0.4923	0.05882	0.9439	1450	36.43	0.07808	0.01757	1440	1234	0.8569	0.05556	1.643	907	36.5	0.04952	-0.004948	889	254	0.2857	0.06098	0.5479	-0.1575	0
chr15	52000000	53000000	0.4166	0.0626	0.0246	0	0.0578	0	1261	33.13	0.05454	-0.01046	1258	781	0.6208	0.05882	1.181	1485	36.28	0.07197	0.003719	1481	1153	0.7785	0.05556	1.48	1049	37.24	0.07844	0.01299	1047	489	0.467	0.06	0.8881	-0.1568	-0.04307
chr15	53000000	54000000	0.3818	-0.0326	0.0236	0	0.0625	0	1796	31.89	-0.0005395	0.03009	1788	873	0.4883	0.05882	0.9505	1852	33.94	-0.02404	0.01931	1842	1016	0.5516	0.05882	1.074	2051	34.4	-0.0358	0.0007055	2040	1361	0.6672	0.0625	1.299	-0.1186	0
chr15	54000000	55000000	0.3667	-0.0539	0.0191	0	0.0612	0	2162	31.2	-0.03219	0.01458	2153	1270	0.5899	0.0625	1.072	1823	33.16	-0.05778	0.009474	1810	912	0.5039	0.0625	0.9156	1897	33.64	-0.0679	-0.001989	1888	734	0.3888	0.0625	0.7065	-0.09654	-0.037
chr15	55000000	56000000	0.4024	-0.0207	0.0161	0	0.0613	0	2084	31.28	-0.02835	-0.009032	2062	1343	0.6513	0.0625	1.101	1919	34.76	0.01014	0.02716	1909	1294	0.6778	0.05556	1.146	1913	35.25	-0.0006516	0.01715	1904	1256	0.6597	0.05556	1.115	-0.1745	0
chr15	56000000	57000000	0.3763	0.0021	0.023	0	0.0625	0	1070	31.65	-0.01164	-0.01887	1062	285	0.2684	0.0625	0.553	1291	34.84	0.01366	0.02192	1287	622	0.4833	0.05556	0.9959	1264	35.72	0.01851	0.02058	1258	582	0.4626	0.06	0.9533	-0.1333	-0.05063
chr15	57000000	58000000	0.4125	0.0281	0.0183	0	0.0617	0	1821	32.46	0.02512	0.0009835	1811	918	0.5069	0.05556	0.9473	1746	35.32	0.03345	0.002575	1732	956	0.552	0.05882	1.032	1743	36.23	0.03912	0.007754	1738	683	0.393	0.05556	0.7344	-0.1468	-0.04064
chr15	58000000	59000000	0.4078	0.0437	0.0148	0	0.0594	0	1614	33.02	0.04957	0.001472	1607	1052	0.6546	0.06	1.122	1537	35.65	0.04668	0.00314	1530	1072	0.7007	0.05882	1.201	1565	36.64	0.05511	0.007686	1554	938	0.6036	0.05882	1.035	-0.1461	-0.07595
chr15	59000000	60000000	0.4164	0.0576	0.011	0	0.0587	0	1523	33.22	0.05824	-0.001761	1517	777	0.5122	0.0625	1.048	1544	35.69	0.04846	-0.01385	1527	608	0.3982	0.05814	0.8149	1511	37.14	0.07454	0.01306	1504	699	0.4648	0.05556	0.9512	-0.1271	-0.04439
chr15	60000000	61000000	0.4117	0.0285	0.0101	0	0.06	0	1342	32.4	0.02216	-0.002375	1331	631	0.4741	0.0641	0.9165	1667	35.06	0.02273	-0.01112	1651	1077	0.6523	0.05882	1.261	1440	36.35	0.04385	0.00895	1428	698	0.4888	0.05556	0.9449	-0.1271	-0.05445
chr15	61000000	62000000	0.3982	-0.0005	0.0149	0	0.0617	0	1575	32.08	0.008037	0.01006	1571	791	0.5035	0.0625	0.9413	1461	34.61	0.004008	0.01081	1453	673	0.4632	0.06098	0.8659	1587	34.47	-0.03283	-0.03332	1587	735	0.4631	0.06098	0.8658	-0.09622	0
chr15	62000000	63000000	0.4294	0.0426	0.0206	0	0.0588	0	1481	32.9	0.04453	0.003729	1477	954	0.6459	0.05882	1.077	1295	35.83	0.05404	0.00686	1294	607	0.4691	0.05769	0.7825	1770	36.02	0.03056	-0.02113	1765	1098	0.6221	0.06	1.038	-0.1375	0
chr15	63000000	64000000	0.4293	0.0931	0.0202	0	0.0568	0	1372	33.69	0.07849	-0.01173	1367	763	0.5582	0.05556	0.9796	1410	36.65	0.08659	-0.01166	1407	762	0.5416	0.05556	0.9505	1184	37.8	0.1002	-0.002125	1181	574	0.486	0.05556	0.853	-0.152	-0.03653
chr15	64000000	65000000	0.4477	0.0708	0.0328	0	0.0572	0	1199	32.55	0.02869	-0.03126	1187	799	0.6731	0.06098	1.943	1055	36.93	0.0978	0.00853	1052	361	0.3432	0.05556	0.9906	1189	37.68	0.09547	0.02033	1181	779	0.6596	0.05882	1.904	-0.2008	-0.03747
chr15	65000000	66000000	0.4461	0.0922	0.0306	0	0.0585	0	594	33.46	0.06884	-0.01198	586	231	0.3942	0.06098	0.7862	754	37.19	0.1079	-0.001785	753	498	0.6614	0.04839	1.319	868	37	0.06933	-0.03144	862	484	0.5615	0.06098	1.12	-0.1644	0
chr15	66000000	67000000	0.4725	0.1007	0.0369	0	0.0572	0	1561	33.62	0.07571	-0.006098	1555	725	0.4662	0.05556	0.8144	1407	37.71	0.1277	-0.003377	1402	598	0.4265	0.05556	0.745	1761	38.15	0.1133	0.002871	1757	1124	0.6397	0.05556	1.117	-0.1664	0
chr15	67000000	68000000	0.4223	0.0726	0.0206	0	0.0594	0	1451	33.22	0.05827	-0.01024	1436	919	0.64	0.0625	1.231	1441	36.65	0.08667	0.006346	1438	734	0.5104	0.05556	0.982	1526	37.64	0.09407	0.01266	1519	939	0.6182	0.05814	1.189	-0.1605	-0.03747
chr15	68000000	69000000	0.4446	0.0626	0.0242	0	0.0597	0	1339	33.61	0.07498	0.02453	1333	927	0.6954	0.05882	1.353	1254	36.85	0.09443	0.0161	1249	553	0.4428	0.05556	0.8616	1402	37.08	0.07222	0.003264	1397	998	0.7144	0.05882	1.39	-0.1454	0
chr15	69000000	70000000	0.4496	0.0542	0.0356	0	0.0625	0	1210	33.48	0.06934	0.02038	1206	663	0.5498	0.05556	1.045	1244	36.28	0.07202	0.0005232	1241	587	0.473	0.05556	0.8994	1410	36.98	0.06829	0.006939	1406	873	0.6209	0.05882	1.181	-0.1155	-0.03171
chr15	70000000	71000000	0.4497	0.0731	0.0188	0	0.0588	0	1526	33.23	0.05861	-0.009253	1513	1009	0.6669	0.0625	1.006	1406	37.34	0.1138	0.02338	1390	971	0.6986	0.05814	1.054	1467	37.38	0.08419	0.004041	1460	1061	0.7267	0.05556	1.096	-0.1699	-0.03395
chr15	71000000	72000000	0.4129	0.0076	0.0175	0	0.0607	0	1599	32.04	0.005961	0.0002261	1585	905	0.571	0.06098	1.117	1434	34.92	0.01701	0.001503	1425	814	0.5712	0.05291	1.117	1630	35.21	-0.002297	-0.01311	1618	1005	0.6211	0.06098	1.215	-0.1085	-0.03177
chr15	72000000	73000000	0.4293	0.0344	0.024	0	0.0591	0	1010	32.08	0.007812	-0.02371	980	373	0.3806	0.0625	1.673	1000	35.69	0.04845	0.008903	975	370	0.3795	0.05882	1.668	895	36.29	0.04147	-0.002146	858	161	0.1876	0.05769	0.8248	-0.1561	-0.02919
chr15	73000000	74000000	0.4442	0.0578	0.0198	0	0.0602	0	912	33.27	0.06063	0.01394	906	444	0.4901	0.05814	0.8397	819	36.59	0.08424	0.008379	818	456	0.5575	0.05882	0.9552	1044	36.7	0.05735	-0.007151	1041	668	0.6417	0.05556	1.1	-0.1375	0
chr15	74000000	75000000	0.4999	0.1248	0.0637	0	0.0583	0	945	33.35	0.0639	-0.03673	929	784	0.8439	0.0625	1.25	859	38.33	0.1512	-0.008928	846	669	0.7908	0.05556	1.172	761	38.89	0.1413	0.004507	751	507	0.6751	0.05556	1	-0.2106	0
chr15	75000000	76000000	0.4716	0.1135	0.0272	0	0.0583	0	1023	33.59	0.07408	-0.02187	984	509	0.5173	0.06	1.033	1067	38.34	0.1517	0.007415	1043	753	0.722	0.05556	1.442	895	37.74	0.0978	-0.02645	868	352	0.4055	0.05172	0.8101	-0.1861	0
chr15	76000000	77000000	0.4071	0.0611	0.0196	0	0.0587	0	872	32.3	0.01777	-0.04335	867	187	0.2157	0.05556	0.5661	913	36.15	0.06676	0.005271	890	261	0.2933	0.06818	0.7697	1297	36.63	0.05482	-0.01032	1287	929	0.7218	0.0625	1.895	-0.1333	0
chr15	77000000	78000000	0.4709	0.1344	0.0192	0	0.0568	0	1587	34.82	0.1261	0.006488	1573	1141	0.7254	0.05556	1.235	1400	40.39	0.2268	0.06205	1390	847	0.6094	0.05556	1.038	1365	38.76	0.1363	-0.007961	1357	622	0.4584	0.05556	0.7806	-0.2064	0
chr15	78000000	79000000	0.4684	0.1073	0.0232	0	0.0591	0	1840	33.53	0.07166	-0.01858	1822	1210	0.6641	0.0641	1.195	1747	37.59	0.1231	-0.008693	1711	1055	0.6166	0.05882	1.11	1692	38.49	0.1261	0.006487	1662	781	0.4699	0.05263	0.8458	-0.1745	0
chr15	79000000	80000000	0.4309	0.0723	0.019	0	0.0605	0	1846	33.45	0.06831	0.0004945	1831	1267	0.692	0.06098	1.094	1675	36.68	0.08792	0.007647	1667	1231	0.7385	0.05556	1.168	1756	37.09	0.0727	-0.002965	1747	1158	0.6629	0.05556	1.048	-0.1568	-0.03519
chr15	80000000	81000000	0.441	0.0758	0.0184	0	0.0588	0	1740	33.55	0.07239	-0.0008254	1734	1107	0.6384	0.05556	0.9166	1506	36.83	0.09365	0.009314	1492	1097	0.7353	0.05882	1.056	1839	37.35	0.08285	0.002115	1831	1324	0.7231	0.05556	1.038	-0.122	-0.03477
chr15	81000000	82000000	0.4084	0.0096	0.0205	0	0.0602	0	1376	32.64	0.03269	0.02247	1369	968	0.7071	0.0625	1.029	987	34.99	0.01973	0.01274	984	573	0.5823	0.05556	0.8473	1245	35.83	0.02306	0.009853	1242	783	0.6304	0.0641	0.9173	-0.1375	0
chr15	82000000	83000000	0.4423	-0.0215	0.015	0	0.0659	0	1382	31.5	-0.01857	0.006347	1196	767	0.6413	0.06757	0.9785	1372	33.56	-0.04036	-0.02883	1164	963	0.8273	0.06522	1.262	1638	34.98	-0.01154	0.003738	1488	896	0.6022	0.0625	0.9188	-0.1699	-0.07127
chr15	83000000	84000000	0.4097	0.0022	0.0078	0	0.06	0	798	32.2	0.01322	0.01452	783	629	0.8033	0.06667	1.071	881	35.11	0.02458	0.02472	867	743	0.857	0.06	1.142	1028	35.12	-0.00605	-0.01178	1003	752	0.7498	0.05263	0.9991	-0.1432	0
chr15	84000000	85000000	0.4496	0.0051	0.0375	0	0.0588	0	1319	30.74	-0.05351	-0.05337	1119	704	0.6291	0.05814	1.107	1323	34.96	0.01866	-0.003729	1150	754	0.6557	0.05882	1.154	1291	34.38	-0.03662	-0.04887	1119	705	0.63	0.05556	1.109	-0.1926	-0.09516
chr15	85000000	86000000	0.432	0.0365	0.0304	0	0.0613	0	1998	32.07	0.007622	-0.01902	1926	1430	0.7425	0.0641	1.162	1392	35.38	0.03572	-0.01132	1298	712	0.5485	0.05882	0.8587	2068	36.93	0.06634	0.02782	2011	1405	0.6987	0.05556	1.094	-0.1651	-0.04307
chr15	86000000	87000000	0.3951	-0.0269	0.0201	0	0.0625	0	1447	31.41	-0.02244	0.004002	1434	1041	0.7259	0.0625	1.045	1610	34.52	0.0004564	0.03322	1596	1030	0.6454	0.0625	0.9294	1694	34.26	-0.04169	-0.009289	1688	1331	0.7885	0.0625	1.136	-0.1293	0.03847
chr15	87000000	88000000	0.3965	-0.0689	0.0162	0	0.0602	0	1384	30.92	-0.04512	0.03016	1378	929	0.6742	0.05882	0.9936	1732	33.16	-0.05762	0.01341	1713	1306	0.7624	0.05556	1.124	1450	32.94	-0.09821	-0.02778	1433	984	0.6867	0.05848	1.012	-0.1119	0.04064
chr15	88000000	89000000	0.4641	0.0269	0.0169	0	0.0585	0	817	32.54	0.02854	0.01272	809	579	0.7157	0.05882	1.007	1122	36.93	0.09767	0.04582	1116	794	0.7115	0.06	1.001	1286	36.86	0.06369	0.02422	1267	940	0.7419	0.05556	1.044	-0.1624	0
chr15	89000000	90000000	0.4646	0.0831	0.0307	0	0.0575	0	1184	32.99	0.04835	-0.0228	1166	896	0.7684	0.05882	1.092	1654	37.09	0.1038	-0.004206	1641	1222	0.7447	0.05556	1.058	1719	37.2	0.07713	-0.01493	1701	1379	0.8107	0.06098	1.152	-0.142	0.037
chr15	90000000	91000000	0.4666	0.1142	0.0394	0	0.0567	0	985	33.24	0.05925	-0.03434	976	572	0.5861	0.05685	0.8553	1827	37.67	0.1263	-0.01228	1817	1524	0.8387	0.05814	1.224	1884	38.41	0.1233	-0.003211	1877	1501	0.7997	0.05556	1.167	-0.1844	-0.04307
chr15	91000000	92000000	0.4177	0.0194	0.0082	0	0.0625	0	1273	32.26	0.01583	-0.004727	1260	858	0.681	0.06098	0.9785	1856	35.59	0.04418	0.01541	1842	1462	0.7937	0.05882	1.141	1641	35.77	0.0203	-0.002579	1630	1195	0.7331	0.05882	1.053	-0.1304	0
chr15	92000000	93000000	0.4377	0.0547	0.0155	0	0.0599	0	1474	32.99	0.04807	-0.001682	1464	981	0.6701	0.05882	0.9778	1572	35.79	0.05243	-0.01439	1554	1129	0.7265	0.05556	1.06	1794	36.88	0.06466	0.002296	1780	1232	0.6921	0.05882	1.01	-0.1343	-0.03317
chr15	93000000	94000000	0.4235	0.042	0.0138	0	0.0588	0	2322	33.09	0.05285	0.01783	2314	1406	0.6076	0.05882	1.051	2041	35.79	0.0525	0.005062	2037	1172	0.5754	0.05556	0.9956	2276	35.72	0.01842	-0.02767	2274	1183	0.5202	0.05882	0.9002	-0.1234	0
chr15	94000000	95000000	0.3883	-0.0171	0.0248	0	0.0625	0	1470	31.06	-0.03858	-0.02552	1463	1005	0.6869	0.0625	1.045	1373	32.92	-0.06817	-0.0432	1367	842	0.6159	0.05556	0.9372	1431	34.85	-0.01721	0	1424	841	0.5906	0.05556	0.8986	-0.1255	-0.08246
chr15	95000000	96000000	0.3805	-0.0587	0.0411	0	0.0633	0	1005	30.78	-0.05163	-0.00365	999	596	0.5966	0.06594	0.875	1072	32.05	-0.1068	-0.04188	1064	639	0.6006	0.0641	0.8809	1151	32.81	-0.1042	-0.0423	1138	862	0.7575	0.06	1.111	-0.08246	-0.0451
chr15	96000000	97000000	0.401	-0.058	0.0388	0	0.0617	0	1539	30.87	-0.04763	0.01049	1536	923	0.6009	0.0641	0.983	1375	32.32	-0.0946	-0.03749	1370	809	0.5905	0.06	0.966	1719	33.35	-0.08064	-0.02358	1715	950	0.5539	0.05814	0.9062	-0.08883	-0.037
chr15	97000000	98000000	0.381	-0.0867	0.0259	0	0.0617	0	1697	30.19	-0.07962	-0.0009613	1686	961	0.57	0.06522	0.9735	1753	32.48	-0.08764	0.007012	1737	1195	0.688	0.05814	1.175	1542	32.48	-0.1187	-0.02685	1533	873	0.5695	0.0625	0.9726	-0.1293	0
chr15	98000000	99000000	0.4357	0.0013	0.0249	0	0.0594	0	1927	32.57	0.02993	0.03405	1922	1233	0.6415	0.05556	1.03	1797	35.51	0.04119	0.02971	1794	864	0.4816	0.05792	0.7729	1757	34.83	-0.01804	-0.0187	1753	1045	0.5961	0.05882	0.9567	-0.1009	0.04067
chr15	99000000	100000000	0.4218	0.0877	0.0272	0	0.0594	0	1728	33.85	0.08543	0.002655	1719	1206	0.7016	0.06098	1.038	1033	37.45	0.1178	0.02284	1027	345	0.3359	0.06098	0.497	2345	37.19	0.07667	-0.0195	2330	1599	0.6863	0.05556	1.015	-0.152	-0.03317
chr15	100000000	101000000	0.444	0.0539	0.0107	0	0.0588	0	2003	33.19	0.05701	0.01314	1959	923	0.4712	0.06	0.8868	1653	35.92	0.05747	-0.01076	1603	12	0.007486	0.1833	0.01409	2366	36.55	0.05161	-0.009332	2326	1737	0.7468	0.05556	1.406	-0.142	0
chr15	101000000	101991189	0.4548	0.0802	0.0257	0	0.0647	0	2030	33.21	0.05784	-0.007891	1799	1211	0.6732	0.06522	1.227	1637	36.92	0.09733	0	1406	118	0.08393	0.1	0.1529	2146	37.92	0.1048	0.01836	1908	1281	0.6714	0.06098	1.223	-0.152	-0.04307
chr16	0	1000000	0.5734	0.1278	0.0528	0	0.061	0	2911	33.52	0.07111	-0.01129	2667	1510	0.5662	0.06387	0.8229	2506	38.44	0.1556	-0.03828	2243	1670	0.7445	0.06098	1.082	2385	38.44	0.1245	-0.01374	2197	1652	0.7519	0.05882	1.093	-0.2224	-0.03477
chr16	1000000	2000000	0.5777	0.1817	0.0435	0	0.0581	0	2734	34.96	0.1321	-0.004919	2647	2117	0.7998	0.05882	1.347	2205	41.03	0.2494	0.001891	2145	1561	0.7277	0.05556	1.226	2126	40.03	0.1827	-0.008823	2076	1633	0.7866	0.05556	1.325	-0.2076	0.02945
chr16	2000000	3000000	0.551	0.146	0.0507	0	0.0566	0	1489	34.08	0.09524	-0.007249	1445	857	0.5931	0.05556	1.002	1428	38.96	0.1747	-0.03723	1404	1006	0.7165	0.05556	1.21	1361	40.44	0.1974	0.04127	1320	790	0.5985	0.05556	1.011	-0.216	0
chr16	3000000	4000000	0.4887	0.1059	0.0303	0	0.0556	0	1579	32.9	0.04433	-0.03157	1571	1132	0.7206	0.0641	1.173	1474	38	0.1388	-0.001471	1457	940	0.6452	0.05556	1.05	1496	38.18	0.1145	-0.007634	1480	1170	0.7905	0.05556	1.287	-0.1941	-0.02749
chr16	4000000	5000000	0.515	0.1025	0.0374	0	0.0556	0	1962	33.74	0.0809	0.01174	1943	1347	0.6933	0.06	1.201	1678	38.25	0.1483	-0.003647	1662	986	0.5933	0.0625	1.028	1865	38.61	0.1307	0.01421	1853	1288	0.6951	0.05556	1.205	-0.1926	0
chr16	5000000	6000000	0.4569	0.0107	0.02	0	0.0605	0	2496	32.37	0.02096	0.02496	2484	1633	0.6574	0.06098	1.05	2815	35.35	0.03469	0.001636	2781	1895	0.6814	0.05882	1.088	2855	35.68	0.01695	-0.000999	2843	2181	0.7671	0.05882	1.225	-0.143	0
chr16	6000000	7000000	0.413	-0.0701	0.0181	0	0.0625	0	3149	30.55	-0.06276	0.008983	3132	1838	0.5868	0.06098	1.013	3091	33.16	-0.0578	0.003493	3077	1804	0.5863	0.0625	1.012	3449	33.47	-0.07547	-0.00863	3430	2422	0.7061	0.05882	1.219	-0.1333	-0.03477
chr16	7000000	8000000	0.4116	-0.0657	0.0188	0	0.0594	0	2845	30.93	-0.04476	0.02457	2833	1393	0.4917	0.06	0.8575	3013	33.16	-0.05751	0.002838	3003	1738	0.5788	0.05814	1.009	3023	33.57	-0.07111	-0.009793	3006	2059	0.685	0.0625	1.195	-0.1069	0
chr16	8000000	9000000	0.4442	0.0274	0.0077	0	0.06	0	2641	32.6	0.03115	0.01486	2626	1292	0.492	0.0625	0.8522	2771	36.05	0.06276	0.0173	2757	1614	0.5854	0.05814	1.014	3343	35.88	0.02511	-0.008991	3327	2604	0.7827	0.05556	1.356	-0.1497	0
chr16	9000000	10000000	0.432	0.0176	0.0069	0	0.06	0	2074	32.29	0.01722	0.009477	2064	1247	0.6042	0.06098	0.9802	1819	35.43	0.03799	0.009847	1807	999	0.5529	0.05556	0.8969	2252	35.78	0.02096	0.001341	2239	1304	0.5824	0.06098	0.9448	-0.1444	0
chr16	10000000	11000000	0.4543	0.0829	0.0223	0	0.0588	0	2322	33.07	0.05175	-0.01669	2311	1443	0.6244	0.06	1.062	1905	36.69	0.08809	-0.01338	1893	786	0.4152	0.05556	0.7064	2370	37.36	0.08312	-0.005243	2361	1634	0.6921	0.05556	1.177	-0.1775	-0.03847
chr16	11000000	12000000	0.4833	0.1301	0.0359	0	0.0575	0	1859	33.84	0.08501	-0.0205	1849	1080	0.5841	0.05556	0.9601	2105	37.86	0.1334	-0.0277	2095	1558	0.7437	0.05172	1.222	1977	39.21	0.1529	0.01458	1956	1399	0.7152	0.05556	1.176	-0.1876	-0.03797
chr16	12000000	13000000	0.4589	0.0728	0.0337	0	0.0588	0	2238	33.03	0.04992	-0.007743	2225	1601	0.7196	0.06	1.006	2435	36.67	0.08755	-0.008447	2424	1845	0.7611	0.05882	1.064	1881	37.29	0.08068	-0.0004957	1874	1021	0.5448	0.05882	0.7618	-0.1767	0
chr16	13000000	14000000	0.4197	0.0327	0.0165	0	0.06	0	1432	32.35	0.02012	-0.01132	1424	629	0.4417	0.06	0.7496	1580	35.38	0.03596	-0.003545	1578	845	0.5355	0.05882	0.9087	1441	35.54	0.01113	-0.02153	1434	652	0.4547	0.06049	0.7715	-0.122	0
chr16	14000000	15000000	0.4469	-0.061	0.0151	0	0.0652	0	645	30.41	-0.06929	0.002899	567	337	0.5944	0.06	1.063	652	34.42	-0.003743	0.03869	572	334	0.5839	0.06522	1.044	558	35.26	-3.383e-05	0.05621	497	122	0.2455	0.06639	0.439	-0.1481	-0.03847
chr16	15000000	16000000	0.4624	-0.1392	0.0513	0	0.0599	0	892	28.81	-0.1471	0.004053	738	436	0.5908	0.06049	1.052	1071	31.59	-0.1277	-0.01299	887	455	0.513	0.05882	0.9131	740	31.19	-0.1773	-0.04924	573	229	0.3997	0.05814	0.7114	-0.1699	0.06413
chr16	16000000	17000000	0.4581	-0.059	0.0551	0	0.0714	0	1650	29.35	-0.1205	-0.04685	1425	760	0.5333	0.08102	0.8998	1636	31.84	-0.1163	-0.08133	1335	686	0.5139	0.0641	0.867	1762	30.14	-0.2266	-0.1756	1490	937	0.6289	0.06818	1.061	-0.06413	0.1468
chr16	17000000	18000000	0.4346	0.0105	0.0121	0	0.0605	0	1329	31.58	-0.01476	-0.01958	1317	418	0.3174	0.0625	0.513	1778	35.01	0.02068	-0.0002281	1769	1105	0.6246	0.05814	1.01	1805	35.8	0.02175	0.0114	1800	1077	0.5983	0.06098	0.9671	-0.1651	-0.03797
chr16	18000000	19000000	0.4488	-0.1673	0.0338	0	0.0671	0	1666	28.49	-0.1633	0.0147	1427	778	0.5452	0.07143	1.044	1604	31.23	-0.1444	0.004449	1344	713	0.5305	0.06667	1.016	1659	29.37	-0.2641	-0.1031	1393	683	0.4903	0.0625	0.9393	-0.09311	0
chr16	19000000	20000000	0.4491	0.0107	0.0236	0	0.0611	0	1269	32.24	0.01503	0.01295	1265	856	0.6767	0.06	1.069	1309	35.66	0.047	0.01783	1299	913	0.7028	0.05814	1.111	1084	36.05	0.03176	0.01556	1082	527	0.4871	0.05172	0.7696	-0.1543	0
chr16	20000000	21000000	0.4274	-0.0126	0.0131	0	0.0617	0	1023	31.54	-0.0165	0.003997	1015	342	0.3369	0.05556	0.6116	1114	33.71	-0.03375	-0.02662	1103	661	0.5993	0.05814	1.088	1201	34.96	-0.01246	-0.006295	1186	629	0.5304	0.06098	0.9627	-0.09527	-0.08489
chr16	21000000	22000000	0.4397	0.0933	0.0472	0	0.0665	0	333	35.85	0.1683	0.07792	301	148	0.4917	0.06079	0.7129	533	37.01	0.1006	-0.00429	499	395	0.7916	0.06757	1.148	590	38.72	0.1349	0.0368	534	377	0.706	0.0625	1.024	-0.124	-0.2141
chr16	22000000	23000000	0.4405	0.2065	0.0616	0	0.0736	0	698	35.73	0.1634	-0.03989	651	437	0.6713	0.07143	0.9695	686	38.21	0.147	-0.07049	655	402	0.6137	0.09221	0.8864	692	42.01	0.2525	0.04121	645	478	0.7411	0.06757	1.07	-0.07562	-0.2518
chr16	23000000	24000000	0.4508	0.0505	0.0096	0	0.0585	0	1097	32.29	0.01719	-0.02895	1089	634	0.5822	0.05556	0.9998	1143	36.08	0.06418	-0.004133	1131	665	0.588	0.05556	1.01	1199	36.61	0.05387	-0.00665	1192	835	0.7005	0.05319	1.203	-0.1767	0
chr16	24000000	25000000	0.4378	0.0353	0.0168	0	0.0594	0	1093	32.41	0.0228	-0.008173	1075	677	0.6298	0.06098	0.8761	1306	35.72	0.04947	0.001143	1295	1051	0.8116	0.05556	1.129	1123	36.07	0.0324	-0.009264	1106	698	0.6311	0.06	0.878	-0.1647	0
chr16	25000000	26000000	0.4256	0.0217	0.0216	0	0.0591	0	1603	32.11	0.009134	-0.007897	1599	1051	0.6573	0.06818	1.028	1829	35.08	0.02348	-0.005183	1822	1120	0.6147	0.05556	0.9611	1420	35.99	0.0294	0.002496	1415	1030	0.7279	0.05556	1.138	-0.1312	-0.039
chr16	26000000	27000000	0.418	0.0004	0.0218	0	0.0605	0	1485	32.47	0.02527	0.02247	1476	943	0.6389	0.0625	0.9137	1577	35.3	0.0327	0.02259	1564	1126	0.7199	0.06098	1.03	1684	35.1	-0.006844	-0.01087	1669	1188	0.7118	0.06	1.018	-0.1291	0
chr16	27000000	28000000	0.4765	0.0835	0.0264	0	0.0588	0	1182	33.32	0.06269	-0.00339	1166	662	0.5678	0.05814	0.8978	1195	37.37	0.1149	0.001209	1184	817	0.69	0.05556	1.091	1249	37.92	0.1046	0.01109	1234	744	0.6029	0.06	0.9534	-0.1793	0
chr16	28000000	29000000	0.4934	-0.0284	0.016	0	0.0637	0	846	31.36	-0.02482	0.03061	753	527	0.6999	0.0625	1.14	804	35.26	0.03108	0.02509	699	389	0.5565	0.0641	0.9068	852	35.05	-0.00898	0.006707	762	496	0.6509	0.05882	1.061	-0.1926	0.03395
chr16	29000000	30000000	0.4901	0.1037	0.0406	0	0.06	0	1249	32.36	0.02056	-0.05104	1167	726	0.6221	0.05882	0.8863	1207	37.47	0.1187	-0.02254	1130	908	0.8035	0.05814	1.145	1229	38.51	0.1268	0.009941	1170	774	0.6615	0.05556	0.9425	-0.2285	-0.04009
chr16	30000000	31000000	0.506	0.0639	0.037	0	0.0588	0	690	32.43	0.02368	-0.01052	654	406	0.6208	0.0625	1.061	676	37.03	0.1015	-0.00275	651	360	0.553	0.05319	0.9455	654	37.39	0.08452	0.006973	630	397	0.6302	0.06098	1.077	-0.215	0
chr16	31000000	32000000	0.4594	0.0295	0.0162	0	0.0588	0	910	32.43	0.02368	0.01061	889	631	0.7098	0.05814	1.122	933	35.54	0.04231	-0.008179	908	527	0.5804	0.05932	0.9178	791	35.88	0.02508	-0.01472	781	447	0.5723	0.05882	0.905	-0.1375	0
chr16	32000000	33000000	0.4163	0.0342	0.0751	0	0.1	1	566	32.03	0.005778	-0.03161	283	213	0.7527	NA	0.973	615	35.23	0.02979	-0.008011	317	221	0.6972	NA	0.9013	550	36.65	0.05537	0.01884	267	210	0.7865	NA	1.017	-0.1444	-0.1174
chr16	33000000	34000000	0.4266	-0.1001	0.0766	0	0.0979	1	483	30.08	-0.08483	0.01994	252	152	0.6032	NA	0.8084	669	32	-0.1091	-0.01489	344	243	0.7064	NA	0.9468	682	32.16	-0.133	-0.03849	336	223	0.6637	NA	0.8895	-0.2119	-0.1587
chr16	34000000	35000000	0.3832	0.6829	0.0396	0	0.1025	1	1495	52.13	0.7084	0.02098	1199	979	0.8165	NA	0.9774	1462	54.03	0.6466	-0.02443	1163	979	0.8418	NA	1.008	1467	57.67	0.7095	0.03227	1177	965	0.8199	NA	0.9814	-0.07471	-0.07141
chr16	35000000	36000000	0.4083	-0.0408	0.0351	0	0.0674	0	401	30.72	-0.05448	-0.0137	390	85	0.2179	0.07692	0.5795	426	32.7	-0.07788	-0.03447	417	175	0.4197	0.05556	1.116	371	34.06	-0.05007	-0.013	371	68	0.1833	0.05719	0.4873	-0.1234	0
chr16	36000000	37000000	0.3855	-0.3476	0.0679	0	0.1221	1	987	25.44	-0.3266	0.0111	460	330	0.7174	NA	0.896	1028	25.02	-0.4638	-0.1123	486	377	0.7757	NA	0.9688	975	25.78	-0.4519	-0.09778	463	304	0.6566	NA	0.82	-0.04685	-0.1587
chr16	37000000	38000000	0.3949	-2.106	0.1193	1	0.1327	1	491	7.322	-2.123	NA	87	31	0.3563	NA	0.8498	481	8.208	-2.072	NA	109	48	0.4404	NA	1.05	487	7.666	-2.202	NA	98	38	0.3878	NA	0.9248	-0.0222	0
chr16	38000000	39000000	0.3945	-1.631	0.1518	1	0.1244	1	225	10.09	-1.661	NA	75	50	0.6667	NA	0.927	228	11.32	-1.608	NA	61	37	0.6066	NA	0.8434	178	12.61	-1.484	NA	56	36	0.6429	NA	0.8939	-0.1155	-0.3219
chr16	39000000	40000000	NA	NA	NA	1	NA	0	0	NA	NA	NA	0	0	NA	NA	NA	0	NA	NA	NA	0	0	NA	NA	NA	0	NA	NA	NA	0	0	NA	NA	NA	NA	NA
chr16	40000000	41000000	NA	NA	NA	1	NA	0	0	NA	NA	NA	0	0	NA	NA	NA	0	NA	NA	NA	0	0	NA	NA	NA	0	NA	NA	NA	0	0	NA	NA	NA	NA	NA
chr16	41000000	42000000	NA	NA	NA	1	NA	0	0	NA	NA	NA	0	0	NA	NA	NA	0	NA	NA	NA	0	0	NA	NA	NA	0	NA	NA	NA	0	0	NA	NA	NA	NA	NA
chr16	42000000	43000000	NA	NA	NA	1	NA	0	0	NA	NA	NA	0	0	NA	NA	NA	0	NA	NA	NA	0	0	NA	NA	NA	0	NA	NA	NA	0	0	NA	NA	NA	NA	NA
chr16	43000000	44000000	NA	NA	NA	1	NA	0	0	NA	NA	NA	0	0	NA	NA	NA	0	NA	NA	NA	0	0	NA	NA	NA	0	NA	NA	NA	0	0	NA	NA	NA	NA	NA
chr16	44000000	45000000	NA	NA	NA	1	NA	0	0	NA	NA	NA	0	0	NA	NA	NA	0	NA	NA	NA	0	0	NA	NA	NA	0	NA	NA	NA	0	0	NA	NA	NA	NA	NA
chr16	45000000	46000000	NA	NA	NA	1	NA	0	0	NA	NA	NA	0	0	NA	NA	NA	0	NA	NA	NA	0	0	NA	NA	NA	0	NA	NA	NA	0	0	NA	NA	NA	NA	NA
chr16	46000000	47000000	0.4225	1.207	0.0877	0	0.0952	1	805	75.59	1.244	0.03887	712	267	0.375	NA	1.029	855	74.14	1.103	-0.1115	758	302	0.3984	NA	1.094	779	82.13	1.22	0.001844	695	193	0.2777	NA	0.7623	-0.02046	-0.009814
chr16	47000000	48000000	0.397	0.0547	0.0216	0	0.0594	0	212	32.51	0.02703	-0.02149	207	103	0.4976	0.07143	0.977	223	35.87	0.05581	0.007405	222	118	0.5315	0.05556	1.044	198	36.61	0.05391	0.0008851	196	97	0.4949	0.04545	0.9717	-0.1333	-0.03747
chr16	48000000	49000000	0.4367	0.0372	0.0263	0	0.0588	0	1042	32.7	0.03567	0.006287	1034	955	0.9236	0.0625	1.359	476	36.57	0.08366	0.03542	472	303	0.6419	0.06757	0.9449	961	36.05	0.03188	-0.01298	955	805	0.8429	0.05814	1.241	-0.1375	-0.04731
chr16	49000000	50000000	0.4701	0.0549	0.0279	0	0.0588	0	1070	33.07	0.05164	0.01221	1066	723	0.6782	0.06	1.015	1117	36.93	0.09777	0.01252	1115	769	0.6897	0.06098	1.032	960	36.56	0.0521	-0.01509	955	558	0.5843	0.05291	0.874	-0.1568	0
chr16	50000000	51000000	0.4588	0.0711	0.0223	0	0.0597	0	1021	33.19	0.05703	0	1011	403	0.3986	0.05882	0.8641	1125	36.82	0.0935	0	1121	729	0.6503	0.05556	1.41	1278	37.28	0.08003	0.0004205	1275	970	0.7608	0.05556	1.649	-0.1653	-0.03953
chr16	51000000	52000000	0.4169	-0.0192	0.0285	0	0.06	0	1307	31.83	-0.003512	0.0125	1287	696	0.5408	0.06098	0.9575	1166	34.89	0.0155	0.0272	1152	482	0.4184	0.05814	0.7408	1283	34.9	-0.01519	0.0001306	1267	722	0.5699	0.05556	1.009	-0.1255	0
chr16	52000000	53000000	0.3949	-0.0321	0.0095	0	0.061	0	1654	31.34	-0.02598	0.005452	1653	945	0.5717	0.0625	0.9281	1698	34	-0.02173	0.0137	1696	1191	0.7022	0.05172	1.14	1635	34.66	-0.02518	0.01199	1626	1076	0.6617	0.0625	1.074	-0.1186	-0.03562
chr16	53000000	54000000	0.4002	0.0035	0.0182	0	0.0594	0	1528	31.89	-0.0005009	-0.002779	1524	1090	0.7152	0.05882	1.029	1189	34.47	-0.00168	-0.005092	1187	955	0.8045	0.0625	1.158	1220	35.66	0.01592	0.01051	1219	1009	0.8277	0.05556	1.191	-0.1255	-0.03395
chr16	54000000	55000000	0.4347	-0.0248	0.0138	0	0.0588	0	1736	31.52	-0.01726	0.01047	1720	1030	0.5988	0.06	1.003	1799	34.35	-0.006839	0.00755	1791	996	0.5561	0.06098	0.9318	1495	34.63	-0.02625	-0.001622	1481	860	0.5807	0.05556	0.973	-0.1489	0
chr16	55000000	56000000	0.4364	-0.0298	0.019	0	0.0605	0	2202	32.24	0.01489	0.05251	2183	1467	0.672	0.06	1.244	2142	33.97	-0.02282	-0.00386	2093	1404	0.6708	0.05882	1.242	2002	33.17	-0.08825	-0.06232	1969	1286	0.6531	0.0625	1.209	-0.03797	0.04064
chr16	56000000	57000000	0.4513	0.0914	0.0205	0	0.0562	0	1342	33.11	0.0537	-0.03292	1323	761	0.5752	0.05882	1.007	1161	37.41	0.1162	0.006248	1148	570	0.4965	0.05556	0.8691	1522	37.25	0.07912	-0.02241	1509	1035	0.6859	0.05882	1.201	-0.1623	-0.03171
chr16	57000000	58000000	0.4961	0.1485	0.0143	0	0.0572	0	1537	34.3	0.1044	-0.01965	1529	1160	0.7587	0.05882	1.122	1404	38.94	0.1742	-0.00613	1396	880	0.6304	0.05437	0.9321	1262	38.88	0.1407	-0.0198	1251	794	0.6347	0.05	0.9385	-0.1898	0
chr16	58000000	59000000	0.4443	0.0276	0.0195	0	0.0625	0	1294	32.11	0.009122	-0.007106	1286	452	0.3515	0.06098	0.5021	1418	35.32	0.03351	-0.01224	1407	923	0.656	0.05556	0.9372	1476	35.63	0.01496	-0.019	1469	948	0.6453	0.05814	0.9219	-0.1656	0
chr16	59000000	60000000	0.3728	-0.0852	0.0244	0	0.0617	0	829	30.56	-0.06215	0.01776	828	490	0.5918	0.0625	0.9239	1120	32.35	-0.09338	0.0009974	1106	730	0.66	0.05814	1.031	1599	33.07	-0.09289	-0.002242	1593	1349	0.8468	0.0625	1.322	-0.1333	0
chr16	60000000	61000000	0.3659	-0.0979	0.0242	0	0.0636	0	1106	30.13	-0.0825	0.003155	1104	871	0.7889	0.0641	1.081	1200	31.6	-0.127	-0.01213	1195	965	0.8075	0.05814	1.107	1446	32.11	-0.1352	-0.02553	1442	699	0.4847	0.0641	0.6642	-0.07909	-0.0458
chr16	61000000	62000000	0.3617	-0.1106	0.0342	0	0.0625	0	485	29.53	-0.1118	-0.01161	484	430	0.8884	0.0695	1.015	1157	31.54	-0.1301	0	1152	1026	0.8906	0.06	1.018	567	32.41	-0.1219	-0.0002569	564	532	0.9433	0.0625	1.078	-0.1155	0
chr16	62000000	63000000	0.3695	-0.1001	0.0374	0	0.061	0	1045	29.81	-0.09795	-0.008011	1034	570	0.5513	0.06667	0.8567	1249	31.29	-0.1416	-0.02608	1244	842	0.6768	0.06098	1.052	1127	31.84	-0.1473	-0.04145	1116	842	0.7545	0.05882	1.172	-0.1054	0
chr16	63000000	64000000	0.361	-0.11	0.0415	0	0.0625	0	930	30.13	-0.08268	0.01884	921	543	0.5896	0.0625	0.9587	1178	31.37	-0.1377	-0.005824	1174	771	0.6567	0.06	1.068	1350	31.94	-0.1428	-0.01556	1345	976	0.7257	0.05882	1.18	-0.09622	0
chr16	64000000	65000000	0.3708	-0.1055	0.0334	0	0.06	0	1138	30.29	-0.07494	0.0283	1127	730	0.6477	0.06	0.8408	1084	31.9	-0.1135	0.004491	1080	959	0.888	0.05882	1.153	1182	32.25	-0.1289	-0.01195	1176	1058	0.8997	0.0625	1.168	-0.06817	-0.04731
chr16	65000000	66000000	0.4114	-0.0591	0.0295	0	0.0633	0	1072	30.95	-0.04402	0.01599	1048	657	0.6269	0.07143	1.05	1385	33.76	-0.03169	0.02121	1365	1036	0.759	0.05556	1.272	1276	32.64	-0.1116	-0.05463	1248	885	0.7091	0.06	1.188	-0.09954	0.04655
chr16	66000000	67000000	0.4702	0.0477	0.0179	0	0.0591	0	902	32.68	0.03461	0	894	618	0.6913	0.06174	1.058	685	36.07	0.06349	-0.01503	683	353	0.5168	0.05556	0.7908	916	37.03	0.07046	0.01149	914	480	0.5252	0.05556	0.8035	-0.1651	0
chr16	67000000	68000000	0.506	0.1138	0.0459	0	0.0589	0	115	34.2	0.1004	0.01627	115	78	0.6783	0.05941	0.8837	111	38.01	0.1394	-0.01476	110	50	0.4545	0.05364	0.5922	233	38.33	0.1203	-0.007111	229	198	0.8646	0.0625	1.127	-0.142	0
chr16	68000000	69000000	0.465	0.0845	0.0194	0	0.0585	0	728	33.27	0.06064	-0.004094	725	250	0.3448	0.05882	0.5385	604	36.41	0.07717	-0.03214	596	121	0.203	0.05172	0.3171	1022	37.59	0.09225	-0.001843	1021	641	0.6278	0.05882	0.9805	-0.1788	-0.04009
chr16	69000000	70000000	0.4436	0.0344	0.0344	0	0.0597	0	1067	32.17	0.01197	-0.01319	1033	646	0.6254	0.06049	0.9655	1112	35.4	0.03654	-0.01122	1059	722	0.6818	0.05882	1.053	959	36.82	0.06215	0.02071	933	424	0.4544	0.05556	0.7016	-0.1745	-0.03747
chr16	70000000	71000000	0.4758	0.136	0.0291	0	0.0676	0	957	33.25	0.05977	-0.05802	826	405	0.4903	0.08824	0.592	1219	37.49	0.1193	-0.0473	1131	922	0.8152	0.07143	0.9843	789	39.05	0.1472	0.0008232	705	223	0.3163	0.1087	0.3819	-0.173	-0.03524
chr16	71000000	72000000	0.4265	0.021	0.021	0	0.0625	0	1457	31.96	0.00267	-0.01443	1430	998	0.6979	0.06	1.007	1320	35.1	0.02433	-0.00355	1295	548	0.4232	0.06522	0.6107	1186	36.12	0.03456	0.007583	1166	521	0.4468	0.0625	0.6449	-0.1561	-0.03317
chr16	72000000	73000000	0.4114	0.0231	0.0314	0	0.0599	0	1056	32.26	0.01622	-0.005978	1044	569	0.545	0.05882	0.9766	1074	35.22	0.02913	-0.0001704	1057	703	0.6651	0.05814	1.192	769	35.3	0.001234	-0.02402	759	134	0.1765	0.05556	0.3163	-0.1325	0
chr16	73000000	74000000	0.4236	-0.0021	0.0159	0	0.0594	0	1217	32.36	0.02063	0.02747	1211	673	0.5557	0.05556	0.9527	1314	34.4	-0.004621	-0.008409	1309	871	0.6654	0.06098	1.141	1368	34.96	-0.01237	-0.01436	1365	832	0.6095	0.05814	1.045	-0.1027	0
chr16	74000000	75000000	0.4371	0.0708	0.0102	0	0.0667	0	1721	32.44	0.02383	-0.03896	1681	1214	0.7222	0.0695	1.162	1547	36.46	0.07904	-0.005138	1497	1033	0.69	0.0625	1.11	1661	36.02	0.03053	-0.04795	1621	1063	0.6558	0.0625	1.055	-0.1445	-0.02583
chr16	75000000	76000000	0.4401	0.0672	0.0279	0	0.0613	0	1307	32.79	0.03966	-0.02457	1297	835	0.6438	0.05882	1.049	1524	36.03	0.06217	-0.01704	1517	1011	0.6664	0.0641	1.085	1363	36.9	0.06521	-0.007037	1355	863	0.6369	0.05932	1.037	-0.1699	0
chr16	76000000	77000000	0.3649	-0.0404	0.0172	0	0.0605	0	1580	31.3	-0.02737	-0.001599	1574	1225	0.7783	0.05882	1.198	1553	33.7	-0.03425	0.02248	1549	1017	0.6566	0.06	1.011	1466	34.25	-0.04235	0.007666	1459	953	0.6532	0.05814	1.006	-0.09954	0
chr16	77000000	78000000	0.415	-0.0492	0.013	0	0.0594	0	2481	31.14	-0.035	0.01732	2467	1311	0.5314	0.06	0.8717	2719	33.63	-0.03743	0.001957	2709	1621	0.5984	0.05882	0.9816	2273	33.97	-0.05419	-0.008563	2270	1523	0.6709	0.05814	1.101	-0.1155	-0.04182
chr16	78000000	79000000	0.4258	-0.0412	0.0137	0	0.0625	0	2726	31.15	-0.03459	0.01075	2715	1932	0.7116	0.0625	1.087	2596	33.6	-0.0387	-0.0037	2583	1458	0.5645	0.06	0.8622	2451	33.68	-0.06659	-0.03137	2442	1650	0.6757	0.06	1.032	-0.09311	0
chr16	79000000	80000000	0.427	-0.0419	0.0225	0	0.0594	0	2409	31.68	-0.01012	0.03934	2404	1800	0.7488	0.05882	1.206	1781	33.55	-0.04094	-0.00449	1778	992	0.5579	0.06098	0.8984	2398	34.38	-0.03661	-0.0007604	2395	1680	0.7015	0.05882	1.13	-0.1061	-0.04307
chr16	80000000	81000000	0.4138	-0.0078	0.0209	0	0.06	0	2351	32.05	0.006555	0.01368	2340	1975	0.844	0.0641	1.319	1431	34.73	0.008899	0.007774	1425	821	0.5761	0.05556	0.9006	2142	34.83	-0.01782	-0.01359	2134	1543	0.7231	0.05319	1.13	-0.1291	0
chr16	81000000	82000000	0.476	0.0886	0.0301	0	0.0588	0	2849	33.44	0.0679	-0.001826	2826	1919	0.6791	0.06	1.199	2600	37.59	0.1231	0.004206	2590	1326	0.512	0.05882	0.9042	2615	37.68	0.09541	-0.003794	2598	1354	0.5212	0.05556	0.9205	-0.1553	0
chr16	82000000	83000000	0.4187	0.0062	0.0284	0	0.0625	0	2784	32.38	0.02147	0.01686	2773	2182	0.7869	0.0625	1.261	2052	35.32	0.03347	0.01757	2043	1164	0.5698	0.05291	0.9132	2775	35.31	0.00166	-0.007139	2765	1971	0.7128	0.05556	1.143	-0.1085	0
chr16	83000000	84000000	0.4378	0.0022	0.0278	0	0.0605	0	3186	32.16	0.01173	0.01386	3156	1983	0.6283	0.06	1.075	2407	35.25	0.03048	0.01525	2384	1091	0.4576	0.05882	0.7832	3189	35.16	-0.004382	-0.01295	3173	2015	0.635	0.05814	1.087	-0.1392	0
chr16	84000000	85000000	0.4906	0.1069	0.0264	0	0.0588	0	2827	34	0.09173	0.01483	2818	1934	0.6863	0.06	1.121	2160	38.15	0.1445	0.001403	2155	905	0.42	0.05556	0.686	2885	38.72	0.1347	0.01466	2875	1787	0.6216	0.05882	1.015	-0.1751	0
chr16	85000000	86000000	0.5381	0.1453	0.0322	0	0.0581	0	1890	34.57	0.1159	-0.001233	1817	1166	0.6417	0.06	1.111	1811	40.28	0.2228	0.02021	1733	1102	0.6359	0.05319	1.101	2172	39.07	0.1476	-0.007661	2103	1311	0.6234	0.05556	1.079	-0.1829	0.03953
chr16	86000000	87000000	0.4876	0.0899	0.0185	0	0.0588	0	2681	33.89	0.08705	0.02715	2641	1784	0.6755	0.06049	1.013	2463	38.09	0.1422	0.01612	2442	1747	0.7154	0.05556	1.073	2612	37.6	0.0924	-0.01388	2594	1775	0.6843	0.05814	1.026	-0.1511	0
chr16	87000000	88000000	0.5079	0.1273	0.0192	0	0.0591	0	2370	34.09	0.09581	-0.007102	2351	1591	0.6767	0.06098	1.023	2592	38.6	0.1614	-0.01104	2571	2015	0.7837	0.05556	1.185	2155	38.35	0.1211	-0.01947	2131	1347	0.6321	0.05556	0.9556	-0.2035	0
chr16	88000000	89000000	0.572	0.2096	0.0452	0	0.0556	0	2367	35.77	0.165	0.001156	2278	1680	0.7375	0.05882	1.149	2389	41.05	0.2501	-0.02576	2287	1563	0.6834	0.05556	1.065	2277	41.12	0.2215	0.0009292	2205	1389	0.6299	0.06098	0.9812	-0.1699	0
chr16	89000000	90000000	0.5419	0.1233	0.061	0	0.0594	0	1881	33.08	0.0522	-0.04167	1767	916	0.5184	0.0641	0.9224	1777	38.74	0.1667	-0.02036	1691	1017	0.6014	0.05556	1.07	1994	38.49	0.1261	-0.003864	1881	1163	0.6183	0.05556	1.1	-0.2224	0
chr16	90000000	90338345	0.4684	-0.0195	0.1263	1	0.0683	0	342	31.17	-0.03337	NA	251	161	0.6414	0.07895	1.01	295	36.21	0.06921	NA	226	147	0.6504	0.08333	1.024	307	37.22	0.07787	NA	234	146	0.6239	0.07143	0.9826	-0.1775	0
chr17	0	1000000	0.497	-0.0667	0.0337	0	0.0677	0	2366	29.43	-0.1164	-0.01737	1968	1201	0.6103	0.07143	1.035	2234	33.88	-0.0267	0.008303	1847	966	0.523	0.0641	0.8874	2554	34.17	-0.04564	0.00905	2150	1380	0.6419	0.06757	1.089	-0.2095	-0.03607
chr17	1000000	2000000	0.5208	0.0636	0.0425	0	0.0605	0	2357	32.88	0.04336	0.009194	2241	1446	0.6452	0.05882	0.9544	2146	37.85	0.133	0.01619	2016	1413	0.7009	0.06	1.037	2264	38.14	0.1129	0.03832	2178	1461	0.6708	0.05556	0.9922	-0.197	0
chr17	2000000	3000000	0.4887	0.0869	0.031	0	0.0588	0	1646	33.02	0.04947	-0.007439	1613	1123	0.6962	0.05882	1.084	1564	37.68	0.1267	0.005404	1530	1146	0.749	0.05319	1.166	1637	37.87	0.1029	-0.0002605	1616	1031	0.638	0.05769	0.9931	-0.2095	-0.01937
chr17	3000000	4000000	0.4698	0.0435	0.0133	0	0.06	0	2493	32.72	0.03625	0.009816	2427	1745	0.719	0.0625	1.099	2373	36.68	0.08772	0.01776	2295	1671	0.7281	0.05882	1.113	1951	36.6	0.05339	-0.002934	1903	957	0.5029	0.05556	0.7689	-0.1699	0
chr17	4000000	5000000	0.4916	0.1075	0.0295	0	0.0588	0	1729	33.05	0.05107	-0.02644	1707	937	0.5489	0.05882	0.9386	1778	37.39	0.1155	-0.02732	1757	1077	0.613	0.05814	1.048	1895	38.47	0.1254	0.004854	1873	1229	0.6562	0.05814	1.122	-0.2016	-0.03562
chr17	5000000	6000000	0.456	0.0633	0.0206	0	0.0588	0	1709	32.33	0.019	-0.02983	1695	946	0.5581	0.05882	0.8273	1804	36.46	0.07919	-0.00361	1788	1408	0.7875	0.05814	1.167	1754	37.02	0.07011	0.0005621	1730	978	0.5653	0.05291	0.838	-0.1783	0
chr17	6000000	7000000	0.4626	0.0545	0.026	0	0.0605	0	1495	32.25	0.01568	-0.0273	1478	895	0.6055	0.06	0.8994	2062	36.76	0.09091	0.01169	2045	1582	0.7736	0.05792	1.149	1316	36.57	0.05248	-0.01313	1301	914	0.7025	0.06	1.043	-0.1699	0
chr17	7000000	8000000	0.5105	0.0901	0.0506	0	0.0564	0	1326	32.7	0.03569	-0.02471	1316	891	0.6771	0.0625	1.142	1297	37.89	0.1348	-0.0008047	1279	972	0.76	0.05882	1.282	1264	38.43	0.124	0.01992	1255	689	0.549	0.05556	0.9263	-0.215	0
chr17	8000000	9000000	0.4724	0.0826	0.0343	0	0.0581	0	1449	32.8	0.03985	-0.02385	1432	922	0.6439	0.06	1.133	1480	37.32	0.1129	-0.0005095	1475	1256	0.8515	0.05814	1.499	1584	37.49	0.08838	-0.003973	1578	947	0.6001	0.05556	1.056	-0.1898	0
chr17	9000000	10000000	0.4599	0.0646	0.0207	0	0.0568	0	1357	33.09	0.05262	0.002166	1349	748	0.5545	0.05556	0.8858	1437	36.71	0.0891	0.003504	1429	852	0.5962	0.05218	0.9524	1490	37.28	0.07999	0.004651	1478	853	0.5771	0.05814	0.9219	-0.1543	0
chr17	10000000	11000000	0.4386	0.0188	0.0231	0	0.06	0	1720	31.95	0.002047	-0.01275	1711	962	0.5622	0.06098	0.9216	1642	35.19	0.02802	-0.002924	1635	973	0.5951	0.05882	0.9754	1737	35.63	0.01502	-0.004955	1729	1048	0.6061	0.06098	0.9935	-0.1543	-0.03436
chr17	11000000	12000000	0.4284	-0.0491	0.0305	0	0.0602	0	1400	31.48	-0.01911	0.03407	1390	828	0.5957	0.06522	1.021	1403	34.17	-0.01422	0.02941	1397	724	0.5183	0.05882	0.8883	1377	33.6	-0.06961	-0.0276	1374	817	0.5946	0.05882	1.019	-0.1061	0
chr17	12000000	13000000	0.4062	-0.0454	0.0385	0	0.0602	0	1505	30.89	-0.04659	0	1499	997	0.6651	0.06	1.106	1614	33.87	-0.02695	0.01725	1607	987	0.6142	0.05882	1.021	1597	34.3	-0.04026	0.003179	1590	1078	0.678	0.06	1.127	-0.1375	-0.04064
chr17	13000000	14000000	0.4034	-0.0634	0.0121	0	0.0625	0	1991	30.66	-0.05746	0.004554	1982	1470	0.7417	0.0625	1.12	1562	33.24	-0.05408	0.005791	1546	849	0.5492	0.0641	0.8295	2398	33.61	-0.06948	-0.009847	2380	1677	0.7046	0.06098	1.064	-0.1119	0
chr17	14000000	15000000	0.4055	-0.0579	0.019	0	0.0625	0	1543	30.9	-0.04616	0.01293	1527	992	0.6496	0.0625	1.004	1514	33.31	-0.05118	0.006867	1496	953	0.637	0.05556	0.9846	2096	33.52	-0.07304	-0.01618	2085	1619	0.7765	0.0625	1.2	-0.1009	0
chr17	15000000	16000000	0.435	0.0046	0.0196	0	0.061	0	784	31.4	-0.02277	-0.02296	767	300	0.3911	0.0641	0.5766	1614	35.59	0.04432	0.02563	1599	1302	0.8143	0.05882	1.2	1636	35.34	0.002833	-0.001622	1615	1258	0.7789	0.05814	1.148	-0.1678	0.037
chr17	16000000	17000000	0.444	0.1075	0.0314	0	0.0588	0	1440	32.01	0.004633	-0.09284	1382	1072	0.7757	0.05437	1.133	927	37.65	0.1256	0.003825	908	542	0.5969	0.05882	0.8717	1591	36.15	0.03572	-0.07882	1550	1103	0.7116	0.05882	1.039	-0.2531	0.05117
chr17	17000000	18000000	0.514	0.1552	0.0333	0	0.0565	0	902	34.29	0.1039	-0.02121	896	617	0.6886	0.05814	1.178	945	38.55	0.1597	-0.04351	942	553	0.587	0.05814	1.004	761	39.65	0.1692	0.001556	755	521	0.6901	0.05319	1.18	-0.195	-0.03317
chr17	18000000	19000000	0.4781	0.035	0.0266	0	0.0617	0	1497	33.17	0.05628	0.03993	1345	726	0.5398	0.06667	0.8358	1481	36.04	0.06257	-0.0004695	1402	900	0.6419	0.05556	0.994	1435	38.14	0.113	0.0683	1330	552	0.415	0.07143	0.6427	-0.1451	-0.04731
chr17	19000000	20000000	0.477	0.0647	0.0258	0	0.0584	0	701	32.92	0.04518	-0.002133	674	361	0.5356	0.06604	0.964	688	36.14	0.06637	-0.02851	654	510	0.7798	0.05882	1.404	911	37.37	0.08352	0.008762	871	519	0.5959	0.05319	1.072	-0.1559	0
chr17	20000000	21000000	0.4332	-0.0106	0.0312	0	0.0621	0	1232	31.56	-0.01586	0.005078	1167	974	0.8346	0.06667	1.289	807	34.59	0.003379	0.001152	775	345	0.4452	0.0625	0.6874	1240	35.94	0.02725	0.0345	1162	868	0.747	0.06757	1.153	-0.152	-0.04977
chr17	21000000	22000000	0.4668	0.9073	0.0519	0	0.0751	0	5334	57.76	0.8563	-0.03211	4599	3749	0.8152	0.06863	0.9093	5210	66.13	0.9381	0.006602	4454	3666	0.8231	0.06338	0.9181	5148	66.4	0.9128	-0.006743	4442	3683	0.8291	0.07463	0.9249	-0.1941	0
chr17	22000000	23000000	0.4078	0.7362	0.2077	1	0.1569	1	2461	61.01	0.9354	NA	1762	1459	0.828	NA	0.9441	2685	59.7	0.7905	NA	1954	1749	0.8951	NA	1.021	2516	65.32	0.8893	NA	1792	1432	0.7991	NA	0.9111	-0.1067	-0.02684
chr17	23000000	24000000	0.4091	-2.227	0.127	1	0.1129	1	743	6.698	-2.252	NA	115	23	0.2	NA	0.714	745	7.591	-2.185	NA	123	50	0.4065	NA	1.451	915	7.215	-2.289	NA	189	48	0.254	NA	0.9067	0	-0.6374
chr17	24000000	25000000	0.409	-2.841	0.3119	1	0.0921	1	185	4.477	-2.833	NA	34	15	0.4412	NA	NA	120	3.903	-3.145	NA	16	3	0.1875	NA	NA	258	5.154	-2.775	NA	45	18	0.4	NA	NA	-0.1155	-0.415
chr17	25000000	26000000	0.4089	-2.294	0.2366	1	0.1433	1	255	7.065	-2.175	NA	63	20	0.3175	NA	0.8534	226	6.471	-2.415	NA	55	22	0.4	NA	1.075	372	6.71	-2.394	NA	86	24	0.2791	NA	0.7502	-0.2394	-0.3899
chr17	26000000	27000000	0.4015	0.41	0.0524	0	0.1093	1	2240	42.46	0.4124	0.00203	1422	935	0.6575	NA	0.8207	2282	47.61	0.4642	0.05268	1567	1349	0.8609	NA	1.074	2254	46.78	0.4078	7.17e-05	1484	908	0.6119	NA	0.7637	-0.09954	-0.152
chr17	27000000	28000000	0.452	0.0836	0.0143	0	0.0599	0	1180	33.73	0.08017	0.003315	1173	830	0.7076	0.05556	1.014	1353	36.45	0.07879	-0.02479	1343	835	0.6217	0.05319	0.8906	1109	37.64	0.09384	0.00319	1104	645	0.5842	0.05556	0.8369	-0.1543	0
chr17	28000000	29000000	0.4683	0.0787	0.063	0	0.0577	0	560	32.55	0.0288	-0.03098	553	492	0.8897	0.05882	1.287	415	38	0.1389	0.03572	407	287	0.7052	0.05882	1.02	489	38.86	0.1402	0.0475	483	417	0.8634	0.05556	1.249	-0.2283	0
chr17	29000000	30000000	0.4446	0.0642	0.0412	0	0.06	0	618	32.68	0.03478	-0.01726	614	491	0.7997	0.05882	1.046	469	35.25	0.03038	-0.04955	456	351	0.7697	0.05556	1.007	828	37.09	0.07278	0.002223	820	755	0.9207	0.0625	1.204	-0.1476	0
chr17	30000000	31000000	0.4309	0.0577	0.0289	0	0.0607	0	975	31.93	0.001002	-0.05221	956	806	0.8431	0.06098	1.01	473	36.41	0.07722	0.01155	465	415	0.8925	0.05814	1.069	1224	36.6	0.05365	-0.007408	1197	1129	0.9432	0.06098	1.13	-0.2224	0
chr17	31000000	32000000	0.4377	0.081	0.0224	0	0.0625	0	1218	33.32	0.06274	-0.01331	1206	592	0.4909	0.05556	0.807	1202	36.83	0.09368	0.0005591	1195	672	0.5623	0.06098	0.9245	1228	37.52	0.08951	0.0008479	1220	911	0.7467	0.05556	1.228	-0.1538	-0.02915
chr17	32000000	33000000	0.4324	0.0393	0.016	0	0.0594	0	1138	31.95	0.002209	-0.02642	1124	797	0.7091	0.0625	1.069	1036	35.9	0.05673	0.008176	1030	769	0.7466	0.05556	1.126	799	36.87	0.06406	0.0214	788	347	0.4404	0.05556	0.6641	-0.1999	-0.03953
chr17	33000000	34000000	0.4465	0.0195	0.0174	0	0.0594	0	1702	32.61	0.03146	0.02333	1701	1327	0.7801	0.06522	1.167	1482	36.06	0.06307	0.0253	1479	1148	0.7762	0.05814	1.161	1642	35.88	0.02509	-0.0003828	1642	1268	0.7722	0.05882	1.155	-0.1584	0
chr17	34000000	35000000	0.4538	0.021	0.0149	0	0.059	0	1533	32.57	0.0297	0.02317	1528	943	0.6171	0.06667	0.9922	1576	35.68	0.04801	0.006056	1570	932	0.5936	0.05882	0.9544	1464	36.13	0.03509	0.009752	1459	767	0.5257	0.05556	0.8452	-0.1314	0
chr17	35000000	36000000	0.434	0.0611	0.029	0	0.0594	0	820	32.93	0.04551	-0.009149	813	460	0.5658	0.06466	0.8587	923	35.85	0.05478	-0.02059	913	669	0.7327	0.05882	1.112	844	37.09	0.07271	0.01105	836	571	0.683	0.05814	1.037	-0.1314	-0.05476
chr17	36000000	37000000	0.4708	0.0766	0.0843	0	0.0697	0	1740	36.07	0.177	0.1121	1486	935	0.6292	0.08333	1.015	1827	38.98	0.1755	0.06858	1611	1309	0.8125	0.07143	1.311	1743	37.48	0.08787	0.0005175	1550	924	0.5961	0.06818	0.9618	-0.0468	0.0536
chr17	37000000	38000000	0.4302	0.0337	0.0258	0	0.0617	0	767	31.79	-0.005394	-0.03644	731	678	0.9275	0.0625	1.194	911	35.58	0.04376	0.0008703	862	795	0.9223	0.05556	1.187	800	36.46	0.04815	0.007286	770	654	0.8494	0.06	1.094	-0.205	-0.03655
chr17	38000000	39000000	0.4896	0.0364	0.0608	0	0.061	0	1033	31.72	-0.008221	-0.01476	932	473	0.5075	0.06098	1.047	1336	36.9	0.09654	0.02264	1231	837	0.6799	0.06098	1.403	970	36.6	0.05377	0.001239	885	438	0.4949	0.05263	1.021	-0.1898	0
chr17	39000000	40000000	0.4777	0.0857	0.0325	0	0.057	0	1212	32.57	0.02967	-0.0386	1205	866	0.7187	0.0625	1.569	1350	37.07	0.103	-0.01257	1344	1052	0.7827	0.05556	1.709	1184	38.35	0.1211	0.0248	1178	857	0.7275	0.05814	1.588	-0.1999	-0.07595
chr17	40000000	41000000	0.4579	0.0695	0.0223	0	0.0588	0	749	33.1	0.05307	-0.001812	741	331	0.4467	0.05814	0.6131	1247	37.12	0.1052	0.01341	1240	973	0.7847	0.05556	1.077	799	36.78	0.06048	-0.01695	792	522	0.6591	0.05882	0.9046	-0.1699	0.03395
chr17	41000000	42000000	0.4699	0.0566	0.0169	0	0.0588	0	1799	32.83	0.04113	0.001598	1762	856	0.4858	0.05814	0.9683	2056	35.84	0.05445	-0.03241	2001	959	0.4793	0.06098	0.9553	1813	36.35	0.04365	-0.02524	1780	1087	0.6107	0.05814	1.217	-0.1476	0
chr17	42000000	43000000	0.4887	0.0507	0.0503	0	0.0588	0	806	32.32	0.01859	-0.002111	794	560	0.7053	0.05814	1.261	606	36.93	0.09782	0.01272	586	2	0.003413	NA	0.006101	555	37.62	0.0933	0.02634	545	130	0.2385	0.05556	0.4264	-0.2278	-0.04182
chr17	43000000	44000000	0.4848	0.0526	0.0293	0	0.061	0	761	31.65	-0.01135	-0.0383	722	328	0.4543	0.05882	0.9464	683	35.68	0.04783	-0.03686	639	9	0.01408	0.1774	0.02934	697	36.99	0.06898	0.004975	658	279	0.424	0.05263	0.8834	-0.196	0.03257
chr17	44000000	45000000	0.4945	0.081	0.0315	0	0.06	0	971	32.75	0.03795	-0.01869	956	321	0.3358	0.0641	0.7416	819	37.18	0.1074	-0.005452	811	1	0.001233	NA	0.002723	1088	37.61	0.0928	-0.0005529	1075	500	0.4651	0.05263	1.027	-0.2033	-0.03283
chr17	45000000	46000000	0.4975	0.0958	0.0241	0	0.0588	0	2660	33.83	0.08459	0.02247	2592	2261	0.8723	0.06	1.334	698	38.44	0.1553	0.02889	681	4	0.005874	NA	0.008981	2523	37.54	0.09008	-0.01762	2356	265	0.1125	0.05556	0.172	-0.2065	-0.03103
chr17	46000000	47000000	0.4365	0.1441	0.0595	0	0.0833	0	1798	34.58	0.1161	-0.01983	1650	1356	0.8218	0.08824	1.533	629	35.27	0.03116	-0.1228	551	20	0.0363	0.08796	0.06772	1680	40.93	0.2149	0.07036	1487	384	0.2582	0.05385	0.4818	-0.2316	0.03803
chr17	47000000	48000000	0.4487	0.091	0.0471	0	0.0588	0	1307	32.81	0.04022	-0.03834	1294	908	0.7017	0.06049	0.966	642	36.53	0.08209	-0.02738	636	7	0.01101	0.08333	0.01515	1540	37.79	0.09957	0.002269	1523	1070	0.7026	0.05814	0.9672	-0.189	0
chr17	48000000	49000000	0.4517	0.0676	0.0256	0	0.0577	0	990	32.94	0.04591	-0.01673	979	368	0.3759	0.05263	0.7031	874	36.7	0.08856	0.0004292	858	1	0.001166	NA	0.00218	1161	37.73	0.09729	0.02263	1154	832	0.721	0.05556	1.349	-0.214	-0.07215
chr17	49000000	50000000	0.4791	0.0887	0.0354	0	0.0588	0	1123	33.27	0.06052	-0.009698	1113	606	0.5445	0.05685	0.8177	822	37.36	0.1143	-0.004662	816	11	0.01348	0.1667	0.02024	1227	38.02	0.1086	0.01217	1223	866	0.7081	0.05662	1.063	-0.2081	-0.03103
chr17	50000000	51000000	0.4994	0.0984	0.0304	0	0.0591	0	1300	33.6	0.07471	0.0007863	1289	811	0.6292	0.0625	1.011	1388	38.29	0.1499	0.01618	1368	874	0.6389	0.05662	1.026	1422	38.39	0.1226	0.01185	1413	908	0.6426	0.05814	1.032	-0.1844	0
chr17	51000000	52000000	0.4143	0.0076	0.0169	0	0.0591	0	1334	32.32	0.01847	0.01296	1322	975	0.7375	0.05882	1.109	1330	35.33	0.03374	0.01633	1322	1038	0.7852	0.05814	1.18	1164	35.03	-0.009793	-0.02134	1156	605	0.5234	0.05882	0.7868	-0.1054	0
chr17	52000000	53000000	0.3719	-0.0734	0.019	0	0.0625	0	1563	30.72	-0.05468	0.01645	1558	1029	0.6605	0.06098	1.013	1200	32.71	-0.07754	0.003857	1199	344	0.2869	0.05848	0.4398	1672	32.9	-0.1003	-0.01628	1669	1208	0.7238	0.0625	1.11	-0.09654	0
chr17	53000000	54000000	0.3567	-0.0983	0.0236	0	0.0605	0	1228	30.62	-0.05906	0.02806	1223	629	0.5143	0.05556	1.036	1188	31.97	-0.1104	0.01212	1183	649	0.5486	0.05556	1.105	1263	32.2	-0.131	-0.01197	1254	607	0.4841	0.06757	0.9747	-0.08326	0
chr17	54000000	55000000	0.3754	-0.0377	0.0174	0	0.0613	0	1083	31.85	-0.002344	0.02906	1076	692	0.6431	0.0625	1.008	1198	33.83	-0.02881	0.01883	1195	637	0.5331	0.05556	0.8355	904	34.3	-0.04015	0.003969	896	571	0.6373	0.05556	0.9989	-0.1009	-0.03655
chr17	55000000	56000000	0.3995	0.0196	0.0188	0	0.0629	0	893	32.35	0.01985	-0.00169	892	529	0.593	0.05814	0.9138	931	34.08	-0.01834	-0.03436	912	517	0.5669	0.0625	0.8735	896	35.97	0.02861	0.008295	890	527	0.5921	0.05263	0.9124	-0.1186	-0.074
chr17	56000000	57000000	0.4189	0.0258	0.0134	0	0.0625	0	1150	32.16	0.01168	-0.01285	1144	847	0.7404	0.05882	1.18	1180	35.4	0.03666	0.003926	1177	721	0.6126	0.06	0.9767	1150	36	0.02961	0.002253	1148	847	0.7378	0.06522	1.176	-0.1592	-0.03562
chr17	57000000	58000000	0.4667	0.0803	0.0145	0	0.0585	0	1366	33	0.0485	-0.01204	1358	816	0.6009	0.0625	0.9796	1348	36.42	0.07744	-0.02722	1331	772	0.58	0.05556	0.9456	1380	37.91	0.1043	0.01208	1362	821	0.6028	0.05556	0.9827	-0.1644	-0.06871
chr17	58000000	59000000	0.4376	0.0441	0.0132	0	0.0587	0	440	33.2	0.05746	0.01934	437	204	0.4668	0.05685	0.704	804	36.22	0.06978	0.0142	800	603	0.7538	0.05814	1.137	440	36.67	0.05635	0.0048	438	203	0.4635	0.05556	0.6989	-0.1651	0
chr17	59000000	60000000	0.4188	0.0221	0.0295	0	0.0605	0	1028	32.03	0.005633	-0.01504	1012	645	0.6374	0.0625	1.013	960	35.05	0.02208	-0.008939	946	634	0.6702	0.05556	1.066	1028	36.43	0.04681	0.02348	1013	646	0.6377	0.06098	1.014	-0.1497	-0.03747
chr17	60000000	61000000	0.4152	0.008	0.0111	0	0.0667	0	308	31.28	-0.02828	-0.03565	285	153	0.5368	0.07143	0.9685	321	34.2	-0.01305	-0.02659	299	124	0.4147	0.07143	0.7482	314	35.36	0.003981	-0.006356	287	155	0.5401	0.07143	0.9743	-0.152	-0.07215
chr17	61000000	62000000	0.4051	0.0371	0.0199	0	0.0602	0	1054	32.67	0.0343	0	1049	670	0.6387	0.05556	1.148	1014	35.41	0.03695	0.001897	1010	619	0.6129	0.05556	1.101	1010	35.89	0.02516	-0.01298	996	582	0.5843	0.06098	1.05	-0.1375	0
chr17	62000000	63000000	0.4343	0.0353	0.0205	0	0.0617	0	1134	32.04	0.006038	-0.02379	1123	780	0.6946	0.05882	1.316	1091	35.5	0.04071	-0.005224	1077	689	0.6397	0.05882	1.213	789	36.74	0.05921	0.0237	783	518	0.6616	0.06098	1.254	-0.1489	-0.03797
chr17	63000000	64000000	0.4417	0.0867	0.0395	0	0.0597	0	889	33.1	0.05288	-0.03085	867	798	0.9204	0.06667	1.169	926	36.67	0.08764	-0.008706	909	815	0.8966	0.0641	1.139	743	38.28	0.1183	0.02493	730	410	0.5616	0.05556	0.7133	-0.1864	-0.04731
chr17	64000000	65000000	0.446	0.0594	0.0486	0	0.0578	0	749	32.37	0.02102	-0.02701	732	153	0.209	0.05263	0.4996	734	35.9	0.05668	-0.01947	715	100	0.1399	0.06174	0.3343	749	37.73	0.09743	0.02945	732	160	0.2186	0.05218	0.5224	-0.1956	-0.074
chr17	65000000	66000000	0.4289	0.0317	0.0142	0	0.0594	0	1601	32.67	0.0344	0.005958	1591	1041	0.6543	0.05882	1.11	1297	36.2	0.06871	0.03016	1289	523	0.4057	0.05263	0.6882	1440	35.82	0.02248	-0.01858	1430	898	0.628	0.05685	1.065	-0.1444	0
chr17	66000000	67000000	0.4352	0.0014	0.0124	0	0.0594	0	1891	31.94	0.001656	0.006696	1877	1250	0.666	0.0625	1.049	1454	35.64	0.0463	0.03306	1439	779	0.5413	0.05556	0.8524	1847	35.25	-0.0007627	-0.002018	1828	1082	0.5919	0.05556	0.932	-0.1333	0.03037
chr17	67000000	68000000	0.4352	0.0558	0.0206	0	0.0556	0	911	32.57	0.02997	-0.01939	901	525	0.5827	0.06	1.018	834	36.14	0.06644	-0.001199	832	466	0.5601	0.05291	0.9787	922	37.7	0.09638	0.04073	912	413	0.4529	0.05102	0.7913	-0.2224	-0.03607
chr17	68000000	69000000	0.4284	0.0606	0.0131	0	0.06	0	1433	33.01	0.04927	-0.007246	1424	972	0.6826	0.06	1.015	1610	36.12	0.06575	-0.0003223	1604	1116	0.6958	0.06	1.034	1295	36.73	0.05883	-0.008861	1287	793	0.6162	0.05102	0.9161	-0.1375	-0.02975
chr17	69000000	70000000	0.3815	-0.0079	0.0077	0	0.0621	0	1241	31.84	-0.003021	0.0002445	1234	662	0.5365	0.06	0.8662	1261	34.29	-0.00921	0.007247	1258	425	0.3378	0.05556	0.5455	1326	34.35	-0.03783	-0.02479	1322	800	0.6051	0.05882	0.9771	-0.1186	0
chr17	70000000	71000000	0.3723	-0.064	0.0081	0	0.0613	0	1497	30.49	-0.06544	-0.007288	1485	818	0.5508	0.06466	0.8976	1403	33.07	-0.06156	0.009812	1396	455	0.3259	0.05882	0.5311	1364	32.84	-0.1029	-0.03419	1347	903	0.6704	0.0625	1.092	-0.1193	0.04182
chr17	71000000	72000000	0.3809	-0.0731	0.0169	0	0.0619	0	1087	31.16	-0.03388	0.03034	1079	654	0.6061	0.05556	1.043	1001	32.83	-0.07233	0.006568	994	532	0.5352	0.0625	0.9212	925	33.33	-0.08146	-0.006142	921	457	0.4962	0.0641	0.854	-0.1122	0
chr17	72000000	73000000	0.4574	0.0345	0.0169	0	0.0617	0	1534	32.56	0.02919	0.008755	1531	1058	0.6911	0.06098	1.07	1157	35.78	0.05219	-0.002654	1150	665	0.5783	0.05319	0.8957	1637	36.79	0.06106	0.01888	1627	1080	0.6638	0.05848	1.028	-0.1699	-0.03562
chr17	73000000	74000000	0.4917	0.0736	0.0332	0	0.0594	0	1755	32.8	0.04005	-0.002315	1741	1178	0.6766	0.06098	1.115	1747	36.93	0.0976	-0.01164	1728	1242	0.7188	0.05556	1.184	1640	37.4	0.08494	-0.001763	1635	759	0.4642	0.05556	0.7647	-0.197	0
chr17	74000000	75000000	0.5144	0.1221	0.0266	0	0.0574	0	1347	33.61	0.07495	-0.01565	1341	838	0.6249	0.06	1.012	1284	38.52	0.1586	-0.01289	1277	785	0.6147	0.05556	0.995	1432	38.03	0.1088	-0.02804	1425	952	0.6681	0.05556	1.081	-0.1956	0
chr17	75000000	76000000	0.5122	0.1042	0.0587	0	0.0588	0	1195	33.51	0.07086	-0.001846	1184	570	0.4814	0.06	1.012	1111	38.35	0.1522	0.003265	1103	728	0.66	0.05556	1.388	1251	39.33	0.1575	0.04082	1244	702	0.5643	0.05848	1.187	-0.2106	-0.03519
chr17	76000000	77000000	0.5049	0.104	0.034	0	0.0588	0	1696	33.72	0.0799	0.005597	1689	1272	0.7531	0.06098	1.146	1748	37.98	0.1381	-0.005289	1734	1157	0.6672	0.06	1.015	1720	38.85	0.1398	0.02119	1706	1046	0.6131	0.05319	0.9327	-0.2016	0
chr17	77000000	78000000	0.5003	0.1157	0.0489	0	0.0567	0	1886	33.68	0.07819	-0.006281	1837	1273	0.693	0.06098	1.021	1530	38.14	0.1441	-0.007563	1497	941	0.6286	0.05556	0.9263	1698	38.56	0.129	0.0009304	1679	1280	0.7624	0.05556	1.123	-0.2016	0
chr17	78000000	79000000	0.5079	0.1439	0.0309	0	0.0568	0	1734	33.63	0.07598	-0.04353	1724	1276	0.7401	0.05882	1.137	1795	39.24	0.1852	-0.003842	1784	1338	0.75	0.05814	1.152	1591	38.79	0.1376	-0.01954	1574	1039	0.6601	0.05556	1.014	-0.2115	0
chr17	79000000	80000000	0.54	0.1415	0.034	0	0.0568	0	2346	34.57	0.1158	0.003717	2309	1635	0.7081	0.06	1.204	1893	39.88	0.2084	0.009648	1861	1068	0.5739	0.05263	0.9758	2225	38.75	0.136	-0.01544	2203	1625	0.7376	0.05556	1.254	-0.1926	0.04244
chr17	80000000	81000000	0.5109	0.1163	0.0342	0	0.0591	0	1955	34.21	0.1008	0.01596	1887	1355	0.7181	0.0625	1.052	1983	38.52	0.1584	-0.001758	1940	1342	0.6918	0.05556	1.014	1947	38.56	0.1288	0	1887	1375	0.7287	0.05882	1.068	-0.1651	0
chr17	81000000	82000000	0.5786	0.2064	0.0673	0	0.0556	0	1686	35.55	0.156	-0.008612	1646	1188	0.7217	0.05882	1.096	1720	42.15	0.2883	0.01678	1696	1163	0.6857	0.05319	1.041	1538	41.17	0.2232	0.008582	1509	922	0.611	0.05291	0.9279	-0.2505	0
chr17	82000000	83000000	0.5406	0.1316	0.0491	0	0.0594	0	1980	33.99	0.09146	-0.007915	1892	1272	0.6723	0.06	1.041	1706	39	0.1762	-0.01264	1610	944	0.5863	0.05556	0.9079	2297	39.53	0.1648	0.0234	2216	1429	0.6449	0.05263	0.9985	-0.2249	0
chr17	83000000	83257441	0.5339	-0.065	0.0755	0	0.067	0	832	32.48	0.02589	0.1203	690	493	0.7145	0.06818	0.9733	600	35.25	0.0306	0.03812	494	350	0.7085	0.06604	0.9651	786	36.36	0.04409	0.1022	657	439	0.6682	0.06757	0.9102	-0.1699	-0.039
chr18	0	1000000	0.423	0.0232	0.0165	0	0.0667	0	2305	32.5	0.02683	0.008901	2172	1582	0.7284	0.075	1.095	1690	35.31	0.03277	0.00236	1559	890	0.5709	0.07143	0.8586	2495	36.25	0.03979	0.005613	2336	1555	0.6657	0.06667	1.001	-0.1444	-0.05445
chr18	1000000	2000000	0.3658	-0.0305	0.0257	0	0.061	0	1878	31.71	-0.008849	0.0102	1867	1247	0.6679	0.0625	1.039	1927	33.8	-0.03032	0.01651	1916	1334	0.6962	0.06	1.083	1876	33.52	-0.07315	-0.03118	1866	1116	0.5981	0.06	0.9303	-0.08489	0
chr18	2000000	3000000	0.3906	0.0445	0.0161	0	0.0625	0	1760	32.86	0.04262	-0.003709	1754	841	0.4795	0.05556	0.8071	1777	35.53	0.04192	0.006198	1771	1065	0.6014	0.05882	1.012	2031	36.19	0.03744	-0.004667	2028	1119	0.5518	0.05814	0.9288	-0.1329	0
chr18	3000000	4000000	0.4164	0.029	0.0089	0	0.0588	0	1492	32.77	0.03843	0.007032	1489	908	0.6098	0.0625	0.9542	1514	34.92	0.017	-0.01671	1507	1038	0.6888	0.05882	1.078	1697	35.92	0.02638	-0.006491	1689	1135	0.672	0.05556	1.051	-0.1293	-0.03953
chr18	4000000	5000000	0.3763	-0.0532	0.0289	0	0.0625	0	1878	31.37	-0.02442	0.02365	1872	1344	0.7179	0.06125	1.153	1432	33.05	-0.06238	0.001179	1429	685	0.4794	0.0625	0.7696	1931	33.62	-0.06915	-0.01178	1928	1359	0.7049	0.06	1.132	-0.1122	0
chr18	5000000	6000000	0.3989	-0.0364	0.017	0	0.0597	0	1738	31.09	-0.03725	-0.001107	1733	1225	0.7069	0.06	1.124	1535	33.52	-0.04202	-0.003087	1528	892	0.5838	0.05814	0.9281	1786	34.21	-0.04381	-0.008132	1776	1341	0.7551	0.05882	1.2	-0.1255	-0.04307
chr18	6000000	7000000	0.3988	-0.0245	0.0367	0	0.0605	0	1703	31.48	-0.01954	0.003596	1685	1283	0.7614	0.0625	1.133	1260	34.17	-0.01427	0.01382	1255	666	0.5307	0.05941	0.7895	1794	34.13	-0.04727	-0.02343	1776	1404	0.7905	0.05556	1.176	-0.09433	0
chr18	7000000	8000000	0.4178	-0.051	0.0357	0	0.0625	0	1765	31.44	-0.02102	0.02758	1755	1248	0.7111	0.06	1.016	1259	34.32	-0.007988	0.03364	1242	715	0.5757	0.05882	0.8229	1547	33.36	-0.08035	-0.03283	1534	1250	0.8149	0.06174	1.165	-0.1085	0.03395
chr18	8000000	9000000	0.4264	0.0399	0.0095	0	0.0605	0	1913	33.09	0.05263	0.0174	1907	1335	0.7001	0.06098	1.015	1709	36.33	0.07399	0.02724	1703	1135	0.6665	0.05556	0.9666	2183	36.17	0.03665	-0.009227	2178	1660	0.7622	0.05814	1.105	-0.1329	0.03607
chr18	9000000	10000000	0.4108	0.0496	0.0262	0	0.0588	0	1859	32.6	0.03119	-0.01771	1847	1230	0.6659	0.06	1.074	1569	35.87	0.0558	0.0005469	1562	961	0.6152	0.06098	0.9922	1725	37.2	0.07715	0.02872	1713	1063	0.6205	0.05556	1.001	-0.1644	-0.04182
chr18	10000000	11000000	0.4264	0.0396	0.0306	0	0.0617	0	2206	32.87	0.04309	0.008159	2198	1270	0.5778	0.06098	0.9112	2040	35.31	0.03289	-0.01356	2030	1092	0.5379	0.05882	0.8483	2046	36.55	0.05156	0.00598	2035	1307	0.6423	0.0625	1.013	-0.1278	-0.0614
chr18	11000000	12000000	0.424	0.0141	0.0205	0	0.0605	0	1574	32.11	0.009363	0.000532	1551	967	0.6235	0.0625	0.9665	1514	35.03	0.02131	0.001318	1508	980	0.6499	0.05882	1.007	1453	35.97	0.02867	0.01049	1441	783	0.5434	0.0625	0.8423	-0.1635	-0.04182
chr18	12000000	13000000	0.4371	0.0414	0.013	0	0.061	0	1626	32.28	0.01678	-0.0166	1605	1011	0.6299	0.06667	0.9856	1671	35.62	0.04536	-0.009419	1632	1027	0.6293	0.05814	0.9846	1854	36.49	0.04906	-2.222e-05	1835	1319	0.7188	0.05814	1.125	-0.1699	-0.04439
chr18	13000000	14000000	0.4387	0.0645	0.0112	0	0.0609	0	1699	33.22	0.05823	-0.001939	1682	1181	0.7021	0.06098	1.147	1761	36.39	0.07651	-0.0001508	1747	1338	0.7659	0.05882	1.252	1697	37.02	0.06999	0.003619	1670	975	0.5838	0.05556	0.9541	-0.1312	-0.03847
chr18	14000000	15000000	0.4082	-0.0391	0.0198	0	0.0625	0	1519	30.88	-0.04715	-0.01004	1437	173	0.1204	0.06667	0.2299	2043	33.77	-0.03128	0.01054	1984	1315	0.6628	0.06	1.266	1973	33.74	-0.06402	-0.02906	1905	1024	0.5375	0.05814	1.026	-0.1155	0.03014
chr18	15000000	16000000	0.3863	-0.7447	0.0638	0	0.0876	0	3007	19.95	-0.6775	0.06084	1466	1148	0.7831	0.07517	1.625	2784	20.39	-0.7594	-0.009804	1354	528	0.39	0.1	0.809	2967	20.68	-0.77	-0.02182	1512	1204	0.7963	0.07143	1.652	-0.1255	0.1132
chr18	16000000	17000000	0.3966	-2.105	0.0775	0	0.1095	1	723	6.867	-2.216	-0.1044	70	35	0.5	NA	1.001	681	7.924	-2.123	-0.01584	116	54	0.4655	NA	0.9323	751	7.876	-2.163	-0.05923	86	45	0.5233	NA	1.048	-0.3219	0.2895
chr18	17000000	18000000	0.3968	-2.169	0.0743	0	0.1143	1	695	7.072	-2.174	0.003552	92	47	0.5109	NA	1.134	729	7.804	-2.145	0.02615	114	41	0.3596	NA	0.798	742	7.15	-2.302	-0.1343	77	37	0.4805	NA	1.066	-0.585	0.585
chr18	18000000	19000000	0.3967	-2.168	0.0568	0	0.125	1	878	6.697	-2.252	-0.07697	114	66	0.5789	NA	1.096	808	7.623	-2.179	-0.008437	135	60	0.4444	NA	0.8411	944	7.56	-2.222	-0.05471	103	63	0.6117	NA	1.158	-0.1155	0.2801
chr18	19000000	20000000	0.3962	-2.249	0.1777	1	0.1125	1	829	6.675	-2.257	NA	113	64	0.5664	NA	1.1	949	7.032	-2.295	NA	153	56	0.366	NA	0.7106	904	6.702	-2.396	NA	106	55	0.5189	NA	1.007	-0.1699	0
chr18	20000000	21000000	0.3918	-1.823	0.1614	1	0.111	1	1078	8.54	-1.901	NA	328	195	0.5945	NA	1.153	1131	10.86	-1.668	NA	357	159	0.4454	NA	0.8641	1115	9.395	-1.908	NA	356	210	0.5899	NA	1.145	-0.4525	0.585
chr18	21000000	22000000	0.4047	0.0023	0.0309	0	0.0556	0	787	31.76	-0.006683	-0.006348	785	630	0.8025	0.0625	2.091	386	33.4	-0.04725	-0.04636	385	141	0.3662	0.05556	0.954	728	35.33	0.002484	0	728	557	0.7651	0.05556	1.993	-0.0902	-0.09311
chr18	22000000	23000000	0.4078	0.0189	0.0086	0	0.0613	0	1178	32.41	0.02286	-0.0004403	1166	548	0.47	0.0625	1.069	1272	35.14	0.02598	0.00724	1263	672	0.5321	0.0625	1.21	987	35.45	0.007667	-0.01496	980	285	0.2908	0.0625	0.6615	-0.1375	-0.03847
chr18	23000000	24000000	0.4416	0.07	0.0288	0	0.0572	0	1019	32.88	0.04328	-0.02375	1007	666	0.6614	0.05882	0.9945	948	36.22	0.06969	-0.009628	941	515	0.5473	0.0625	0.823	715	37.79	0.09966	0.02343	709	350	0.4937	0.05882	0.7423	-0.1972	-0.08618
chr18	24000000	25000000	0.413	0.0089	0.0146	0	0.06	0	1290	31.99	0.003971	-0.003291	1277	687	0.538	0.06667	0.944	1397	35.05	0.02228	0.004578	1383	796	0.5756	0.05556	1.01	1645	34.64	-0.02569	-0.03785	1625	1073	0.6603	0.05882	1.159	-0.142	0
chr18	25000000	26000000	0.3918	-0.0282	0.0112	0	0.06	0	1423	31.95	0.002209	0.02871	1419	1108	0.7808	0.0633	1.192	1414	33.78	-0.03112	0.009392	1407	1066	0.7576	0.05556	1.157	1388	34.31	-0.03971	-0.01398	1383	1023	0.7397	0.05814	1.129	-0.09622	-0.03653
chr18	26000000	27000000	0.4	0.0058	0.0097	0	0.0588	0	1286	31.92	0.0006362	-0.005416	1284	1022	0.796	0.06	1.211	969	33.86	-0.02751	-0.0322	963	459	0.4766	0.05556	0.7253	1099	35.61	0.01382	0.00681	1097	679	0.619	0.05882	0.9418	-0.1119	-0.07921
chr18	27000000	28000000	0.3749	-0.0613	0.0248	0	0.0625	0	1017	30.83	-0.04958	0.004701	998	589	0.5902	0.0641	0.8898	1106	32.14	-0.1028	-0.03272	1101	704	0.6394	0.05882	0.964	1003	34.04	-0.05111	0.02032	991	700	0.7064	0.05685	1.065	-0.09954	-0.1031
chr18	28000000	29000000	0.3626	-0.1009	0.0148	0	0.0659	0	1441	29.66	-0.1052	-0.009655	1433	1130	0.7886	0.06	1.3	1170	31.33	-0.1396	-0.01964	1159	796	0.6868	0.0641	1.133	1503	32.64	-0.1117	-0.004505	1494	910	0.6091	0.06522	1.004	-0.1155	-0.06871
chr18	29000000	30000000	0.3458	-0.0956	0.0164	0	0.0641	0	1495	30.03	-0.08729	-0.002228	1483	744	0.5017	0.06522	0.9405	1364	30.99	-0.1554	-0.03229	1348	463	0.3435	0.06522	0.6439	1205	32.45	-0.1199	0.0005246	1197	448	0.3743	0.05556	0.7017	-0.09788	-0.05889
chr18	30000000	31000000	0.3531	-0.0798	0.0219	0	0.06	0	1756	30.25	-0.07698	-0.01197	1739	1120	0.644	0.0625	1.008	1581	32.38	-0.09197	0.0125	1573	1208	0.768	0.05882	1.201	1663	32.19	-0.1316	-0.02936	1635	1207	0.7382	0.0625	1.155	-0.08406	0
chr18	31000000	32000000	0.3877	-0.0117	0.0135	0	0.0625	0	1024	31.61	-0.0135	-0.007898	1020	513	0.5029	0.06	0.7912	1271	34.31	-0.00859	0.00973	1260	756	0.6	0.05882	0.9438	1476	35.23	-0.001498	0.01008	1471	1140	0.775	0.05882	1.219	-0.1325	-0.07039
chr18	32000000	33000000	0.3915	-0.0169	0.0229	0	0.0556	0	939	31.42	-0.02217	-0.007883	933	573	0.6141	0.0625	1.05	1103	33.59	-0.03924	-0.01004	1096	702	0.6405	0.05556	1.095	694	34.68	-0.02399	-0.01103	690	291	0.4217	0.0641	0.7209	-0.1155	-0.05063
chr18	33000000	34000000	0.3553	-0.08	0.0104	0	0.0642	0	564	30.53	-0.06369	0.006437	563	339	0.6021	0.06757	0.9748	601	32.45	-0.0891	0.01663	598	352	0.5886	0.0641	0.9529	614	32.92	-0.09911	0.004202	611	332	0.5434	0.06667	0.8797	-0.1398	-0.04182
chr18	34000000	35000000	0.3685	-0.0434	0.0323	0	0.0606	0	967	31.08	-0.03772	-0.004626	962	650	0.6757	0.06466	1.156	661	32.85	-0.07129	-0.01551	658	266	0.4043	0.0625	0.6917	962	33.86	-0.05876	-0.003155	958	603	0.6294	0.06	1.077	-0.1193	0
chr18	35000000	36000000	0.4058	0.0206	0.0208	0	0.0582	0	790	32.27	0.01625	-0.003343	785	306	0.3898	0.07143	0.6793	1053	35.26	0.03086	0.009299	1048	645	0.6155	0.05556	1.073	781	36.15	0.0357	0.0136	776	367	0.4729	0.05814	0.8242	-0.1748	-0.03653
chr18	36000000	37000000	0.4138	0.0055	0.0144	0	0.0625	0	1155	31.98	0.003409	-0.002764	1154	769	0.6664	0.06	1.038	1026	34.57	0.002377	-0.01205	1024	611	0.5967	0.06	0.9296	927	36.04	0.03146	0.02239	924	511	0.553	0.06	0.8616	-0.1304	-0.04182
chr18	37000000	38000000	0.4436	-0.02	0.0145	0	0.0625	0	1154	31.65	-0.01155	0.01769	1143	719	0.629	0.0625	1.107	1321	34.51	-3.8e-05	0.006599	1313	1016	0.7738	0.05848	1.362	1039	34.67	-0.02463	-0.01167	1033	549	0.5315	0.05263	0.9357	-0.1119	0
chr18	38000000	39000000	0.3719	-0.0865	0.0249	0	0.0647	0	1433	30.29	-0.07511	0.009117	1433	1162	0.8109	0.0625	1.162	1365	32.63	-0.0811	0.0134	1358	1000	0.7364	0.06	1.056	1353	32.66	-0.1107	-0.01357	1350	847	0.6274	0.0625	0.8994	-0.1206	0
chr18	39000000	40000000	0.3668	-0.0964	0.0254	0	0.0625	0	1067	30.28	-0.07542	0.01068	1060	797	0.7519	0.06667	1.138	959	32.04	-0.1071	0.002295	949	311	0.3277	0.06522	0.496	1155	32.68	-0.11	-0.001591	1148	892	0.777	0.06	1.176	-0.08249	-0.03359
chr18	40000000	41000000	0.3586	-0.1032	0.0265	0	0.0633	0	1577	30.12	-0.08296	0.007355	1570	1363	0.8682	0.06522	1.261	1074	31.54	-0.1297	-0.006551	1070	782	0.7308	0.06522	1.061	1387	32.06	-0.1373	-0.01914	1381	1032	0.7473	0.06	1.085	-0.07039	-0.05889
chr18	41000000	42000000	0.3687	-0.0811	0.0339	0	0.0625	0	980	30.59	-0.06069	0.01025	976	312	0.3197	0.05882	0.604	979	32.04	-0.1071	-0.0118	976	315	0.3227	0.05882	0.6098	1561	32.86	-0.1019	-0.008617	1547	1103	0.713	0.06098	1.347	-0.07039	-0.04182
chr18	42000000	43000000	0.371	-0.0754	0.0254	0	0.06	0	1638	30.26	-0.07657	-0.006102	1632	966	0.5919	0.06	0.8621	1560	32.6	-0.08229	0.004908	1559	1109	0.7114	0.0625	1.036	1565	33.35	-0.08047	0.007385	1564	1030	0.6586	0.05941	0.9592	-0.09954	-0.04182
chr18	43000000	44000000	0.3605	-0.086	0.0233	0	0.0617	0	1548	30.65	-0.05784	0.01415	1541	1064	0.6905	0.06	0.9949	1346	32.35	-0.0933	0.01489	1336	1119	0.8376	0.0625	1.207	1309	32.75	-0.1068	-0.005003	1301	877	0.6741	0.05882	0.9713	-0.1048	0
chr18	44000000	45000000	0.3871	-0.0448	0.0246	0	0.0572	0	1194	31.44	-0.02127	0.01771	1186	886	0.747	0.06	1.07	877	33.54	-0.04122	0.008713	871	664	0.7623	0.05263	1.092	1053	34.64	-0.02577	0.02057	1051	476	0.4529	0.05263	0.6487	-0.1333	-0.04064
chr18	45000000	46000000	0.4219	0.0136	0.0221	0	0.0588	0	1496	32	0.00442	-0.004192	1493	998	0.6685	0.06	0.9523	1444	35.28	0.03152	0.01159	1440	1022	0.7097	0.05556	1.011	1263	35.75	0.0195	-0.003165	1258	898	0.7138	0.05556	1.017	-0.1543	-0.037
chr18	46000000	47000000	0.445	0.0257	0.0171	0	0.0594	0	1143	32.21	0.01354	-0.0007847	1133	630	0.556	0.06049	0.8467	1182	35.78	0.05203	0.0106	1177	812	0.6899	0.05556	1.051	1079	36.72	0.05846	0.02779	1065	725	0.6808	0.05263	1.037	-0.1745	-0.03797
chr18	47000000	48000000	0.427	0.0036	0.0144	0	0.0605	0	794	32.1	0.00884	0.01279	783	332	0.424	0.05556	0.7209	1040	35.23	0.02964	0.02059	1026	669	0.652	0.05882	1.109	1041	35.72	0.01827	0.008627	1028	462	0.4494	0.06	0.7641	-0.1274	0
chr18	48000000	49000000	0.4812	0.0997	0.0219	0	0.0572	0	1227	33.89	0.08723	0.007898	1210	695	0.5744	0.0625	0.9491	1222	37.9	0.1352	0.005357	1207	693	0.5742	0.05556	0.9487	1130	37.47	0.08743	-0.02111	1113	682	0.6128	0.05319	1.012	-0.1586	0.02893
chr18	49000000	50000000	0.4244	0.0532	0.0187	0	0.06	0	1428	32.8	0.03992	-0.008008	1414	641	0.4533	0.0625	0.8887	1381	36.01	0.0613	0.002358	1369	602	0.4397	0.05556	0.8621	1284	36.69	0.05729	0.0001053	1269	537	0.4232	0.05814	0.8296	-0.1644	-0.03519
chr18	50000000	51000000	0.4304	0.0237	0.0241	0	0.0588	0	1608	33.04	0.05039	0.03008	1603	809	0.5047	0.0625	1.038	1378	35.12	0.02524	-0.007019	1365	573	0.4198	0.05556	0.8636	1593	36.03	0.03086	6.582e-05	1587	703	0.443	0.05814	0.9113	-0.1155	-0.03847
chr18	51000000	52000000	0.4051	-0.0228	0.0214	0	0.0617	0	1395	31.59	-0.01417	0.01143	1373	846	0.6162	0.06	1.081	1226	34.28	-0.009887	0.01496	1225	820	0.6694	0.0625	1.174	1609	34.41	-0.03533	-0.01357	1595	1032	0.647	0.06098	1.135	-0.1234	0
chr18	52000000	53000000	0.3757	-0.0716	0.0202	0	0.0612	0	1609	30.7	-0.05536	0.01086	1604	620	0.3865	0.0625	0.7191	1643	32.76	-0.07538	0.006156	1638	881	0.5379	0.05556	1.001	1959	33.28	-0.0837	-0.008094	1946	1298	0.667	0.06	1.241	-0.1009	-0.03318
chr18	53000000	54000000	0.3677	-0.04	0.007	0	0.0641	0	1772	31.54	-0.01646	0.0154	1760	1358	0.7716	0.0625	1.039	1642	33.43	-0.04595	0.005064	1626	1151	0.7079	0.06098	0.9534	1724	34	-0.05277	0.0008285	1712	1225	0.7155	0.06	0.9637	-0.08992	0
chr18	54000000	55000000	0.3827	0.0171	0.0121	0	0.0605	0	1693	32.3	0.0176	-0.002498	1678	1214	0.7235	0.06667	1.202	1658	34.98	0.01931	0.01555	1650	1181	0.7158	0.05814	1.189	1676	35.71	0.01801	0.005003	1663	961	0.5779	0.05556	0.9602	-0.1339	-0.04064
chr18	55000000	56000000	0.3836	-0.0219	0.0119	0	0.0597	0	896	31.5	-0.0184	-0.001596	895	436	0.4872	0.06	0.7811	843	33.63	-0.03751	-0.01019	832	472	0.5673	0.05263	0.9096	977	34.7	-0.02346	0.004032	976	590	0.6045	0.05556	0.9692	-0.1009	-0.04064
chr18	56000000	57000000	0.3834	-0.0269	0.0155	0	0.0625	0	1138	31.27	-0.02915	-0.006559	1130	467	0.4133	0.05882	0.7078	1018	33.85	-0.02792	0.004396	1012	516	0.5099	0.06	0.8732	1105	34.29	-0.0405	-0.007873	1100	609	0.5536	0.06667	0.9482	-0.1285	0
chr18	57000000	58000000	0.4306	0.0309	0.0147	0	0.0594	0	1659	32.73	0.03683	0.009405	1649	1074	0.6513	0.05882	1.081	1492	35.5	0.04073	0.002169	1481	816	0.551	0.06049	0.9148	1476	36.54	0.05106	0.01324	1462	778	0.5321	0.05556	0.8835	-0.1339	-0.03562
chr18	58000000	59000000	0.4357	0.0795	0.0335	0	0.0566	0	1685	33.28	0.0609	-0.01317	1672	904	0.5407	0.05556	0.8709	1584	36.55	0.08267	-0.007013	1566	787	0.5026	0.05263	0.8095	1723	37.13	0.07415	-0.00471	1708	1142	0.6686	0.05556	1.077	-0.1339	-0.03395
chr18	59000000	60000000	0.4261	0.0555	0.0221	0	0.06	0	1666	32.7	0.03545	-0.01591	1647	1189	0.7219	0.0625	1.041	1541	36.51	0.081	0.01957	1526	1087	0.7123	0.05556	1.027	1963	36.36	0.04417	-0.01731	1940	1341	0.6912	0.05882	0.997	-0.1605	0.02945
chr18	60000000	61000000	0.3609	-0.0023	0.0229	0	0.0594	0	1222	31.68	-0.01031	-0.01821	1212	916	0.7558	0.0641	1.156	1500	34.4	-0.004913	0.01901	1495	1194	0.7987	0.06174	1.222	1641	34.56	-0.0291	-0.008345	1633	1178	0.7214	0.05941	1.104	-0.1193	0.04009
chr18	61000000	62000000	0.3943	-0.0287	0.0154	0	0.0599	0	1347	31.29	-0.02803	-0.003627	1332	781	0.5863	0.0625	0.9439	1496	33.57	-0.04	-0.00956	1485	858	0.5778	0.05556	0.9301	1345	34.24	-0.04267	-0.01129	1319	847	0.6422	0.0625	1.034	-0.1186	0
chr18	62000000	63000000	0.4016	0.0362	0.0183	0	0.0564	0	1236	32.21	0.01359	-0.02343	1218	860	0.7061	0.06098	1.012	1253	35.41	0.03709	0	1235	696	0.5636	0.0625	0.8076	1179	35.92	0.02634	-0.007588	1164	880	0.756	0.05556	1.083	-0.1502	0
chr18	63000000	64000000	0.4051	0.058	0.0234	0	0.06	0	1513	32.74	0.03737	-0.01783	1489	1009	0.6776	0.05882	1.075	1678	35.85	0.05481	-0.001145	1665	1174	0.7051	0.06098	1.119	1117	36.77	0.06017	0.001127	1102	608	0.5517	0.05792	0.8752	-0.1375	0
chr18	64000000	65000000	0.3672	-0.0464	0.0209	0	0.0605	0	1664	31.04	-0.03948	-0.003417	1658	1005	0.6062	0.0625	1.04	1481	33.5	-0.04314	0.01442	1472	920	0.625	0.06049	1.072	1784	33.32	-0.08168	-0.02327	1761	1028	0.5838	0.05556	1.001	-0.08746	0
chr18	65000000	66000000	0.3469	-0.1071	0.0322	0	0.0625	0	1598	29.99	-0.08909	0.009262	1578	955	0.6052	0.0625	0.955	1550	31.74	-0.1207	0.01395	1532	988	0.6449	0.0641	1.018	1499	31.61	-0.158	-0.02658	1477	850	0.5755	0.05882	0.9081	-0.08746	0
chr18	66000000	67000000	0.3438	-0.104	0.0345	0	0.0625	0	1576	29.85	-0.09618	-0.004485	1571	986	0.6276	0.06	0.9588	1921	31.13	-0.1489	-0.01127	1918	1382	0.7205	0.06	1.101	1297	32.01	-0.1397	-0.01099	1294	736	0.5688	0.0625	0.8689	-0.09954	-0.04009
chr18	67000000	68000000	0.3514	-0.1156	0.0339	0	0.0629	0	2066	29.92	-0.09279	0.0076	2058	1219	0.5923	0.06522	1.163	2030	31.43	-0.1349	0.009861	2020	1160	0.5743	0.0625	1.128	2185	32.38	-0.1233	0.0171	2174	1196	0.5501	0.05882	1.081	-0.1085	-0.04439
chr18	68000000	69000000	0.3548	-0.096	0.0381	0	0.06	0	1792	30.38	-0.07067	0.01437	1774	873	0.4921	0.0625	0.9381	1738	31.77	-0.1195	-0.0007282	1715	998	0.5819	0.05882	1.109	1731	32.39	-0.1227	-0.004282	1720	917	0.5331	0.05882	1.016	-0.09213	0
chr18	69000000	70000000	0.3621	-0.0286	0.0203	0	0.0596	0	1655	31.34	-0.02582	-0.00255	1653	824	0.4985	0.06757	1.109	1565	33.27	-0.0528	-0.0001617	1554	704	0.453	0.06757	1.008	1648	34.61	-0.02724	0.01217	1642	959	0.584	0.05882	1.3	-0.09622	-0.078
chr18	70000000	71000000	0.3866	-0.0314	0.0123	0	0.0641	0	1507	31.29	-0.02823	-0.003199	1499	845	0.5637	0.06098	1.106	1468	33.78	-0.03087	0.005894	1448	765	0.5283	0.05556	1.037	1471	34.47	-0.03274	0.002055	1460	667	0.4568	0.0625	0.8965	-0.1293	0
chr18	71000000	72000000	0.3535	-0.1011	0.011	0	0.06	0	1895	29.93	-0.09201	-0.007208	1890	953	0.5042	0.05882	0.9364	1736	31.88	-0.1145	0.005191	1731	886	0.5118	0.06	0.9505	2001	32.4	-0.1224	0.001259	1993	1156	0.58	0.06	1.077	-0.09954	0
chr18	72000000	73000000	0.366	-0.0986	0.0177	0	0.0633	0	2099	29.91	-0.09307	-0.005913	2025	943	0.4657	0.0625	0.9673	2565	32.16	-0.1021	0.01558	2502	1541	0.6159	0.06522	1.279	2185	32.41	-0.122	-0.0114	2138	1502	0.7025	0.0625	1.459	-0.09686	0
chr18	73000000	74000000	0.3772	-0.0673	0.019	0	0.0633	0	1918	30.62	-0.05908	0.004516	1912	1192	0.6234	0.0641	1.072	1799	32.36	-0.0931	-0.01541	1796	1047	0.583	0.05556	1.003	2032	33.01	-0.09516	-0.02336	2022	1179	0.5831	0.05814	1.003	-0.08618	-0.0458
chr18	74000000	75000000	0.4119	-0.0032	0.0181	0	0.0591	0	1219	31.83	-0.003327	0.003501	1206	580	0.4809	0.05556	0.8056	1301	34.51	-3.031e-05	-0.002183	1289	845	0.6555	0.0625	1.098	1468	35.66	0.01599	0.01281	1457	920	0.6314	0.05556	1.058	-0.1437	-0.04307
chr18	75000000	76000000	0.4242	0.0037	0.0128	0	0.0588	0	1764	32.16	0.01141	0.01468	1746	1147	0.6569	0.0625	1.176	1644	34.06	-0.01924	-0.02883	1623	899	0.5539	0.06	0.9913	1667	35.46	0.007786	9.726e-05	1651	907	0.5494	0.05882	0.9831	-0.1234	-0.04182
chr18	76000000	77000000	0.4381	0.026	0.0154	0	0.0605	0	1801	32.42	0.02313	0.002076	1771	971	0.5483	0.0625	0.9656	1830	35.16	0.02685	-0.01157	1803	918	0.5092	0.05556	0.8967	1860	36	0.02973	-0.001437	1829	1098	0.6003	0.05814	1.057	-0.1271	-0.03797
chr18	77000000	78000000	0.4222	0.0069	0.0064	0	0.061	0	2259	32.35	0.01992	0.01794	2218	1199	0.5406	0.0625	1.001	2453	34.94	0.01787	0.003247	2420	1375	0.5682	0.05556	1.053	2501	35.02	-0.009978	-0.02614	2456	1361	0.5542	0.0625	1.027	-0.1085	0
chr18	78000000	79000000	0.4564	-0.0283	0.02	0	0.0625	0	2653	31.59	-0.01425	0.02852	2466	1446	0.5864	0.06522	0.9455	2596	34.06	-0.01891	-0.008975	2416	1620	0.6705	0.0625	1.081	2542	34.03	-0.05159	-0.02779	2384	1508	0.6326	0.06	1.02	-0.1054	0
chr18	79000000	80000000	0.4912	0.0079	0.0428	0	0.0625	0	2210	31.78	-0.005813	0.01602	1890	1146	0.6063	0.0625	0.9455	2376	35.54	0.04211	-0.0007551	2054	1492	0.7264	0.06098	1.133	2111	36.22	0.03834	0.0174	1844	1218	0.6605	0.0641	1.03	-0.1748	0
chr18	80000000	80373285	0.4602	0.0073	0.0317	0	0.0572	0	542	31.85	-0.002472	0.002203	521	380	0.7294	0.05291	1.003	455	34.19	-0.01339	-0.04168	424	299	0.7052	0.05556	0.9699	379	36.11	0.03427	0.01623	356	38	0.1067	0.04921	0.1468	-0.08964	-0.09115
chr19	0	1000000	0.5461	0.0318	0.0512	0	0.0638	0	2512	31.59	-0.01437	-0.01557	2221	1599	0.7199	0.06522	1.075	2516	37.87	0.1341	0.03721	2253	1793	0.7958	0.05882	1.188	2435	37.15	0.07517	0.03668	2183	1599	0.7325	0.05882	1.093	-0.25	0
chr19	1000000	2000000	0.5912	0.1881	0.0869	0	0.0581	0	1817	34.19	0.09966	-0.03953	1746	1227	0.7027	0.05556	1.019	1829	41.89	0.2795	0.02767	1792	1314	0.7333	0.05556	1.063	1725	40.84	0.2116	0.01254	1676	1352	0.8067	0.05556	1.169	-0.2496	0.03171
chr19	2000000	3000000	0.5459	0.117	0.0481	0	0.0585	0	2065	32.7	0.03539	-0.05154	1993	1352	0.6784	0.06	1.107	1737	39.35	0.1893	0.007898	1665	1004	0.603	0.05848	0.984	2160	39.09	0.1486	0.02176	2089	1646	0.7879	0.05814	1.286	-0.241	0.02915
chr19	3000000	4000000	0.5554	0.1163	0.0479	0	0.0588	0	1884	33.4	0.06622	-0.005447	1846	1305	0.7069	0.05556	1.029	1745	39.84	0.2071	0.02497	1709	1200	0.7022	0.06098	1.022	1954	38.49	0.1261	-0.0003333	1909	1334	0.6988	0.05556	1.017	-0.2503	0.037
chr19	4000000	5000000	0.541	0.0772	0.0412	0	0.0617	0	1521	33.1	0.05287	0.005225	1499	1093	0.7292	0.06	1.083	1399	38.58	0.1606	0.02592	1382	774	0.5601	0.06667	0.8317	1545	38.76	0.1362	0.05227	1505	943	0.6266	0.05556	0.9305	-0.241	-0.03847
chr19	5000000	6000000	0.5311	0.1094	0.0516	0	0.0556	0	1491	33.2	0.05729	-0.01989	1469	933	0.6351	0.06	0.8895	1384	38.59	0.161	-0.005415	1369	744	0.5435	0.05263	0.7612	1399	38.31	0.1194	-0.0002004	1384	1067	0.771	0.05556	1.08	-0.1979	0
chr19	6000000	7000000	0.4902	0.0645	0.0448	0	0.0599	0	1513	31.88	-0.001146	-0.03565	1491	801	0.5372	0.0625	0.8424	1483	36.97	0.09908	-0.001657	1464	918	0.627	0.05814	0.9833	1403	36.82	0.06235	-0.01518	1385	621	0.4484	0.05556	0.7031	-0.2033	0
chr19	7000000	8000000	0.507	0.0646	0.0328	0	0.0609	0	2027	32.19	0.01307	-0.02665	1972	1292	0.6552	0.06098	1.06	1900	36.44	0.07858	-0.03074	1833	1033	0.5636	0.05556	0.9116	1854	37.53	0.08987	0.01281	1807	1176	0.6508	0.05556	1.053	-0.2356	0
chr19	8000000	9000000	0.4978	0.022	0.0279	0	0.0654	0	1759	31.6	-0.01401	-0.004776	1638	863	0.5269	0.0641	0.8442	1788	35.13	0.02558	-0.02828	1640	707	0.4311	0.0625	0.6908	1796	36.17	0.03652	0.002723	1680	955	0.5685	0.0625	0.9108	-0.1979	-0.03653
chr19	9000000	10000000	0.4545	0.0195	0.0376	0	0.0594	0	1137	31.86	-0.001832	-0.006875	1132	574	0.5071	0.06667	0.6564	1794	36.05	0.06302	0.02495	1784	1537	0.8615	0.06098	1.115	1131	35.66	0.01615	-0.007691	1127	666	0.5909	0.05556	0.765	-0.1619	0
chr19	10000000	11000000	0.5237	0.0989	0.0575	0	0.0591	0	1173	33.02	0.0494	-0.02221	1163	759	0.6526	0.0641	0.9557	1267	38.28	0.1495	-0.002641	1252	965	0.7708	0.05556	1.129	1394	38.36	0.1214	0.01133	1384	1071	0.7738	0.05319	1.133	-0.2363	-0.01401
chr19	11000000	12000000	0.4905	0.0765	0.0471	0	0.0572	0	981	32.41	0.0228	-0.0237	977	489	0.5005	0.0625	0.8236	988	36.9	0.09664	-0.01609	983	685	0.6968	0.05263	1.147	937	38.03	0.1088	0.01913	931	702	0.754	0.05556	1.241	-0.2288	0
chr19	12000000	13000000	0.4771	0.0213	0.0544	0	0.0625	0	736	31.99	0.003912	0	720	399	0.5542	0.0625	0.8444	926	35.51	0.04105	-0.01016	918	620	0.6754	0.05556	1.029	715	35.73	0.01895	-0.01296	701	332	0.4736	0.0625	0.7216	-0.1758	0
chr19	13000000	14000000	0.5062	0.0526	0.0363	0	0.0583	0	1093	32.53	0.02821	0.005308	1082	783	0.7237	0.05556	1.007	1109	36.71	0.08912	-0.004501	1091	788	0.7223	0.05556	1.005	1099	36.97	0.06814	0.003083	1085	714	0.6581	0.05263	0.916	-0.1755	-0.01401
chr19	14000000	15000000	0.4898	0.0451	0.0338	0	0.0594	0	1689	31.77	-0.005932	-0.01893	1678	1301	0.7753	0.0625	1.061	1586	36.3	0.07302	-0.008315	1574	1080	0.6861	0.05556	0.9393	1600	36.8	0.06136	0.003078	1581	1018	0.6439	0.05814	0.8814	-0.2172	0
chr19	15000000	16000000	0.4796	0.0338	0.0096	0	0.06	0	2141	32.25	0.0155	0.0005755	2095	1036	0.4945	0.0641	0.7635	2731	36.2	0.06866	0.004646	2660	1684	0.6331	0.05814	0.9774	2346	36.22	0.03867	-0.003396	2294	1430	0.6234	0.05556	0.9624	-0.1699	0
chr19	16000000	17000000	0.5058	0.0944	0.0498	0	0.0556	0	1174	32.57	0.0297	-0.03982	1166	712	0.6106	0.05848	1.012	1504	38.3	0.1503	0.01616	1493	1092	0.7314	0.05556	1.212	1159	38.64	0.1319	0.02199	1156	760	0.6574	0.05319	1.089	-0.2538	-0.03317
chr19	17000000	18000000	0.5273	0.0975	0.0528	0	0.0568	0	1468	32.42	0.02316	-0.04862	1461	903	0.6181	0.05882	0.9701	1648	37.76	0.1298	-0.02091	1634	1059	0.6481	0.05814	1.017	1619	38.22	0.1159	0.007196	1607	1027	0.6391	0.05814	1.003	-0.2295	-0.03171
chr19	18000000	19000000	0.5459	0.1407	0.0627	0	0.0568	0	1424	33.3	0.06158	-0.04905	1416	802	0.5664	0.06174	0.8512	1468	40.08	0.2156	0.01054	1458	940	0.6447	0.05319	0.9689	1424	39.84	0.1759	0.02536	1421	1021	0.7185	0.05556	1.08	-0.2829	-0.02801
chr19	19000000	20000000	0.4934	0.0908	0.0402	0	0.0572	0	1178	32.99	0.0481	-0.01568	1169	875	0.7485	0.05556	1.13	1308	38.67	0.164	0.03876	1296	693	0.5347	0.05556	0.8075	633	37.2	0.07702	-0.0265	625	196	0.3136	0.04545	0.4736	-0.21	0
chr19	20000000	21000000	0.4067	-0.0177	0.0248	0	0.0613	0	1455	31.79	-0.005006	0.01221	1440	1145	0.7951	0.0641	1.245	2053	34.89	0.01567	0.03321	2036	1489	0.7313	0.05172	1.145	2620	34.31	-0.03959	-0.02593	2613	1970	0.7539	0.06174	1.18	-0.1497	0.03242
chr19	21000000	22000000	0.4096	-0.042	0.014	0	0.0625	0	2358	30.8	-0.05065	-0.005145	2343	1364	0.5822	0.0625	1.01	2197	33.53	-0.04182	0.002879	2180	1675	0.7683	0.05814	1.333	2140	34.58	-0.02851	0.00996	2098	829	0.3951	0.0625	0.6855	-0.1592	-0.0458
chr19	22000000	23000000	0.4101	-0.0818	0.0201	0	0.0633	0	1406	31.03	-0.04022	0.04201	1392	563	0.4045	0.06098	0.573	1789	32.88	-0.07013	0.007826	1770	1025	0.5791	0.0625	0.8204	1249	33	-0.0958	-0.01618	1226	870	0.7096	0.05556	1.005	-0.09954	-0.03847
chr19	23000000	24000000	0.4158	-0.078	0.0168	0	0.0613	0	2602	30.35	-0.07226	0.005197	2592	967	0.3731	0.06522	0.9812	2814	32.94	-0.06739	0.00685	2801	1456	0.5198	0.0625	1.367	2601	33.45	-0.07619	0.001848	2594	1280	0.4934	0.06	1.298	-0.1333	0
chr19	24000000	25000000	0.3931	0.5497	0.0429	0	0.0804	0	1568	46.58	0.5458	-0.004236	1362	1200	0.8811	0.08065	0.9853	1596	49.89	0.5317	-0.01131	1440	1187	0.8243	0.07436	0.9218	1656	51.63	0.55	-0.0005252	1499	1313	0.8759	0.05882	0.9796	-0.2186	-0.04182
chr19	25000000	26000000	0.3919	NA	NA	1	NA	0	0	NA	NA	NA	0	0	NA	NA	NA	0	NA	NA	NA	0	0	NA	NA	NA	0	NA	NA	NA	0	0	NA	NA	NA	NA	NA
chr19	26000000	27000000	0.3923	NA	NA	1	NA	0	0	NA	NA	NA	0	0	NA	NA	NA	0	NA	NA	NA	0	0	NA	NA	NA	0	NA	NA	NA	0	0	NA	NA	NA	NA	NA
chr19	27000000	28000000	0.3917	0.9339	0.1256	1	0.1358	1	2347	61.07	0.9367	NA	2189	1567	0.7159	NA	0.9687	2490	83.72	1.278	NA	2127	1633	0.7677	NA	1.039	2361	68.55	0.9589	NA	2287	1627	0.7114	NA	0.9627	-0.398	0.3407
chr19	28000000	29000000	0.4298	-0.0179	0.0138	0	0.06	0	2058	31.57	-0.0154	0.005376	2056	1267	0.6162	0.06	1.028	2068	34.2	-0.01332	-0.002575	2060	1046	0.5078	0.05556	0.8474	2018	34.2	-0.04425	-0.03555	2012	1175	0.584	0.06	0.9746	-0.114	0
chr19	29000000	30000000	0.4743	0.0458	0.034	0	0.0594	0	1774	32.83	0.04144	0.01473	1747	1245	0.7127	0.0625	1.113	2149	35.96	0.05934	-0.01678	2119	1548	0.7305	0.05662	1.141	1284	36.84	0.06313	0.006229	1273	719	0.5648	0.06	0.8822	-0.1414	-0.03653
chr19	30000000	31000000	0.4532	0.0054	0.0205	0	0.06	0	938	32.82	0.04102	0.05041	931	679	0.7293	0.0641	1.081	886	35.17	0.02741	0.001671	873	628	0.7194	0.05556	1.066	1127	35.45	0.00742	-0.004567	1116	712	0.638	0.05882	0.9456	-0.09192	-0.04307
chr19	31000000	32000000	0.4342	-0.0403	0.0355	0	0.0617	0	764	31.74	-0.007588	0.0384	756	557	0.7368	0.05882	1.015	747	34.55	0.001462	0.02749	746	551	0.7386	0.06	1.017	868	34.75	-0.02121	0.01923	866	463	0.5346	0.06098	0.7363	-0.1155	0
chr19	32000000	33000000	0.4454	0.0147	0.0234	0	0.061	0	1342	31.98	0.003593	0.0002644	1331	743	0.5582	0.0625	0.8655	1580	35.03	0.02157	-0.008677	1569	1178	0.7508	0.05848	1.164	1404	36.31	0.04221	0.02192	1393	812	0.5829	0.06	0.9037	-0.1814	-0.04897
chr19	33000000	34000000	0.4956	0.0737	0.0236	0	0.0597	0	1160	33.46	0.06855	0.01921	1153	746	0.647	0.05882	0.9087	1391	37.22	0.109	0.001142	1388	1051	0.7572	0.06098	1.063	1320	37.28	0.0802	-0.005852	1316	815	0.6193	0.05556	0.8698	-0.1767	0.03953
chr19	34000000	35000000	0.4427	0.0618	0.0223	0	0.0594	0	1074	32.49	0.02628	-0.03122	1069	873	0.8167	0.05882	1.217	1355	37.18	0.1073	0.03551	1351	1183	0.8756	0.05556	1.305	1118	36.76	0.05971	-0.006916	1106	750	0.6781	0.05263	1.011	-0.2157	0
chr19	35000000	36000000	0.5157	0.0852	0.0363	0	0.0566	0	1204	33.27	0.06068	0.007705	1197	834	0.6967	0.05882	1.001	1272	37.89	0.1346	-0.001118	1267	768	0.6062	0.05263	0.8709	1302	38.57	0.129	0.03138	1296	940	0.7253	0.05263	1.042	-0.1975	-0.01457
chr19	36000000	37000000	0.4485	0.024	0.0206	0	0.0594	0	1412	32.69	0.0352	0.02205	1320	986	0.747	0.0625	1.113	1414	36.33	0.07396	0.03149	1316	883	0.671	0.05556	0.9994	1321	36.49	0.04926	0.0181	1262	864	0.6846	0.0625	1.02	-0.1333	0
chr19	37000000	38000000	0.4329	0.0285	0.0457	0	0.0595	0	1238	32.89	0.04383	0.02567	1111	819	0.7372	0.05882	1.012	1230	36.43	0.07808	0.03843	1106	787	0.7116	0.06	0.9773	1154	34.77	-0.02057	-0.0512	1017	851	0.8368	0.05814	1.149	-0.0841	0.07039
chr19	38000000	39000000	0.5182	0.0676	0.0372	0	0.0588	0	1093	32.75	0.03756	0	1068	756	0.7079	0.06098	0.9769	1322	37.68	0.1267	0.007818	1300	661	0.5085	0.05263	0.7017	985	37.93	0.105	0.02496	957	701	0.7325	0.05556	1.011	-0.2157	-0.02945
chr19	39000000	40000000	0.4796	0.0454	0.0217	0	0.0625	0	1710	32.04	0.005989	-0.02054	1606	961	0.5984	0.06667	1.04	1614	37.08	0.1034	0.02778	1529	871	0.5697	0.05814	0.9902	1732	37.18	0.07625	0.02259	1658	1233	0.7437	0.05882	1.293	-0.2194	0.03397
chr19	40000000	41000000	0.4895	0.0508	0.0287	0	0.06	0	945	31.29	-0.02809	-0.04915	926	509	0.5497	0.06	0.8291	861	36.93	0.09752	0.01049	855	368	0.4304	0.05882	0.6492	1418	36.49	0.04917	-0.01789	1388	1027	0.7399	0.05556	1.116	-0.2505	0
chr19	41000000	42000000	0.4878	0.0614	0.0335	0	0.0597	0	1017	32.63	0.03231	0.000902	1005	819	0.8149	0.0641	1.234	846	36.46	0.07913	-0.01768	822	511	0.6217	0.05172	0.941	1253	37.39	0.0844	0.006684	1234	1078	0.8736	0.05556	1.322	-0.1605	-0.03477
chr19	42000000	43000000	0.4788	0.0499	0.0449	0	0.0602	0	919	33.37	0.06499	0.03373	906	865	0.9547	0.06098	1.066	1438	37.19	0.1076	0.02779	1429	1374	0.9615	0.05556	1.074	232	36.08	0.03288	-0.02471	229	140	0.6114	0.07295	0.6827	-0.1699	0.0451
chr19	43000000	44000000	0.4543	0.0398	0.0159	0	0.0607	0	2071	32.87	0.04297	0.01763	2037	1431	0.7025	0.0625	1.006	2118	35.98	0.06014	0.001767	2082	1576	0.757	0.06	1.084	2088	37.04	0.07084	0.02558	2057	1642	0.7982	0.05882	1.143	-0.1561	-0.03653
chr19	44000000	45000000	0.4553	0.044	0.0212	0	0.061	0	1626	31.76	-0.00639	-0.03592	1615	1271	0.787	0.0625	1.078	1596	35.98	0.06023	-0.0008985	1585	1319	0.8322	0.05556	1.14	1743	36.36	0.04424	-0.006569	1727	1408	0.8153	0.05882	1.117	-0.1864	0
chr19	45000000	46000000	0.5267	0.0967	0.0536	0	0.0556	0	1399	32.39	0.02169	-0.04929	1390	941	0.677	0.06	0.9657	1309	37.98	0.138	-0.01185	1295	877	0.6772	0.05556	0.9661	1346	38.44	0.1245	0.0166	1331	953	0.716	0.05556	1.021	-0.2224	-0.03653
chr19	46000000	47000000	0.4835	0.0746	0.0402	0	0.0602	0	1587	32.62	0.03215	-0.01835	1576	1105	0.7011	0.06667	1.053	1548	37.38	0.115	0.009451	1544	1074	0.6956	0.05814	1.045	1579	37.37	0.08345	0	1574	1165	0.7402	0.05882	1.112	-0.2115	0
chr19	47000000	48000000	0.5046	0.0212	0.0376	0	0.0587	0	1650	31.88	-0.001155	0.007345	1506	926	0.6149	0.06667	1.058	1508	35.79	0.05257	-0.007608	1381	819	0.593	0.06	1.021	1628	36.99	0.06878	0.0343	1486	865	0.5821	0.05882	1.002	-0.1837	-0.03519
chr19	48000000	49000000	0.5131	0.0448	0.0482	0	0.0607	0	2030	32.12	0.009935	-0.004823	1993	1346	0.6754	0.06	0.9515	1998	36.88	0.09574	0.002957	1984	1432	0.7218	0.05814	1.017	2254	37.52	0.08956	0.03239	2233	1754	0.7855	0.05882	1.107	-0.2141	-0.03317
chr19	49000000	50000000	0.5276	0.1053	0.0786	0	0.0591	0	1229	32.92	0.04522	-0.03436	1188	748	0.6296	0.0641	0.8352	1333	38.59	0.161	0.003617	1304	945	0.7247	0.05814	0.9613	1280	37.79	0.0999	-0.01661	1233	992	0.8045	0.0625	1.067	-0.2327	0
chr19	50000000	51000000	0.5135	0.0461	0.0448	0	0.0607	0	1646	31.82	-0.003734	-0.01979	1524	1091	0.7159	0.06	1.11	1528	37.14	0.1059	0.01182	1451	945	0.6513	0.05319	1.01	2105	36.53	0.05065	-0.007907	2011	1507	0.7494	0.05882	1.162	-0.1829	0
chr19	51000000	52000000	0.4641	0.0482	0.033	0	0.0594	0	1724	32.14	0.0107	-0.02642	1708	963	0.5638	0.0625	0.8586	1643	36.44	0.07854	0.005393	1629	1159	0.7115	0.05882	1.083	2302	36.53	0.05095	-0.00983	2291	1646	0.7185	0.05882	1.094	-0.1864	0
chr19	52000000	53000000	0.4432	-0.0205	0.015	0	0.0625	0	2013	30.91	-0.04584	-0.01701	1992	1208	0.6064	0.0625	0.9127	1741	34.24	-0.01124	-0.003814	1727	1161	0.6723	0.0625	1.012	2499	34.86	-0.01652	-0.002822	2472	1815	0.7342	0.05814	1.105	-0.1751	-0.03953
chr19	53000000	54000000	0.4649	-0.0121	0.0295	0	0.0625	0	2424	31.56	-0.01567	0.01535	2385	1625	0.6813	0.0641	1.037	2230	34.86	0.01435	0.001638	2198	1372	0.6242	0.05882	0.9504	2963	35.37	0.004438	0.006421	2931	2225	0.7591	0.0625	1.156	-0.1651	-0.03797
chr19	54000000	55000000	0.4876	0.028	0.0369	0	0.0602	0	2665	31.92	0.0005652	0.00256	2614	1590	0.6083	0.06098	0.9579	2741	36.12	0.06551	0.001274	2659	1634	0.6145	0.06119	0.9677	3327	35.65	0.01576	-0.02862	3138	2209	0.704	0.06	1.109	-0.1605	0
chr19	55000000	56000000	0.5125	0.0091	0.0127	0	0.06	0	1963	32.04	0.005963	0.02836	1881	1141	0.6066	0.06757	0.9709	2018	36.08	0.06413	0.007053	1923	1282	0.6667	0.05814	1.067	1939	36.22	0.03858	0.01711	1825	1189	0.6515	0.06	1.043	-0.209	-0.02945
chr19	56000000	57000000	0.4495	-0.015	0.0261	0	0.0612	0	1910	31.8	-0.004717	0.01591	1850	1048	0.5665	0.0625	0.9089	1698	34.95	0.01812	0.01582	1654	812	0.4909	0.06	0.7876	1913	35.63	0.01465	0.02298	1853	962	0.5192	0.05556	0.8329	-0.1454	0
chr19	57000000	58000000	0.4477	-0.0045	0.0195	0	0.061	0	1284	31.67	-0.01077	0.004585	1249	722	0.5781	0.0625	0.9958	1578	34.96	0.01839	0.004422	1553	1225	0.7888	0.05556	1.359	1273	35.5	0.009526	0.009684	1244	734	0.59	0.06	1.016	-0.1575	0
chr19	58000000	58617616	0.5029	0.0561	0.0314	0	0.06	0	858	32.77	0.03868	0.0149	846	401	0.474	0.05556	0.7764	791	37.34	0.1136	0.02066	775	460	0.5935	0.05662	0.9722	833	37.86	0.1024	0.03304	811	475	0.5857	0.06098	0.9594	-0.2146	-0.04891
chr20	0	1000000	0.4617	0.0688	0.0273	0	0.0625	0	1571	33.23	0.05879	0.001951	1556	914	0.5874	0.06466	0.8784	1600	37.46	0.1182	0.0284	1584	1156	0.7298	0.06098	1.091	1851	37.26	0.07954	-0.001159	1835	1192	0.6496	0.05556	0.9714	-0.1538	0
chr20	1000000	2000000	0.4488	0.0259	0.0197	0	0.0581	0	1584	31.99	0.004036	-0.01117	1526	1080	0.7077	0.05882	1.073	1370	35.56	0.0431	-0.001266	1306	676	0.5176	0.05137	0.7847	1697	36.01	0.03024	-0.001964	1640	1194	0.728	0.05319	1.104	-0.142	0
chr20	2000000	3000000	0.4493	0.0391	0.0206	0	0.0591	0	993	32.1	0.008693	-0.0244	985	593	0.602	0.06098	1.055	1368	35.69	0.04833	-0.008589	1341	922	0.6875	0.05319	1.204	1356	36.6	0.05356	0.008961	1345	1057	0.7859	0.05556	1.377	-0.189	-0.03653
chr20	3000000	4000000	0.4685	0.066	0.0152	0	0.0575	0	1280	32.92	0.04529	-0.005237	1276	882	0.6912	0.0625	1.353	1121	37.05	0.1022	0.01171	1118	573	0.5125	0.05556	1.003	1028	38.08	0.1106	0.03335	1024	509	0.4971	0.05556	0.9731	-0.2163	-0.03562
chr20	4000000	5000000	0.4442	0.0514	0.0254	0	0.0597	0	1767	32.63	0.03255	-0.007738	1761	1048	0.5951	0.05882	0.9666	1795	36.47	0.0796	0.01014	1782	1230	0.6902	0.06098	1.121	2346	36.82	0.06232	0.004217	2333	1571	0.6734	0.05556	1.094	-0.1561	0
chr20	5000000	6000000	0.434	0.0517	0.0177	0	0.0597	0	1881	32.65	0.03314	-0.01212	1870	1143	0.6112	0.0625	0.8627	1723	36.36	0.07527	0.009301	1709	1214	0.7104	0.05882	1.003	1993	36.94	0.06711	0.01485	1978	1466	0.7412	0.05848	1.046	-0.1769	0
chr20	6000000	7000000	0.3954	-0.002	0.0175	0	0.0588	0	1682	32.08	0.007709	0.01391	1680	1203	0.7161	0.06098	1.142	1597	34.89	0.01587	0.02044	1594	1048	0.6575	0.05556	1.049	1929	35.14	-0.005126	0	1923	1437	0.7473	0.05556	1.192	-0.1394	0
chr20	7000000	8000000	0.3695	-0.0727	0.015	0	0.0615	0	1043	31.02	-0.04074	0.02179	1040	259	0.249	0.05172	0.4024	1419	32.52	-0.08563	0.002501	1411	906	0.6421	0.06522	1.037	1660	33.29	-0.08308	-0.004592	1656	1162	0.7017	0.06098	1.134	-0.08489	-0.03847
chr20	8000000	9000000	0.381	-0.0533	0.0148	0	0.06	0	1618	30.93	-0.04479	0.0004636	1614	1276	0.7906	0.0641	1.091	1755	32.62	-0.08158	-0.02033	1738	1409	0.8107	0.05882	1.119	1533	33.98	-0.05361	0.004829	1525	1247	0.8177	0.05882	1.128	-0.1186	-0.04439
chr20	9000000	10000000	0.3925	-0.038	0.0253	0	0.0629	0	1143	31.1	-0.03702	0	1138	680	0.5975	0.06667	0.9273	1116	32.17	-0.1013	-0.05573	1107	562	0.5077	0.06174	0.7878	1461	34.17	-0.04549	-0.007786	1454	1168	0.8033	0.06	1.247	-0.07338	-0.05979
chr20	10000000	11000000	0.4035	-0.0249	0.018	0	0.06	0	1165	31.58	-0.0149	0.01015	1163	903	0.7764	0.0625	1.091	1338	34.02	-0.02076	0.0009519	1336	1027	0.7687	0.05882	1.08	1354	34.85	-0.01695	0.007224	1343	996	0.7416	0.0641	1.042	-0.1333	-0.04182
chr20	11000000	12000000	0.3844	-0.0599	0.0146	0	0.0613	0	1520	30.66	-0.05749	-0.002928	1510	1205	0.798	0.0641	1.288	1418	32.91	-0.06878	-0.003732	1406	1065	0.7575	0.05769	1.222	1530	33.75	-0.0634	0.001111	1525	1056	0.6925	0.06	1.117	-0.1329	-0.04439
chr20	12000000	13000000	0.3872	-0.0647	0.0228	0	0.0625	0	1426	30.64	-0.05833	0.0002768	1421	946	0.6657	0.0625	0.9858	1433	32.56	-0.08394	-0.01438	1424	961	0.6749	0.06098	0.9993	1275	33.73	-0.06409	0.00215	1270	649	0.511	0.0625	0.7567	-0.1193	-0.0458
chr20	13000000	14000000	0.3978	-0.0166	0.0105	0	0.061	0	1151	31.58	-0.01479	0.007557	1145	623	0.5441	0.0625	0.943	1497	33.99	-0.02193	0.002872	1488	906	0.6089	0.0625	1.055	1056	35.23	-0.00145	0.01417	1049	418	0.3985	0.05882	0.6906	-0.1293	-0.06274
chr20	14000000	15000000	0.3719	-0.0616	0.012	0	0.0591	0	1180	30.46	-0.06675	-0.007416	1168	623	0.5334	0.06522	0.9493	1100	33.04	-0.06301	0.006581	1099	538	0.4895	0.0625	0.8712	1269	33.89	-0.05752	0.01473	1261	737	0.5845	0.05882	1.04	-0.1227	-0.04123
chr20	15000000	16000000	0.3855	-0.0372	0.0161	0	0.0607	0	1432	31.07	-0.03846	-0.01111	1423	861	0.6051	0.05556	0.9371	1522	33.34	-0.05001	-0.00887	1515	879	0.5802	0.05814	0.8986	1431	34.6	-0.02746	0.0163	1427	961	0.6734	0.05814	1.043	-0.1339	-0.04064
chr20	16000000	17000000	0.4073	-0.0453	0.0172	0	0.0625	0	1823	30.87	-0.04766	-0.002932	1806	1186	0.6567	0.06522	0.9693	1688	33.31	-0.05124	-0.005852	1663	1068	0.6422	0.06	0.9479	1826	34.87	-0.0163	0.0249	1812	1348	0.7439	0.06	1.098	-0.1655	-0.03953
chr20	17000000	18000000	0.4363	0.0144	0.0192	0	0.0597	0	1685	32.47	0.02552	0.01825	1683	1210	0.719	0.0625	1.211	1490	35.2	0.0285	0.003058	1481	808	0.5456	0.05556	0.9186	1840	36.14	0.03538	0.02135	1835	1341	0.7308	0.05556	1.23	-0.1483	-0.039
chr20	18000000	19000000	0.4267	0.012	0.0149	0	0.0588	0	1709	32.2	0.01338	0.006048	1694	1064	0.6281	0.0625	0.9971	1725	34.47	-0.001853	-0.01955	1701	1131	0.6649	0.06098	1.056	1755	36.02	0.03045	0.0132	1730	1332	0.7699	0.05556	1.222	-0.143	-0.07215
chr20	19000000	20000000	0.4342	0.0051	0.0136	0	0.0585	0	1656	31.92	0.000687	0.001276	1651	1245	0.7541	0.05556	1.085	1099	35.61	0.04495	0.02558	1097	665	0.6062	0.05556	0.8722	1696	35.39	0.004955	0	1689	868	0.5139	0.05882	0.7394	-0.1699	0
chr20	20000000	21000000	0.4183	0.0095	0.0144	0	0.0621	0	1062	32.18	0.01228	0.002364	1046	596	0.5698	0.05882	0.9675	1032	34.71	0.008136	-0.01131	1019	544	0.5339	0.05814	0.9065	1095	35.55	0.01156	-0.0005367	1072	706	0.6586	0.05556	1.118	-0.1394	-0.08017
chr20	21000000	22000000	0.4141	-0.0106	0.0233	0	0.061	0	968	31.94	0.001529	0.01146	962	633	0.658	0.05556	1.045	1102	34.23	-0.01189	-0.008103	1089	849	0.7796	0.05882	1.238	1142	34.59	-0.02802	-0.02105	1126	651	0.5782	0.05319	0.9183	-0.1293	0
chr20	22000000	23000000	0.413	-0.059	0.0176	0	0.06	0	1495	30.82	-0.04991	0.01073	1483	1066	0.7188	0.0625	1.119	1039	33.18	-0.05679	-0.00659	1034	552	0.5338	0.05882	0.8313	1820	33.86	-0.05873	-0.00299	1815	1133	0.6242	0.0625	0.972	-0.1304	0
chr20	23000000	24000000	0.4508	-0.0092	0.0261	0	0.0612	0	2204	31.55	-0.01595	-0.002393	2175	1418	0.652	0.06174	1.227	1454	34.74	0.009426	0.0008106	1449	593	0.4092	0.05263	0.7701	2268	35.56	0.01203	0.0112	2236	1125	0.5031	0.05556	0.9468	-0.1699	-0.06559
chr20	24000000	25000000	0.4515	0.0356	0.0136	0	0.0587	0	1637	32.64	0.03297	0.001727	1631	1453	0.8909	0.05556	1.263	1411	35.58	0.04401	-0.01096	1407	1255	0.892	0.05882	1.265	1943	36.07	0.03258	-0.01007	1935	1579	0.816	0.05814	1.157	-0.142	-0.04439
chr20	25000000	26000000	0.454	0.1141	0.0725	0	0.0673	0	1859	32.61	0.03151	-0.06814	1632	1161	0.7114	0.06627	0.9961	1246	37.94	0.1364	0.002823	1050	958	0.9124	0.06818	1.277	2303	36.66	0.05598	-0.06045	2057	1512	0.7351	0.0625	1.029	-0.1753	0
chr20	26000000	27000000	0.3941	-0.6553	0.0453	0	0.0882	0	2039	19.67	-0.6977	-0.04651	1034	689	0.6663	0.08621	1.151	1891	21.56	-0.6785	-0.02024	913	512	0.5608	0.09091	0.9684	2212	22.27	-0.6634	-0.01001	1145	720	0.6288	0.08333	1.086	-0.2829	-0.1085
chr20	27000000	28000000	0.3926	-2.55	0.1754	1	0.1202	1	630	5.27	-2.598	NA	54	23	0.4259	NA	0.9857	705	5.719	-2.593	NA	72	28	0.3889	NA	0.9	582	5.766	-2.613	NA	66	25	0.3788	NA	0.8766	-0.3785	0.3103
chr20	28000000	29000000	0.3819	0.9833	0.062	0	0.1218	1	5492	62.06	0.96	-0.0254	4045	3626	0.8964	NA	1.01	5413	69.37	1.007	0.03363	4002	3544	0.8856	NA	0.9975	5274	70.31	0.9954	0.0164	3910	3280	0.8389	NA	0.9449	-0.1478	-0.03242
chr20	29000000	30000000	0.3927	1.02	0.1053	1	0.0948	1	10171	59.22	0.8923	NA	7563	6382	0.8438	NA	0.9541	10016	73.11	1.083	NA	7738	6907	0.8926	NA	1.009	10596	59.67	0.7588	NA	7807	6287	0.8053	NA	0.9106	-0.1651	0.1985
chr20	30000000	31000000	0.4062	0.822	0.1172	1	0.1087	1	4975	55.87	0.8084	NA	4118	3782	0.9184	NA	1.028	4672	63.67	0.8835	NA	3905	3691	0.9452	NA	1.058	5094	57.16	0.6968	NA	4243	3542	0.8348	NA	0.9342	-0.1079	0.06046
chr20	31000000	32000000	0.4513	1.137	0.2248	1	0.0923	1	2038	64.59	1.018	NA	1771	1230	0.6945	NA	0.9205	1724	84.12	1.285	NA	1529	1181	0.7724	NA	1.024	2420	61.79	0.8091	NA	2104	1543	0.7334	NA	0.972	-0.0295	0.02272
chr20	32000000	33000000	0.4842	0.0714	0.0306	0	0.0583	0	1360	32.5	0.02652	-0.02078	1329	1131	0.851	0.06098	1.271	1062	37.47	0.1185	0.01617	1042	713	0.6843	0.05556	1.022	1282	37.15	0.07492	-0.00766	1258	816	0.6486	0.05792	0.969	-0.232	0.03279
chr20	33000000	34000000	0.4773	0.0961	0.0258	0	0.0572	0	1101	33.17	0.05604	-0.02264	1085	757	0.6977	0.05882	0.9733	930	37.37	0.1149	-0.01109	925	648	0.7005	0.05556	0.9773	1222	37.73	0.09761	-0.009594	1211	628	0.5186	0.05814	0.7235	-0.1605	-0.03562
chr20	34000000	35000000	0.4489	0.0647	0.0189	0	0.0613	0	976	32.81	0.04056	-0.01553	969	633	0.6533	0.06098	0.9148	876	36.84	0.09422	0.01105	871	609	0.6992	0.05319	0.9791	1126	37.07	0.07185	0.0004232	1121	771	0.6878	0.05814	0.9631	-0.1656	-0.04439
chr20	35000000	36000000	0.454	0.0592	0.0263	0	0.0585	0	1551	32.17	0.012	-0.03274	1532	938	0.6123	0.06667	1.048	1265	36.45	0.0787	0	1248	527	0.4223	0.05882	0.7225	1431	36.75	0.05933	-0.002193	1418	1114	0.7856	0.05882	1.344	-0.1829	0
chr20	36000000	37000000	0.4874	0.0599	0.0466	0	0.0614	0	868	32.3	0.01799	-0.00906	861	648	0.7526	0.06	1.021	585	37.85	0.1332	0.03582	580	269	0.4638	0.05814	0.6295	1124	37.22	0.078	0.001972	1112	820	0.7374	0.05814	1.001	-0.2157	0.03171
chr20	37000000	38000000	0.4663	0.0951	0.029	0	0.0588	0	1441	33.54	0.07213	-0.002269	1433	1052	0.7341	0.05882	1.071	1302	37.32	0.1128	-0.006708	1296	910	0.7022	0.05662	1.025	1380	37.9	0.1041	-0.002667	1367	936	0.6847	0.05556	0.9993	-0.1898	0
chr20	38000000	39000000	0.4598	0.0694	0.0275	0	0.0593	0	1399	32.89	0.04382	-0.009366	1391	1146	0.8239	0.05882	1.229	1164	36.47	0.07946	-0.01049	1150	546	0.4748	0.06	0.708	1046	37.83	0.1014	0.02153	1040	666	0.6404	0.05556	0.9549	-0.1926	-0.03847
chr20	39000000	40000000	0.4141	0.0014	0.0309	0	0.06	0	969	31.62	-0.01303	-0.0151	962	774	0.8046	0.0625	1.171	1068	35.34	0.03415	0.02594	1066	842	0.7899	0.05556	1.15	1246	35.43	0.006562	0.001533	1240	837	0.675	0.05882	0.9824	-0.1615	0
chr20	40000000	41000000	0.4245	0.0479	0.0067	0	0.0594	0	1468	33.21	0.05786	0.01522	1467	888	0.6053	0.0625	0.9184	1144	35.78	0.05186	-0.001925	1140	663	0.5816	0.05556	0.8824	1499	36.53	0.05097	-0.0009169	1495	1079	0.7217	0.05882	1.095	-0.1085	-0.04064
chr20	41000000	42000000	0.4309	0.0294	0.0221	0	0.0585	0	978	32.48	0.02601	0.001094	967	696	0.7198	0.0641	0.9484	827	35.59	0.0444	0.007025	825	563	0.6824	0.05882	0.8992	779	35.75	0.01987	-0.01289	764	378	0.4948	0.0641	0.6519	-0.1592	-0.04064
chr20	42000000	43000000	0.4224	-0.0218	0.028	0	0.0629	0	1348	31.71	-0.008707	0.01718	1346	1009	0.7496	0.05556	1.033	1346	35.26	0.03105	0.04417	1341	1114	0.8307	0.05882	1.144	1407	34.54	-0.03016	-0.01934	1403	981	0.6992	0.06098	0.9632	-0.1497	0.04009
chr20	43000000	44000000	0.4547	0.0339	0.0207	0	0.0588	0	1373	32.33	0.01911	-0.00127	1350	655	0.4852	0.05882	0.8073	1181	36.08	0.06419	0.01085	1162	687	0.5912	0.05814	0.9837	1539	36.41	0.04602	0.00674	1533	1063	0.6934	0.05814	1.154	-0.1543	-0.03653
chr20	44000000	45000000	0.4651	0.0691	0.0249	0	0.0588	0	1167	33.32	0.06256	0.01406	1152	789	0.6849	0.05882	1.025	1071	36.82	0.09346	-0.0004564	1056	696	0.6591	0.05882	0.9864	1098	37.69	0.09583	0.01511	1088	714	0.6562	0.05882	0.9821	-0.166	0
chr20	45000000	46000000	0.4428	0.0453	0.02	0	0.0588	0	1179	32.69	0.03508	-0.004032	1171	705	0.602	0.05814	0.8064	1361	35.55	0.04255	-0.01229	1356	1019	0.7515	0.05882	1.007	1422	37.26	0.07927	0.02775	1417	965	0.681	0.06	0.9122	-0.152	-0.07215
chr20	46000000	47000000	0.4647	0.0759	0.0256	0	0.0566	0	1431	33.73	0.08018	0.01733	1427	1061	0.7435	0.06	1.11	1161	37.2	0.1083	0.008052	1160	797	0.6871	0.05882	1.025	1257	36.94	0.06673	-0.01753	1254	845	0.6738	0.05172	1.006	-0.1155	0.03847
chr20	47000000	48000000	0.4652	0.0714	0.0344	0	0.0594	0	1833	32.74	0.03731	-0.01111	1789	1315	0.735	0.0625	1.051	1367	37.04	0.1018	0.006006	1357	995	0.7332	0.05882	1.049	1679	37.35	0.08303	0	1648	1230	0.7464	0.05814	1.067	-0.1793	-0.039
chr20	48000000	49000000	0.478	0.0746	0.0312	0	0.061	0	2093	33.55	0.07255	0.0166	2012	1369	0.6804	0.0625	1.009	1852	37.3	0.112	0.009376	1752	1242	0.7089	0.06	1.051	2039	37.68	0.09538	0.01072	1983	1423	0.7176	0.05882	1.064	-0.1592	0
chr20	49000000	50000000	0.4607	0.0771	0.0283	0	0.0587	0	1523	33.21	0.05781	-0.007859	1512	1161	0.7679	0.05882	1.164	1193	36.5	0.0809	-0.01675	1179	552	0.4682	0.05662	0.7098	1422	37.76	0.09859	0.01001	1408	1103	0.7834	0.05814	1.188	-0.1699	-0.04182
chr20	50000000	51000000	0.4878	0.1086	0.0364	0	0.0594	0	1761	33.26	0.06017	-0.01844	1751	1231	0.703	0.05882	1.007	1289	37.88	0.1343	-0.009704	1279	695	0.5434	0.05556	0.7784	1720	38.32	0.12	-0.004914	1712	1177	0.6875	0.05556	0.9848	-0.2073	-0.03279
chr20	51000000	52000000	0.4659	0.0387	0.0144	0	0.0594	0	1841	32.78	0.03911	0.02111	1833	1320	0.7201	0.06522	1.125	1499	36.67	0.0873	0.02438	1488	779	0.5235	0.0625	0.8175	1744	36.41	0.04608	-0.004909	1730	1399	0.8087	0.05882	1.263	-0.1699	0
chr20	52000000	53000000	0.4106	-0.0061	0.0268	0	0.0594	0	1326	32.64	0.03281	0.03685	1323	1021	0.7717	0.06522	1.236	932	34.92	0.01683	0.0169	930	366	0.3935	0.05556	0.6304	1494	34.93	-0.01362	-0.00751	1490	1103	0.7403	0.05882	1.186	-0.08539	0
chr20	53000000	54000000	0.4286	0.0522	0.0206	0	0.0587	0	1351	32.65	0.03338	-0.01492	1338	1111	0.8303	0.06	1.12	1266	35.67	0.04767	-0.009999	1256	897	0.7142	0.05814	0.9635	1418	36.68	0.05676	-0.003165	1405	1151	0.8192	0.05556	1.105	-0.1468	-0.03653
chr20	54000000	55000000	0.3947	0.027	0.0182	0	0.0585	0	1984	32.62	0.032	0.004229	1973	1342	0.6802	0.05882	0.9335	1729	35.35	0.03455	0.0105	1717	1285	0.7484	0.06	1.027	1675	35.64	0.0153	-0.007988	1672	1187	0.7099	0.05882	0.9744	-0.142	0
chr20	55000000	56000000	0.3802	-0.0711	0.0101	0	0.061	0	1812	31.36	-0.0249	0.0374	1788	1007	0.5632	0.0625	0.9865	1835	32.97	-0.06582	0.0153	1807	927	0.513	0.06098	0.8986	1891	33.54	-0.07242	0.002966	1866	1173	0.6286	0.0625	1.101	-0.09622	-0.03037
chr20	56000000	57000000	0.4499	0.0313	0.0131	0	0.0607	0	1430	32.51	0.02695	0.0008862	1414	588	0.4158	0.05882	0.7867	1451	35.14	0.02617	-0.02153	1437	745	0.5184	0.05172	0.9808	1505	36.12	0.03456	-0.005328	1497	915	0.6112	0.05882	1.156	-0.1304	-0.04064
chr20	57000000	58000000	0.492	0.1117	0.02	0	0.0583	0	1531	34	0.09197	0.0115	1525	1083	0.7102	0.06098	1.043	1530	38.35	0.1521	0.00445	1520	831	0.5467	0.05556	0.8033	1537	37.66	0.09464	-0.03024	1531	1077	0.7035	0.05556	1.034	-0.1584	0.03436
chr20	58000000	59000000	0.4626	0.0716	0.01	0	0.0564	0	933	33.34	0.0636	0.003515	929	490	0.5274	0.0641	0.8026	1353	37.03	0.1015	0.005173	1341	986	0.7353	0.05882	1.119	1012	37.25	0.07878	-0.00393	1005	731	0.7274	0.05319	1.107	-0.174	0
chr20	59000000	60000000	0.4502	0.0468	0.0222	0	0.0585	0	1091	32.63	0.03234	-0.009668	1078	639	0.5928	0.05882	0.8908	1330	35.61	0.04526	-0.01676	1314	856	0.6514	0.06098	0.979	1098	36.9	0.06553	0.008497	1087	638	0.5869	0.05263	0.8821	-0.1468	-0.03847
chr20	60000000	61000000	0.4318	-0.0386	0.0158	0	0.0621	0	1270	31.73	-0.00786	0.04108	1257	715	0.5688	0.05556	0.9595	1640	33.72	-0.03346	-0.005497	1628	1132	0.6953	0.06098	1.173	1079	34.06	-0.05031	-0.01373	1073	599	0.5582	0.05882	0.9417	-0.1085	-0.04064
chr20	61000000	62000000	0.5059	0.0442	0.0358	0	0.0625	0	1905	32.85	0.04212	0.02762	1846	1226	0.6641	0.06522	1.043	2025	37.02	0.101	0.01704	1929	1170	0.6065	0.06	0.9523	1672	36.03	0.03109	-0.02865	1598	951	0.5951	0.05556	0.9344	-0.1497	0.03207
chr20	62000000	63000000	0.5642	0.1996	0.0602	0	0.0556	0	1630	35.38	0.1493	-0.004486	1591	774	0.4865	0.05556	0.8363	1787	41.42	0.2633	-0.002096	1739	999	0.5745	0.05556	0.9876	1627	41.47	0.2338	0.02431	1610	867	0.5385	0.05263	0.9258	-0.2224	0.02975
chr20	63000000	64000000	0.5723	0.1849	0.0707	0	0.0585	0	1862	34.77	0.1241	-0.01544	1766	1217	0.6891	0.0625	1.025	1764	41.08	0.2511	0.0002066	1672	1065	0.637	0.05814	0.947	1678	40.24	0.1904	-0.005083	1611	1076	0.6679	0.05556	0.993	-0.2278	0.03395
chr20	64000000	64444167	0.5314	0.0084	0.0733	0	0.0667	0	595	31.18	-0.03316	-0.009341	487	280	0.5749	0.06787	0.8754	531	36.96	0.09868	0.0333	428	248	0.5794	0.06712	0.8822	609	34.37	-0.03721	-0.05579	494	310	0.6275	0.0684	0.9554	-0.1449	0.04439
chr21	0	1000000	NA	NA	NA	1	NA	0	0	NA	NA	NA	0	0	NA	NA	NA	0	NA	NA	NA	0	0	NA	NA	NA	0	NA	NA	NA	0	0	NA	NA	NA	NA	NA
chr21	1000000	2000000	NA	NA	NA	1	NA	0	0	NA	NA	NA	0	0	NA	NA	NA	0	NA	NA	NA	0	0	NA	NA	NA	0	NA	NA	NA	0	0	NA	NA	NA	NA	NA
chr21	2000000	3000000	NA	NA	NA	1	NA	0	0	NA	NA	NA	0	0	NA	NA	NA	0	NA	NA	NA	0	0	NA	NA	NA	0	NA	NA	NA	0	0	NA	NA	NA	NA	NA
chr21	3000000	4000000	NA	NA	NA	1	NA	0	0	NA	NA	NA	0	0	NA	NA	NA	0	NA	NA	NA	0	0	NA	NA	NA	0	NA	NA	NA	0	0	NA	NA	NA	NA	NA
chr21	4000000	5000000	NA	NA	NA	1	NA	0	0	NA	NA	NA	0	0	NA	NA	NA	0	NA	NA	NA	0	0	NA	NA	NA	0	NA	NA	NA	0	0	NA	NA	NA	NA	NA
chr21	5000000	6000000	0.4339	0.7923	0.4733	1	0.1083	1	2128	73.02	1.194	NA	1431	1154	0.8064	NA	1.428	2529	54.99	0.672	NA	1529	874	0.5716	NA	1.012	2002	84.24	1.256	NA	1274	899	0.7057	NA	1.25	-0.01294	-0.09402
chr21	6000000	7000000	0.4614	-0.8384	0.4564	1	0.1256	1	135	18.49	-0.7867	NA	51	34	0.6667	NA	1.134	165	13.74	-1.329	NA	62	27	0.4355	NA	0.7407	136	15.88	-1.151	NA	67	35	0.5224	NA	0.8886	-0.2043	-0.2237
chr21	7000000	8000000	0.4077	1.742	0.2282	1	0.1528	1	2188	118.3	1.89	NA	1484	1367	0.9212	NA	1.005	2236	124.8	1.855	NA	1500	1361	0.9073	NA	0.9899	2196	148	2.069	NA	1423	1288	0.9051	NA	0.9875	-0.1987	-0.2247
chr21	8000000	9000000	0.4367	0.937	0.208	1	0.1362	1	2273	54.62	0.7757	NA	1382	820	0.5933	NA	0.8415	1993	74.2	1.104	NA	1336	997	0.7463	NA	1.058	2303	49.5	0.4891	NA	1489	849	0.5702	NA	0.8087	-0.09241	0.2106
chr21	9000000	10000000	0.413	0.8953	0.1799	1	0.1317	1	5754	59.94	0.9098	NA	3499	2210	0.6316	NA	0.9636	5932	71.38	1.048	NA	3654	2464	0.6743	NA	1.029	5633	71.35	1.017	NA	3735	2416	0.6469	NA	0.9868	-0.2197	0.03395
chr21	10000000	11000000	0.3868	1.835	0.0731	0	0.1567	1	6100	113.7	1.833	-0.007686	4351	3866	0.8885	NA	1.043	5777	123.1	1.834	0.004768	4092	3581	0.8751	NA	1.027	6140	122.9	1.802	-0.03159	4877	4047	0.8298	NA	0.974	-0.08246	-0.02137
chr21	11000000	12000000	0.3861	NA	NA	1	NA	0	0	NA	NA	NA	0	0	NA	NA	NA	0	NA	NA	NA	0	0	NA	NA	NA	0	NA	NA	NA	0	0	NA	NA	NA	NA	NA
chr21	12000000	13000000	0.3863	1.186	0.0222	0	0.1834	1	269	71.07	1.156	-0.03692	207	206	0.9952	NA	0.9999	292	78.47	1.185	0.003731	228	223	0.9781	NA	0.9827	271	84.74	1.265	0.08219	191	190	0.9948	NA	0.9995	-0.2224	-0.1361
chr21	13000000	14000000	0.3911	0.0511	0.0909	0	0.0714	0	1975	34.78	0.1244	0.07065	1859	1283	0.6902	0.07895	1.014	1687	38.87	0.1716	0.1303	1590	1150	0.7233	0.08777	1.063	1909	35.19	-0.003098	-0.05379	1786	1304	0.7301	0.07143	1.073	-0.06817	0
chr21	14000000	15000000	0.377	0.0202	0.0167	0	0.0594	0	1865	32.33	0.01927	-0.00594	1857	1300	0.7001	0.05792	1.031	1779	35.02	0.02091	0.01172	1777	1185	0.6669	0.05882	0.982	1701	35.21	-0.002418	-0.01871	1689	1214	0.7188	0.05882	1.058	-0.1277	-0.03062
chr21	15000000	16000000	0.3732	-0.0301	0.0132	0	0.0597	0	958	31.89	-0.0005409	0.0144	946	625	0.6607	0.06667	0.9959	777	34.35	-0.006866	0.03343	775	405	0.5226	0.05556	0.7877	840	34.6	-0.02744	0.01133	823	534	0.6488	0.05814	0.9781	-0.09433	-0.03953
chr21	16000000	17000000	0.3544	-0.092	0.0181	0	0.0615	0	1353	30.03	-0.08725	-0.01093	1336	630	0.4716	0.0625	0.9731	1386	32.16	-0.1017	0.01338	1366	693	0.5073	0.0625	1.047	1415	32.73	-0.1078	0.006801	1398	658	0.4707	0.05882	0.9713	-0.1375	-0.03847
chr21	17000000	18000000	0.3929	-0.0757	0.0143	0	0.061	0	1818	30.9	-0.04622	0.03238	1807	1294	0.7161	0.06098	1.021	1664	32.74	-0.07599	0.008438	1639	1144	0.698	0.0625	0.9954	1865	33.31	-0.08238	-0.007407	1852	1039	0.561	0.06	0.8001	-0.1119	-0.04244
chr21	18000000	19000000	0.3566	-0.0794	0.0278	0	0.06	0	1870	30.89	-0.04668	0.02259	1854	1006	0.5426	0.0625	0.8715	2007	32.38	-0.09214	0.01147	1996	1299	0.6508	0.0625	1.045	1727	33	-0.09572	0.004448	1723	1012	0.5873	0.06	0.9434	-0.07276	-0.04891
chr21	19000000	20000000	0.3479	-0.1018	0.0303	0	0.0625	0	1739	30.11	-0.08328	0.01044	1729	1442	0.834	0.0625	1.272	1673	31.63	-0.1258	0.003542	1661	1002	0.6033	0.0625	0.9197	1375	32.33	-0.1255	0.001424	1373	882	0.6424	0.05882	0.9794	-0.08746	-0.03847
chr21	20000000	21000000	0.3542	-0.107	0.0326	0	0.0625	0	1729	30.16	-0.08113	0.01019	1720	555	0.3227	0.06667	0.5775	2190	31.19	-0.1461	-0.01652	2181	1209	0.5543	0.0625	0.9922	1794	32.24	-0.1294	0.000153	1784	1069	0.5992	0.06	1.073	-0.09311	-0.04891
chr21	21000000	22000000	0.3463	-0.1051	0.0331	0	0.0625	0	1869	29.89	-0.09389	0.001772	1865	965	0.5174	0.06522	0.9989	1972	31.25	-0.1434	-0.01085	1968	1010	0.5132	0.0641	0.9908	2021	32.14	-0.1341	-0.004165	2016	1213	0.6017	0.0641	1.162	-0.08746	-0.0458
chr21	22000000	23000000	0.3498	-0.1199	0.0229	0	0.0625	0	1635	30.08	-0.08492	0.02533	1628	806	0.4951	0.0625	0.8548	1541	31.79	-0.1185	0.03336	1536	765	0.498	0.0641	0.8599	1507	32.06	-0.1375	0.01165	1503	818	0.5442	0.06	0.9396	-0.09311	0
chr21	23000000	24000000	0.3518	-0.0931	0.0296	0	0.0628	0	1728	30.44	-0.06768	0.01095	1717	1248	0.7268	0.06	1.092	1624	32.27	-0.09697	0.02534	1615	1202	0.7443	0.06098	1.118	1854	32.96	-0.09757	0.01767	1839	931	0.5063	0.06667	0.7605	-0.09686	-0.03747
chr21	24000000	25000000	0.3505	-0.0224	0.031	0	0.0614	0	1747	31.54	-0.01676	-0.00627	1744	849	0.4868	0.0641	0.8316	1700	33.64	-0.03682	0.01694	1698	995	0.586	0.05556	1.001	1961	33.68	-0.06635	-0.0166	1960	1163	0.5934	0.06098	1.014	-0.09954	0
chr21	25000000	26000000	0.3818	0.0448	0.0262	0	0.0588	0	1026	32.71	0.03588	-0.01088	1023	542	0.5298	0.05556	0.8558	1225	35.07	0.02324	-0.0108	1223	930	0.7604	0.05882	1.228	992	36.27	0.04032	-0.0005757	986	632	0.641	0.05	1.035	-0.1061	-0.04373
chr21	26000000	27000000	0.3853	-0.0276	0.0363	0	0.0591	0	1317	32.25	0.01573	0.03754	1307	978	0.7483	0.0633	1.121	1380	34.83	0.01308	0.04606	1371	1099	0.8016	0.05556	1.201	1342	34.44	-0.03416	-0.0005132	1333	878	0.6587	0.05556	0.9866	-0.1137	0
chr21	27000000	28000000	0.3616	-0.0762	0.028	0	0.061	0	1714	30.57	-0.06159	0.003839	1704	1074	0.6303	0.06522	1.077	1754	32.78	-0.07428	0.01971	1752	982	0.5605	0.05685	0.9575	1672	32.99	-0.09637	-0.00825	1666	1274	0.7647	0.05882	1.306	-0.1155	0
chr21	28000000	29000000	0.3752	-0.0113	0.0286	0	0.0605	0	2070	32.12	0.009791	0.01522	2060	1382	0.6709	0.06	1.147	2028	34.93	0.0172	0.03928	2016	1322	0.6558	0.0625	1.121	1366	34.68	-0.02409	-0.00599	1362	825	0.6057	0.05556	1.035	-0.143	0
chr21	29000000	30000000	0.3916	0.042	0.0248	0	0.0568	0	1207	32.85	0.04225	-0.001673	1201	846	0.7044	0.05556	1.369	1178	35.17	0.02731	-0.002386	1174	766	0.6525	0.05792	1.268	899	35.94	0.02721	-0.01726	893	394	0.4412	0.05556	0.8575	-0.1037	0
chr21	30000000	31000000	0.3702	-0.046	0.0255	0	0.0591	0	1539	31.69	-0.009835	0.02651	1528	1320	0.8639	0.05941	1.189	1522	33.23	-0.05452	0.006234	1509	1275	0.8449	0.05882	1.163	1409	33.76	-0.06314	-0.0122	1394	892	0.6399	0.05882	0.8807	-0.0902	0
chr21	31000000	32000000	0.4361	-0.0057	0.0188	0	0.0591	0	1157	31.78	-0.00577	0.007061	1150	766	0.6661	0.06174	0.9747	1266	34.42	-0.003844	-0.008327	1254	821	0.6547	0.0625	0.958	1079	35.37	0.004378	0.009587	1073	600	0.5592	0.06	0.8182	-0.1373	0
chr21	32000000	33000000	0.4333	0.0411	0.0314	0	0.0611	0	1012	32.57	0.02968	-0.001079	1003	672	0.67	0.05556	0.9735	1179	36.27	0.07151	0.02022	1170	834	0.7128	0.05556	1.036	1172	36.05	0.03161	-0.01285	1162	880	0.7573	0.06098	1.1	-0.1454	0.03395
chr21	33000000	34000000	0.4384	0.0706	0.0237	0	0.0591	0	1296	32.83	0.04128	-0.02469	1279	890	0.6959	0.06	1.083	1125	37.05	0.1024	0.01939	1111	623	0.5608	0.06098	0.8725	1250	37.43	0.0858	0.01091	1226	823	0.6713	0.06098	1.044	-0.1967	-0.03653
chr21	34000000	35000000	0.4379	0.0688	0.0213	0	0.06	0	1185	33.32	0.06242	-0.001433	1179	799	0.6777	0.05556	1.057	1126	37	0.1004	0.0175	1118	747	0.6682	0.05556	1.042	1137	37.37	0.08346	0.009175	1133	704	0.6214	0.05263	0.9691	-0.1561	-0.02975
chr21	35000000	36000000	0.411	-0.0036	0.0125	0	0.0597	0	1558	32.14	0.01052	0.01489	1552	1250	0.8054	0.05882	1.291	1192	35.16	0.02688	0.02546	1188	496	0.4175	0.05814	0.6692	1451	34.9	-0.01484	-0.01339	1439	885	0.615	0.05882	0.9858	-0.1333	0
chr21	36000000	37000000	0.4588	0.0647	0.0217	0	0.0583	0	1729	33.34	0.06349	0.01286	1717	1379	0.8031	0.05556	1.228	1551	36.89	0.09611	0.009012	1539	1156	0.7511	0.05556	1.149	2025	37.16	0.07547	0.002259	2020	1451	0.7183	0.05932	1.098	-0.1497	0
chr21	37000000	38000000	0.4219	0.0255	0.0162	0	0.0588	0	1628	32.38	0.02141	0.0009008	1616	1024	0.6337	0.05882	0.966	1341	35.02	0.02119	-0.01065	1330	632	0.4752	0.05882	0.7244	1782	36.43	0.04675	0.01218	1764	1135	0.6434	0.05556	0.9808	-0.1629	-0.06413
chr21	38000000	39000000	0.4257	0.0008	0.0078	0	0.0591	0	1175	32.31	0.01813	0.02173	1171	816	0.6968	0.06	1.04	1305	34.5	-0.0006724	-0.008372	1297	850	0.6554	0.05848	0.9777	1500	35.47	0.008288	0.002257	1493	1035	0.6932	0.05556	1.034	-0.1414	-0.03747
chr21	39000000	40000000	0.4306	0.0029	0.0143	0	0.0625	0	1491	32.14	0.01055	0.01113	1483	514	0.3466	0.07143	0.5798	1994	35.18	0.02763	0.01707	1974	1308	0.6626	0.06098	1.108	2040	35.4	0.00543	-0.004384	2016	1160	0.5754	0.05556	0.9625	-0.1339	0
chr21	40000000	41000000	0.4102	-0.0465	0.0099	0	0.06	0	1966	31.61	-0.01325	0.0338	1920	1161	0.6047	0.06	0.9082	1784	33.51	-0.04233	-0.0005344	1729	1220	0.7056	0.05556	1.06	2033	34	-0.05263	-0.008292	1977	1368	0.692	0.05882	1.039	-0.1043	-0.03653
chr21	41000000	42000000	0.4721	0.0804	0.023	0	0.0568	0	1712	33.62	0.07559	0.01409	1700	1209	0.7112	0.06	1.055	1789	37.72	0.1282	0.01679	1776	1305	0.7348	0.05882	1.09	1515	37.44	0.08615	-0.005525	1500	840	0.56	0.06049	0.8305	-0.1623	0.03037
chr21	42000000	43000000	0.4971	0.12	0.0265	0	0.0588	0	2092	34.21	0.1005	0.01423	2038	1280	0.6281	0.05882	1.058	2336	38.34	0.1517	0.002153	2297	1597	0.6953	0.05814	1.171	2304	38.65	0.1323	0.0003374	2272	1582	0.6963	0.05556	1.173	-0.1806	0
chr21	43000000	44000000	0.5176	0.134	0.06	0	0.0568	0	1107	34.03	0.09325	-0.008526	1044	785	0.7519	0.05769	1.24	1275	38.75	0.1669	-0.018	1207	744	0.6164	0.05263	1.016	1006	39.03	0.1464	0	920	558	0.6065	0.05051	1	-0.2285	-0.03571
chr21	44000000	45000000	0.5301	0.1597	0.0471	0	0.0589	0	1474	35.53	0.1552	0.02551	1442	778	0.5395	0.0625	0.9514	1658	40.31	0.224	0.00737	1597	961	0.6018	0.0625	1.061	2105	38.84	0.1394	-0.03051	2022	1308	0.6469	0.05556	1.141	-0.1903	0.03395
chr21	45000000	46000000	0.5109	0.1231	0.0369	0	0.0594	0	1811	34.49	0.1125	0.02091	1708	1267	0.7418	0.0625	1.042	1988	39.17	0.1825	0.0156	1898	1441	0.7592	0.05814	1.066	1941	38.7	0.1341	-0.001471	1809	1261	0.6971	0.05556	0.979	-0.1758	0
chr21	46000000	46709983	0.4932	0.027	0.0476	0	0.0647	0	1430	32.73	0.03674	0.03947	1325	872	0.6581	0.06757	0.9445	1852	36.16	0.06741	0.005443	1741	1364	0.7835	0.06387	1.124	1527	37.02	0.07019	0.03066	1423	1088	0.7646	0.0625	1.097	-0.164	-0.04731
chr22	0	1000000	NA	NA	NA	1	NA	0	0	NA	NA	NA	0	0	NA	NA	NA	0	NA	NA	NA	0	0	NA	NA	NA	0	NA	NA	NA	0	0	NA	NA	NA	NA	NA
chr22	1000000	2000000	NA	NA	NA	1	NA	0	0	NA	NA	NA	0	0	NA	NA	NA	0	NA	NA	NA	0	0	NA	NA	NA	0	NA	NA	NA	0	0	NA	NA	NA	NA	NA
chr22	2000000	3000000	NA	NA	NA	1	NA	0	0	NA	NA	NA	0	0	NA	NA	NA	0	NA	NA	NA	0	0	NA	NA	NA	0	NA	NA	NA	0	0	NA	NA	NA	NA	NA
chr22	3000000	4000000	NA	NA	NA	1	NA	0	0	NA	NA	NA	0	0	NA	NA	NA	0	NA	NA	NA	0	0	NA	NA	NA	0	NA	NA	NA	0	0	NA	NA	NA	NA	NA
chr22	4000000	5000000	NA	NA	NA	1	NA	0	0	NA	NA	NA	0	0	NA	NA	NA	0	NA	NA	NA	0	0	NA	NA	NA	0	NA	NA	NA	0	0	NA	NA	NA	NA	NA
chr22	5000000	6000000	NA	NA	NA	1	NA	0	0	NA	NA	NA	0	0	NA	NA	NA	0	NA	NA	NA	0	0	NA	NA	NA	0	NA	NA	NA	0	0	NA	NA	NA	NA	NA
chr22	6000000	7000000	NA	NA	NA	1	NA	0	0	NA	NA	NA	0	0	NA	NA	NA	0	NA	NA	NA	0	0	NA	NA	NA	0	NA	NA	NA	0	0	NA	NA	NA	NA	NA
chr22	7000000	8000000	NA	NA	NA	1	NA	0	0	NA	NA	NA	0	0	NA	NA	NA	0	NA	NA	NA	0	0	NA	NA	NA	0	NA	NA	NA	0	0	NA	NA	NA	NA	NA
chr22	8000000	9000000	NA	NA	NA	1	NA	0	0	NA	NA	NA	0	0	NA	NA	NA	0	NA	NA	NA	0	0	NA	NA	NA	0	NA	NA	NA	0	0	NA	NA	NA	NA	NA
chr22	9000000	10000000	NA	NA	NA	1	NA	0	0	NA	NA	NA	0	0	NA	NA	NA	0	NA	NA	NA	0	0	NA	NA	NA	0	NA	NA	NA	0	0	NA	NA	NA	NA	NA
chr22	10000000	11000000	0.3849	1.737	0.1541	1	0.1367	1	3033	103.4	1.696	NA	2086	1576	0.7555	NA	0.9184	2927	93.92	1.444	NA	2091	1298	0.6208	NA	0.7546	2798	131	1.893	NA	2096	1614	0.77	NA	0.9361	-0.03911	-0.4299
chr22	11000000	12000000	0.4235	1.163	0.1589	1	0.1181	1	2785	79.6	1.319	NA	1940	1740	0.8969	NA	1.001	2978	80.72	1.226	NA	2198	1988	0.9045	NA	1.009	3145	76.28	1.113	NA	2104	1831	0.8702	NA	0.971	-0.06711	-0.08746
chr22	12000000	13000000	0.3863	0.9357	0.1087	1	0.1147	1	4561	64.65	1.019	NA	2945	2608	0.8856	NA	1.001	4450	70.4	1.028	NA	2887	2536	0.8784	NA	0.9927	4654	61.3	0.7977	NA	2885	2360	0.818	NA	0.9244	-0.03814	0.08746
chr22	13000000	14000000	0.3834	NA	NA	1	NA	0	0	NA	NA	NA	0	0	NA	NA	NA	0	NA	NA	NA	0	0	NA	NA	NA	0	NA	NA	NA	0	0	NA	NA	NA	NA	NA
chr22	14000000	15000000	0.387	NA	NA	1	NA	0	0	NA	NA	NA	0	0	NA	NA	NA	0	NA	NA	NA	0	0	NA	NA	NA	0	NA	NA	NA	0	0	NA	NA	NA	NA	NA
chr22	15000000	16000000	0.4063	-0.3582	0.0953	0	0.1	1	1784	24.9	-0.3575	0.001854	1049	629	0.5996	NA	1.124	1802	27.93	-0.3051	0.05264	1102	627	0.569	NA	1.066	1635	25.76	-0.4531	-0.09706	980	484	0.4939	NA	0.9254	-0.1333	0.07595
chr22	16000000	17000000	0.3967	0.0431	0.0555	0	0.0769	0	4034	32.05	0.006348	-0.02975	3288	2154	0.6551	0.075	0.982	4021	35.59	0.04428	0.003156	3354	1641	0.4893	0.07692	0.7334	3859	36.71	0.05797	0.0138	3117	2431	0.7799	0.07143	1.169	-0.142	0
chr22	17000000	18000000	0.4724	0.0605	0.0241	0	0.0621	0	1500	32.62	0.03181	-0.009797	1482	1044	0.7045	0.05882	1.026	1542	36.69	0.08842	-0.002879	1506	1041	0.6912	0.05814	1.007	1732	37.14	0.07457	0.004318	1707	1208	0.7077	0.05882	1.031	-0.2016	0
chr22	18000000	19000000	0.481	-0.4985	0.1169	1	0.0768	0	1275	21.08	-0.5979	NA	807	417	0.5167	0.0814	1.028	1346	27.73	-0.3158	NA	957	585	0.6113	0.07143	1.216	1543	23.65	-0.5762	NA	1019	550	0.5397	0.06049	1.073	-0.2054	0.07039
chr22	19000000	20000000	0.5035	0.1063	0.0185	0	0.0583	0	1585	34.28	0.1036	0.0288	1573	1169	0.7432	0.05882	1.145	1179	38.34	0.1518	0.007067	1165	755	0.6481	0.05882	0.9989	1971	38.61	0.1308	0.01117	1962	1172	0.5973	0.05263	0.9207	-0.1699	0.02975
chr22	20000000	21000000	0.5212	0.1209	0.041	0	0.06	0	1810	33.82	0.08414	-0.007322	1756	1276	0.7267	0.05848	1.095	1700	38.72	0.1658	-0.007171	1646	1052	0.6391	0.05814	0.9627	1859	39.11	0.1492	0.01713	1810	1334	0.737	0.05319	1.11	-0.1956	0
chr22	21000000	22000000	0.4983	-0.1593	0.1059	1	0.069	0	1769	27.49	-0.215	NA	1335	773	0.579	0.07576	1.228	1854	32.82	-0.0727	NA	1463	797	0.5448	0.06667	1.155	1822	31.26	-0.1742	NA	1383	762	0.551	0.0625	1.168	-0.2505	0
chr22	22000000	23000000	0.4527	-0.072	0.1772	1	0.0653	0	3078	31.82	-0.003851	NA	3032	2203	0.7266	0.06098	1.217	2158	36.86	0.09499	NA	2121	1210	0.5705	0.0625	0.9557	3650	30.55	-0.2073	NA	3540	2154	0.6085	0.08824	1.019	-0.08246	0.2313
chr22	23000000	24000000	0.5086	0.1207	0.0401	0	0.0605	0	2423	33.85	0.08553	-0.01078	2357	1675	0.7106	0.06	1.221	1845	39.09	0.1798	0.01332	1800	974	0.5411	0.06098	0.9294	2516	38.44	0.1244	-0.01183	2475	1685	0.6808	0.05556	1.169	-0.1651	0
chr22	24000000	25000000	0.4812	0.058	0.0277	0	0.0613	0	1597	33.19	0.05717	0.01954	1551	1070	0.6899	0.0625	0.9373	1516	36.69	0.08826	7.38e-05	1481	1021	0.6894	0.05882	0.9367	1654	36.75	0.05962	-0.00723	1594	1080	0.6775	0.06098	0.9206	-0.1308	0
chr22	25000000	26000000	0.4608	0.0666	0.0201	0	0.061	0	2069	32.57	0.02977	-0.02575	2055	1469	0.7148	0.05882	1.126	1662	36.56	0.08302	-0.004575	1652	1181	0.7149	0.05556	1.126	1979	36.78	0.06054	-0.01796	1967	1175	0.5974	0.05556	0.941	-0.1738	0
chr22	26000000	27000000	0.4542	0.0543	0.0237	0	0.06	0	1770	33.08	0.05233	0.01282	1756	1288	0.7335	0.06174	1.149	1427	36.54	0.08221	0.008536	1418	844	0.5952	0.06	0.9322	1821	36.86	0.06361	0.002725	1805	1155	0.6399	0.05882	1.002	-0.1584	0
chr22	27000000	28000000	0.4664	0.0316	0.0246	0	0.06	0	1745	32.7	0.03546	0.02447	1734	1197	0.6903	0.06	0.997	1505	35.89	0.05642	0.0004564	1499	982	0.6551	0.06098	0.9461	1876	36.17	0.03662	-0.006609	1867	1295	0.6936	0.05556	1.002	-0.1561	0
chr22	28000000	29000000	0.4129	0.0191	0.0135	0	0.0617	0	880	32.41	0.02282	0.00558	867	622	0.7174	0.06757	1.138	631	35.31	0.033	0.005988	625	463	0.7408	0.0625	1.175	817	36.59	0.05313	0.03082	809	496	0.6131	0.05263	0.9729	-0.1956	0
chr22	29000000	30000000	0.4763	0.0928	0.0239	0	0.0594	0	1409	33.78	0.08259	0.007211	1404	1105	0.787	0.05882	1.099	1289	37.22	0.1089	-0.01421	1283	931	0.7256	0.05556	1.013	1433	37.71	0.09671	-0.006143	1430	1100	0.7692	0.05556	1.074	-0.1444	-0.03653
chr22	30000000	31000000	0.4804	0.1045	0.0299	0	0.0588	0	1020	33.8	0.08344	-0.00219	1012	650	0.6423	0.05556	0.9853	1299	37.98	0.1382	0.002963	1290	968	0.7504	0.05172	1.151	1098	37.97	0.1066	-0.006764	1090	827	0.7587	0.05814	1.164	-0.1956	0
chr22	31000000	32000000	0.4709	0.0591	0.0389	0	0.0591	0	1015	32.35	0.02	-0.02431	1002	805	0.8034	0.05556	1.088	944	36.72	0.08936	-8.53e-05	938	671	0.7154	0.05814	0.969	955	37.38	0.08402	0.01503	947	764	0.8068	0.05882	1.093	-0.1956	0
chr22	32000000	33000000	0.4503	0.0195	0.0115	0	0.0602	0	1876	32.36	0.02052	0.004455	1859	1455	0.7827	0.06	1.136	1657	35.9	0.05667	0.02053	1633	1346	0.8242	0.05685	1.197	1927	35.99	0.02952	0	1916	1404	0.7328	0.05556	1.064	-0.1414	0
chr22	33000000	34000000	0.4367	0.0102	0.016	0	0.0594	0	1405	32.09	0.008326	0.005947	1399	1055	0.7541	0.05882	1.054	1562	35.14	0.02583	0.004597	1552	1130	0.7281	0.05556	1.017	1455	35.71	0.01788	2.222e-05	1451	1096	0.7553	0.06098	1.055	-0.1333	-0.03479
chr22	34000000	35000000	0.4126	-0.014	0.0133	0	0.06	0	2151	32.21	0.01365	0.03209	2139	1433	0.6699	0.06	1.102	2158	34.59	0.003038	0.01426	2146	1501	0.6994	0.06	1.15	1804	35.03	-0.009809	0.0009292	1792	860	0.4799	0.0625	0.7893	-0.122	-0.03317
chr22	35000000	36000000	0.4561	0.0761	0.0358	0	0.0581	0	1418	32.81	0.04033	-0.0258	1404	1038	0.7393	0.06522	1.117	1526	36.81	0.09309	-0.001376	1519	1188	0.7821	0.05556	1.182	1152	38.1	0.1116	0.02922	1149	772	0.6719	0.05556	1.015	-0.1751	-0.03747
chr22	36000000	37000000	0.4853	0.1041	0.0273	0	0.0588	0	1929	33.21	0.05774	-0.01893	1910	1417	0.7419	0.06	1.187	1821	37.61	0.124	-0.01307	1811	1290	0.7123	0.05882	1.14	1713	37.96	0.1063	-0.009248	1693	1250	0.7383	0.05848	1.181	-0.2035	-0.03395
chr22	37000000	38000000	0.5384	0.1633	0.0471	0	0.0588	0	1358	34.62	0.118	-0.01709	1343	958	0.7133	0.06098	1.121	1429	40.22	0.2208	0.0002412	1410	1099	0.7794	0.05556	1.225	1314	40.15	0.187	0.01354	1311	905	0.6903	0.05556	1.085	-0.2327	0
chr22	38000000	39000000	0.5009	0.1179	0.0404	0	0.0568	0	1405	33.82	0.08421	-0.009294	1392	1119	0.8039	0.05556	1.225	1270	38.09	0.1421	-0.01255	1257	990	0.7876	0.05556	1.201	1109	38.97	0.1439	0.01275	1095	621	0.5671	0.0625	0.8645	-0.1461	-0.04123
chr22	39000000	40000000	0.5	0.1558	0.0374	0	0.0568	0	1406	34.06	0.09429	-0.03027	1402	813	0.5799	0.05882	0.9317	1395	39.91	0.2097	0.01799	1385	840	0.6065	0.05792	0.9745	1473	39.62	0.1678	-0.0003374	1466	977	0.6664	0.05319	1.071	-0.2224	0.02801
chr22	40000000	41000000	0.441	0.042	0.0306	0	0.0622	0	756	32.78	0.03925	-0.0001671	743	526	0.7079	0.0625	1.221	740	35.82	0.05362	0.003091	724	470	0.6492	0.05941	1.12	555	36.38	0.04505	-0.001882	545	255	0.4679	0.0625	0.807	-0.1333	-0.03653
chr22	41000000	42000000	0.4966	0.089	0.0398	0	0.0588	0	1291	33.21	0.05777	0	1273	934	0.7337	0.06098	1.148	1226	38.13	0.1439	0.02321	1213	891	0.7345	0.06098	1.149	1020	38.37	0.1217	0.02074	1016	731	0.7195	0.05556	1.125	-0.2335	0
chr22	42000000	43000000	0.5021	0.1266	0.0335	0	0.0607	0	1597	33.52	0.07111	-0.0311	1574	1103	0.7008	0.06	0.9165	1670	38.4	0.1541	-0.009069	1655	987	0.5964	0.05882	0.78	1543	38.23	0.1166	-0.02328	1510	894	0.5921	0.05263	0.7743	-0.1864	0
chr22	43000000	44000000	0.4984	0.0979	0.0241	0	0.0588	0	1737	33.23	0.05857	-0.01485	1681	996	0.5925	0.06522	0.8599	1730	37.7	0.1274	-0.00232	1692	1159	0.685	0.05556	0.9942	1693	38.01	0.108	-0.001663	1671	1095	0.6553	0.05556	0.9511	-0.176	0
chr22	44000000	45000000	0.5155	0.1052	0.0288	0	0.0568	0	2355	34.02	0.09262	0.01965	2333	1747	0.7488	0.06098	1.133	2572	37.49	0.1195	-0.03515	2534	1943	0.7668	0.05556	1.16	1849	38.54	0.1282	0.01051	1832	1217	0.6643	0.05556	1.005	-0.1481	-0.03171
chr22	45000000	46000000	0.4862	0.0925	0.0234	0	0.0572	0	2059	33.67	0.07751	0.01504	2019	1566	0.7756	0.06522	1.164	2141	38.05	0.1408	0.01084	2108	1453	0.6893	0.05556	1.035	1413	38.09	0.111	0.006719	1389	906	0.6523	0.06	0.9791	-0.1979	-0.03562
chr22	46000000	47000000	0.5206	0.1261	0.033	0	0.0588	0	2170	34.56	0.1155	0.01945	2136	1377	0.6447	0.05882	1.086	1990	39.18	0.1831	0.004924	1953	1452	0.7435	0.05556	1.252	1863	39.58	0.1664	0.0291	1814	1320	0.7277	0.05753	1.226	-0.1926	0
chr22	47000000	48000000	0.4695	0.0591	0.0204	0	0.06	0	2145	33.42	0.06714	0.02511	2121	1559	0.735	0.0625	1.073	1675	37.42	0.1168	0.03126	1665	1215	0.7297	0.05263	1.065	2087	36.99	0.06882	-0.002566	2066	1451	0.7023	0.06364	1.025	-0.1644	0.04064
chr22	48000000	49000000	0.5033	0.0608	0.0342	0	0.06	0	2855	33.41	0.06642	0.03711	2794	1968	0.7044	0.06098	1.072	2368	37.19	0.1079	0.009469	2320	1521	0.6556	0.05556	0.9974	2900	36.56	0.05188	-0.0222	2855	1960	0.6865	0.05814	1.044	-0.1561	0.03953
chr22	49000000	50000000	0.5152	0.1194	0.05	0	0.0587	0	2288	34.41	0.1089	0.02225	2242	1204	0.537	0.05882	0.9207	2719	38.84	0.1703	0.001489	2676	1747	0.6528	0.05556	1.119	2207	37.75	0.0983	-0.03355	2163	1084	0.5012	0.05263	0.8592	-0.1407	0.03562
chr22	50000000	50818468	0.5433	0.1239	0.053	0	0.0613	0	1720	33.68	0.07811	-0.01636	1622	1200	0.7398	0.06098	1.05	1479	39.8	0.2057	0.01807	1388	984	0.7089	0.06098	1.006	1527	39.35	0.1582	0.02447	1445	940	0.6505	0.05882	0.9232	-0.2481	0
chrX	0	1000000	0.4898	NA	NA	1	NA	0	3066	29.91	-0.093	NA	2663	1816	0.6819	0.06667	NA	2888	33.14	-0.05871	NA	2572	1871	0.7274	0.06818	NA	3611	32.76	-0.1063	NA	3190	2202	0.6903	0.07143	NA	-0.1278	0
chrX	1000000	2000000	0.4827	NA	NA	1	NA	0	3630	29.79	-0.09872	NA	3330	2148	0.645	0.07143	NA	3388	34.36	-0.006513	NA	3129	1957	0.6254	0.0641	NA	3805	34.46	-0.03336	NA	3531	2456	0.6956	0.06	NA	-0.2106	0
chrX	2000000	3000000	0.4605	0.0233	0.0483	0	0.0625	0	1873	31.26	-0.02941	-0.04093	1835	1293	0.7046	0.06522	1.823	1464	32.57	-0.08377	-0.1276	1422	806	0.5668	0.05882	1.467	2014	35.86	0.02396	-0.01012	1961	1204	0.614	0.05556	1.589	-0.1339	-0.1561
chrX	3000000	4000000	0.4286	-0.0455	0.0131	0	0.0652	0	1455	31.04	-0.03973	0.009677	1424	816	0.573	0.0641	1.099	927	16.95	-1.026	-0.9855	904	0	0	NA	0	1379	34.02	-0.05176	-0.01398	1351	658	0.487	0.05882	0.9338	0.2838	-1
chrX	4000000	5000000	0.3776	-0.086	0.0077	0	0.0625	0	1032	30.68	-0.05665	0.02708	1025	856	0.8351	0.06	2.043	768	16.55	-1.06	-0.9639	752	0	0	NA	0	670	32.94	-0.09863	-0.008476	664	403	0.6069	0.06667	1.485	0.3434	-1.087
chrX	5000000	6000000	0.3771	-0.1125	0.0244	0	0.0667	0	1508	29.88	-0.09464	0.01416	1498	1050	0.7009	0.06667	1.443	988	15.77	-1.13	-1.006	965	0	0	NA	0	1443	32.33	-0.1255	-0.008676	1429	774	0.5416	0.0641	1.115	0.2922	-1.039
chrX	6000000	7000000	0.3977	-0.0746	0.0336	0	0.06	0	763	31.07	-0.03845	0.04073	759	491	0.6469	0.07143	1.064	531	16.82	-1.037	-0.9555	514	0	0	NA	0	875	34.12	-0.04765	0.02597	862	624	0.7239	0.05556	1.191	0.2828	-1.041
chrX	7000000	8000000	0.4001	-0.0658	0.0225	0	0.0625	0	463	29.99	-0.08931	-0.02269	452	296	0.6549	0.0625	1.989	227	16.55	-1.061	-0.9922	223	0	0	NA	0	414	33.06	-0.09318	-0.02859	406	274	0.6749	0.06522	2.049	0.2141	-1
chrX	8000000	9000000	0.3918	-0.1126	0.0268	0	0.0625	0	1113	30.18	-0.08019	0.03072	1085	826	0.7613	0.05882	1.266	832	16.33	-1.079	-0.9543	804	0	0	NA	0	694	32.21	-0.1308	-0.02071	668	433	0.6482	0.05556	1.078	0.2964	-0.9569
chrX	9000000	10000000	0.4422	0.0266	0.0109	0	0.0641	0	1049	32.56	0.02932	0.005923	993	603	0.6073	0.06667	1.001	832	17.23	-1.002	-1.038	779	0	0	NA	0	1093	35.51	0.01014	-0.02332	1039	689	0.6631	0.0625	1.094	0.2996	-1
chrX	10000000	11000000	0.4092	-0.0202	0.0434	0	0.0641	0	466	31.55	-0.01595	0.007071	460	261	0.5674	0.06757	1.606	271	17.35	-0.9922	-0.9688	265	0	0	NA	0	440	34.05	-0.05064	-0.03545	433	208	0.4804	0.0625	1.36	0.3276	-0.9569
chrX	11000000	12000000	0.3924	0.0051	0.0538	0	0.06	0	364	31.01	-0.04106	-0.04714	358	242	0.676	0.07143	2.256	329	17.39	-0.9891	-0.9876	318	0	0	NA	0	270	35.25	-0.0005164	-0.005355	266	168	0.6316	0.05814	2.108	0.2224	-1.037
chrX	12000000	13000000	0.3986	0.0406	0.0197	0	0.06	0	1031	32.63	0.03224	-0.009707	1028	711	0.6916	0.06	1.36	618	17.63	-0.9694	-1.005	610	0	0	NA	0	1216	35.26	-0.0002784	-0.04149	1211	944	0.7795	0.06098	1.533	0.3262	-0.9615
chrX	13000000	14000000	0.411	0.0593	0.0257	0	0.0581	0	606	33.17	0.05614	-0.002387	601	284	0.4725	0.05685	1.035	516	18.27	-0.9173	-0.9816	508	0	0	NA	0	718	36.44	0.04716	-0.01429	718	461	0.6421	0.05556	1.407	0.2753	-0.9615
chrX	14000000	15000000	0.38	-0.0283	0.0214	0	0.0625	0	635	31.18	-0.03308	-0.01445	632	312	0.4937	0.06466	0.9428	362	16.91	-1.029	-0.9907	356	0	0	NA	0	816	33.82	-0.06028	-0.02736	815	726	0.8908	0.06049	1.701	0.2897	-1
chrX	15000000	16000000	0.3956	0.0222	0.0237	0	0.0625	0	891	32.18	0.01239	-0.005615	884	741	0.8382	0.05882	1.712	247	17.97	-0.9413	-0.9627	242	0	0	NA	0	934	35.29	0.001068	-0.01838	922	541	0.5868	0.0641	1.199	0.2821	-0.9382
chrX	16000000	17000000	0.4117	-0.0239	0.0245	0	0.0625	0	673	31.22	-0.03118	-0.003319	666	469	0.7042	0.05556	1.301	447	17.28	-0.9978	-0.9793	442	0	0	NA	0	737	35.11	-0.006452	0.01104	732	584	0.7978	0.05685	1.474	0.297	-1
chrX	17000000	18000000	0.4177	-0.0278	0.0284	0	0.0588	0	216	31.1	-0.03684	-0.01019	216	153	0.7083	0.0625	1.441	186	17.14	-1.01	-0.9911	184	0	0	NA	0	266	35.02	-0.009881	0.01444	264	201	0.7614	0.0625	1.549	0.263	-1.04
chrX	18000000	19000000	0.4206	-0.0056	0.0493	0	0.0625	0	288	32.13	0.01027	0.01873	288	90	0.3125	0.05719	1.34	222	17.78	-0.9566	-0.9569	220	0	0	NA	0	324	34.63	-0.02613	-0.02306	321	233	0.7259	0.05556	3.113	0.263	-0.9511
chrX	19000000	20000000	0.4286	-0.0384	0.0608	0	0.0588	0	407	30.64	-0.05849	-0.01619	400	379	0.9475	0.06	1.844	127	16.18	-1.093	-1.06	126	0	0	NA	0	356	35.09	-0.007256	0.02342	348	324	0.931	0.05882	1.812	0.1926	-1.04
chrX	20000000	21000000	0.3948	-0.0404	0.05	0	0.0652	0	437	31.51	-0.01796	0.02176	434	414	0.9539	0.05882	1.806	146	17.62	-0.9695	-0.9262	143	0	0	NA	0	337	34.24	-0.04273	0.001804	335	170	0.5075	0.05218	0.9606	0.2338	-0.8588
chrX	21000000	22000000	0.3774	-0.0758	0.041	0	0.0676	0	359	30.83	-0.04923	0.02376	358	325	0.9078	0.06667	1.869	72	18.05	-0.9355	-0.8493	72	0	0	NA	0	378	33.66	-0.06732	0.01263	376	86	0.2287	0.06254	0.4709	0.3127	-0.9334
chrX	22000000	23000000	0.383	-0.0693	0.0362	0	0.0625	0	1656	31.16	-0.03406	0.03094	1650	1235	0.7485	0.0625	1.188	875	17.05	-1.017	-0.9387	863	0	0	NA	0	1629	33.22	-0.0861	-0.01173	1620	930	0.5741	0.05882	0.9108	0.3294	-0.9509
chrX	23000000	24000000	0.4076	-0.0044	0.0301	0	0.0613	0	1602	31.83	-0.003198	0.001182	1593	1153	0.7238	0.06098	2.067	763	17.59	-0.9727	-0.9681	757	0	0	NA	0	1512	35.03	-0.009595	-0.008922	1502	985	0.6558	0.0625	1.873	0.2937	-1
chrX	24000000	25000000	0.4127	-0.0077	0.0201	0	0.0641	0	736	31.12	-0.03581	-0.02318	728	597	0.8201	0.06522	1.446	346	17.21	-1.004	-0.9996	334	0	0	NA	0	732	34.91	-0.01476	-0.01032	725	597	0.8234	0.05882	1.452	0.2809	-1
chrX	25000000	26000000	0.381	-0.0655	0.0361	0	0.0641	0	1126	30.58	-0.06124	-0.003784	1114	906	0.8133	0.0625	1.308	365	16.26	-1.086	-1.012	356	0	0	NA	0	1107	33.6	-0.06968	0.0009605	1099	760	0.6915	0.0625	1.112	0.237	-1.037
chrX	26000000	27000000	0.3637	-0.1044	0.0228	0	0.0641	0	1092	30.24	-0.07718	0.01711	1079	761	0.7053	0.0625	1.018	771	15.89	-1.119	-0.9967	758	0	0	NA	0	998	32.52	-0.1169	-0.0004245	990	653	0.6596	0.0625	0.9523	0.3148	-1.053
chrX	27000000	28000000	0.3645	-0.1126	0.0442	0	0.0625	0	1166	30.06	-0.0857	0.01226	1156	596	0.5156	0.06	1.105	813	15.56	-1.149	-1.024	790	0	0	NA	0	1066	32.5	-0.1177	0.007188	1057	963	0.9111	0.0625	1.953	0.3165	-1
chrX	28000000	29000000	0.3633	-0.1149	0.0177	0	0.06	0	1035	29.93	-0.0922	0.01478	1023	683	0.6676	0.07143	1.23	687	15.66	-1.14	-1.007	665	0	0	NA	0	1079	32.52	-0.1168	0.009247	1070	746	0.6972	0.0625	1.284	0.263	-1.09
chrX	29000000	30000000	0.3642	-0.0698	0.0284	0	0.0625	0	1123	30.52	-0.06407	-0.00749	1111	902	0.8119	0.06667	1.13	393	16.42	-1.072	-0.9896	386	0	0	NA	0	1200	33.07	-0.09289	-0.01097	1190	979	0.8227	0.06098	1.145	0.3061	-1.043
chrX	30000000	31000000	0.3931	-0.0067	0.008	0	0.0625	0	1142	31.72	-0.008486	-0.002138	1125	817	0.7262	0.0625	1.077	645	16.85	-1.035	-1.021	622	0	0	NA	0	1047	35.1	-0.006592	-0.0007113	1041	781	0.7502	0.05882	1.112	0.263	-1.085
chrX	31000000	32000000	0.3775	-0.0484	0.0174	0	0.0641	0	1246	30.74	-0.05367	-0.008087	1237	974	0.7874	0.0625	1.116	739	16.42	-1.072	-1.012	728	0	0	NA	0	941	34.1	-0.04838	0.004173	938	684	0.7292	0.06522	1.034	0.2706	-1
chrX	32000000	33000000	0.3579	-0.1045	0.0236	0	0.0625	0	1388	29.96	-0.09058	0.002203	1382	931	0.6737	0.0625	1.088	775	15.46	-1.159	-1.034	756	0	0	NA	0	1571	32.62	-0.1127	0.006976	1565	1126	0.7195	0.05882	1.163	0.2721	-1.047
chrX	33000000	34000000	0.3574	-0.1323	0.0255	0	0.0667	0	1110	29.6	-0.1082	0.01274	1105	820	0.7421	0.0625	2.631	585	15.47	-1.158	-1.008	565	0	0	NA	0	991	32.41	-0.1217	0.02676	988	889	0.8998	0.06522	3.191	0.3081	-1.078
chrX	34000000	35000000	0.3623	-0.1236	0.0535	0	0.0652	0	1280	30.07	-0.0856	0.03341	1276	951	0.7453	0.06	2.372	696	15.62	-1.144	-0.9963	680	0	0	NA	0	986	32.45	-0.1202	0.01425	984	819	0.8323	0.0641	2.649	0.3479	-1
chrX	35000000	36000000	0.3676	-0.1061	0.0351	0	0.0613	0	1068	29.89	-0.09419	0.004991	1062	625	0.5885	0.05882	2.439	742	15.74	-1.133	-1.016	727	0	0	NA	0	1088	32.44	-0.1205	-0.001672	1085	898	0.8276	0.0625	3.43	0.3168	-1.044
chrX	36000000	37000000	0.3677	-0.0924	0.019	0	0.06	0	821	31.26	-0.02926	0.055	819	707	0.8632	0.06	1.343	290	16.71	-1.046	-0.9428	288	0	0	NA	0	662	32.99	-0.09613	0.009871	662	643	0.9713	0.06	1.512	0.3402	-0.894
chrX	37000000	38000000	0.39	-0.0336	0.0279	0	0.06	0	828	31.11	-0.03626	-0.003792	816	756	0.9265	0.0625	1.556	134	17.16	-1.008	-0.9679	129	0	0	NA	0	814	34.55	-0.02971	0.004797	810	779	0.9617	0.05814	1.616	0.2713	-1
chrX	38000000	39000000	0.3952	-0.0127	0.0252	0	0.0588	0	1063	31.47	-0.0198	-0.007347	1051	670	0.6375	0.0625	0.9254	577	16.91	-1.029	-1.01	564	0	0	NA	0	1125	34.27	-0.0414	-0.02497	1115	907	0.8135	0.05882	1.181	0.2522	-1.043
chrX	39000000	40000000	0.4517	0.0306	0.015	0	0.0588	0	784	32.35	0.0199	-0.005741	780	592	0.759	0.05556	1.17	400	17.81	-0.9546	-1.006	392	0	0	NA	0	899	36.19	0.03727	-0.0003923	898	708	0.7884	0.05848	1.216	0.2345	-1
chrX	40000000	41000000	0.4553	0.0294	0.0201	0	0.0633	0	623	31.8	-0.004604	-0.01953	610	348	0.5705	0.0625	1.127	391	17.58	-0.973	-1.019	374	0	0	NA	0	945	36.33	0.04296	0.006748	940	779	0.8287	0.0641	1.637	0.2742	-1
chrX	41000000	42000000	0.4116	-0.0013	0.0155	0	0.061	0	528	32.27	0.01646	0.02139	524	399	0.7615	0.06098	1.092	364	17.7	-0.9634	-0.9674	358	0	0	NA	0	429	34.86	-0.01681	-0.0199	423	292	0.6903	0.0625	0.9901	0.2706	-1
chrX	42000000	43000000	0.3875	-0.047	0.0175	0	0.0652	0	713	31.45	-0.0207	0.02021	702	623	0.8875	0.06522	1.61	190	16.15	-1.096	-1.043	177	0	0	NA	0	1007	34.26	-0.04162	0.006721	1002	703	0.7016	0.0641	1.273	0.2345	-0.9569
chrX	43000000	44000000	0.3875	-0.0648	0.0228	0	0.0625	0	663	31.02	-0.04055	0.01815	661	487	0.7368	0.0625	2.576	450	16.44	-1.07	-1	440	0	0	NA	0	660	34.19	-0.04461	0.02153	654	516	0.789	0.05556	2.759	0.3219	-1.046
chrX	44000000	45000000	0.4108	-0.0887	0.0198	0	0.0659	0	764	29.95	-0.0913	-0.001898	747	512	0.6854	0.06594	1.352	500	15.74	-1.132	-1.049	478	0	0	NA	0	861	34.21	-0.04398	0.0459	842	475	0.5641	0.05556	1.113	0.2473	-1.152
chrX	45000000	46000000	0.3916	-0.0185	0.0274	0	0.0625	0	612	31.29	-0.02789	-0.01131	602	459	0.7625	0.06	1.954	425	16.84	-1.035	-1.004	418	0	0	NA	0	633	34.19	-0.04473	-0.0287	628	585	0.9315	0.06098	2.387	0.2922	-1
chrX	46000000	47000000	0.4078	0.0038	0.0217	0	0.0652	0	500	31.96	0.002365	-0.005833	495	193	0.3899	0.06757	1.085	367	17.99	-0.9399	-0.9435	359	0	0	NA	0	630	35.39	0.00503	-0.002496	625	431	0.6896	0.05556	1.918	0.2473	-0.9635
chrX	47000000	48000000	0.4412	-0.0119	0.0314	0	0.0667	0	748	31.01	-0.04086	-0.02621	738	577	0.7818	0.0625	1.679	391	17.85	-0.9511	-0.948	385	0	0	NA	0	676	35.38	0.00464	0.01032	673	328	0.4874	0.05556	1.047	0.1541	-0.9615
chrX	48000000	49000000	0.4671	-0.0142	0.0325	0	0.0647	0	923	31.52	-0.0177	0.01542	905	412	0.4552	0.06757	2.077	722	17.6	-0.9713	-0.9814	709	0	0	NA	0	981	34.97	-0.01196	-0.01057	959	476	0.4964	0.05941	2.264	0.2528	-1
chrX	49000000	50000000	0.4517	0.0149	0.0473	0	0.0556	0	331	31.24	-0.03053	-0.04047	283	61	0.2155	0.08537	1.387	268	17.65	-0.9671	-1.003	240	0	0	NA	0	614	35.89	0.02528	0.003324	539	294	0.5455	0.06098	3.51	0.1769	-1.042
chrX	50000000	51000000	0.4001	-0.0731	0.0379	0	0.06	0	362	30.8	-0.05069	0.02322	361	59	0.1634	0.04167	1.11	327	16.21	-1.09	-1.014	319	0	0	NA	0	366	33.12	-0.09064	-0.01875	361	46	0.1274	0.07011	0.8657	0.2964	-1.04
chrX	51000000	52000000	0.3967	-0.0917	0.0253	0	0.0652	0	1003	30.17	-0.0806	0.0181	992	690	0.6956	0.06667	4.016	616	16.36	-1.077	-0.9833	600	0	0	NA	0	742	33.14	-0.08964	0.0009914	735	126	0.1714	0.0633	0.9898	0.2922	-1.044
chrX	52000000	53000000	0.4268	-0.0859	0.0286	0	0.0604	0	679	30.16	-0.08128	0.008697	654	464	0.7095	0.0625	4.139	589	16.53	-1.062	-0.9814	557	0	0	NA	0	320	32.47	-0.119	-0.0391	301	82	0.2724	0.06712	1.589	0.2115	-0.9652
chrX	53000000	54000000	0.4391	-0.0293	0.0087	0	0.0556	0	751	31.02	-0.04035	-0.006719	730	378	0.5178	0.06667	1.581	577	17.4	-0.9882	-0.9711	552	0	0	NA	0	733	34.43	-0.03475	-0.007322	704	294	0.4176	0.05882	1.275	0.2345	-1.029
chrX	54000000	55000000	0.4231	-0.0534	0.0476	0	0.0605	0	642	30.27	-0.07564	-0.01893	632	524	0.8291	0.06	5.451	488	17.1	-1.013	-0.9661	480	0	0	NA	0	294	34.1	-0.04868	-0.006715	291	58	0.1993	0.04545	1.31	0.2721	-1
chrX	55000000	56000000	0.3962	-0.0433	0.0196	0	0.0556	0	1203	30.79	-0.05111	-0.002514	1191	872	0.7322	0.0625	21.28	797	17.29	-0.997	-0.9504	789	0	0	NA	0	752	34.3	-0.04002	0.004435	749	58	0.07744	0.06584	2.251	0.263	-1
chrX	56000000	57000000	0.3948	-0.0579	0.0148	0	0.0617	0	1221	30.56	-0.0622	-0.004975	1200	1034	0.8617	0.0641	26.76	287	16.59	-1.057	-0.996	278	0	0	NA	0	1139	33.79	-0.06168	0.0003575	1131	67	0.05924	0.07143	1.84	0.264	-1
chrX	57000000	58000000	0.3841	-0.0705	0.0381	0	0.0578	0	791	30.74	-0.05349	0.0126	781	610	0.781	0.05556	7.126	611	16.25	-1.087	-1.01	600	0	0	NA	0	401	33.64	-0.06813	0.007474	394	74	0.1878	0.06049	1.714	0.3103	-1.047
chrX	58000000	59000000	0.4078	-0.5265	0.2179	1	0.0568	0	308	20.17	-0.6618	NA	182	69	0.3791	0.08333	1.79	185	13.56	-1.348	NA	135	0	0	NA	0	340	23.31	-0.5974	NA	208	121	0.5817	0.05882	2.747	0.2946	-1.075
chrX	59000000	60000000	0.4063	-2.29	0.1761	1	0.0833	0	346	6.077	-2.392	NA	27	9	0.3333	0.1	NA	132	3.638	-3.246	NA	12	0	0	NA	NA	326	6.75	-2.385	NA	25	11	0.44	0.07143	NA	0.5146	-0.415
chrX	60000000	61000000	0.406	-2.395	0.1585	1	0.1012	1	406	5.627	-2.503	NA	26	13	0.5	NA	NA	155	3.054	-3.498	NA	13	0	0	NA	NA	369	6.592	-2.419	NA	36	23	0.6389	NA	NA	0.5025	-0.7244
chrX	61000000	62000000	0.4061	-2.332	0.1666	1	0.1028	1	489	5.725	-2.478	NA	43	17	0.3953	NA	1.235	179	3.523	-3.292	NA	19	0	0	NA	0	454	6.197	-2.509	NA	32	10	0.3125	NA	0.9766	0.1162	-0.8277
chrX	62000000	63000000	0.3876	-0.5569	0.1559	1	0.0909	1	632	15.49	-1.042	NA	277	97	0.3502	NA	0.9892	377	12.32	-1.486	NA	233	0	0	NA	0	641	24.16	-0.5456	NA	346	200	0.578	NA	1.633	0.05667	-1.104
chrX	63000000	64000000	0.3915	-0.1028	0.0585	0	0.0714	0	108	29.06	-0.1347	-0.0345	102	74	0.7255	0.07143	1.509	65	15.38	-1.166	-1.051	60	0	0	NA	0	121	33.03	-0.0946	0.004252	114	73	0.6404	0.08065	1.332	0.3943	-1.059
chrX	64000000	65000000	0.3935	-0.0999	0.021	0	0.0652	0	116	29.51	-0.1123	-0.01332	115	83	0.7217	0.0625	1.721	73	16.69	-1.048	-0.9407	72	0	0	NA	0	94	33.26	-0.08454	0.01348	93	35	0.3763	0.07143	0.8973	0.241	-1
chrX	65000000	66000000	0.4048	-0.0822	0.0432	0	0.0556	0	107	30.08	-0.08509	-0.0002593	105	69	0.6571	0.05556	1.52	63	17.51	-0.9787	-0.8937	60	0	0	NA	0	90	33.52	-0.07331	0.008166	89	24	0.2697	0.06566	0.6238	0.1895	-0.9614
chrX	66000000	67000000	0.3825	-0.0666	0.0251	0	0.0625	0	1101	30.77	-0.05244	0.0114	1094	922	0.8428	0.0625	9.754	439	16.8	-1.038	-0.9584	434	0	0	NA	0	881	33.74	-0.06368	0.00701	870	85	0.0977	0.06098	1.131	0.2713	-1.037
chrX	67000000	68000000	0.3784	-0.1009	0.0222	0	0.06	0	1060	29.8	-0.09865	-0.001179	1057	714	0.6755	0.06667	7.702	698	16.28	-1.084	-0.9713	685	0	0	NA	0	754	32.87	-0.1014	0.004064	746	213	0.2855	0.06667	3.256	0.3047	-0.9594
chrX	68000000	69000000	0.429	-0.085	0.018	0	0.0641	0	616	30.57	-0.06162	0.02663	603	474	0.7861	0.06	1.525	430	16.29	-1.083	-1.004	417	0	0	NA	0	506	33.34	-0.08092	-0.005273	498	356	0.7149	0.05556	1.386	0.2895	-1
chrX	69000000	70000000	0.4297	-0.0544	0.0312	0	0.0652	0	697	30.8	-0.05084	0.006434	693	157	0.2266	0.05556	0.9124	618	16.81	-1.037	-0.9902	609	0	0	NA	0	908	34.03	-0.05157	-0.006365	902	572	0.6341	0.05556	2.554	0.2787	-1.036
chrX	70000000	71000000	0.4147	-0.0494	0.0202	0	0.0625	0	895	31.06	-0.03889	0.01364	888	504	0.5676	0.06594	2.93	694	17.28	-0.9982	-0.9602	674	0	0	NA	0	759	33.91	-0.05645	-0.01071	755	185	0.245	0.0625	1.265	0.2538	-0.9511
chrX	71000000	72000000	0.4505	-0.0265	0.0213	0	0.06	0	550	31.08	-0.03754	-0.007379	532	243	0.4568	0.05814	1.299	502	17.31	-0.9957	-0.987	493	0	0	NA	0	426	34.11	-0.0481	-0.02939	418	125	0.299	0.06667	0.8505	0.2809	-0.9594
chrX	72000000	73000000	0.4233	-0.0665	0.0134	0	0.06	0	538	30.19	-0.07976	-0.008527	495	342	0.6909	0.05556	6.53	387	17.82	-0.954	-0.8932	353	0	0	NA	0	372	33.63	-0.06835	-0.01373	343	95	0.277	0.05556	2.618	0.2402	-0.8903
chrX	73000000	74000000	0.3906	-0.0864	0.0429	0	0.0556	0	431	30.54	-0.06284	0.02173	427	201	0.4707	0.07143	3.059	260	16.68	-1.049	-0.9539	257	0	0	NA	0	424	33.52	-0.07343	0.01536	418	50	0.1196	0.05051	0.7772	0.263	-1.044
chrX	74000000	75000000	0.4045	-0.0379	0.0178	0	0.0625	0	511	30.71	-0.05519	-0.01509	509	312	0.613	0.06	3.985	442	17	-1.021	-0.9805	430	0	0	NA	0	517	34.62	-0.0265	0.01121	513	339	0.6608	0.06522	4.297	0.2542	-1.04
chrX	75000000	76000000	0.3885	-0.0793	0.0292	0	0.0625	0	1091	30.47	-0.06657	0.00906	1090	566	0.5193	0.0625	8.362	879	16.28	-1.084	-0.9965	857	0	0	NA	0	1110	33.35	-0.08052	-0.00111	1104	574	0.5199	0.06522	8.372	0.2838	-1.047
chrX	76000000	77000000	0.3841	-0.0878	0.0315	0	0.0617	0	1635	30.34	-0.07246	0.01092	1618	1546	0.9555	0.06098	20.03	132	15.6	-1.146	-1.051	124	0	0	NA	0	2426	33.13	-0.09029	0.002619	2405	1500	0.6237	0.05882	13.08	0.3061	-1.152
chrX	77000000	78000000	0.3957	-0.066	0.0299	0	0.0556	0	532	30.79	-0.05126	0.01997	527	396	0.7514	0.0633	8.707	169	16.23	-1.088	-1.021	158	0	0	NA	0	1007	33.63	-0.06832	0.0004395	1001	811	0.8102	0.0625	9.388	0.3395	-1.036
chrX	78000000	79000000	0.3779	-0.0364	0.0389	0	0.0627	0	595	30.92	-0.04527	-0.01115	585	268	0.4581	0.05556	3.455	428	17.78	-0.9566	-0.9082	423	0	0	NA	0	650	34.14	-0.04665	-0.005756	638	254	0.3981	0.05882	3.002	0.2115	-0.9386
chrX	79000000	80000000	0.3658	-0.0415	0.0248	0	0.0625	0	1284	30.6	-0.06042	-0.03036	1278	973	0.7613	0.0625	2.276	610	16.92	-1.028	-0.9705	599	0	0	NA	0	1298	34.32	-0.03914	0.01382	1295	693	0.5351	0.06098	1.6	0.2479	-1
chrX	80000000	81000000	0.3736	-0.0842	0.0468	0	0.0625	0	350	30.68	-0.05663	0.01449	343	50	0.1458	0.08333	0.4668	330	16.3	-1.082	-0.9868	324	0	0	NA	0	585	32.55	-0.1155	-0.02113	583	316	0.542	0.06466	1.736	0.3192	-0.9526
chrX	81000000	82000000	0.3644	-0.1113	0.03	0	0.0652	0	903	29.64	-0.1063	-0.009075	901	173	0.192	0.06	1.088	820	16.06	-1.104	-0.9802	806	0	0	NA	0	919	32.16	-0.1332	-0.009624	915	187	0.2044	0.0625	1.159	0.2922	-1
chrX	82000000	83000000	0.3598	-0.1433	0.0361	0	0.0641	0	826	29.51	-0.1125	0.01675	810	431	0.5321	0.06667	2.402	756	15.19	-1.184	-1.019	720	0	0	NA	0	875	31.71	-0.1533	0.005776	857	471	0.5496	0.0641	2.481	0.3219	-1.051
chrX	83000000	84000000	0.3611	-0.1297	0.0462	0	0.0674	0	733	29.57	-0.1094	0.01148	707	385	0.5446	0.06	1.277	597	15.57	-1.148	-0.9961	581	0	0	NA	0	590	32.26	-0.1284	0.01779	580	315	0.5431	0.0625	1.274	0.3286	-1.054
chrX	84000000	85000000	0.3628	-0.1072	0.0359	0	0.0625	0	950	29.44	-0.1158	-0.01391	942	456	0.4841	0.06667	1.926	815	15.38	-1.166	-1.041	798	0	0	NA	0	1153	32.47	-0.1191	-0.001253	1148	941	0.8197	0.05882	3.262	0.2895	-1.087
chrX	85000000	86000000	0.3685	-0.116	0.0345	0	0.0641	0	1043	30.24	-0.07725	0.02844	1037	685	0.6606	0.05882	1.169	472	15.89	-1.119	-0.9906	463	0	0	NA	0	1225	32.42	-0.1213	0.006905	1216	660	0.5428	0.0641	0.9601	0.3429	-1.04
chrX	86000000	87000000	0.3632	-0.1202	0.0285	0	0.0647	0	1463	29.56	-0.1099	0.001285	1441	830	0.576	0.0641	1.154	933	15.71	-1.135	-0.9972	900	0	0	NA	0	1441	31.7	-0.1538	-0.02244	1408	914	0.6491	0.0625	1.3	0.3137	-1
chrX	87000000	88000000	0.3596	-0.1347	0.0374	0	0.061	0	1587	29.2	-0.1277	-0.0063	1578	207	0.1312	0.05882	0.4999	1506	15.31	-1.172	-1.016	1469	0	0	NA	0	1943	31.96	-0.1418	0.008703	1929	1239	0.6423	0.0625	2.448	0.2922	-1.047
chrX	88000000	89000000	0.3575	-0.1275	0.0358	0	0.0625	0	1329	29.38	-0.1188	-0.002513	1315	901	0.6852	0.0625	1.007	862	15.43	-1.161	-1.014	838	0	0	NA	0	1431	31.96	-0.1419	0.0009664	1416	932	0.6582	0.06522	0.9671	0.3155	-1
chrX	89000000	90000000	0.3562	-0.1369	0.0434	0	0.0667	0	1477	30.18	-0.08009	0.0472	1432	530	0.3701	0.06667	1.39	1286	15.54	-1.151	-0.9894	1232	0	0	NA	0	1992	31.37	-0.1687	-0.01104	1926	1527	0.7928	0.06667	2.978	0.3479	-1
chrX	90000000	91000000	0.3585	-0.1372	0.039	0	0.0667	0	823	29.96	-0.09054	0.03412	811	688	0.8483	0.07143	1.932	428	15.72	-1.134	-0.9777	418	0	0	NA	0	810	31.47	-0.1645	-0.01192	795	560	0.7044	0.05848	1.604	0.3853	-1.047
chrX	91000000	92000000	0.3613	-0.1292	0.0353	0	0.0652	0	1240	29.36	-0.1198	-0.001223	1230	1009	0.8203	0.0641	1.826	678	15.29	-1.174	-1.026	669	0	0	NA	0	805	31.58	-0.1595	-0.01306	797	231	0.2898	0.06522	0.6451	0.2838	-1.036
chrX	92000000	93000000	0.3608	-0.1309	0.0305	0	0.0667	0	1332	29.72	-0.1024	0.01786	1322	900	0.6808	0.0625	1.177	1051	15.37	-1.167	-1.014	1024	0	0	NA	0	1160	32.16	-0.133	0.01471	1151	764	0.6638	0.05556	1.147	0.3103	-1.07
chrX	93000000	94000000	0.364	-0.1372	0.0203	0	0.0625	0	1051	29.69	-0.1037	0.02114	1049	705	0.6721	0.0625	1.303	777	15.55	-1.151	-0.9962	760	0	0	NA	0	961	31.99	-0.1406	0.008729	955	507	0.5309	0.05556	1.029	0.3081	-1.087
chrX	94000000	95000000	0.3611	-0.106	0.0646	0	0.0652	0	734	29.95	-0.0914	0.005816	734	190	0.2589	0.05263	1.249	656	15.59	-1.147	-1.019	647	0	0	NA	0	699	32.16	-0.1328	-0.01034	698	130	0.1862	0.07359	0.8984	0.3281	-1.053
chrX	95000000	96000000	0.3591	-0.1071	0.0396	0	0.0652	0	733	29.73	-0.102	-0.008234	721	318	0.4411	0.05556	1.107	639	15.63	-1.142	-1.014	625	0	0	NA	0	748	31.96	-0.142	-0.02107	735	354	0.4816	0.0625	1.208	0.2922	-1
chrX	96000000	97000000	0.37	-0.1044	0.0314	0	0.0641	0	913	30.38	-0.0706	0.02428	899	558	0.6207	0.06667	1.006	620	16.04	-1.105	-0.9854	595	0	0	NA	0	952	32.85	-0.1022	0.007185	943	671	0.7116	0.0641	1.154	0.3165	-1.042
chrX	97000000	98000000	0.3777	-0.0653	0.0372	0	0.0625	0	577	30.54	-0.06297	5.63e-05	575	318	0.553	0.0625	1.773	410	16.35	-1.078	-1.001	399	0	0	NA	0	598	33.59	-0.0704	-0.0009466	594	448	0.7542	0.05556	2.418	0.2986	-1.037
chrX	98000000	99000000	0.365	-0.119	0.025	0	0.0652	0	813	29.11	-0.1324	-0.02875	794	339	0.427	0.06522	1.33	628	15.77	-1.13	-0.9949	607	0	0	NA	0	808	32.59	-0.1138	0.01665	792	253	0.3194	0.05263	0.9952	0.2345	-1.042
chrX	99000000	100000000	0.36	-0.1288	0.0321	0	0.0639	0	465	30.13	-0.08243	0.03136	463	81	0.1749	0.05556	1.245	424	15.25	-1.179	-1.03	414	0	0	NA	0	501	32.2	-0.1312	0.01335	498	112	0.2249	0.06386	1.601	0.3219	-1.076
chrX	100000000	101000000	0.3987	-0.0582	0.0302	0	0.0625	0	848	30.89	-0.04642	0.01042	844	527	0.6244	0.0625	1.59	493	16.55	-1.06	-0.9977	479	0	0	NA	0	811	33.71	-0.06507	-0.007446	807	285	0.3532	0.06	0.8993	0.2937	-1
chrX	101000000	102000000	0.4088	-0.043	0.0138	0	0.0588	0	808	31.03	-0.04014	0.006907	798	260	0.3258	0.06125	0.7164	669	16.9	-1.03	-0.9853	658	0	0	NA	0	849	34.57	-0.02877	0.008083	844	538	0.6374	0.0641	1.402	0.273	-1
chrX	102000000	103000000	0.4027	-0.1002	0.0231	0	0.061	0	442	29.91	-0.09313	0.005487	411	86	0.2092	0.1061	1.317	386	16.27	-1.085	-0.9886	372	0	0	NA	0	412	33.21	-0.08666	0.01066	392	44	0.1122	0.04416	0.7064	0.2996	-1
chrX	103000000	104000000	0.4079	-0.0583	0.0337	0	0.0641	0	630	30.89	-0.04642	0.007787	618	446	0.7217	0.06386	2.385	411	16.85	-1.035	-0.9763	403	0	0	NA	0	637	33.62	-0.06877	-0.01464	622	382	0.6141	0.05263	2.03	0.2459	-0.9604
chrX	104000000	105000000	0.3991	-0.098	0.0421	0	0.0625	0	626	30.14	-0.08228	0.01436	623	440	0.7063	0.05882	3.008	285	15.91	-1.118	-1.016	281	0	0	NA	0	616	32.93	-0.09899	-0.00157	612	429	0.701	0.06	2.985	0.263	-1
chrX	105000000	106000000	0.3703	-0.1087	0.0297	0	0.0572	0	296	30.26	-0.07641	0.02277	294	78	0.2653	0.0633	0.7492	235	16.04	-1.106	-0.9837	229	0	0	NA	0	311	32.66	-0.1106	0.005011	306	208	0.6797	0.05409	1.92	0.3219	-1.064
chrX	106000000	107000000	0.3806	-0.1079	0.0283	0	0.0667	0	157	28.88	-0.1435	-0.04522	153	17	0.1111	0.06	0.9587	147	15.94	-1.114	-0.9991	142	0	0	NA	0	203	32.19	-0.1318	-0.01996	190	99	0.5211	0.07692	4.496	0.2863	-1
chrX	107000000	108000000	0.4169	-0.0175	0.0269	0	0.0585	0	313	31.78	-0.005734	0.00858	312	256	0.8205	0.0625	3.652	87	17.83	-0.9528	-0.9428	87	0	0	NA	0	335	35.14	-0.00518	0.008445	334	259	0.7754	0.05556	3.451	0.2125	-1
chrX	108000000	109000000	0.3793	-0.0491	0.0351	0	0.0556	0	500	30.56	-0.06226	-0.02024	490	170	0.3469	0.06757	3.566	360	16.77	-1.041	-0.9803	346	0	0	NA	0	509	34.48	-0.03269	0.02173	503	64	0.1272	0.0599	1.308	0.2295	-1.036
chrX	109000000	110000000	0.3941	-0.0214	0.0175	0	0.0625	0	923	31.22	-0.03129	-0.01402	916	490	0.5349	0.07143	2.316	653	17.45	-0.9839	-0.9595	645	0	0	NA	0	821	34.59	-0.02807	-0.008543	819	339	0.4139	0.05882	1.792	0.263	-1
chrX	110000000	111000000	0.3989	-0.0154	0.0348	0	0.0633	0	820	30.87	-0.04755	-0.0324	812	594	0.7315	0.0625	2.348	310	17.68	-0.9648	-0.9469	309	0	0	NA	0	777	34.78	-0.02012	-0.005439	766	141	0.1841	0.04839	0.5909	0.2035	-1
chrX	111000000	112000000	0.3886	-0.0747	0.0271	0	0.0699	0	649	30.3	-0.07447	-0.002537	644	521	0.809	0.05882	3.295	174	16.65	-1.052	-0.9684	170	0	0	NA	0	648	33.33	-0.08141	-0.005504	643	509	0.7916	0.0625	3.224	0.3306	-1
chrX	112000000	113000000	0.3927	-0.1006	0.0271	0	0.0641	0	633	30.04	-0.08677	0.01238	630	479	0.7603	0.06	1.194	216	15.28	-1.175	-1.067	203	0	0	NA	0	698	33.67	-0.06674	0.03295	695	507	0.7295	0.05556	1.146	0.3383	-1.119
chrX	113000000	114000000	0.3698	-0.0837	0.0285	0	0.0594	0	1025	30.38	-0.07084	0.002211	1013	439	0.4334	0.05556	1.61	787	15.81	-1.126	-1.026	778	0	0	NA	0	1163	33.26	-0.08452	0.006091	1154	575	0.4983	0.06098	1.851	0.3155	-1.054
chrX	114000000	115000000	0.3609	-0.1264	0.0332	0	0.0652	0	1251	29.89	-0.09392	0.02228	1233	882	0.7153	0.0625	2.313	1187	15.57	-1.148	-1	1140	0	0	NA	0	1245	32.3	-0.1269	0.01794	1231	993	0.8067	0.0625	2.608	0.3198	-1.042
chrX	115000000	116000000	0.4107	-0.0763	0.0307	0	0.0605	0	885	30.24	-0.07706	-0.001483	856	492	0.5748	0.06	1.801	508	16.56	-1.06	-0.9895	487	0	0	NA	0	1011	33.8	-0.06121	0.01502	989	654	0.6613	0.05792	2.072	0.2863	-1.036
chrX	116000000	117000000	0.3658	-0.087	0.0158	0	0.061	0	1401	30.78	-0.05176	0.0238	1395	982	0.7039	0.0625	1.652	836	16.18	-1.093	-0.9893	816	0	0	NA	0	1672	33.06	-0.09315	0.005319	1651	1016	0.6154	0.05941	1.444	0.3276	-1
chrX	117000000	118000000	0.374	-0.0705	0.0312	0	0.0633	0	525	30.66	-0.05753	0.0008164	521	285	0.547	0.0641	1.452	411	16.23	-1.088	-1.009	404	0	0	NA	0	1331	33.33	-0.08132	-0.0006628	1319	1188	0.9007	0.06098	2.391	0.273	-1.054
chrX	118000000	119000000	0.407	-0.0083	0.0348	0	0.0625	0	492	31.94	0.001728	0.01038	490	272	0.5551	0.0625	0.9355	354	17.59	-0.9725	-0.9646	352	0	0	NA	0	708	34.77	-0.02023	-0.01603	701	481	0.6862	0.06098	1.156	0.3219	-0.9594
chrX	119000000	120000000	0.4411	0.0408	0.0342	0	0.0633	0	955	32.08	0.008092	-0.03012	946	430	0.4545	0.06	1.5	747	18	-0.9388	-0.9881	726	0	0	NA	0	929	36.45	0.04776	0.001912	914	433	0.4737	0.05814	1.564	0.2442	-1.036
chrX	120000000	121000000	0.416	-0.035	0.0303	0	0.0714	0	524	30.96	-0.04325	-0.008891	516	319	0.6182	0.05882	1.515	455	17.78	-0.9566	-0.9253	443	0	0	NA	0	560	34.13	-0.04731	-0.01505	541	391	0.7227	0.06098	1.771	0.2263	-0.9027
chrX	121000000	122000000	0.3703	-0.0615	0.0232	0	0.06	0	997	30.85	-0.04834	0.003643	994	893	0.8984	0.0625	2.191	759	16.43	-1.071	-0.9959	748	0	0	NA	0	390	32.89	-0.1005	-0.03206	388	73	0.1881	0.06667	0.4589	0.3344	-1.093
chrX	122000000	123000000	0.3688	-0.0955	0.0495	0	0.0652	0	1094	30.55	-0.0625	0.02309	1088	825	0.7583	0.06	1.527	852	16.47	-1.067	-0.9536	835	0	0	NA	0	699	32.52	-0.1167	-0.009924	695	360	0.518	0.06507	1.043	0.2713	-0.9569
chrX	123000000	124000000	0.4011	-0.0772	0.0119	0	0.0667	0	679	30.46	-0.06697	0.01036	664	347	0.5226	0.0625	1.183	497	16.01	-1.108	-1.032	480	0	0	NA	0	765	33.9	-0.0569	0.02044	755	381	0.5046	0.05882	1.142	0.268	-1.051
chrX	124000000	125000000	0.3781	-0.0756	0.0296	0	0.0625	0	663	30.36	-0.07142	0.001898	656	425	0.6479	0.0625	1.219	577	16.64	-1.052	-0.9646	561	0	0	NA	0	484	33.73	-0.0644	0.0176	479	284	0.5929	0.06098	1.116	0.2329	-0.9676
chrX	125000000	126000000	0.3652	-0.1199	0.0299	0	0.0594	0	892	30.26	-0.07637	0.02819	891	582	0.6532	0.0625	1.286	636	16.02	-1.108	-0.9693	632	0	0	NA	0	704	31.91	-0.1443	-0.01556	693	294	0.4242	0.06522	0.835	0.3479	-1.037
chrX	126000000	127000000	0.3598	-0.149	0.0313	0	0.06	0	1257	29.72	-0.1022	0.03283	1242	879	0.7077	0.0625	1.322	578	15.47	-1.158	-0.9869	555	0	0	NA	0	1258	31.54	-0.1611	0.003685	1248	843	0.6755	0.05882	1.261	0.3058	-1.046
chrX	127000000	128000000	0.3547	-0.1292	0.033	0	0.06	0	1327	30.03	-0.08752	0.0303	1321	1121	0.8486	0.06667	2.518	1137	15.73	-1.134	-0.9818	1119	0	0	NA	0	567	31.87	-0.1459	0.005754	562	243	0.4324	0.05814	1.283	0.3053	-1.054
chrX	128000000	129000000	0.3696	-0.0871	0.0236	0	0.0652	0	741	30.44	-0.06766	0.009117	731	392	0.5363	0.06522	1.761	592	16.51	-1.064	-0.9611	573	0	0	NA	0	677	32.9	-0.1001	-0.006838	673	428	0.636	0.06667	2.089	0.2996	-1
chrX	129000000	130000000	0.4218	-0.0319	0.0253	0	0.0646	0	691	31.66	-0.01119	0.02563	690	477	0.6913	0.06667	1.261	476	17.42	-0.9864	-0.9618	465	0	0	NA	0	540	34.78	-0.01997	0.003458	536	399	0.7444	0.06098	1.358	0.2943	-0.9175
chrX	130000000	131000000	0.415	-0.0083	0.0288	0	0.0556	0	438	31.28	-0.02867	-0.01725	427	348	0.815	0.05556	4.393	175	18.24	-0.9202	-0.9217	174	0	0	NA	0	405	34.39	-0.03624	-0.03151	400	264	0.66	0.05556	3.558	0.2345	-1
chrX	131000000	132000000	0.393	-0.0594	0.0218	0	0.06	0	853	30.99	-0.04203	0.01894	840	734	0.8738	0.06307	1.889	576	16.86	-1.033	-0.966	566	0	0	NA	0	835	33.99	-0.05307	0.005788	830	625	0.753	0.06667	1.627	0.2975	-1
chrX	132000000	133000000	0.3947	-0.0741	0.023	0	0.06	0	370	30.74	-0.05348	0.01984	367	332	0.9046	0.0641	3.16	143	16.48	-1.066	-0.9891	139	0	0	NA	0	360	33.41	-0.0779	-8.968e-05	357	161	0.451	0.0641	1.575	0.2922	-1
chrX	133000000	134000000	0.4098	-0.0891	0.042	0	0.0588	0	193	29.97	-0.09002	0.0002619	190	143	0.7526	0.0625	2.018	82	16.44	-1.07	-0.981	81	0	0	NA	0	496	34	-0.05259	0.03349	493	368	0.7465	0.05882	2.001	0.241	-1
chrX	134000000	135000000	0.4104	-0.0227	0.0255	0	0.0556	0	569	31.51	-0.0178	0.00557	569	434	0.7627	0.0633	1.518	423	17.28	-0.9982	-0.9813	414	0	0	NA	0	436	34.03	-0.05127	-0.03072	435	283	0.6506	0.06522	1.294	0.3244	-1
chrX	135000000	136000000	0.4169	-0.0377	0.0149	0	0.0625	0	615	31.07	-0.03821	-0.003694	579	184	0.3178	0.06174	1.312	472	17.21	-1.004	-0.9736	452	0	0	NA	0	681	34.45	-0.03387	-4.451e-05	645	233	0.3612	0.05882	1.491	0.2421	-1
chrX	136000000	137000000	0.4118	-0.0251	0.0298	0	0.0625	0	618	31.2	-0.03213	-0.002139	617	371	0.6013	0.06	1.631	467	17.29	-0.9973	-0.9779	460	0	0	NA	0	504	33.89	-0.0572	-0.03851	500	213	0.426	0.05882	1.155	0.2801	-0.9615
chrX	137000000	138000000	0.4004	-0.0492	0.0213	0	0.0652	0	868	31.29	-0.02808	0.02234	864	490	0.5671	0.05882	2.854	709	16.98	-1.024	-0.9719	698	0	0	NA	0	746	33.7	-0.06557	-0.01829	739	362	0.4899	0.06667	2.465	0.2538	-0.9668
chrX	138000000	139000000	0.3817	-0.0896	0.039	0	0.0641	0	620	30.54	-0.06304	0.02448	616	375	0.6088	0.0641	2.182	445	16.1	-1.1	-1	436	0	0	NA	0	648	32.79	-0.1051	-0.01134	636	336	0.5283	0.05291	1.894	0.3071	-1
chrX	139000000	140000000	0.3908	-0.0796	0.0109	0	0.0652	0	1048	30.09	-0.08437	-0.006593	1042	808	0.7754	0.06522	2.159	757	16.16	-1.095	-1.007	740	0	0	NA	0	692	33.16	-0.08888	-0.006883	683	244	0.3572	0.05814	0.9946	0.2224	-1
chrX	140000000	141000000	0.3954	-0.1123	0.035	0	0.0617	0	833	29.7	-0.1035	0.01304	813	436	0.5363	0.07143	1.121	674	15.54	-1.151	-1.036	643	0	0	NA	0	838	32.45	-0.1201	-0.004692	824	459	0.557	0.05556	1.164	0.273	-1.093
chrX	141000000	142000000	0.385	-0.1464	0.0557	0	0.0654	0	1365	28.88	-0.1438	-0.004282	1159	747	0.6445	0.07576	1.734	794	15.05	-1.198	-1.045	691	0	0	NA	0	1212	30.59	-0.2052	-0.05428	1133	429	0.3786	0.06	1.018	0.344	-1
chrX	142000000	143000000	0.3751	-0.1307	0.0236	0	0.0647	0	1453	29.5	-0.1132	0.0116	1438	848	0.5897	0.06667	1.326	1036	15.36	-1.168	-1.027	990	0	0	NA	0	1393	32.29	-0.1274	0.01051	1374	882	0.6419	0.0625	1.443	0.3061	-1.044
chrX	143000000	144000000	0.3727	-0.1205	0.0286	0	0.06	0	1627	29.88	-0.09466	0.02055	1599	1019	0.6373	0.06604	1.387	1254	15.59	-1.146	-1.017	1215	0	0	NA	0	1257	32.24	-0.1296	-0.005256	1231	752	0.6109	0.05941	1.329	0.3047	-1.087
chrX	144000000	145000000	0.3634	-0.2015	0.0439	0	0.0667	0	1544	28.51	-0.1622	0.03148	1471	963	0.6547	0.06522	1.768	1050	14.75	-1.227	-1.007	967	0	0	NA	0	1373	30.39	-0.2145	-0.001927	1303	814	0.6247	0.06667	1.687	0.3165	-1.051
chrX	145000000	146000000	0.3765	-0.1261	0.0423	0	0.0625	0	1299	30.03	-0.08737	0.03282	1286	813	0.6322	0.05556	1.334	951	15.52	-1.153	-1.018	927	0	0	NA	0	1187	31.92	-0.1439	-0.01191	1178	605	0.5136	0.05882	1.084	0.3219	-1.087
chrX	146000000	147000000	0.3745	-0.1223	0.0303	0	0.0625	0	1738	29.79	-0.09891	0.01123	1717	1168	0.6803	0.0625	1.581	1130	15.39	-1.165	-1.034	1103	0	0	NA	0	1531	31.69	-0.1542	-0.02213	1507	1022	0.6782	0.0625	1.576	0.3286	-1.036
chrX	147000000	148000000	0.3758	-0.1246	0.0478	0	0.0625	0	948	29.89	-0.09394	0.02528	936	623	0.6656	0.06667	1.292	712	15.81	-1.126	-0.9915	688	0	0	NA	0	741	32.44	-0.1207	0.007365	731	461	0.6306	0.05882	1.224	0.3081	-1
chrX	148000000	149000000	0.3881	-0.0881	0.0265	0	0.0659	0	978	30.02	-0.08789	-0.006453	968	719	0.7428	0.06667	2.07	555	15.98	-1.111	-1.016	537	0	0	NA	0	890	32.7	-0.1091	-0.01928	870	559	0.6425	0.05882	1.79	0.2955	-1.037
chrX	149000000	150000000	0.4214	-0.0667	0.0473	0	0.0646	0	926	30.08	-0.08473	-0.0145	878	668	0.7608	0.06667	21.02	520	16.94	-1.027	-0.9673	493	0	0	NA	0	598	33.17	-0.08829	-0.02852	577	8	0.01386	0.09715	0.383	0.2846	-0.9526
chrX	150000000	151000000	0.4357	-0.0136	0.0243	0	0.0594	0	906	31.73	-0.007831	0.0112	897	523	0.5831	0.06	1.371	609	17.5	-0.9801	-0.9767	593	0	0	NA	0	869	34.89	-0.01541	-0.001169	855	448	0.524	0.0625	1.232	0.2895	-0.9581
chrX	151000000	152000000	0.419	-0.0587	0.0444	0	0.061	0	1433	31.02	-0.04057	0.0194	1409	1077	0.7644	0.05556	1.397	937	16.83	-1.036	-0.9846	907	0	0	NA	0	1213	33.88	-0.05792	1.863e-05	1193	771	0.6463	0.0641	1.181	0.3034	-1.04
chrX	152000000	153000000	0.4153	-0.0747	0.0399	0	0.06	0	1153	30.38	-0.07065	0.004838	1114	874	0.7846	0.0625	2.421	877	16.73	-1.045	-0.9756	829	0	0	NA	0	652	33.69	-0.06589	0.006737	628	298	0.4745	0.0625	1.464	0.2676	-1
chrX	153000000	154000000	0.5194	0.0909	0.0674	0	0.0588	0	827	33.86	0.08571	0.02353	795	414	0.5208	0.05882	1.066	592	19.75	-0.8055	-0.9484	576	0	0	NA	0	840	37.05	0.07119	-0.03119	817	478	0.5851	0.06	1.197	0.2466	-0.9005
chrX	154000000	155000000	0.4832	0.0363	0.0533	0	0.0556	0	309	32.05	0.006488	-0.008496	287	42	0.1463	0.05941	1.23	275	19.25	-0.8424	-0.9097	262	0	0	NA	0	363	35.67	0.01631	-0.02884	344	144	0.4186	0.05556	3.518	0.241	-0.8875
chrX	155000000	156000000	0.3885	-0.0513	0.0401	0	0.0667	0	913	31.7	-0.009211	0.03842	889	373	0.4196	0.06757	10.33	915	25.02	-0.4638	-0.4045	886	343	0.3871	0.0625	9.535	922	34.04	-0.05112	0.0002873	879	264	0.3003	0.06431	7.398	0.1548	-0.6323
chrX	156000000	156040895	0.5521	NA	NA	1	NA	0	105	23.3	-0.4533	NA	52	31	0.5962	0.06	NA	65	23.97	-0.5256	NA	36	9	0.25	0.0625	NA	97	26.12	-0.4332	NA	67	35	0.5224	0.1154	NA	-0.04474	0.02091
chrY	0	1000000	0.4898	NA	NA	1	NA	0	0	NA	NA	NA	0	0	NA	NA	NA	0	NA	NA	NA	0	0	NA	NA	NA	0	NA	NA	NA	0	0	NA	NA	NA	NA	NA
chrY	1000000	2000000	0.4827	NA	NA	1	NA	0	0	NA	NA	NA	0	0	NA	NA	NA	0	NA	NA	NA	0	0	NA	NA	NA	0	NA	NA	NA	0	0	NA	NA	NA	NA	NA
chrY	2000000	3000000	0.4465	NA	NA	1	NA	0	0	NA	NA	NA	0	0	NA	NA	NA	27	12.59	-1.455	NA	23	0	0	NA	NA	0	NA	NA	NA	0	0	NA	NA	NA	NA	NA
chrY	3000000	4000000	0.3606	-0.074	0.1037	1	NA	0	0	NA	NA	NA	0	0	NA	NA	NA	89	15.96	-1.112	NA	83	0	0	NA	NA	0	NA	NA	NA	0	0	NA	NA	NA	NA	NA
chrY	4000000	5000000	0.3603	-0.1699	0.1483	1	NA	0	0	NA	NA	NA	0	0	NA	NA	NA	87	15.81	-1.126	NA	83	0	0	NA	NA	0	NA	NA	NA	0	0	NA	NA	NA	NA	NA
chrY	5000000	6000000	0.3595	-0.178	0.0415	0	NA	0	0	NA	NA	NA	0	0	NA	NA	NA	89	15.15	-1.188	-0.9881	83	0	0	NA	NA	0	NA	NA	NA	0	0	NA	NA	NA	NA	NA
chrY	6000000	7000000	0.3888	-0.119	0.0615	0	NA	0	0	NA	NA	NA	0	0	NA	NA	NA	78	16.12	-1.098	-0.9701	71	0	0	NA	NA	0	NA	NA	NA	0	0	NA	NA	NA	NA	NA
chrY	7000000	8000000	0.4144	-0.0244	0.1181	1	NA	0	0	NA	NA	NA	0	0	NA	NA	NA	104	16.5	-1.065	NA	96	0	0	NA	NA	0	NA	NA	NA	0	0	NA	NA	NA	NA	NA
chrY	8000000	9000000	0.4069	-0.1073	0.0533	0	NA	0	0	NA	NA	NA	0	0	NA	NA	NA	101	16.11	-1.099	-0.9919	101	0	0	NA	NA	0	NA	NA	NA	0	0	NA	NA	NA	NA	NA
chrY	9000000	10000000	0.4187	-0.1153	0.0131	0	NA	0	0	NA	NA	NA	0	0	NA	NA	NA	97	16.08	-1.101	-0.9959	69	0	0	NA	NA	0	NA	NA	NA	0	0	NA	NA	NA	NA	NA
chrY	10000000	11000000	0.411	0.4313	0.1314	1	NA	0	0	NA	NA	NA	0	0	NA	NA	NA	532	24.82	-0.4753	NA	418	0	0	NA	NA	0	NA	NA	NA	0	0	NA	NA	NA	NA	NA
chrY	11000000	12000000	0.4146	2.017	0.0808	0	NA	0	0	NA	NA	NA	0	0	NA	NA	NA	1763	63.79	0.8862	-1.142	1436	0	0	NA	NA	0	NA	NA	NA	0	0	NA	NA	NA	NA	NA
chrY	12000000	13000000	0.4065	-0.1031	0.0415	0	NA	0	0	NA	NA	NA	0	0	NA	NA	NA	112	16.5	-1.065	-0.9615	106	0	0	NA	NA	0	NA	NA	NA	0	0	NA	NA	NA	NA	NA
chrY	13000000	14000000	0.3883	-0.0531	0.0509	0	NA	0	0	NA	NA	NA	0	0	NA	NA	NA	71	17.72	-0.9617	-0.9007	70	0	0	NA	NA	0	NA	NA	NA	0	0	NA	NA	NA	NA	NA
chrY	14000000	15000000	0.3858	-0.1173	0.0248	0	NA	0	0	NA	NA	NA	0	0	NA	NA	NA	92	15.82	-1.125	-1.004	88	0	0	NA	NA	0	NA	NA	NA	0	0	NA	NA	NA	NA	NA
chrY	15000000	16000000	0.3893	-0.1388	0.0171	0	NA	0	0	NA	NA	NA	0	0	NA	NA	NA	111	15.1	-1.192	-1.045	104	0	0	NA	NA	0	NA	NA	NA	0	0	NA	NA	NA	NA	NA
chrY	16000000	17000000	0.3762	-0.1359	0.0321	0	NA	0	0	NA	NA	NA	0	0	NA	NA	NA	79	15.1	-1.192	-1.046	74	0	0	NA	NA	0	NA	NA	NA	0	0	NA	NA	NA	NA	NA
chrY	17000000	18000000	0.3898	-0.1857	0.0233	0	NA	0	0	NA	NA	NA	0	0	NA	NA	NA	48	15.03	-1.199	-1.005	43	0	0	NA	NA	0	NA	NA	NA	0	0	NA	NA	NA	NA	NA
chrY	18000000	19000000	0.3891	NA	NA	1	NA	0	0	NA	NA	NA	0	0	NA	NA	NA	31	13.16	-1.391	NA	23	0	0	NA	NA	0	NA	NA	NA	0	0	NA	NA	NA	NA	NA
chrY	19000000	20000000	0.3862	-0.0877	0.0227	0	NA	0	0	NA	NA	NA	0	0	NA	NA	NA	111	16.27	-1.085	-0.9922	109	0	0	NA	NA	0	NA	NA	NA	0	0	NA	NA	NA	NA	NA
chrY	20000000	21000000	0.3968	-0.6567	0.1212	1	NA	0	0	NA	NA	NA	0	0	NA	NA	NA	606	12.65	-1.448	NA	343	0	0	NA	NA	0	NA	NA	NA	0	0	NA	NA	NA	NA	NA
chrY	21000000	22000000	0.3979	-0.1316	0.0128	0	NA	0	0	NA	NA	NA	0	0	NA	NA	NA	57	14.83	-1.219	-1.081	47	0	0	NA	NA	0	NA	NA	NA	0	0	NA	NA	NA	NA	NA
chrY	22000000	23000000	0.3997	-0.8208	NA	1	NA	0	0	NA	NA	NA	0	0	NA	NA	NA	43	9.556	-1.853	NA	23	0	0	NA	NA	0	NA	NA	NA	0	0	NA	NA	NA	NA	NA
chrY	23000000	24000000	0.3804	NA	NA	1	NA	0	0	NA	NA	NA	0	0	NA	NA	NA	13	6	-2.524	NA	6	0	0	NA	NA	0	NA	NA	NA	0	0	NA	NA	NA	NA	NA
chrY	24000000	25000000	0.4021	NA	NA	1	NA	0	0	NA	NA	NA	0	0	NA	NA	NA	21	7.077	-2.286	NA	8	0	0	NA	NA	0	NA	NA	NA	0	0	NA	NA	NA	NA	NA
chrY	25000000	26000000	0.3982	NA	NA	1	NA	0	0	NA	NA	NA	0	0	NA	NA	NA	16	4.3	-3.005	NA	2	0	0	NA	NA	0	NA	NA	NA	0	0	NA	NA	NA	NA	NA
chrY	26000000	27000000	0.3897	2.089	0.1808	1	NA	0	0	NA	NA	NA	0	0	NA	NA	NA	235	51.89	0.5882	NA	165	0	0	NA	NA	0	NA	NA	NA	0	0	NA	NA	NA	NA	NA
chrY	27000000	28000000	NA	NA	NA	1	NA	0	0	NA	NA	NA	0	0	NA	NA	NA	0	NA	NA	NA	0	0	NA	NA	NA	0	NA	NA	NA	0	0	NA	NA	NA	NA	NA
chrY	28000000	29000000	NA	NA	NA	1	NA	0	0	NA	NA	NA	0	0	NA	NA	NA	0	NA	NA	NA	0	0	NA	NA	NA	0	NA	NA	NA	0	0	NA	NA	NA	NA	NA
chrY	29000000	30000000	NA	NA	NA	1	NA	0	0	NA	NA	NA	0	0	NA	NA	NA	0	NA	NA	NA	0	0	NA	NA	NA	0	NA	NA	NA	0	0	NA	NA	NA	NA	NA
chrY	30000000	31000000	NA	NA	NA	1	NA	0	0	NA	NA	NA	0	0	NA	NA	NA	0	NA	NA	NA	0	0	NA	NA	NA	0	NA	NA	NA	0	0	NA	NA	NA	NA	NA
chrY	31000000	32000000	NA	NA	NA	1	NA	0	0	NA	NA	NA	0	0	NA	NA	NA	0	NA	NA	NA	0	0	NA	NA	NA	0	NA	NA	NA	0	0	NA	NA	NA	NA	NA
chrY	32000000	33000000	NA	NA	NA	1	NA	0	0	NA	NA	NA	0	0	NA	NA	NA	0	NA	NA	NA	0	0	NA	NA	NA	0	NA	NA	NA	0	0	NA	NA	NA	NA	NA
chrY	33000000	34000000	NA	NA	NA	1	NA	0	0	NA	NA	NA	0	0	NA	NA	NA	0	NA	NA	NA	0	0	NA	NA	NA	0	NA	NA	NA	0	0	NA	NA	NA	NA	NA
chrY	34000000	35000000	NA	NA	NA	1	NA	0	0	NA	NA	NA	0	0	NA	NA	NA	0	NA	NA	NA	0	0	NA	NA	NA	0	NA	NA	NA	0	0	NA	NA	NA	NA	NA
chrY	35000000	36000000	NA	NA	NA	1	NA	0	0	NA	NA	NA	0	0	NA	NA	NA	0	NA	NA	NA	0	0	NA	NA	NA	0	NA	NA	NA	0	0	NA	NA	NA	NA	NA
chrY	36000000	37000000	NA	NA	NA	1	NA	0	0	NA	NA	NA	0	0	NA	NA	NA	0	NA	NA	NA	0	0	NA	NA	NA	0	NA	NA	NA	0	0	NA	NA	NA	NA	NA
chrY	37000000	38000000	NA	NA	NA	1	NA	0	0	NA	NA	NA	0	0	NA	NA	NA	0	NA	NA	NA	0	0	NA	NA	NA	0	NA	NA	NA	0	0	NA	NA	NA	NA	NA
chrY	38000000	39000000	NA	NA	NA	1	NA	0	0	NA	NA	NA	0	0	NA	NA	NA	0	NA	NA	NA	0	0	NA	NA	NA	0	NA	NA	NA	0	0	NA	NA	NA	NA	NA
chrY	39000000	40000000	NA	NA	NA	1	NA	0	0	NA	NA	NA	0	0	NA	NA	NA	0	NA	NA	NA	0	0	NA	NA	NA	0	NA	NA	NA	0	0	NA	NA	NA	NA	NA
chrY	40000000	41000000	NA	NA	NA	1	NA	0	0	NA	NA	NA	0	0	NA	NA	NA	0	NA	NA	NA	0	0	NA	NA	NA	0	NA	NA	NA	0	0	NA	NA	NA	NA	NA
chrY	41000000	42000000	NA	NA	NA	1	NA	0	0	NA	NA	NA	0	0	NA	NA	NA	0	NA	NA	NA	0	0	NA	NA	NA	0	NA	NA	NA	0	0	NA	NA	NA	NA	NA
chrY	42000000	43000000	NA	NA	NA	1	NA	0	0	NA	NA	NA	0	0	NA	NA	NA	0	NA	NA	NA	0	0	NA	NA	NA	0	NA	NA	NA	0	0	NA	NA	NA	NA	NA
chrY	43000000	44000000	NA	NA	NA	1	NA	0	0	NA	NA	NA	0	0	NA	NA	NA	0	NA	NA	NA	0	0	NA	NA	NA	0	NA	NA	NA	0	0	NA	NA	NA	NA	NA
chrY	44000000	45000000	NA	NA	NA	1	NA	0	0	NA	NA	NA	0	0	NA	NA	NA	0	NA	NA	NA	0	0	NA	NA	NA	0	NA	NA	NA	0	0	NA	NA	NA	NA	NA
chrY	45000000	46000000	NA	NA	NA	1	NA	0	0	NA	NA	NA	0	0	NA	NA	NA	0	NA	NA	NA	0	0	NA	NA	NA	0	NA	NA	NA	0	0	NA	NA	NA	NA	NA
chrY	46000000	47000000	NA	NA	NA	1	NA	0	0	NA	NA	NA	0	0	NA	NA	NA	0	NA	NA	NA	0	0	NA	NA	NA	0	NA	NA	NA	0	0	NA	NA	NA	NA	NA
chrY	47000000	48000000	NA	NA	NA	1	NA	0	0	NA	NA	NA	0	0	NA	NA	NA	0	NA	NA	NA	0	0	NA	NA	NA	0	NA	NA	NA	0	0	NA	NA	NA	NA	NA
chrY	48000000	49000000	NA	NA	NA	1	NA	0	0	NA	NA	NA	0	0	NA	NA	NA	0	NA	NA	NA	0	0	NA	NA	NA	0	NA	NA	NA	0	0	NA	NA	NA	NA	NA
chrY	49000000	50000000	NA	NA	NA	1	NA	0	0	NA	NA	NA	0	0	NA	NA	NA	0	NA	NA	NA	0	0	NA	NA	NA	0	NA	NA	NA	0	0	NA	NA	NA	NA	NA
chrY	50000000	51000000	NA	NA	NA	1	NA	0	0	NA	NA	NA	0	0	NA	NA	NA	0	NA	NA	NA	0	0	NA	NA	NA	0	NA	NA	NA	0	0	NA	NA	NA	NA	NA
chrY	51000000	52000000	NA	NA	NA	1	NA	0	0	NA	NA	NA	0	0	NA	NA	NA	0	NA	NA	NA	0	0	NA	NA	NA	0	NA	NA	NA	0	0	NA	NA	NA	NA	NA
chrY	52000000	53000000	NA	NA	NA	1	NA	0	0	NA	NA	NA	0	0	NA	NA	NA	0	NA	NA	NA	0	0	NA	NA	NA	0	NA	NA	NA	0	0	NA	NA	NA	NA	NA
chrY	53000000	54000000	NA	NA	NA	1	NA	0	0	NA	NA	NA	0	0	NA	NA	NA	0	NA	NA	NA	0	0	NA	NA	NA	0	NA	NA	NA	0	0	NA	NA	NA	NA	NA
chrY	54000000	55000000	NA	NA	NA	1	NA	0	0	NA	NA	NA	0	0	NA	NA	NA	0	NA	NA	NA	0	0	NA	NA	NA	0	NA	NA	NA	0	0	NA	NA	NA	NA	NA
chrY	55000000	56000000	NA	NA	NA	1	NA	0	0	NA	NA	NA	0	0	NA	NA	NA	0	NA	NA	NA	0	0	NA	NA	NA	0	NA	NA	NA	0	0	NA	NA	NA	NA	NA
chrY	56000000	57000000	0.3917	3.481	0.1475	1	NA	0	0	NA	NA	NA	0	0	NA	NA	NA	874	193.3	2.486	NA	741	0	0	NA	NA	0	NA	NA	NA	0	0	NA	NA	NA	NA	NA
chrY	57000000	57227415	0.4203	NA	NA	1	NA	0	0	NA	NA	NA	0	0	NA	NA	NA	0	NA	NA	NA	0	0	NA	NA	NA	0	NA	NA	NA	0	0	NA	NA	NA	NA	NA
